is_fraud,prediction_prob
0,0.05161926199360872
0,0.040864103981454875
0,0.06853517830966575
0,0.04012199054722365
0,0.051897801149678485
0,0.04007034650065263
0,0.04004948542900936
0,0.052335414007100095
0,0.04044139184364518
0,0.040429946267101634
0,0.03972662247315001
0,0.03883115192048611
0,0.040472354141709584
0,0.040497387864957546
0,0.03984662299113409
0,0.03884741308650263
0,0.04044143595486302
0,0.053292026698983995
0,0.039790963479363686
0,0.038911702987363
0,0.052241340624437
0,0.052579028647352095
0,0.040487112395846236
0,0.05226085692186067
0,0.039713330931897384
0,0.040440527483999573
0,0.05153254488262541
0,0.05191013498621832
0,0.040860415246556314
0,0.04042478044454083
0,0.0406388691506849
0,0.03976988091555864
0,0.040450006108467836
0,0.03970726432684694
0,0.040195689797254165
0,0.05148689018430213
0,0.08508971075826413
0,0.0412389215906863
0,0.03888091020279031
0,0.0400556773348172
0,0.04119178828775416
0,0.03972546427440438
0,0.03982855260822933
0,0.07037988752657415
0,0.039711925553402985
0,0.06669027811445154
0,0.040425712607823794
0,0.05172455019713569
0,0.052871031736184494
0,0.040432192580044386
0,0.05170856441783993
0,0.0534419004874871
0,0.05225787604404709
0,0.040056436079148716
0,0.05202354840969688
0,0.03884144537660737
0,0.08734394738263905
0,0.039832218873754495
0,0.052235466223845284
0,0.04046821408714788
0,0.05144673621904424
0,0.05229143095555726
0,0.05209982953960292
0,0.03980099983882662
0,0.052365584774252606
0,0.0404574880584396
0,0.03980244426247816
0,0.04043960307157775
0,0.04011226010233723
0,0.0519699836695117
0,0.052039735042332905
0,0.052627430823660594
0,0.03923637377767576
0,0.03971142728380774
0,0.04042223067554346
0,0.052469998599590534
0,0.06743798278685856
0,0.05218827190990901
0,0.05218093425014914
0,0.04018756833769395
0,0.03989270751349335
0,0.03980216404122187
0,0.04007593836237957
0,0.05206540757540853
0,0.051113815915693965
0,0.03891851721230267
0,0.039722433804539124
0,0.040312600775111986
0,0.05283205034850728
0,0.05452647775244957
0,0.04012469242745279
0,0.040439193060450435
0,0.03974664041342511
0,0.05352254949528712
0,0.04122638650964338
0,0.03997585815372872
0,0.039840127346537316
0,0.051799040249695824
0,0.03971645683223306
0,0.05229714468702124
0,0.05146246987572829
0,0.03971447817581773
0,0.052149912575523545
0,0.05247397290868487
0,0.052329644022589494
0,0.0526877029612854
0,0.052351736569301074
0,0.039922066915382984
0,0.0560123648632582
0,0.07848284377434117
0,0.04079181552257984
0,0.04042447438800395
0,0.04064121958830388
0,0.041651324696855056
0,0.039792359590637275
0,0.052608067937350754
0,0.040086840127099975
0,0.05230683114280627
0,0.038837127818605294
0,0.04019819944601819
0,0.03985572908320039
0,0.04010432236761181
0,0.05211120822636236
0,0.05231633439688422
0,0.0434715847380201
0,0.0526019032312319
0,0.05197721504928462
0,0.039811587826699836
0,0.03917536526502192
0,0.05264233469286227
0,0.05272017484447518
0,0.05244217857837682
0,0.03969967735859192
0,0.05157463567937915
0,0.03916105464515919
0,0.05155237955800029
0,0.039722124851529685
0,0.05157450963814198
0,0.052024552689768376
0,0.06742849631908111
0,0.04043861658671254
0,0.04044863649654586
0,0.03974553020514003
0,0.038870383893369595
0,0.05158794447220749
0,0.05339368565854101
0,0.04006288625872697
0,0.05146811698400731
0,0.040383298319161744
0,0.05211834682529806
0,0.05226487474430036
0,0.05205127067980093
0,0.03977061511249819
0,0.06715000206133002
0,0.05342124194436137
0,0.0552487402499304
0,0.04006692470418601
0,0.03898002785526175
1,0.9321147004625417
0,0.05153078536037219
0,0.05263670558887464
0,0.040665715243216514
0,0.03887660944906745
0,0.05270618368660758
0,0.05134671658984716
0,0.0398614881850392
0,0.040425347841895
0,0.08411047250824978
0,0.03971898851402124
0,0.08536681662202368
0,0.0400827005859239
0,0.05270058676411377
0,0.05647376024337887
0,0.0522117859464683
0,0.07123445299488476
0,0.03980839012741812
0,0.05185286270152319
0,0.040487573290240525
0,0.05275159141776366
0,0.07523971798022853
0,0.05201404151043695
0,0.06797160742881678
0,0.03884322925875896
0,0.03976961492496957
0,0.039712343826957854
0,0.07277790788255144
0,0.081470559689562
0,0.03974341968490587
0,0.05215595259949422
0,0.04022045893230299
0,0.040654092708121745
0,0.03973442463969734
0,0.05150732445463085
0,0.052164181786150135
0,0.03980037763317566
0,0.03884139934756769
0,0.04006053353309292
0,0.039842889233355674
0,0.05143641141284095
0,0.04019497087713023
0,0.039718155879730745
0,0.03972982542709156
0,0.05248167613683527
0,0.03906842188079823
0,0.079006501844312
0,0.05205004622181408
0,0.03976499791594909
0,0.03979210352735679
0,0.039800580312168654
0,0.04007507163726634
0,0.05250213108364199
0,0.08958211278024114
0,0.06817734544165169
0,0.0538804035570936
1,0.8479404502131662
0,0.04006094956067743
0,0.0398103579492995
0,0.04005583241389792
0,0.05150866138632742
0,0.06700454556889167
0,0.053677025099927354
0,0.051599393243385555
0,0.03975669192326833
0,0.040911598736126334
0,0.05256404555962782
1,0.9318821446215751
0,0.05200415260009907
0,0.040431421494124486
0,0.07186011454274292
0,0.04045540834289455
0,0.03889420349858361
0,0.05324458349431871
0,0.03885354563313335
0,0.05181851626209981
0,0.07947414547439567
0,0.08059599442289414
0,0.051094233340592037
0,0.05236274289099718
0,0.055462170062842285
0,0.04008423223546971
0,0.052410413620169724
0,0.03991189218579896
0,0.05275289261082452
0,0.04055538432308179
0,0.04015173434117732
0,0.04007383163569955
0,0.0523439951402303
0,0.04043750946281909
0,0.04181995855517874
0,0.03979749975190082
0,0.04010510520914653
0,0.03885658153391499
0,0.04008003399833783
1,0.8644892717861621
0,0.03979131627896389
0,0.0397219608025264
0,0.03883469686792836
0,0.053088161684415235
0,0.053337011300824216
0,0.03984479643805866
0,0.04011096651722704
0,0.04009924966267975
0,0.07001789308009304
0,0.039727276170104533
0,0.03911807111234782
0,0.038824483115558216
0,0.06568225420725217
0,0.05172074366336104
0,0.051830944138825705
0,0.040672922555544756
0,0.04008465793539034
0,0.039756020318083736
0,0.040409569389666285
0,0.03897031655971529
0,0.05235698456866467
0,0.052016607127060625
0,0.05128688601308503
0,0.038839307554261356
0,0.03970640604599695
0,0.03980871137182012
0,0.04088330542529713
0,0.03980859472881425
0,0.04088784126800677
0,0.03982729020612688
0,0.03885611567241532
0,0.06722433563128333
0,0.04009004891915362
0,0.04045453885775968
0,0.053090427849732405
0,0.04043212215525125
0,0.03980427872216608
0,0.07045265388135223
0,0.03985515650009454
0,0.03974283097925794
0,0.04177956413921948
0,0.03975051317889232
0,0.05231810974420624
0,0.06879077450296275
0,0.05371171000114705
0,0.04087401321254037
0,0.052273472611551165
0,0.05237725138663155
0,0.05148638746401315
0,0.053145145512966147
0,0.03975444318757442
0,0.07087179793488363
0,0.039803650246586705
0,0.03975100446293047
0,0.0520599463569833
0,0.03971613085335026
0,0.039030347668237646
0,0.05181450549871624
0,0.09254255552672937
0,0.03993804642953167
0,0.039715614015761944
0,0.040462937542205875
0,0.04059307785433773
0,0.03979255910732766
0,0.05189791493037167
0,0.03975027493109961
0,0.04037249705175771
0,0.04049099942489714
0,0.051704129142141064
0,0.051366890724772275
0,0.04013981078370251
0,0.06770510717658422
0,0.03978987973635236
0,0.07157254970437323
0,0.06537053650272447
0,0.03975966004908533
0,0.0678317286925992
0,0.052442046358411265
0,0.05154028916526614
0,0.06831488599347253
0,0.038841777340498804
0,0.0510596715658925
0,0.052264114958918174
0,0.051421432638030645
0,0.19388540476044
0,0.05106228794543582
0,0.052211521382008325
0,0.052114182797925256
0,0.04040867885682038
0,0.03971903212911101
0,0.039800183223839984
0,0.05209428693907248
0,0.051474455078654814
0,0.040095631395445266
0,0.05245519452671929
0,0.0406417523749331
0,0.052103345980562085
0,0.040580999391390316
0,0.03883667163527848
1,0.9318149800093848
0,0.05236169984389528
0,0.052357908425794165
0,0.04273661317180677
0,0.04126758197822823
0,0.0409518212521661
0,0.040420004259764684
0,0.03971853147380833
0,0.04015698719773356
0,0.04043108334701132
0,0.05227184998431148
0,0.06685170003776326
0,0.053303891210737496
0,0.039870892889317215
0,0.03887887678579499
0,0.05270749262371115
0,0.04061390312834072
0,0.04043868492662413
0,0.053143705253985846
0,0.05291002610980534
0,0.038836593709622676
0,0.040089408339391425
0,0.05292636668671379
0,0.05225995177336689
1,0.918472471587023
0,0.03882473156127197
0,0.0388198440252379
0,0.05232431573486416
0,0.03894304878857287
0,0.05188934104772128
0,0.05265646989969335
0,0.05173475529304933
0,0.04076275639765965
0,0.040075030886163175
0,0.052624923334841506
0,0.03987449426762291
0,0.04005972342116046
0,0.05238277808334583
1,0.9324375268037634
0,0.05358704749316528
0,0.051573383173246085
0,0.04043478135416353
0,0.03978023046117087
0,0.0521429586669736
0,0.03995602233603666
0,0.040067589259299194
0,0.07077797528409525
0,0.0398012405960713
0,0.04120928080291634
0,0.04058228555185694
0,0.03983076119245356
0,0.03919072133260743
0,0.05111460872557613
0,0.04017778477993463
1,0.9274904917094371
0,0.03981321499210815
0,0.05166621594210076
0,0.06724684043663783
0,0.06668892546849545
0,0.04043613113582435
0,0.03888478746937735
0,0.04097521263491771
0,0.05321320744992041
0,0.040789577215103075
0,0.05250172848104675
0,0.04044666864327058
0,0.0401383784444856
0,0.06991104591603717
0,0.05199007552956806
0,0.040485269889214574
0,0.04012738774834806
0,0.05303217809406529
0,0.06932968689226471
0,0.06709673876940538
0,0.06774506368611047
0,0.05510570814877383
0,0.039750924119540225
0,0.04042918457233272
0,0.06682935581938461
0,0.06898870147712888
0,0.039831972178438514
0,0.05375555958202702
0,0.05235330993123355
0,0.05204867763871328
0,0.03978902015966441
0,0.04007619670541686
0,0.04063349969776089
0,0.03977491971178806
0,0.03979377852053295
0,0.03972674937550334
0,0.03995021575364141
0,0.05161789647646879
0,0.0412371365075227
0,0.07478617559778705
0,0.051444580048820916
0,0.052483509450674024
0,0.06854294933081333
0,0.03973483518715911
0,0.05156351071512927
0,0.04007426442288765
0,0.039746720691884965
0,0.04004899092356446
0,0.03976312236512477
0,0.040130271246863435
0,0.06740362111853954
0,0.04043151394556315
0,0.051522775585601345
0,0.052589398595471265
0,0.0397198642138604
0,0.03985132788218685
0,0.04044397962598401
0,0.03985535667608657
0,0.0530114497239905
0,0.05226766189836364
0,0.03889352802334818
0,0.038837999185186996
0,0.04047205744836034
0,0.05209685418156825
0,0.039794823435374105
0,0.04006961907726004
0,0.052571503641888104
0,0.0388622893887507
0,0.03971479658798187
0,0.04006524436300887
0,0.05152283986784375
0,0.03982708841640107
0,0.07067296521025819
0,0.040073786785656366
0,0.03975484342296289
0,0.04045759667298996
0,0.04007070143755442
0,0.055267574872585434
0,0.03884100466230092
0,0.05287611472387523
0,0.07684934782001208
0,0.04032270407004542
0,0.05267313414845944
0,0.04015340861925394
0,0.040071473311235305
0,0.05126797219952976
0,0.04042653637876264
0,0.039997779979012896
0,0.0388229493784635
0,0.05227509715752948
0,0.052187359601140945
0,0.04192906713288823
0,0.05318472826889719
0,0.04035152441438525
0,0.03882814119045077
0,0.0511990153487431
0,0.051247763194139685
0,0.03973453561607926
0,0.04022849725843323
0,0.03980928217935296
0,0.04008820635421886
0,0.06658817502131084
0,0.03969842891272505
0,0.040090126168960356
0,0.05140372450588488
0,0.05149000242305327
0,0.05233081528328044
0,0.038834526021734754
0,0.04031752665157355
0,0.05231254434494694
0,0.04008038999652341
0,0.03973942309738412
0,0.051538105397532535
0,0.05228723204613243
0,0.05239487911337954
0,0.039820137819652414
0,0.051704223145958995
0,0.05197954393174002
0,0.06573400748375686
0,0.04100646458058762
0,0.05199125902194473
0,0.07443766602347215
0,0.04047613866092454
0,0.052378089093125475
0,0.039753786220760444
0,0.05217652831926121
0,0.04041950620691637
0,0.05148083974109067
0,0.04043054799582214
0,0.04062796091019792
0,0.05235867890529495
0,0.04013768923491654
0,0.03979019885021861
0,0.05265399647128309
0,0.05260583524183812
0,0.051442778924144734
0,0.039954948127058666
0,0.039822325699109165
0,0.05136940937339736
0,0.05187883783327896
0,0.05193819281919265
0,0.04009871481015274
0,0.05123642731976864
0,0.05203137354881915
0,0.03991989640342229
0,0.05290141169360144
0,0.03987094366803457
0,0.052229441540544874
0,0.04102183629233944
0,0.06707975544578951
0,0.05247469606823104
0,0.04105171236340233
0,0.04044481850296269
0,0.05244873424139886
0,0.04029527022611203
0,0.04008208078549171
0,0.038850567548957514
0,0.06039062996350767
0,0.05324897373055315
0,0.03991215128438889
0,0.03885964108129569
0,0.03888587985242875
0,0.05196946038429692
0,0.05179230766705859
0,0.06762118658121728
0,0.04007034743223979
0,0.051943470720528434
0,0.08972462956580797
0,0.05252394085436473
0,0.05318740200512812
0,0.05233215712932485
0,0.03981708974547104
0,0.0530264893808248
0,0.038872001306601525
0,0.05178306953733198
0,0.051050728713046986
0,0.04101880072419956
0,0.05164476800441046
0,0.052081557031380434
0,0.039808861146275853
0,0.05442595234769642
0,0.052347986415398805
0,0.06660632160616015
0,0.040123702202579256
0,0.04055511037699846
0,0.039744614639242545
0,0.0400751181899954
0,0.04010643551618237
0,0.03982904664535021
0,0.039738363816028445
0,0.132646203520652
0,0.06777286424005276
0,0.05233771076302273
0,0.06884599448507565
0,0.0522405167963842
0,0.0521080790666165
0,0.05169506544981736
0,0.03911486394470608
0,0.0512506828801689
0,0.039723979376527406
0,0.0521652091340397
0,0.052736802463978494
0,0.03982059369648895
1,0.9322094950610432
0,0.03886121737371981
0,0.040384651002704934
0,0.0397298709193359
0,0.06947216124173947
0,0.04008278200400739
0,0.039875117589401335
0,0.05120864992036216
0,0.05243639275731984
0,0.03972619873141034
0,0.04004953933521319
0,0.052106614344304594
0,0.04043038199907146
0,0.06779353921366803
0,0.04040564310371667
0,0.06706648303322568
0,0.05207128222224651
0,0.04016666262919506
0,0.03971212547018996
0,0.05314623756312056
0,0.04006763839154003
0,0.040058285187824096
0,0.038852536289316536
0,0.03981140362378628
0,0.039718143284603255
0,0.05100975407824627
0,0.05264034976202973
0,0.0397322221854946
0,0.05299090577052912
0,0.038846909776724836
0,0.07271326579180612
0,0.03884382000983024
0,0.039750653873447436
0,0.03886512994211603
0,0.05231587967827301
0,0.038857910919248964
0,0.039727807615976246
0,0.04085239168779836
0,0.05177199112785356
0,0.03972770046934741
0,0.05199979071999601
0,0.03986337675462813
0,0.05401286059766009
0,0.06733417481481789
0,0.040883217174700656
0,0.039780466666849375
0,0.05142628355841562
0,0.05244183774294698
0,0.040454139786435986
0,0.038842329086962064
0,0.05146404866132992
0,0.040449714268342665
0,0.040052650289271984
0,0.04009015029550562
0,0.05120128691940155
0,0.0401799591326235
0,0.06905541536065021
0,0.04057895419373252
0,0.052130475571635186
0,0.03884486537887527
0,0.040463925552670546
0,0.051010112980583305
0,0.05207325470053425
0,0.05193020185462177
0,0.05276620656701662
0,0.051832272892336606
0,0.05279518052317449
0,0.054121670259437066
0,0.05204464840953604
0,0.0517320648532829
0,0.041521764525469546
0,0.05209204468404857
0,0.06704922932247027
0,0.05242043266593555
0,0.05212872370860501
0,0.052475243086295205
0,0.05235514522320623
0,0.052603709608289424
0,0.040057742469594364
0,0.05220853472483416
0,0.04043598381487219
0,0.03921845664717263
0,0.05215814112285325
0,0.039812461416020524
0,0.05152414443157734
0,0.052731527754462035
0,0.040453396460498434
0,0.05189037548085711
0,0.04076573696045589
0,0.04003037331014287
0,0.039711325544393904
0,0.05205796100789029
0,0.04011736352455284
0,0.0404294256522073
0,0.038876623124047376
0,0.05231324353082311
0,0.051901122536065096
0,0.06905720449472859
0,0.039787301149561055
0,0.05207763267358048
0,0.05149682820643578
0,0.05338707907617558
0,0.07087187690926994
0,0.03911208424052111
0,0.040288734878196016
0,0.05270142147360034
0,0.03881773166843401
0,0.03985397228432709
0,0.039795904984829135
0,0.05398876175521784
0,0.07228055169921689
0,0.05185346536783044
0,0.04046847568130624
0,0.06126190198273026
0,0.052567770053517156
0,0.05236139588191538
0,0.06667423994006848
0,0.039841878775672836
0,0.05313170462618053
0,0.03881423501173628
0,0.05239118295103183
0,0.03971226523411555
0,0.03986547035627053
0,0.03979519803166414
0,0.039808787167763496
0,0.053477218765627
0,0.06969807278575745
0,0.040726254682533714
0,0.04057910276256412
0,0.04103163046156039
0,0.039924302416418096
0,0.051851837270657196
0,0.05208105902790032
0,0.052093683304694174
0,0.06549333251649818
0,0.051745505974113475
0,0.03987314438995833
0,0.0397187405053417
0,0.05225164889009257
0,0.052281135099948105
0,0.04186783073122348
0,0.05364539613982591
0,0.040054670312792445
0,0.039830593302842124
0,0.05201199060439283
0,0.052390304540027396
0,0.03970866803581272
0,0.052436289714041885
0,0.0404451768519959
1,0.9309942838628654
0,0.039801103286488115
0,0.040057099593488556
0,0.05150832815694295
0,0.05302275818353427
0,0.040779584504470674
0,0.039902882161333184
0,0.040536013766918386
0,0.0399034418223402
0,0.04000646227788764
0,0.05237390170570141
0,0.038907699028585756
0,0.04047826056891212
0,0.04046242451546968
0,0.05193215301094795
0,0.0388459061467511
0,0.04007156030150871
0,0.03980077524570853
0,0.052375914191275554
0,0.04045180690686144
0,0.03985481878106968
0,0.040429655481620023
0,0.03890198404922102
0,0.052441398152935366
0,0.03892085523459915
0,0.03993136822494195
0,0.04044836136483913
0,0.05195058865433832
0,0.05184539169669097
0,0.07112672239789
0,0.051518953382407744
0,0.05798973777680294
0,0.05273335205172416
0,0.03973877436537862
0,0.039809122058261426
0,0.05405312084922562
0,0.05178728581734564
0,0.0398815197887189
0,0.03908690109477007
0,0.051142356984828295
0,0.040889460023611934
0,0.0528133335606145
0,0.038821417069862446
0,0.07136622580441689
0,0.04006347647653043
0,0.03885336515375271
0,0.04042481029079847
0,0.05155426227163511
0,0.0388314322800702
0,0.05200383139091676
0,0.04094956615025652
0,0.05190950081583692
0,0.05127508182582177
0,0.05213401920269902
0,0.05235785536786441
0,0.051690323053382656
0,0.05167865014440757
0,0.06723570514913388
0,0.04280861792257444
0,0.05165060337319934
0,0.04048781088232935
0,0.03979432728603431
0,0.0665096422136631
0,0.039835812127448036
0,0.052939677724380074
0,0.05206227750554568
0,0.04009209624149785
0,0.051443555556611585
0,0.04008118981834451
0,0.0517726856537134
0,0.052704019879966015
0,0.04042551948019228
0,0.06775532639298418
0,0.04007507909613637
0,0.03887990161218298
0,0.05137906531081899
1,0.9277203520143965
0,0.05149746143025852
0,0.04166572684506598
0,0.03884443975283611
0,0.05340422678056243
0,0.06784777983646041
0,0.0522963048802599
0,0.04005480147886196
0,0.040413976052075105
0,0.052613465841473764
0,0.039779537529550296
0,0.06662963038265017
0,0.06694023916079812
0,0.03976079461861693
0,0.07584026340639484
0,0.03893085462017718
0,0.03973413567146251
0,0.040440457349352484
0,0.03974091853950778
0,0.05149441244313683
0,0.05142225676829587
0,0.05258832988544417
0,0.05432871401765818
0,0.03976587682767135
0,0.0515295892065135
0,0.03995122124835553
0,0.03886729282956349
0,0.040532547313614754
0,0.05223938030580926
0,0.052274553956422415
0,0.03979391290739855
0,0.04048847359510241
0,0.06289588064112522
0,0.0521920171903238
0,0.03971298534508485
0,0.0404596052237078
0,0.04044375390484684
0,0.040175813025714935
0,0.05227594984633518
0,0.05254345478179564
0,0.040072752064685434
0,0.06763612239018228
0,0.057067200087219105
0,0.052378442904518416
0,0.05258335451899199
0,0.06555845502612401
0,0.03981361938176094
0,0.05227802466395399
0,0.040416170768060804
0,0.06689912203896621
0,0.04011379712660881
0,0.05228493353379075
0,0.03885099771181405
0,0.0541341644852383
0,0.05154747164106518
0,0.06778806694596438
0,0.039805064388857093
0,0.04043421772473384
0,0.0525718414608271
0,0.052845908078042
0,0.05173580596748155
0,0.040172358991234836
0,0.03972944144204772
0,0.05220262176120685
0,0.04010689982073604
0,0.03980254498154645
0,0.05244938341162819
0,0.038920946293044545
0,0.040647101761018135
0,0.0404833155615293
0,0.052274034638264216
0,0.03895445146965916
0,0.05173504613662727
0,0.040432635630121054
0,0.058084264659557426
0,0.05229466457602724
0,0.05424463254601012
0,0.04045910998989404
0,0.05179764777265178
0,0.05280467734432329
0,0.04048675841072796
0,0.08124891998108581
0,0.051361603384864035
0,0.03979491229683033
0,0.052296296266594954
0,0.05102028035419479
0,0.04007592757252518
0,0.051633350292686245
0,0.06655234863601649
0,0.040793838419622364
0,0.07604448173872771
0,0.051924889465689204
0,0.04130412425604245
0,0.039724186058751464
0,0.03982443425733687
0,0.03905598683830535
0,0.05244868313600345
0,0.06619642792930681
0,0.03983242233827238
0,0.038812098449056594
0,0.040411526142400456
0,0.05171447391299425
0,0.05114695332354814
0,0.03971001125247232
0,0.05208908089483654
0,0.05196360593342705
0,0.039784959052970796
0,0.05194671062790474
0,0.039723844860251455
0,0.039789647193049796
0,0.06702062100250587
0,0.04049520389870512
0,0.04005147371805454
0,0.03972800133580973
0,0.05190266683914281
0,0.04009733858732515
0,0.05179666273880353
0,0.05202577686700857
0,0.056656703825567395
0,0.0397956637619623
0,0.0398601881071239
0,0.03979721180720046
0,0.06740866562659334
0,0.03980401423201251
0,0.054030200550371534
0,0.053121912788933745
0,0.0524129137603442
0,0.03991391793595229
0,0.05238881102114152
0,0.05163720495205353
0,0.03887364089194463
0,0.040097180973448346
0,0.05422553665039197
0,0.03973661454436036
0,0.040489199485884135
0,0.05186191708000751
0,0.0397355888271434
0,0.057577585785814525
0,0.03983807056616182
0,0.040443721025374114
0,0.03978244799087528
0,0.05185974141549248
0,0.04045267064879791
0,0.05625943642837037
0,0.04054577388035494
0,0.06768424713584978
0,0.06643069512928382
0,0.05313777528485324
0,0.052381463203683976
0,0.05557240813015575
0,0.06836518572550221
0,0.06965059930306997
0,0.04040858912161459
0,0.044870484614902284
0,0.0404131672771516
0,0.03974222250933409
0,0.0397661230195958
0,0.0389022910519402
0,0.05256108342880218
0,0.04074982713635668
0,0.04008237716725181
0,0.052234692909872094
0,0.05178516461228641
0,0.039811715069856694
0,0.05229945575089583
0,0.04099653284670321
0,0.039757837211283134
0,0.06847775307248156
0,0.04013979338537991
0,0.040107316016197964
0,0.051797721624319906
0,0.039791845464312345
0,0.03980054128596508
0,0.054536118233791384
0,0.0417756359093208
0,0.05220959861462474
0,0.052774791233209536
0,0.04059032968066676
0,0.05287518132529394
0,0.05226455322777756
0,0.06801186124827441
0,0.055640078175180484
0,0.04051034194015423
0,0.04045501113036266
0,0.05500167098881014
0,0.040460217818515734
0,0.03881347349621402
0,0.05245470381521038
0,0.04074215254155343
0,0.05317109907707042
0,0.054325381714184495
0,0.040055641444794746
0,0.03882227492558007
0,0.03979676297780623
0,0.040514575171467795
0,0.07128154404106897
0,0.05160837469762309
0,0.052236117490248965
0,0.040017058449471496
0,0.03981531200442412
0,0.05225930484583946
0,0.05666087104372737
0,0.04005865551568477
0,0.040113805477801606
0,0.05197123650574832
0,0.052952898000002135
0,0.08273471186825444
0,0.03984882454398765
0,0.05151451087703089
0,0.04162980975377152
0,0.05261983473442166
0,0.05210756621111973
1,0.9287743919761221
0,0.06652553323759333
0,0.05294497475564396
0,0.051990482433222775
0,0.03981425862301123
0,0.04008644702074046
0,0.038839564682061845
0,0.03882659376287408
0,0.040677151378275066
0,0.03979029213216811
0,0.05456074878831724
0,0.04162539307552189
0,0.0705126671032251
0,0.06613506959244034
0,0.05277995254579831
0,0.03887355204005351
0,0.0742627756201936
0,0.0519393128895405
0,0.040354804614037475
0,0.051953079956185866
0,0.05183411610976596
0,0.06663278498536682
0,0.04041636459278969
0,0.04290684248849251
0,0.06870486132167672
0,0.04003660072047575
0,0.03886001629815458
0,0.04048284241190061
0,0.039797230175257714
0,0.03893499847209067
0,0.05251419850906914
0,0.03980635714410556
0,0.05569481578344979
0,0.039763035648302775
0,0.040950485034272656
0,0.03970757676799163
0,0.05142351441714408
0,0.04095493787112721
0,0.03992142671999199
0,0.038849953326157864
0,0.05113665338410058
0,0.03972133211782089
0,0.03979010938580189
0,0.05209991547102616
0,0.04028810325725582
0,0.05164751304411672
0,0.06982620865100546
1,0.154416913600483
0,0.05247925519476045
0,0.04044191820176045
0,0.03881903501710092
0,0.052740625707654
0,0.05370312903975651
0,0.038892423139338286
0,0.03883430371380249
0,0.039745870073984495
0,0.05229002266568314
0,0.03972047769790092
0,0.05210953638633477
0,0.05171377550447785
0,0.04010030361184102
0,0.06708293481029198
0,0.05233600929092393
0,0.05189710650205893
0,0.05193159850679192
0,0.07223323647853662
0,0.042017385594277784
0,0.05264263954242976
0,0.04044384982812614
0,0.052198178726945835
0,0.0511408734448046
0,0.040429748065950524
0,0.0521796364884148
0,0.04001178360934127
0,0.20895789579894014
1,0.9006099856916008
0,0.03885005803169544
0,0.05304348378367178
0,0.05207468313745892
0,0.03981960222907609
0,0.04041727216512331
0,0.03883033347977747
0,0.05216232315371758
0,0.04088062104382936
0,0.04034042235064165
0,0.051274166013274815
0,0.052181724093531966
0,0.04008723302832415
0,0.051429734555901836
0,0.051203978194419415
0,0.041429070462462886
0,0.05221182914157664
0,0.052033942109102865
0,0.040056731098946086
0,0.039732968298722846
0,0.040077167203692046
0,0.08075451729691678
0,0.038839744258029725
0,0.05276629882367176
0,0.05225385764351752
0,0.04049502535515117
0,0.03983089471372694
0,0.05143347445460881
0,0.04007577180577762
0,0.0400806688469649
0,0.039859885570808114
0,0.05197588278223634
0,0.040437656224578594
0,0.04062466602406014
0,0.038835400048827774
0,0.05264229194590097
0,0.040428586487793974
0,0.053096112172769896
0,0.03975638328474928
0,0.040896550187883046
0,0.052829202396115306
0,0.03982699821499509
0,0.05281417707265605
0,0.05451794128093087
0,0.0553465214544457
0,0.05208808454352834
0,0.052273899917577075
0,0.04148176329114956
0,0.041633948995003896
0,0.039202445336128565
0,0.04009833520078187
0,0.040660599083769504
0,0.04070298156286235
0,0.06990115906053035
0,0.052003379447360415
0,0.06838266999314832
0,0.03982286728886117
0,0.039709630238689717
0,0.04105991595344762
0,0.05223286451230274
0,0.04093504146545752
0,0.040052490577576594
0,0.039804820741378054
0,0.052305843187646965
0,0.04067791023457501
0,0.05133506038775762
0,0.03976685274415506
0,0.051915341551937895
0,0.03913930666384353
0,0.05244167753422859
0,0.04069033089834695
0,0.03979317944973646
0,0.03980058532305949
0,0.05223706300369271
0,0.04484490734923578
0,0.054541645842527894
0,0.30232408193652516
0,0.04074352648503406
0,0.039850645772399135
0,0.052260063437331465
0,0.051156712990887435
0,0.03884005956020026
0,0.0671706657966667
0,0.052373149696845665
0,0.0525282304029758
0,0.052233871638153864
0,0.08038940392140333
1,0.8779282481027001
0,0.04381872370896444
0,0.04008265775594423
0,0.051944978510394986
0,0.05224243074048798
0,0.039812898963300335
0,0.051468407097413744
0,0.03971571510540808
0,0.05153692150097642
0,0.040090141509021626
0,0.04014530842718503
0,0.03981686631219559
0,0.06695866179210132
0,0.051893547144496725
0,0.0535462728815611
0,0.05896619366860631
0,0.05260116296156585
0,0.06867895985324256
0,0.040310512334168755
0,0.03987211435532855
0,0.0404888919308852
0,0.07058324323310552
0,0.0401077794976367
0,0.0728981910154425
0,0.03977902528056152
0,0.04064273874851075
0,0.03978118672317278
0,0.04016283242235024
0,0.03881644356346044
0,0.04010532145909212
0,0.18793894696336982
0,0.039793795369857984
0,0.03883171402264442
0,0.040053262286761517
0,0.040066411213702705
0,0.040059423542077255
0,0.051514639357052236
0,0.06857290959518625
0,0.040650825233562136
0,0.0728320502175078
0,0.06939464253159042
0,0.03973077046000565
0,0.04009285895552901
1,0.9257666001720999
0,0.040754828082754165
0,0.05275176940541102
0,0.040472517822825405
0,0.040075886537071226
0,0.03983995130411219
0,0.041478710810317024
0,0.05212579882528401
0,0.052757304785293536
0,0.05315447032281176
0,0.05189691522205482
1,0.9283237824814624
0,0.051927050994986707
0,0.03981565809468388
0,0.038960878297988444
0,0.0523838725370041
0,0.04009279521111741
0,0.04045958247006369
0,0.03983698217866988
0,0.0519431860567543
0,0.05224690222002462
0,0.03981493895825068
0,0.03976653592152406
0,0.038842898386502255
0,0.03981523685829755
0,0.04043028839346382
0,0.04018271116756245
0,0.04056830058629815
0,0.04360059611508901
0,0.05218841461119159
0,0.04011911569944419
0,0.06639963056828174
0,0.04041782053201336
0,0.04002663144146146
0,0.040435565506972186
0,0.05278476434729343
0,0.05147879290888482
0,0.051825207821334277
0,0.03891259650850478
0,0.039888885947648195
0,0.04098937561666734
0,0.038862749294385136
0,0.05182710165395321
0,0.04125417753797572
0,0.03981517110246403
0,0.03976201871880184
0,0.0511071025542866
0,0.040093026136905914
0,0.03972969365572174
0,0.051816956170149184
0,0.038917313924566155
0,0.05209148763191172
0,0.07295820761848065
0,0.054102623145968504
0,0.03919555525931965
0,0.039802635260337234
0,0.040408502005313714
0,0.06733166826618261
0,0.03980290261112331
0,0.039872352122392124
0,0.040055149500237086
0,0.03986443639637698
0,0.052774485704116435
0,0.05214416647874857
0,0.040294423469757354
0,0.03989210887543746
0,0.039763423646074415
0,0.040422800909435994
0,0.04068340453719739
0,0.03972843225863492
0,0.03973177886734731
0,0.053058226739593116
0,0.03985694988311809
0,0.03888582731308671
0,0.040484458317052725
0,0.03971524566802043
0,0.05206772015936318
0,0.04007139672421301
0,0.040414310087224375
0,0.05271308208290468
0,0.04164561812648799
0,0.0529174384991595
0,0.04007002597268663
0,0.04041320523670968
0,0.03887336442290446
0,0.03917377595127241
0,0.05258367352462826
0,0.04044954206328609
0,0.03972411133297722
0,0.06899061949311563
0,0.04045586185004602
0,0.03972111088811989
0,0.05249029890707128
0,0.03980070236339242
0,0.03974969981490206
0,0.06857288630729143
0,0.0518449803642908
0,0.040035333182561694
0,0.03959427708694557
0,0.051940441937155024
0,0.040075517603398746
0,0.053623505496006224
0,0.05573767102548978
0,0.03972484930324044
0,0.03980554222533344
0,0.04064470331988567
0,0.039814255580171806
0,0.03992727582523133
0,0.05285738809476786
0,0.05246630432361094
0,0.052113267918019054
0,0.05367592759034458
0,0.06864170994039095
0,0.051107783584382255
0,0.04042650244658147
0,0.052096021731635356
0,0.06647035751679062
0,0.05147330245129442
0,0.04011717453951866
0,0.05202007318414339
0,0.05288701892976295
0,0.040062300248963095
0,0.04041137878067078
0,0.03887306781735628
0,0.0406180395407799
0,0.039780648185836154
0,0.03980863662967406
0,0.052141120559045594
0,0.041666811504857966
0,0.039761510480092514
0,0.03978606839094903
0,0.05289762243293989
0,0.038860820593798966
0,0.039823415254346815
0,0.04046743880423354
0,0.051098397392434006
0,0.06782674619023762
0,0.04115776597584382
0,0.05210836782419484
0,0.05316802170932673
0,0.04428426321547094
0,0.039803329652562384
0,0.05213797805710131
0,0.052565436701138814
0,0.04006696829750707
0,0.05138467292609062
0,0.04045130479289557
0,0.03889854724462636
0,0.040059061268165004
0,0.04041423764227652
0,0.03982497581556462
0,0.07314050386535087
0,0.06769183213734595
0,0.04026349763326999
0,0.04012921053461795
0,0.03882273764835685
0,0.05210426145521109
0,0.05287208504101073
0,0.03982741584588038
0,0.05258469815873571
0,0.039772647862468355
0,0.05145862214176193
0,0.05262022685467408
0,0.03983875826357724
0,0.0407749698775792
0,0.04006480284683546
0,0.039809218459942654
0,0.040059827653759164
0,0.07187084494972874
0,0.051867355311257454
0,0.04006768668951014
0,0.05275923307475215
0,0.03970619393171462
0,0.05430418536885713
0,0.038829822602444504
0,0.06683460994848839
0,0.05148099814500498
0,0.05283081470418962
0,0.05124007541870182
0,0.04046081975125522
0,0.0521997847715373
0,0.040742511696863076
0,0.039737116840441594
0,0.052636118814405615
0,0.038830389112020504
0,0.052709238436340955
0,0.06812844213777794
0,0.039738884888245805
0,0.05276977673833268
0,0.05494777338609499
0,0.03994793302505155
0,0.05230048748142528
0,0.040054710942828156
0,0.05190237220524502
0,0.03985290002942798
0,0.05256018729647764
0,0.03994994540123457
0,0.03972622405785503
0,0.05177234263954971
0,0.04188891457992075
1,0.9273293595186707
0,0.05261666898933731
0,0.039779065735260875
0,0.06908108684064246
0,0.040066147372147726
0,0.03885673506071274
0,0.04144184600116113
0,0.05231797696135251
0,0.040441199052441715
0,0.053115092323474195
0,0.039743287011264054
0,0.03978881926730721
0,0.03979128459714327
0,0.05182829652307239
0,0.04011289726630718
0,0.05259801766777197
0,0.040705161465691246
0,0.05200321317318644
0,0.05410412115451663
0,0.05112302138320222
0,0.05153801744760322
0,0.04040337220680968
0,0.03971692700598317
0,0.16007673631800481
0,0.05296818959510329
0,0.04035587174046085
0,0.05145174104670487
0,0.05306687455789813
0,0.05208384491004086
0,0.05309638831204535
0,0.04004296296281441
0,0.040057866265195356
0,0.041942452174881566
0,0.05185589067683124
0,0.040121126781953356
0,0.03980509968648368
0,0.053541702422299636
0,0.04013446718532722
0,0.039748038310085186
0,0.03989024754774359
0,0.03987409213751178
0,0.04049151393789995
0,0.03980383362192056
0,0.05214441437973907
0,0.04044215857455599
0,0.06796682986888729
0,0.052221765772257366
0,0.07675586102393661
1,0.9312453976200198
0,0.04136461489921412
0,0.040113611399115005
0,0.03972507293564332
0,0.03883730162059358
0,0.04037154963769384
0,0.03978737644527467
0,0.04013213816205745
0,0.039839324706872924
0,0.05226733739623049
0,0.06667807296170038
0,0.03978989751440586
0,0.05717854995470415
0,0.04046406407278192
0,0.03972340655234768
0,0.052617872993340115
0,0.05224311993179857
0,0.040407078643364666
0,0.05262403984996585
0,0.07086912312102228
0,0.05237598279246092
0,0.0400427343004483
0,0.07000546827918888
0,0.05108849258156999
0,0.040089975614377875
0,0.040062079979276057
0,0.04077283171799767
0,0.05427562017615737
0,0.053816992570025715
0,0.04072827534373023
0,0.06650522592572808
0,0.05616110636280824
0,0.05290609754575204
0,0.052615379679388355
0,0.05290828731602981
0,0.05178513140832812
0,0.04044452570688026
0,0.04042745566058637
0,0.06656437040670077
0,0.05223988047145227
0,0.039736998293430914
0,0.051937823942060174
0,0.052647184386423136
0,0.052391897093751465
0,0.040107570972323967
0,0.05179462542398538
0,0.06994439773253865
0,0.051484559756355734
0,0.038827793704773225
0,0.04005094893323589
0,0.03971023885669088
0,0.052748893558951966
0,0.039857082416383
0,0.03883135860817669
0,0.051450664169685266
0,0.04015933311474006
0,0.040071607675296085
0,0.04045113410226926
0,0.057250760923015946
0,0.038841201631003706
0,0.039736139853257406
0,0.06724038464756331
0,0.039719463657476715
0,0.05136769906329933
0,0.06971058542551162
0,0.03971761986411385
0,0.04225224193851326
0,0.03985251181467473
0,0.0397161901679537
0,0.051538928405744235
0,0.05143196923797669
0,0.04043539675010204
0,0.040497138007578475
0,0.038864212541344194
0,0.040234402547327
0,0.06801459280002033
0,0.0517622985497729
0,0.04078392987068871
0,0.040437330575264246
0,0.052042098217216885
0,0.040106859878522666
0,0.055420561914199216
0,0.03981843479267134
0,0.06754660848429216
0,0.05319300605762513
0,0.052518067902219794
0,0.05227576592333103
0,0.05138430787440062
0,0.052023562985216217
0,0.05171624859455377
0,0.03890268960551073
0,0.052652011937909846
0,0.040443004185888705
0,0.04047235207201462
0,0.04045776502092856
0,0.04121470168868556
0,0.0397687377978621
0,0.05223149320114342
0,0.03972283328724151
0,0.038838006235530936
0,0.04044737299218633
0,0.04045261860227783
0,0.054470416554778765
0,0.051183176145156134
0,0.053865773143321506
0,0.052891614673561675
0,0.053197601541177995
0,0.04011881204433231
0,0.05228390387018389
0,0.038815850842677434
0,0.03973650652651649
0,0.04051066185076296
0,0.039821706607853447
0,0.03973638789140968
0,0.053492794334036926
0,0.03973402360391225
0,0.051109564829711185
0,0.05215176239767079
0,0.04065602842726518
0,0.05163209590833435
0,0.05316642918123898
0,0.038852668927512754
0,0.038863586387529216
0,0.04040183974292198
0,0.05374217645153416
0,0.05176863624505701
0,0.03981823460046392
0,0.0397522613504385
0,0.04051298769543578
0,0.05262888990684248
0,0.04190249889178873
0,0.0397975478262009
0,0.039770438727489005
0,0.05298949562755444
0,0.05243587098461647
0,0.04044432765327948
0,0.040426509280526116
0,0.05201663617406465
0,0.039860885879106245
0,0.05216813265232434
0,0.04005000300411553
0,0.07160260724059765
0,0.040115246726495704
1,0.9301019084568528
0,0.05226162213573854
0,0.05183028524133356
0,0.051804351181495505
0,0.03883016909374868
0,0.04094377074200306
0,0.06730262772568739
0,0.040441106077912084
0,0.03971235296755509
0,0.03981806906109341
0,0.04018148537921254
0,0.04089301728920427
0,0.039746415960655
0,0.04044898074461827
0,0.04044976942991269
0,0.04048871723526416
0,0.04211649211573345
0,0.0409933171646604
0,0.052564851276460996
0,0.052674354117343704
0,0.05208441404164995
0,0.05218216054027075
0,0.04123399975018387
0,0.0670151416551854
0,0.04008617982696037
0,0.040420657391243106
0,0.052212730367562986
0,0.03887051332924352
0,0.03980061597528425
0,0.052691530131481805
0,0.04042568343432127
0,0.05200120652587783
0,0.03884536002069448
0,0.051076061285723215
0,0.04046107347202323
0,0.06627646119173412
0,0.039746118348071825
0,0.039799885793989964
0,0.051515434125492275
0,0.040436476571299375
0,0.051798230224163605
0,0.03883745200717113
0,0.03985784329068601
0,0.08029174512992364
0,0.03995473524441221
0,0.03988751870966984
0,0.040092475684215347
0,0.06630837778319575
0,0.04043739634923562
0,0.06759471845077941
0,0.03977376395896261
0,0.06694486467337642
0,0.03984572695026951
0,0.05224673566988399
0,0.03883524048726277
0,0.05246558701624767
0,0.06253561752264127
0,0.05229363427202018
0,0.05115319613517238
0,0.03883140317902778
0,0.052123229721618654
0,0.06602292270897511
0,0.05269965250705631
0,0.06707562869783247
0,0.06690683081974703
0,0.03883670635601336
0,0.040436196033972124
0,0.056589035697285496
0,0.05142377733243254
0,0.05228000743543154
0,0.05226873132595727
0,0.05257424708746094
0,0.052533480197659736
0,0.040695771052979876
0,0.040068744615673085
0,0.051232881357684654
0,0.03978953019568926
0,0.052924603178617476
0,0.040309885211003704
0,0.06974126988093775
0,0.03913007440250014
0,0.03971444849022835
0,0.05212813676990367
0,0.06975612741847702
0,0.041187685654092025
0,0.040418089090512366
0,0.039977266377256696
0,0.0400626715546479
0,0.04053832755809523
0,0.052182381705490576
0,0.05232288259761502
0,0.0531314271159202
0,0.04006238946796993
0,0.0519707433421159
0,0.051565465598524866
0,0.039743325455546236
0,0.040117939510764825
0,0.03971819754260881
0,0.0397228829039987
0,0.03976602840267418
0,0.03972472715390987
0,0.05184669196420007
0,0.0520698526282823
0,0.06615108111986462
0,0.03987397676048526
0,0.0657754879528214
0,0.040101584628287515
0,0.05209203207808855
0,0.03971652370719009
0,0.04043233629826695
1,0.9320246764648883
0,0.05217197433737689
0,0.03981215425047471
0,0.052280926628906474
0,0.039996011548890126
0,0.054066210971583144
0,0.040096923801959984
0,0.05285128285307632
0,0.03971365293713669
0,0.03970350909136137
0,0.039845418576682785
0,0.04069038190116043
0,0.04049511522517152
0,0.051323400548987624
0,0.0687211226946618
0,0.04042831493761193
0,0.052057330062202305
0,0.04070971847915461
0,0.05257529529311971
0,0.04042174372871107
0,0.039737368711131454
0,0.05269379976403724
0,0.06904421729381656
0,0.03974728609949646
0,0.0911404050359149
0,0.05107345378001732
0,0.03972927310111437
0,0.03976283260410137
0,0.05234295004310548
0,0.04092884695580239
0,0.03978972582256314
0,0.0755073685938447
0,0.040448070361256055
0,0.03979322366940458
0,0.03981577290580158
0,0.04013560983722612
0,0.040256076854585106
0,0.04046871165147612
0,0.0398126492202206
0,0.039966479326767536
0,0.039834651477809666
0,0.06822377281479246
0,0.052261606302289106
0,0.040460400804754854
1,0.9303778724252209
0,0.03885800156717227
0,0.04026762682042922
0,0.039880051673363046
0,0.039813538721911575
0,0.03985950292805907
0,0.07523428273219708
0,0.04056729081748983
0,0.05213817569622376
0,0.040883307914609084
0,0.04134020735135002
0,0.052278140888801325
0,0.05212764311647653
0,0.052886874990450874
0,0.040092966509431956
0,0.040086793230372016
0,0.05448065023157576
0,0.05240409568752152
0,0.057028943442163804
0,0.040011670390595826
0,0.03978055824230795
0,0.05225419347261775
0,0.051579647328429665
1,0.9301671802990417
0,0.051907682852000474
0,0.04045651336101101
0,0.05288658162460616
0,0.052955276484172094
0,0.05365505510681253
0,0.04043692654379149
0,0.03883632460067354
0,0.038831525947536846
0,0.052446941915511996
0,0.03885841627196663
0,0.07623154323129701
0,0.039772172554435256
0,0.052851553695269754
0,0.039806825222869414
0,0.039759076053989255
0,0.07347718758681919
0,0.04298518541778562
0,0.04046203061212094
0,0.051730325170975255
0,0.039792752114555345
0,0.038828822346450284
0,0.04073116129569134
0,0.039774904148146446
0,0.05189305001184965
0,0.06910242423928671
0,0.040081865513196244
0,0.03971214028560439
0,0.04005647311131578
0,0.05322436392251744
0,0.05143998564583402
0,0.0524628673834687
0,0.05157164604154535
0,0.03977676542982124
0,0.0400447336625848
0,0.04047997185869106
0,0.04042980289023224
0,0.038835650794196534
0,0.051354475728466
0,0.038882771653252525
0,0.03982441052451455
0,0.04057282843645682
0,0.03978280293549911
0,0.05159892951156581
0,0.03979014179851937
0,0.07566772180220008
0,0.03977541027259224
0,0.07795549890043907
0,0.07341410076546247
0,0.06896509541487711
0,0.0398282509515985
0,0.055852333636915066
0,0.03997202602522882
0,0.040457486488310636
0,0.05177029062353817
0,0.039707060229628305
0,0.06804753262866677
0,0.04039558223853735
0,0.03892130003332649
0,0.05104446115578514
0,0.07141370539700229
0,0.04007571869279526
0,0.039714651936179526
0,0.040070424487497536
0,0.04012764839874427
0,0.05383219869615234
0,0.04703995616091822
0,0.05195225426869344
0,0.040925795345140493
0,0.040450772919629036
0,0.039322813771193794
0,0.040468161762373056
0,0.052863925561886564
0,0.052093742774063756
0,0.05141421242312229
0,0.039919300815164545
0,0.03983656360057868
0,0.05285579016124555
0,0.07243866160325568
0,0.05317177864755038
0,0.03969972304868814
0,0.0523892341122138
0,0.03975646373381487
1,0.9323958958635116
0,0.05177746404871408
0,0.03978699472420893
0,0.04022603648977305
0,0.05206835677912191
0,0.052155239934231774
0,0.05215085175884708
0,0.051449128752378503
0,0.05189442497762321
0,0.11263987078556757
0,0.0404254720379789
0,0.06806543977167125
0,0.05532621194787508
0,0.07091699206540297
0,0.04007134698598409
0,0.039791277094069405
0,0.054925174583928905
0,0.06972452666702793
0,0.05160758466960833
0,0.05229830077065417
0,0.06876483675762414
0,0.052384670183595224
0,0.03889386203789144
0,0.053214858347605774
0,0.05402825485214704
0,0.06513210745018838
0,0.03983125554391169
0,0.05182053826791053
0,0.052477173064734116
0,0.05865337241722398
0,0.04122058361120502
0,0.05347358054222368
0,0.03978045579817008
0,0.03981480836655344
0,0.04079150240957444
0,0.038871863826784585
0,0.04008289639212114
0,0.05209937389334484
0,0.03980189921415489
0,0.08697990284461117
0,0.03975639756411642
0,0.06776784943236724
0,0.05429397111916162
0,0.03971817431120352
0,0.03975759790140066
0,0.052149533712953826
0,0.05236879620544326
0,0.07058756667810896
0,0.0660023191157265
0,0.052052306446500336
0,0.05185022885871787
0,0.05240103297713054
0,0.052630692085650715
0,0.03980117834673945
0,0.038834944731489886
0,0.05300719692292634
0,0.052921540304929966
0,0.05256703804563027
0,0.03972220515389863
0,0.03976097715181001
0,0.04163643612959796
0,0.039744479914002706
0,0.03980735833323146
0,0.03884324679481644
0,0.05264963693525302
0,0.052847659421429424
0,0.05321487413099833
0,0.052300348372320254
0,0.03973504866085698
0,0.04002503321481775
0,0.04006024466806665
0,0.05204907172846914
0,0.04012655989002926
0,0.05172976635948376
0,0.05360337715435047
0,0.051478330491658675
0,0.03883118107709471
0,0.08183133959917878
0,0.03883412395495323
0,0.038965745904019654
0,0.0682350400802051
0,0.0388251044215512
0,0.03979494795907834
0,0.03980955854229445
0,0.05588126956020336
0,0.038881013521444574
0,0.03985384187933919
0,0.03983352938467722
0,0.05355317517121507
0,0.03883106418499192
0,0.05142123678850451
0,0.0388316275304963
0,0.11209237245592313
0,0.05428468990138019
0,0.09342390154667753
0,0.03883482039342678
0,0.05297296630618015
0,0.05179477733420194
0,0.052007792759777606
0,0.08085415626365905
0,0.07125324952308068
0,0.03972695211473118
0,0.06986242447341408
0,0.040062046254737665
0,0.05117087133516347
0,0.05652442275007726
0,0.03972276947605959
0,0.03972846337706945
0,0.05201511793594836
0,0.040055862651232024
0,0.05288252118387079
0,0.052824300402406
0,0.06827276037486736
0,0.040101784209102084
0,0.040432746861516815
1,0.9319195421404851
0,0.05188807885193729
0,0.03970842026369535
0,0.040054953995430666
0,0.04049843757805553
0,0.04117508894209537
0,0.04049242947119666
0,0.052205221953448254
0,0.03881933973380557
0,0.04046369823891412
0,0.04027392093256807
0,0.0410907224643663
0,0.039861645994272346
0,0.044791783608025895
0,0.05209645311404368
0,0.040488456136758666
0,0.03973865306977513
0,0.0397217952111966
0,0.05151515787527028
1,0.8905749511683294
0,0.05148920914609327
0,0.040064783998072256
0,0.06640661313885206
0,0.03986194237786036
0,0.04041863332231575
0,0.04044357566535418
0,0.03999384400338014
0,0.039737691050740445
0,0.040063409259162165
0,0.052328005197012174
0,0.05156136425202271
0,0.040187989234542344
0,0.040410728472406725
0,0.04005137208807829
0,0.03891613443455327
0,0.04008828897177263
0,0.05268509696589098
0,0.03885650213317933
0,0.052852823399461867
0,0.04043197161440364
0,0.05175684166316745
0,0.052508070083253575
0,0.0404084241234108
0,0.03980656810380471
0,0.07577248384173671
0,0.03890652185090296
0,0.038876358403084094
0,0.03984586811464762
0,0.03981157794801619
0,0.072878419390396
0,0.0397760355166116
0,0.05243381410757568
0,0.052641982324768674
0,0.03886527603084086
0,0.06830439719950965
0,0.05305755956665116
0,0.05151519834253567
0,0.0397806870515012
0,0.04044864444389837
0,0.038834047761906035
0,0.0400523461479238
0,0.05151708734024274
0,0.0580400368837323
0,0.05228280812457572
0,0.03985855422724553
0,0.05204298874557796
0,0.04006505488077813
0,0.05229628012374442
0,0.05453189485292305
0,0.053021724442207055
0,0.06691863941854709
0,0.03985514114143961
0,0.06623615546394393
0,0.039814773201189486
0,0.06611077180761604
0,0.05261945276172322
0,0.0515438835649613
0,0.05471273278013416
0,0.053958896483813315
0,0.051695575117639336
0,0.04042838436781957
0,0.05199757998634288
0,0.03979708668677998
0,0.05367757887373979
0,0.03884593955491941
0,0.05313835452482274
0,0.038895881715543326
0,0.041179012953658625
0,0.05208063449562971
0,0.05277662627813106
0,0.039083782124464235
1,0.9322970113346333
0,0.05158754056838444
0,0.040103235430500955
0,0.05177025204282862
0,0.05226157315664942
0,0.052877462080857945
0,0.03981093988606565
0,0.03971113668858493
0,0.05151089303754971
0,0.03980566808481677
1,0.9134688542582899
0,0.04021346935839413
0,0.039805724671245137
0,0.052068149291007164
0,0.05226286330511711
0,0.03975338921462155
0,0.05300011766791893
0,0.05240038479098986
0,0.0400798670043508
0,0.039869460463355724
0,0.05173433563522639
0,0.03980381829527683
0,0.0397996714312999
0,0.06739834560018813
0,0.0400708949530448
0,0.040486500138741575
0,0.04042900396613246
0,0.05128408352528676
0,0.05179922769633233
0,0.03917062617958834
0,0.039767764060590814
0,0.052698474934283916
0,0.03972206257539118
0,0.03971011684446352
0,0.051401326477504394
0,0.05252977060008499
0,0.04079309308918006
0,0.05223954548805463
0,0.07233931579497115
1,0.9302703024360927
0,0.04070506360745053
0,0.040441309929754504
0,0.05186874116709019
0,0.05278402679375783
0,0.05156719634528842
0,0.039814467095448676
0,0.0400636547934765
0,0.04079720830924285
0,0.04247875608844124
0,0.039707161700320334
0,0.03971107051183933
0,0.05241805645535285
0,0.040847079836073996
0,0.040012517304261024
1,0.9318338149178671
0,0.05266092091212192
0,0.05217512383645837
0,0.040551485768982286
0,0.05216793936043817
0,0.039780110459546665
0,0.039711402506755186
0,0.03981434778934373
0,0.053084540981548814
0,0.05238137285857864
0,0.05149042383511554
0,0.03984870088394585
0,0.05274029790317067
0,0.06836218057221799
0,0.06712359741556204
0,0.04006514020683862
0,0.060095495251407394
0,0.039825278292097886
0,0.039787229609998476
0,0.06835569110708653
0,0.051986955841561266
0,0.05225675853789453
0,0.04043388530927898
0,0.03892763880444275
0,0.04011359788179793
0,0.039701382400202795
0,0.040055537741391666
0,0.039795356471106685
0,0.04091547238031608
0,0.052501679937133595
0,0.04056057205998629
0,0.040499652656206496
0,0.0526111518993999
1,0.9287334577092783
0,0.04007462077912371
0,0.05265423559080012
0,0.06627685856637401
0,0.039850436022724645
0,0.21322488179443752
0,0.054434951577733925
0,0.05287072281390894
0,0.040744865301480616
0,0.0388321340694509
0,0.04007088164584144
0,0.05232284039449733
0,0.04006227850615325
0,0.0527829630755602
0,0.04015766494206091
0,0.0397798222572505
0,0.039743638029593936
0,0.03971531768612264
0,0.052212690734994856
0,0.03887085907078361
0,0.051150804448895
0,0.05136610565541054
0,0.04005877696573036
0,0.03894067512979463
0,0.051396825336373866
1,0.9318639850086436
0,0.05427011371277579
0,0.05222525181720225
0,0.05213692507672094
0,0.05436165867161846
0,0.051647951036406556
0,0.04013421728613031
0,0.03891750591665547
0,0.040999013016710675
0,0.06916530369962667
0,0.0397961750905586
0,0.052707338959164574
0,0.0515918490586778
0,0.04007366970518869
0,0.03991624275765442
0,0.03973771877363091
0,0.039714755875828095
0,0.0512152556667868
0,0.05976279361434975
0,0.05442186109284399
0,0.051860143031531546
1,0.9321733908015793
0,0.04091307758645976
0,0.05271584018597386
0,0.03887481816915608
0,0.05158946105307692
0,0.03985565727099354
0,0.03987315066701059
0,0.038829553963010695
0,0.05244189738155061
0,0.039747500062049114
0,0.051928029600480125
0,0.051968770182901934
0,0.05233109206478312
1,0.9302075024607912
0,0.038865995580177254
0,0.040419372222515244
0,0.03886586273433511
0,0.04006431636774618
0,0.06724558644917945
0,0.06702201528567078
0,0.05148580841349782
0,0.07006452770494973
0,0.05227190887164863
0,0.03994708078122952
0,0.03971663473647404
0,0.1825362865097436
0,0.039959036354556554
0,0.038838167272456404
0,0.052074432901904937
0,0.0388675108371139
0,0.05290603957611428
0,0.07172905081273637
0,0.13814180271029564
0,0.05146401409279413
0,0.052085227136348985
0,0.0404365724744009
0,0.039804554675308516
0,0.0522595818287649
0,0.040463760111121704
0,0.07399764044728353
0,0.05715892115234155
0,0.040434484274387554
0,0.040147874544176405
0,0.03975240735740043
0,0.03986693589995583
0,0.04088366679655979
0,0.05224543426198604
0,0.04043602583389727
0,0.040235017474034
0,0.05327088336806458
0,0.053321382495591214
0,0.05152915553890888
0,0.07800873436577942
0,0.03982350122133876
0,0.04050823104657739
0,0.05333391846438406
0,0.040447543561967794
0,0.05257133125882709
0,0.03974200380254615
0,0.06747761596243991
0,0.039813219916503426
0,0.04001487561373208
0,0.052938934019496064
0,0.04006920005580074
0,0.040874028975766766
0,0.05133990797439864
0,0.039881160545433766
0,0.03977554732845979
0,0.03985084767918147
0,0.040416649661099674
0,0.05186792105127693
0,0.05642987195824409
0,0.0579459610075105
0,0.05300769205309498
0,0.06962888589205075
1,0.9317700321087932
0,0.05321387615263314
0,0.05199294460635034
0,0.039724712564788406
0,0.03992782850482845
0,0.05268626591478237
0,0.05288100975509403
0,0.03888689334660087
0,0.039787361651006097
0,0.06681062779568872
0,0.03900109572568116
0,0.07147151091662199
0,0.05161995085223175
0,0.03976453460360583
0,0.03884428112365874
0,0.05289120543121275
0,0.04007369620910887
0,0.039884974738372304
0,0.039720980097589745
0,0.040117593138800076
0,0.04007104597592437
0,0.05278488611068097
0,0.04005562911057469
0,0.05195995030319185
0,0.03881567934781574
0,0.05164528670951582
0,0.06825097972473941
0,0.0513987411439018
0,0.05304562144361325
1,0.9312885168154968
0,0.06745544579826708
0,0.05222543985306044
0,0.05172076313725344
0,0.03884887916964753
0,0.0404191235714336
0,0.040465542137016974
0,0.051535741509733314
0,0.05271494356229771
0,0.05217946278791449
0,0.04005916015243606
0,0.04007400402010387
0,0.0397244290202645
0,0.0404747736350913
0,0.07871232379005363
0,0.06989655326715381
0,0.03984953684246522
0,0.06798047510048366
0,0.04156313990568808
0,0.051623415748002506
0,0.0397728436691272
0,0.05137392221651856
0,0.051769460367808405
0,0.0582357425874002
0,0.039715040077324286
0,0.05244547606496331
0,0.039755786885998456
0,0.0400980951622002
0,0.07029221297398197
0,0.0397394994354971
0,0.04006084659080176
0,0.03974632472075516
0,0.03972842340058328
0,0.040079863054809546
0,0.06704208531323301
0,0.041214411016319535
0,0.03981015522620514
0,0.03976838967705759
0,0.05138512724250351
0,0.06751290964713096
0,0.03993322556970088
0,0.040089089554619324
0,0.06846127864044514
0,0.07315557491936307
0,0.05271976277768666
0,0.04006713510496319
0,0.04005882238508258
0,0.040441548410509544
0,0.040063462035994375
0,0.051715554910993604
0,0.05235112254645488
0,0.040014509035794024
0,0.05965762503811914
0,0.039846614969506186
0,0.03981893315581848
0,0.03978341065053713
0,0.0527267804029025
0,0.04005256658708366
0,0.051189745456092076
0,0.039713555611648535
0,0.05217014314477916
0,0.03884316327532397
0,0.039865084184118674
0,0.04029791053230952
0,0.04052607533304881
0,0.0693564952038574
0,0.05290507863517482
0,0.040091650478191354
0,0.04007460041358633
0,0.0403735329467618
0,0.052476855059746884
0,0.05236371744624894
0,0.05255389266560486
0,0.039810035922689516
0,0.05337902715639209
0,0.04011059752538735
0,0.039770255914706724
0,0.05357830225219782
0,0.05283518416674312
0,0.06901178073768796
0,0.05293783074791625
0,0.04006668894366483
0,0.07047837674264762
0,0.05238884913539286
0,0.039735863553012285
0,0.05162864870151211
0,0.05202489906269445
0,0.04051620653108376
0,0.04034989932323877
0,0.03975952746891084
0,0.03978644134430526
0,0.04005771009095303
0,0.0630144687163415
0,0.04044672879105536
0,0.0400998933800258
0,0.052585733259345284
0,0.04006973195850224
0,0.052764461301489436
0,0.05116097312681975
0,0.04045345242355536
0,0.04045270737791112
0,0.04041023331450111
0,0.03971455390616572
0,0.052040109215131435
0,0.07375933525832958
0,0.03973056388963997
0,0.052318059770062465
0,0.052525967829127
0,0.039757636242090555
0,0.05224661364594165
0,0.03971256572224847
0,0.052999613203927425
0,0.04184549093609467
0,0.05221526820010105
0,0.04005576769528672
0,0.05178689835581363
0,0.039791923394812266
0,0.04043509881282447
0,0.05222418224901458
0,0.07093690628607069
0,0.03969916082812606
0,0.039705564383744424
0,0.051846858137589255
0,0.04069080894300339
0,0.06537106076233015
0,0.04051182287072941
0,0.039719206608161896
0,0.04007516518644523
0,0.08841508025823278
0,0.05313752303215375
0,0.05373835680945565
0,0.05206882594670992
0,0.040104821890105904
0,0.0787806541739882
0,0.042479931093603034
0,0.040062945961652066
0,0.05251331626087944
0,0.05287481646554806
0,0.04025849168822868
0,0.0783595918967261
0,0.05380628047170624
0,0.0516388131222131
0,0.038832588205799594
0,0.05284463016924731
0,0.05269901065487066
0,0.03971117973345252
0,0.052359100792988306
0,0.05225621239726594
0,0.0774844105610943
0,0.03888221013609197
0,0.04042941635266494
0,0.05385170647286605
0,0.0408324123877682
0,0.039818460852869005
0,0.03917283146142584
0,0.04000921812092503
0,0.03977315057995042
0,0.051674388529362965
1,0.930790810027092
0,0.038914107556534495
0,0.039716611927394
0,0.039697194631153475
0,0.05235846389258197
0,0.03987278211524564
0,0.040454957366881844
0,0.040147481514035875
0,0.03916599433750928
0,0.04008890737093503
0,0.04006872608730892
0,0.08512045124031219
0,0.05112889048425716
0,0.05194112886594252
0,0.05377717869495158
0,0.05184921876847554
0,0.06816575225174414
0,0.04077534847230366
1,0.9317136220093228
0,0.03881488672423388
0,0.03980962183143465
0,0.05218410441344397
0,0.052218087261960144
0,0.039715816382047
0,0.05113468616166771
0,0.05142824389159152
0,0.04085080476403552
0,0.05167014029572547
0,0.04044717913459079
0,0.053254511729504996
0,0.052622106513161265
0,0.04009902552633412
0,0.03982421323930127
0,0.040428713590523635
0,0.03970208589673533
0,0.04078057252568413
0,0.06982291995523905
0,0.039819413577988336
0,0.03972870825823246
0,0.040089782789570635
0,0.05272465345424322
0,0.040449704239387124
0,0.040426101603478586
0,0.038862739848175606
0,0.05202219093025918
0,0.04007631814669217
1,0.9296144103193344
0,0.03988298949191972
0,0.041220895003772504
0,0.0404357184342235
0,0.05141600772990874
0,0.05271444727464112
0,0.03974661005466039
0,0.039970130870511544
0,0.0398648091076524
0,0.0397956164682222
1,0.9313788416429528
0,0.05480067526521838
1,0.6056724797751898
0,0.05230365069258108
0,0.05143206013954916
0,0.041190578526920776
0,0.052154476743811816
0,0.052120739196545786
0,0.0388304800608942
0,0.03979050989433422
0,0.06575107175031376
0,0.052341140288664594
0,0.04041230867588343
0,0.05187701340238271
0,0.05114148749372548
0,0.04008028242136238
0,0.03970072301926594
0,0.05149629610255384
0,0.06681958393589545
0,0.05229988818080551
0,0.05236151141329824
0,0.0668717682687442
0,0.05337724265609228
0,0.039840197417503505
0,0.04186017542769736
0,0.05338142712836943
0,0.052169225532770445
0,0.05158062433763336
0,0.05152469253108867
0,0.06619937843795906
0,0.04040618035722515
0,0.05186847068348985
0,0.052387284864267664
0,0.06934680745558343
0,0.040450161642138285
0,0.051686803278288625
0,0.039833273006508574
0,0.03898036489947834
0,0.05310647899843545
0,0.053573825252525784
0,0.052715425123904286
0,0.06722270671689666
0,0.052123878942500576
0,0.05148012319913217
0,0.05109789708333582
0,0.0400892055432443
0,0.05150913233278765
0,0.05183638739826907
0,0.040155822681943044
0,0.040436762340817806
0,0.04038058295829759
0,0.07633430400175009
0,0.03884818559213553
0,0.04024547604323825
0,0.04056290181771837
0,0.052222198695886825
0,0.051542158716660604
0,0.051570835958681366
0,0.06931884430410301
0,0.05161175168798177
0,0.03899332223213191
0,0.03972810878936175
0,0.05378880538781123
0,0.05185949766050267
0,0.052042181920337285
0,0.04043862857128635
0,0.04048286038263416
0,0.051533938669833995
0,0.065860570072471
0,0.039817988470159986
0,0.04007207876480559
0,0.04011111052623265
0,0.03886819128443547
0,0.03883407696191561
0,0.0769678834813741
0,0.05649295496711777
0,0.039913082665761546
0,0.04008148829538353
0,0.0404301517214675
0,0.03985429962555629
0,0.066376685828924
0,0.04008828258753519
0,0.039962031799842895
0,0.04017221399879666
0,0.051920090425268
0,0.04064263395435127
0,0.03900536316569843
0,0.039831616752348746
0,0.04008521582022623
0,0.03980028154312626
0,0.053025520381948014
0,0.03974721401594531
0,0.05225017457124435
0,0.052528489098827284
0,0.04124121642283863
0,0.05782946975841046
0,0.03979856552074063
0,0.0398341497564403
0,0.06608765513857674
0,0.03979047640027277
0,0.05208444787632332
0,0.0388454712417233
0,0.039705781263176185
0,0.06828201350959877
0,0.040132631255188816
0,0.039883684142276034
0,0.03972130021526952
0,0.03985122958695822
0,0.052306878711101415
0,0.05112266353189384
0,0.03979572830510095
0,0.03892451539322534
0,0.03971829652057602
0,0.05250520015176049
0,0.05148927539696251
0,0.0388373528339435
0,0.05186564923157933
0,0.05208828198647876
0,0.0397974188393272
0,0.05210056238927919
0,0.053050593337644565
0,0.06816578990667403
0,0.04047163382402017
0,0.03885794839347547
1,0.8679460134793167
0,0.05103804383946761
0,0.05141943014724141
0,0.04043705268444897
0,0.041317452877146006
0,0.051643387277562396
0,0.05166657474534352
0,0.039821033917764204
0,0.06658826417567376
0,0.04096140802469398
0,0.07215248613288332
0,0.04086052288983945
0,0.05134720483849254
0,0.052738729684645706
0,0.05199213437172782
0,0.05258333743661365
0,0.0719665956415788
0,0.03970781644822914
0,0.05230263646545994
0,0.04122228437573545
0,0.04076838052772307
0,0.040101747396184065
0,0.039726725195891044
0,0.05288504660387381
0,0.040507256313648175
0,0.039836236240667476
0,0.039805931863488346
0,0.05242427161270792
0,0.05267388596395336
0,0.06904065664966554
0,0.0398259239296968
0,0.03977094476097784
0,0.08828990024023974
0,0.05234080006186635
0,0.03980555202164422
0,0.07306508447646115
0,0.04043427999097591
0,0.04337570849866267
0,0.0524042151919335
0,0.03882035167476097
0,0.039832214272938295
0,0.0661342065154567
0,0.052016479436101826
0,0.05268328431503545
0,0.05210213614918745
0,0.05217035214642597
0,0.07182567299683563
0,0.0447131353077922
0,0.04044647671050633
0,0.039823645223898516
0,0.04042729449420694
0,0.039733133041824124
0,0.0747819042477063
0,0.03890779468303926
1,0.9159916433371895
0,0.03890794901720622
0,0.04080770109168195
0,0.04101598035426039
0,0.051332825127771625
0,0.0524745651679848
0,0.03882210320840846
0,0.06817002392324356
0,0.05315792148797133
0,0.05290558588149228
0,0.05146743367604101
0,0.053260936713328835
0,0.040488212434010046
0,0.05235736955056614
0,0.039797769643344874
0,0.040427081692747925
0,0.05213183839098915
0,0.05100282573500247
0,0.03981687120021903
0,0.06730960360008571
0,0.05265848296301327
0,0.03990819586524149
0,0.06639388380526234
0,0.05193406612190879
0,0.03972815062368407
0,0.0398420381321302
0,0.039749179740873684
0,0.054486246754878155
0,0.07971748420186832
0,0.03974887833677741
0,0.038930691282600786
0,0.04046120512446156
0,0.052020557113636505
0,0.0701229102433121
0,0.03974909016140371
0,0.04165815085380592
0,0.04046366199051019
0,0.039792811973042255
0,0.05192557041516999
0,0.05187570930403129
0,0.05212176541480273
0,0.03980466658967059
0,0.03991458726379213
0,0.039866897552544724
0,0.04044609292456928
0,0.06655148944089523
0,0.16507788041306773
0,0.03976824996106935
0,0.05221609221315372
0,0.05183234262743815
0,0.04069270918347924
0,0.06823733071476573
0,0.040437403817145584
0,0.04092891473279719
0,0.052085940197822214
0,0.05277232735411627
0,0.039777117391319235
0,0.04007889069831411
0,0.05262757406685251
0,0.06667928530044506
0,0.040422297708141375
0,0.04041966568257117
0,0.0404499287382896
0,0.040705083423313644
0,0.039480668999189096
0,0.06663665009982048
0,0.040434491219513306
0,0.052990461249409274
0,0.04014434328016977
0,0.03984251154404175
0,0.06655261264220433
0,0.03974261551623341
0,0.05237320255212955
0,0.03884583526775363
0,0.039890391127305115
0,0.06803714257964259
0,0.05195031873327911
0,0.06869892743456026
0,0.03918086942420753
0,0.0525727488642441
0,0.04055175457611234
0,0.05137545956192213
0,0.03913698093854378
0,0.039737467580378015
0,0.04046911940360157
0,0.052818331945030376
0,0.04043840919337516
0,0.05213425878652539
0,0.03975483546671241
0,0.0388425664115334
1,0.9179851590912259
0,0.05375205072886384
0,0.04042866372374491
0,0.04117481117109483
0,0.05394170300140321
0,0.07268989388435793
0,0.039122822843264654
0,0.07023563020920212
0,0.03980744555801124
0,0.051926214983992657
0,0.040422539150459666
0,0.04042050286146076
0,0.05206409549451874
1,0.9309276988144403
0,0.04044074390364808
0,0.040919638865378374
0,0.04041251684875198
0,0.05231538526924523
0,0.04026924089098341
0,0.051474664730094016
0,0.04270321152084281
0,0.0399256770407669
0,0.05155743385245187
0,0.03979381228812119
0,0.04048149426817133
0,0.0523855674880985
0,0.05232188724307913
0,0.04007375264943622
0,0.03998527969539266
0,0.03979443890020262
0,0.052050477825046765
0,0.0523593723833975
0,0.054417894341770856
0,0.052151273504120084
0,0.039750468507093226
0,0.05271005452722439
0,0.05257302848933263
0,0.03971935789229952
0,0.05238300750833888
0,0.040846931570510066
0,0.04010154988966393
0,0.03995308196706518
0,0.05229411768040356
0,0.051276086636859675
0,0.06584928531136218
0,0.03979663019884706
0,0.052155937005795634
0,0.05280235181232152
0,0.03970970371907431
0,0.040056098049450685
0,0.03979007370184093
0,0.04006693497394114
0,0.039742199965579296
0,0.040061027341350045
0,0.06750226718371084
0,0.05280248324429614
0,0.04007362905747889
0,0.05495566008737066
0,0.05234400424054445
0,0.05306127003435376
0,0.04006441806314057
0,0.052059369855269724
0,0.03988210392469447
0,0.0552300383207466
0,0.05144676310697089
0,0.051919192622706924
0,0.0388794939394328
0,0.0685277800615814
0,0.039791534410047694
0,0.0404465314113368
0,0.06549628026761592
0,0.05277101061313067
0,0.039827037738221605
0,0.03971863079511882
0,0.04030853154720551
0,0.06766476549681531
0,0.03979861096350945
0,0.06831075069689246
0,0.054131128180460474
0,0.040111126427660286
0,0.05202627127449381
0,0.052502214970170824
0,0.04012200863837442
0,0.05155006388557846
0,0.04012329517696907
0,0.039792342934905724
0,0.05223489152152262
0,0.04046205613797987
0,0.05191670621688425
0,0.038824232241483465
0,0.05245137779273497
0,0.0404260907688298
0,0.04187764905624139
0,0.039857805264313824
0,0.053184295461703404
0,0.05281641320537712
0,0.0530401815004572
0,0.05397448628516477
1,0.9283812589292411
0,0.039745149474058196
0,0.05119597369473006
0,0.05256647588074828
0,0.040250347629180144
0,0.0702931029078872
0,0.051642273308178575
0,0.039720712722968135
0,0.04265536104291663
0,0.07167327863886362
0,0.04006258170197964
0,0.05141699067043454
0,0.03885466078412031
0,0.05288259098167214
0,0.03976060417192384
0,0.05211105502682909
0,0.03990036733783579
0,0.05230576452899179
0,0.039756837311697844
0,0.04006143513872033
0,0.05256717728952778
0,0.03975267582500994
0,0.04080139046485646
0,0.052626754466260146
0,0.03884949469620271
0,0.040050775523298596
0,0.038813685520835896
0,0.040275570998996854
0,0.05207555504770706
0,0.06665498752566008
0,0.05201494481437856
0,0.052989337654313115
0,0.06794593617986328
0,0.052657727482978055
0,0.04006481807786642
0,0.040064656418642944
0,0.05112051596078111
0,0.03970782983360306
0,0.04043480337283301
1,0.8978786311742489
0,0.0388449312052227
0,0.04079564784539536
0,0.039786661450135624
0,0.08677691871894676
0,0.05230308024867873
0,0.052290978678371014
0,0.051899282244384635
0,0.03981700628058279
0,0.04023481777142708
0,0.052054955892752476
0,0.04059730944720266
0,0.053079692081265076
0,0.04044723754280398
0,0.06731154361004488
0,0.04047925865841442
0,0.0731810008634145
0,0.04005901291588612
0,0.05450965634813133
0,0.03884442554164388
0,0.03881900883387773
0,0.0405833876834567
0,0.052074353361814256
0,0.05517575220546808
0,0.039866776500145466
0,0.0405480244945279
0,0.03920037067880391
0,0.039777326514125806
0,0.039838285459366234
0,0.03971595683727971
0,0.05247930009289006
0,0.03980291577226295
0,0.06896620602520925
0,0.05196663121542567
0,0.040441120730564946
0,0.05272511573241591
0,0.04134573033580665
0,0.05214972526832205
0,0.05330023750731533
0,0.04107641578019506
0,0.05628469781324134
0,0.04038465919230541
0,0.03972430091546697
0,0.05275436885068702
0,0.052519923144204714
0,0.052885208223365655
0,0.0397263345993406
0,0.05260419518116855
0,0.04007451211987493
0,0.05326332321828789
0,0.03898472906083153
0,0.051006898673558176
0,0.040156908261121324
0,0.052603832445813355
0,0.03885666148741626
0,0.0668645262990243
0,0.06855849581947521
0,0.09356300331031137
0,0.03986466107148587
0,0.0397256584871671
0,0.0388613167760128
0,0.06639015893591008
0,0.04004854937052588
0,0.04014082237780129
0,0.040423448205956634
0,0.05227191309349152
0,0.05266500599278773
0,0.040461734657059246
0,0.04019594916019369
0,0.06687652024107815
0,0.05161962483259965
0,0.038854932142020134
0,0.05247666632466031
0,0.03882324350469168
0,0.041155945082701255
0,0.04006879474761403
0,0.039798368359217635
0,0.051034344764572574
0,0.04043896301962705
0,0.040067865322577535
0,0.07730867367856517
0,0.05313915747773783
0,0.05218454681982548
0,0.05183995647949151
0,0.040069635610722326
0,0.05174896060279485
0,0.04008500151373452
0,0.04043362257953508
0,0.04007212311053741
0,0.040435260223561996
0,0.04007727564111545
0,0.051601305585220386
0,0.052508947553956416
0,0.04288626440732132
0,0.05256834825719781
0,0.05236556432247034
0,0.039828852966323866
0,0.05206241009375344
0,0.040405800725681965
0,0.04010144873447185
0,0.06758677238928551
0,0.051438550956283476
0,0.039711985019440475
0,0.040485138343623106
0,0.04007569206466611
0,0.041850389199594926
0,0.03976572996529796
0,0.040051557787388364
0,0.051505142584480586
0,0.05265392311556555
0,0.038835552372651815
0,0.0520005454659405
0,0.05180244055240803
0,0.03978950920809879
0,0.05202575857769415
0,0.04009247825359157
0,0.0430988311290575
0,0.03974525622353372
0,0.04042107370188112
0,0.039972326095016865
0,0.03999981608426865
0,0.04048000706850693
0,0.07391273961204345
0,0.05182135091889861
0,0.03980141532349337
0,0.04008226893155776
0,0.06781731856732696
0,0.040080379193649374
0,0.03975335925207856
0,0.03883939568288639
0,0.03975113753665022
0,0.04042916668333344
0,0.04042015674432243
0,0.040452333181811684
0,0.039126200142447186
0,0.052015564654281476
0,0.0400901949790608
0,0.03981189087620885
0,0.03971354472196051
0,0.04005380315060968
0,0.04044168238731407
0,0.05173333111302123
0,0.040417809390620965
0,0.04044012035572646
0,0.05207525019138098
0,0.038954084909176345
0,0.03980690082336476
0,0.03980070588951634
0,0.040427155582834585
0,0.05166295738051009
0,0.040045404752271085
0,0.052105940943042245
0,0.0530785517324119
0,0.039795915436010174
0,0.052814860155232755
0,0.03971869325754959
0,0.040182664271142844
1,0.9312270280655528
0,0.03975966721495058
0,0.04044634132974469
0,0.06618009825336484
0,0.05212472824388246
0,0.0388855699330902
0,0.040094574709949295
0,0.05182105043454097
0,0.039737651953532384
0,0.038851619979413665
0,0.05235348253952662
0,0.038848138696896795
0,0.05140659361136953
0,0.040055198068359284
0,0.040052568370741636
0,0.03981454767570587
0,0.05218513023508807
0,0.05717235049668057
0,0.05336344247171344
0,0.04098045276274652
0,0.03881233092093441
0,0.040237541536932264
0,0.05488324163966977
0,0.03884083702669441
0,0.038837627248814836
0,0.05259329746810475
0,0.04054454410528242
0,0.06655263724446601
0,0.04177802917009443
0,0.05428526523289765
0,0.05234810664556186
0,0.040010838078079945
0,0.07372611483564
0,0.03974354387296714
0,0.0515101556794991
0,0.04007816206551319
0,0.04049107800604037
0,0.05170934093956449
0,0.05219362163400479
0,0.040052163056773296
0,0.04044117585203709
0,0.04010040096215692
0,0.06563262089366032
0,0.052210413546692966
0,0.039718495694794666
0,0.03911686463539822
0,0.040547623046718016
0,0.0404157428072374
0,0.052116080651259784
0,0.04044517965728877
0,0.05211249473279075
0,0.05162801311089233
0,0.04036795632834662
0,0.03984731475271937
0,0.040068159919407875
0,0.04165511810489
0,0.04049528226649495
0,0.03986636669256899
0,0.05550705898310258
0,0.053477905139909986
0,0.0397825450922675
0,0.06710710627609008
0,0.05149669546048748
0,0.06726174639003689
0,0.052114781263840795
0,0.05183110771384603
0,0.038838340597387784
0,0.05160446926769892
0,0.04101869280073485
0,0.04101859590065865
0,0.039697747614555766
0,0.040598767609664396
0,0.03978597202528155
0,0.040125151240643316
0,0.040063882230939284
0,0.05204757173657781
0,0.038861381400395474
0,0.03884639214566457
0,0.04009877800881607
0,0.03979767139417788
0,0.06709855946069263
0,0.03981565886894908
0,0.04046864367355819
0,0.05252725572238301
0,0.03982236235341992
0,0.05237712486685057
0,0.05186935907218689
0,0.040068855985259784
0,0.04013284206049417
0,0.052233720567438344
0,0.052562637972582746
0,0.04044504579877711
0,0.040056244286503395
0,0.03990445153825658
0,0.054269628082810994
0,0.05145223980084047
0,0.0399134391964139
0,0.039810830559178154
0,0.051944711545086175
0,0.051886262650268127
0,0.0526704291775476
0,0.05152868418764643
0,0.03975384381479511
0,0.04000349569360937
0,0.038822898012420524
0,0.03976017780182378
0,0.039795451930909796
0,0.06935412009034066
0,0.043482085973640866
0,0.07747350873353998
0,0.040082886636517934
0,0.03975427555194707
0,0.053445017485076705
0,0.03885806647225084
1,0.9314545706830144
0,0.03979153500722679
0,0.03982914749721716
0,0.052705553189435955
0,0.03894382282080857
0,0.054169234086567215
0,0.03989530703929663
0,0.0388973696381722
0,0.040095918753710505
0,0.040436491253311474
0,0.05221568282939231
0,0.04016477656553786
0,0.04010094290510222
0,0.05168934533759811
0,0.039853771902559065
0,0.05149533898481744
0,0.05240005651932939
0,0.05192901034903641
0,0.03982802866600039
0,0.039879340597038515
0,0.03979581345731859
0,0.045465284554953495
0,0.04046926756913731
0,0.03885719455063277
0,0.0397760563607574
0,0.052539045692110764
0,0.052304770443611606
0,0.04042434188422923
0,0.04044573153133068
0,0.03996241592708257
0,0.039822299382877
0,0.052311303316578996
0,0.07749770137032376
0,0.03979095314324279
0,0.05140489113518534
0,0.05186318462083414
0,0.03972367833674026
0,0.039799637268815274
0,0.040069175945781924
0,0.04048529016157856
0,0.05140588580388439
0,0.039844331026871085
0,0.052689513306778075
0,0.06531542588056635
0,0.03979369138889636
0,0.04046100778640016
0,0.05261823434149034
0,0.05226548198875589
0,0.0530001962223666
0,0.06674898492140977
0,0.051989073454320904
0,0.05159815191078255
0,0.040447626966190704
0,0.04044102776125653
0,0.039705381105155826
0,0.040089722843026275
0,0.06738818471316725
0,0.05151695753288863
0,0.03990514849688156
0,0.06816189137584039
0,0.05190830098413042
0,0.039870970191878345
0,0.04009265112947543
0,0.03977070867913081
0,0.04009368667044252
0,0.038819748593513725
0,0.05119398872886636
0,0.05160788076372321
0,0.03973902179336322
0,0.03974453779187067
0,0.06722574693331625
0,0.039799246416850655
0,0.0522050937954895
0,0.039777364813152104
0,0.039837144428755765
0,0.052163928808743036
0,0.05498043226710371
0,0.03983953897453256
0,0.052900080780060504
0,0.03992511025171305
0,0.038825196386172295
0,0.06601725987845972
0,0.040082225443845196
0,0.05433962543920558
0,0.040139900420917744
0,0.03971395266850062
0,0.05114846136213523
0,0.03882888776393303
0,0.03888519806506548
0,0.051883783379018715
0,0.05117747194118394
0,0.06994389215817602
0,0.051928297054861135
0,0.04060847379455643
0,0.04041512312872922
0,0.04127191990613391
0,0.0518615901728837
0,0.0692854929802591
0,0.04049471269222986
0,0.039815220505178384
0,0.06934000138574996
0,0.03971428287138828
0,0.04010017386213785
1,0.9306562850290531
0,0.05242398970895868
0,0.05233280089718945
0,0.05193932914215937
0,0.05119906403949103
0,0.06004371389683687
0,0.07157745747596027
0,0.053690933145748694
0,0.05288213105030783
0,0.05229235296433243
0,0.04297291211567737
0,0.038896011454101286
0,0.04018347777816211
0,0.051601830161410255
0,0.03971823383039527
0,0.03984114297836851
0,0.03972784852429855
0,0.03974229868483979
0,0.04057006982329916
0,0.05281589381194869
0,0.05432524037916563
0,0.03971036427740285
0,0.05231402187408007
0,0.054930876040537244
0,0.0398062817052348
0,0.05584173722737138
0,0.04017917848668949
0,0.06548329510089453
0,0.03890367622358138
1,0.9240848091396927
0,0.040223504600250676
0,0.03976098815494378
0,0.04047346679161559
0,0.05132830096305047
0,0.0400149225393089
0,0.05268686266561233
0,0.10052425720439619
0,0.06770287861143744
0,0.05280971303785324
0,0.03973038164828034
0,0.05185831998465289
0,0.038850200474256906
0,0.05242698997534911
0,0.04099421236097793
0,0.04102622122850137
0,0.04043026989699094
0,0.04007871613889404
0,0.05141128123977693
0,0.051526809158259586
0,0.04008152018139212
0,0.05226508085422274
0,0.1362369521582806
0,0.06880435271310285
0,0.05148214129825984
0,0.039858761013469544
0,0.03973672490221982
0,0.040558121067956567
0,0.054820182681741735
0,0.03974347915420606
0,0.05225113464740106
0,0.04010546628918798
0,0.04044604475212842
0,0.052438775866744315
0,0.06772030181269098
0,0.05838550860116505
0,0.03972859403060782
0,0.04320135110983626
0,0.03886278910019555
0,0.03976406389276007
0,0.04018440998930577
0,0.0517214228834717
0,0.04103129350675171
0,0.040448958809935875
0,0.05150135051476362
0,0.040086699290316614
0,0.03991712308709888
0,0.07100626875251477
0,0.0522023927139412
0,0.04007548680073883
0,0.05201231121853736
0,0.04125786058028234
0,0.039781466208943586
0,0.0520632982526629
0,0.053298623331892205
0,0.03972854250348431
0,0.07608996283933366
0,0.052752798614446726
0,0.05197858996852898
0,0.040547876757319384
0,0.05206266032223424
0,0.0522235861323186
0,0.06863988877366044
0,0.04045617774252179
0,0.05194572181579063
0,0.03982750136272449
0,0.06764712341705699
0,0.040448016569838964
0,0.06690535914908186
0,0.040085339639158356
1,0.931403685168035
0,0.04041743693480151
0,0.038887954278148236
0,0.052032208012241066
0,0.05247164230551113
0,0.0404709278994212
0,0.06647496351304974
0,0.05783324131669773
0,0.05190809457650717
0,0.039785463240308835
0,0.038877889282102514
0,0.05281519301508068
0,0.039712665117165744
0,0.052181660503422385
0,0.05270668593887144
0,0.039873572593316774
0,0.040104704238733205
0,0.05139736977895514
1,0.93604814185572
0,0.039741144701496305
0,0.05216009569103215
0,0.03917780495615776
0,0.03972301364642558
0,0.03981812473565158
0,0.040456850962726956
0,0.03969489596999508
0,0.06627618560713923
0,0.040166952780970835
0,0.04017015189688475
0,0.052472439287566064
0,0.05217642553458839
0,0.04007733094662303
0,0.03980831966590669
0,0.039857024563396334
0,0.04009295225469083
0,0.04037150763831996
0,0.052816589751666726
0,0.08391976299017467
0,0.06748802464940373
0,0.05155135891419973
0,0.0670417067906291
0,0.03987252722686414
0,0.03982088078885203
0,0.04053781435263999
0,0.040238152397963765
0,0.05158058326203663
0,0.03973708938052678
0,0.03973056539802455
0,0.05229975572655429
0,0.06669170624500627
0,0.05228538538332706
0,0.04077525325036691
0,0.0397131936812112
0,0.054169368494646895
0,0.03883057006961612
0,0.0737750529534444
0,0.06802057195663082
0,0.052397873987864226
0,0.051646033704509174
0,0.04041254083704225
0,0.04043717208460791
0,0.05419402562769313
0,0.03886365671648184
0,0.05274792397917432
0,0.04006963498367343
0,0.051868557501146904
0,0.03977954367863736
0,0.08034355883081867
0,0.053145290364686334
0,0.04042948851298865
0,0.05137097123693193
0,0.05175868236510616
0,0.052136920896844734
0,0.05196287868525417
0,0.03973444657222787
0,0.051584964152549526
0,0.06746866752077028
0,0.05213645611679213
0,0.040442120533986194
0,0.040433617478951425
0,0.039817242362793645
0,0.04005311223639413
0,0.05145720854542674
0,0.03985178293634396
0,0.06737230254509953
0,0.052028016442824725
0,0.051442835971089486
0,0.04416117469214441
0,0.052592113352596705
0,0.041172018772114155
0,0.05143940196367849
0,0.04042988758672091
0,0.07129692406767776
0,0.052070753575564295
0,0.03971997403372749
0,0.04046959749033532
0,0.03881698143537995
0,0.04007166674261658
0,0.05229157717392733
0,0.040192100786884406
0,0.04073943980675367
0,0.08513706569671668
0,0.04007184053788246
0,0.040421410829549406
0,0.06128640008378233
0,0.04010343951259528
0,0.038942729559532305
0,0.04006707366916706
0,0.03892766328441244
1,0.9093228237942083
0,0.051873303313845494
0,0.06790906804542649
0,0.052553207565412506
0,0.04212602107733261
0,0.05233723275842077
0,0.03925595283984345
0,0.040100054582339
0,0.04006409662073825
0,0.03973144882891925
0,0.03975170352050374
0,0.05294350473273808
0,0.03971689643817325
0,0.039778851570587435
0,0.05234904856263924
0,0.040494021400294046
0,0.05282573514519529
0,0.04043529130868817
0,0.05174708055066002
0,0.0405201345286244
0,0.05234583656573822
0,0.04119664459571303
0,0.04045120328722739
0,0.05228144229199012
0,0.03886039314654128
0,0.03886262888893916
0,0.0401006880790266
0,0.052238335216952314
0,0.05267818423107987
0,0.05138891742072479
0,0.03882640080411285
0,0.04007626087086877
0,0.040182236137386446
0,0.03884970417658602
0,0.06600110680591173
0,0.04044131325911213
0,0.04049862853811155
0,0.05357573485820376
0,0.05256506713655063
0,0.04043437972251556
0,0.03979039614689667
0,0.04012749396304137
0,0.03982916341736908
0,0.03984858203787069
0,0.0516144630071981
0,0.06740143530173408
0,0.05355921204999029
0,0.05131418112045024
0,0.06753977509994215
0,0.05202830281546542
0,0.04077884716899276
0,0.039853338903304954
0,0.05352723805776535
0,0.040054124275647404
0,0.052112709237808794
0,0.03972934988565436
0,0.038832859827015516
0,0.05226618921803873
0,0.04008804404824152
0,0.05109266216725957
0,0.04155142656476123
0,0.06632569483933946
0,0.05272721758411617
0,0.052588717063492024
0,0.0398310981220741
0,0.04046006064239063
0,0.051365227258722154
0,0.05247800934619522
0,0.04009055567299853
0,0.05271161842764145
0,0.03992508088890014
0,0.039724995192031015
0,0.04133277481996423
0,0.0400823244293184
0,0.040104077927348956
0,0.052253080747476886
0,0.05738665094848164
0,0.05269356371223441
0,0.05111958607171676
0,0.05243339104118457
0,0.03883214549889754
0,0.053413580506528224
0,0.05264554589579202
0,0.03976993282501086
0,0.04046269610855922
0,0.040616661203669
0,0.03977511322181068
0,0.053056038387345746
0,0.03973053788279744
0,0.06578093118074053
0,0.042228472510003334
0,0.03977999209908224
0,0.040253884770528596
0,0.03977237802858846
0,0.04023172733847021
0,0.039721365136631215
0,0.04007372815148619
0,0.04041529456622097
0,0.03981335049300368
0,0.06994913516411827
0,0.03883794277462444
0,0.05223509474839515
0,0.04012301132388634
0,0.06872389697382397
0,0.05247240636830298
0,0.039869363708824906
0,0.05186474391111857
0,0.04048478989450916
0,0.04007969585450808
0,0.040137136851645744
0,0.03983832287056857
0,0.03973868011619963
0,0.054607590569505475
0,0.038918224620456826
0,0.05256143116196158
0,0.06831729233577684
0,0.03983756117721729
0,0.053165231465789844
0,0.068997736541932
0,0.06813673602406461
0,0.05188957093836975
0,0.0404143965092174
0,0.05260524931780279
0,0.05240996687547079
0,0.0568868920195832
0,0.05418899546409948
0,0.052198252750406536
0,0.05158859488136364
0,0.06076359131518991
0,0.040112054132617786
0,0.03985029823369712
0,0.052639369288956836
0,0.03973042050425351
0,0.052856721857147515
0,0.0522223025095505
0,0.03973871384826163
0,0.051423803208334264
0,0.038823380587955904
0,0.06624758664234623
0,0.04013763524471098
0,0.05264562075520703
0,0.052076786050055925
0,0.03973425102657362
0,0.040407876442447734
0,0.052228391750492584
0,0.051501573378288285
0,0.03989984917942665
0,0.07018472532278382
0,0.051475079070041584
0,0.039782221251652
0,0.05200629204266404
0,0.03984287454672676
0,0.05140756693397275
0,0.039906371289910744
0,0.05302241991109
0,0.03891424498745528
0,0.04129373603661426
0,0.05224837338638637
0,0.04004175377649703
0,0.05222701093573812
0,0.06899199877162221
0,0.05232255554281806
0,0.06743241851505033
0,0.03901591022582253
0,0.03984281668241349
0,0.06612354608634251
0,0.03980266582202265
0,0.05363268648584957
0,0.05245255733464446
0,0.039861052282795705
0,0.06688446008554073
0,0.051591263491080216
0,0.03888220837492846
0,0.04007653482296005
0,0.07439765782928087
0,0.039848942576603354
0,0.05190433532606169
0,0.05224547529815534
0,0.039816092453526616
0,0.052291910347868197
0,0.0518512401849449
0,0.03925755465153382
1,0.9300264047508939
0,0.04051194993739721
0,0.05234586018564904
0,0.04013141132596336
0,0.040214287238218335
0,0.03881850206436642
0,0.03976471784889735
0,0.053612868675823704
0,0.05195176319781125
0,0.04052318443708033
0,0.04045970346522009
0,0.04103280980173811
0,0.040103897108652115
0,0.040049190865156035
0,0.0524046104021239
0,0.05222464848972827
0,0.05241047003206938
0,0.05234957196840204
0,0.0520975137861726
0,0.040454856644083645
0,0.07006334117676782
0,0.05205017912680397
0,0.05116541611203584
0,0.0400589195343109
0,0.039862226404874385
0,0.040421439398743535
0,0.03890766622164634
0,0.04042781001255715
0,0.039729429437816176
0,0.03993008250595188
0,0.04007644852458456
0,0.0673335225225949
0,0.05196006662074967
0,0.03893875617612898
0,0.040088885372082626
0,0.05254511238381335
0,0.04044967847172582
0,0.052242877612858826
0,0.051203656578419195
0,0.040428847654314974
0,0.040554913123582455
0,0.0397239275047074
0,0.06927657274969287
0,0.0409044064171893
0,0.03973161118940934
0,0.039827742297862546
0,0.03882703331728635
0,0.30625166535880627
0,0.05229661846443312
0,0.040103630002079234
0,0.039726802240623825
0,0.03891930662045694
0,0.0515016805998301
0,0.05263898509137927
0,0.03975060855094803
0,0.05104594251828227
0,0.04042156238353299
0,0.05234724566223182
0,0.05150684603904715
0,0.051624979327118514
0,0.03981019279359548
0,0.0404233311964042
0,0.03976963984870877
0,0.03978003470394596
0,0.05292137176886065
0,0.039738115726464525
0,0.07026536061875349
0,0.03981417175302035
0,0.04051678701428022
0,0.03986831740007677
0,0.05151498159723459
0,0.04042020634476822
0,0.04053133486236394
0,0.03990353340587048
0,0.040466485664884824
0,0.039111756621934925
0,0.11455228220843496
0,0.05187714108266614
0,0.051779758863373826
0,0.039788675104003385
0,0.040004815254199654
0,0.03971432501603605
0,0.04006091276953721
0,0.051079980503025396
0,0.04007737520039098
0,0.039722264756009755
0,0.05177646010277772
0,0.038868985285636475
0,0.054281455957638315
0,0.05114191409934382
0,0.03972750838256955
0,0.04041335336717352
0,0.038845171944107915
0,0.06817024100231703
0,0.040718202663467734
0,0.06728321703454324
0,0.051995396850346286
0,0.052009018919866465
0,0.039872995756884
0,0.04069943164362385
0,0.05490823673404935
0,0.05211380342509514
0,0.040725260027775025
0,0.10297013829104147
0,0.0405115045145114
0,0.05216108216984275
0,0.040012303806153234
0,0.03989321573449783
0,0.05343369090478407
0,0.06798000009769223
0,0.04007668641644323
0,0.04001906770444856
0,0.03984869351954701
0,0.04012214112306673
0,0.040507853961058736
0,0.040073600031691234
0,0.03980067773223768
0,0.05478085946853832
0,0.04043528632931775
0,0.11245993833490953
0,0.039966746284823315
0,0.052660367961061307
0,0.040423596383240695
0,0.05193291641456787
0,0.03976576309765661
0,0.05279698847705305
0,0.04042967729173479
0,0.05228907123983539
0,0.04007621156520666
0,0.03971828303231673
0,0.05180774104069748
0,0.05230353988177469
0,0.052672528018222156
0,0.06675672297891523
0,0.04042486218129813
0,0.038923557533560624
1,0.9301847743838291
0,0.05185136670976352
0,0.054365213730377976
0,0.04006548447433977
0,0.03973790063236373
0,0.051673848108803086
0,0.05261103899921328
0,0.03972951686352457
0,0.05214326278762197
0,0.05322431296895222
0,0.03975260680365
0,0.040932751025913386
0,0.05228715408956021
0,0.051522421642527474
0,0.052380264763852574
0,0.04035866542379482
0,0.03978015296719514
0,0.05225914380673811
0,0.04122201264456316
0,0.040123982672055344
0,0.05233624185709363
0,0.03972007087515939
0,0.03974703640597519
0,0.05998824603709849
0,0.051416736763350054
0,0.06503062917895289
0,0.06763052846604015
0,0.05219862826718472
0,0.04004828236685692
0,0.06591098504913752
0,0.05192684218259927
0,0.03996928172680147
0,0.05286208854679828
0,0.04060730475629416
0,0.03991321938129941
0,0.05154039227626996
0,0.05150397129628492
0,0.051380246708405665
0,0.03986470422229444
0,0.0398065644927766
0,0.05465656050453183
0,0.04010576782372865
0,0.05274560889133521
0,0.052395613905604634
0,0.0392199517182526
0,0.04009529631761208
0,0.0760406666826357
0,0.039837846720832897
0,0.03971239474096781
0,0.040433583423009706
0,0.05248560464317235
0,0.04048574871492171
0,0.04041061145724771
0,0.04047724913605324
0,0.04121010735057331
0,0.04005160927577863
0,0.04016881258019546
0,0.03972685497793721
0,0.040943757177736975
0,0.03891460883193931
0,0.03979372472353312
0,0.039887659300687904
0,0.03974639174824396
0,0.0668269005477259
0,0.03984418539920826
0,0.039789293039198786
0,0.03979282967794889
0,0.04009896368933242
0,0.03979366839327173
0,0.051084699724468455
0,0.03886964020373866
0,0.053378317700952825
0,0.08514999585415947
0,0.05159729871791522
0,0.05221751863447278
0,0.0418041248064606
0,0.05222111681925165
0,0.07395921964693448
0,0.03978051224101976
0,0.0662655582775229
0,0.05208419994897853
0,0.039780162833062
1,0.9320421294348644
0,0.0397917191310593
0,0.06805978023257796
0,0.056053002188963766
0,0.06705177357978531
0,0.0522208493883754
0,0.038815172983098646
0,0.051869095738981484
0,0.039726548330981104
0,0.0398112667060966
0,0.03980535071544415
0,0.05275961375346689
0,0.04007484769550262
0,0.039718145821491906
0,0.04051957897741628
0,0.04006026689963129
0,0.05152078464951482
0,0.04010486867398493
0,0.05206836035336872
0,0.05155542138260658
0,0.05338130169136325
0,0.04046530285089856
0,0.06705705927846997
0,0.04057521762094092
0,0.05210694366683177
0,0.03973107964921325
0,0.03973149518173885
0,0.04044367060356354
0,0.040082912515360156
0,0.05161616968077939
0,0.05201611365966307
0,0.05300090369592076
0,0.06688279530382782
0,0.0400958642315608
0,0.03974018304618203
0,0.06679757905347826
0,0.042287118467224945
0,0.053042099586653284
0,0.05229291023669615
0,0.06658309708092541
0,0.040532946901354054
0,0.040614843546118946
0,0.05217772502317184
0,0.05110689441513398
0,0.039765922103272566
0,0.040026010069743975
0,0.04044023663726165
0,0.05217395861659984
0,0.0670667629609476
0,0.03975171591146858
0,0.03972443306640782
0,0.04044391156601162
0,0.04008943332334409
0,0.039879219752863994
0,0.051777752853748804
0,0.040430782604237755
0,0.051492541262287146
0,0.03971566588520599
0,0.03981522766180533
0,0.039783005503539866
0,0.06900028387726477
0,0.052293442496391715
0,0.04001971337707962
0,0.04006934429673015
0,0.07278889784605266
0,0.04044521499170022
0,0.03991171653650451
0,0.05267014985351823
0,0.03997071931225342
0,0.05218196033233366
0,0.05148848883658225
0,0.0407395750209071
0,0.0529829093201543
0,0.04070030428872255
0,0.05165289578066547
0,0.03995468358601543
0,0.0401465417262388
0,0.03989633685531272
0,0.04009352985165362
0,0.040512326321668575
0,0.06851838588196583
0,0.04040462717698043
0,0.05238575881518252
0,0.03986015636302944
0,0.03882701208174961
0,0.05205069859282159
0,0.05171475027688241
0,0.04053204328634124
0,0.039807830410223004
0,0.05213501947762711
0,0.07511735369157636
0,0.07639089512580476
0,0.06787941555839368
0,0.039916530335377357
0,0.052315790357127336
0,0.052306977065900095
0,0.04045291709168734
0,0.0529595167958204
0,0.04005576973285394
0,0.04006546819832807
0,0.051599696960548
0,0.05139615759813622
0,0.03983178700752078
0,0.03983364464279179
0,0.03972645236126263
0,0.05185849534661224
0,0.052513632888252275
0,0.05157989688309653
0,0.05179021412295284
0,0.08409299371611158
0,0.04111652445428681
0,0.03980915357324246
0,0.05272995406006088
0,0.038886505099966086
0,0.0674207460152782
0,0.055637070696105816
0,0.04079247493962959
0,0.05238343205169604
0,0.041517545756640205
0,0.051954812991752974
0,0.06548709134219524
0,0.03895646415520041
0,0.03886484463724312
0,0.03885642628946089
0,0.03979619601975091
0,0.040125618158620875
0,0.053155745228273155
0,0.053048204011920966
0,0.05151689809330748
0,0.03987520313803107
0,0.0676799349554477
0,0.05238925339258252
0,0.04139233179746371
0,0.03974473871888325
0,0.05222370054448042
0,0.040447809184194515
0,0.039877719037480136
0,0.05158436146457213
0,0.05189424529861927
0,0.051974624179010394
0,0.03894038146027092
0,0.056037295576277485
0,0.06650921947370911
0,0.04390476950869253
0,0.05332881593939194
0,0.05220296727160661
0,0.0523121769584983
0,0.05324455720703315
0,0.05315903094049296
0,0.06792729255917737
0,0.039797864868788155
0,0.04006137977734241
0,0.040187703178466
0,0.0388741055973718
0,0.03974669602078635
0,0.05225422760757139
0,0.052202118064367184
0,0.05280009559562728
0,0.04045928971432839
0,0.038850345416826276
0,0.039826493736093184
0,0.053294098704484205
0,0.05217990705316774
0,0.05293151988717108
0,0.06653418497956984
0,0.05206633274585745
1,0.9294005174501588
0,0.040071039190412105
0,0.040053281959566985
0,0.06883195220870945
0,0.03989014882142823
0,0.039738884215160905
0,0.040457771876739816
0,0.052576508154708206
0,0.03973945650511258
0,0.04007760706953215
0,0.03999262588230084
0,0.04007131495815933
0,0.0391986445966934
0,0.03971378181595594
0,0.04023256471479288
0,0.039795616373453246
0,0.03986550339364888
0,0.04041648132003436
0,0.06611682114648805
0,0.03899873757458239
0,0.03985808006141685
0,0.05113342247839933
0,0.03891010342719651
0,0.04057428047336964
0,0.03972286368535461
0,0.05278763569064711
0,0.0517913918494133
0,0.05263552871205261
0,0.04045253247570136
0,0.05227740881618396
0,0.052308269393599366
0,0.05149379582122097
0,0.05225667429266281
0,0.04006788058067871
0,0.05150223249594601
0,0.05347420405923744
0,0.05195143419751038
0,0.053564739203292
0,0.040109075116187054
0,0.06746978085477259
0,0.052517418322139034
0,0.04046313366176784
0,0.040746555050960774
0,0.051899761686572
0,0.05217454780257449
0,0.0404572543206117
1,0.9305886160787654
1,0.9294709824625073
0,0.052104213539809846
0,0.0550540248950208
0,0.06957402685806305
0,0.04023777888581963
0,0.06900363019233174
0,0.07329829766658634
0,0.09533350579718289
0,0.05141563114416514
0,0.052222524274614116
0,0.051872718121448294
0,0.05349436684315154
0,0.0522787345870444
0,0.0524269231109031
0,0.051786535954662614
0,0.039711093286545325
0,0.05236315894281664
0,0.038828485119199445
0,0.03979936249586205
0,0.05225731511798611
0,0.04047988787608603
0,0.039806473026778005
0,0.05230265317157527
0,0.0554017542575299
0,0.04009339489190862
0,0.05181106296829936
0,0.03882845507489801
0,0.05222169698902026
0,0.05155238683989521
0,0.040092401314099184
0,0.03982567334620037
0,0.05232760360825928
0,0.03972141863770302
0,0.05237546588122202
0,0.051569208987513535
0,0.05241335005398222
0,0.0398525226396406
0,0.05177302938413061
0,0.052921129243920416
0,0.05153186360551818
0,0.05241183407869961
0,0.05194293157229247
0,0.04028771911964953
0,0.0401154124178688
0,0.05302929944379188
0,0.038835579605908936
0,0.05229336665018501
0,0.04015658553840592
0,0.04010488900256596
0,0.051998538391270284
0,0.03989045691873336
0,0.03976405140632809
0,0.040099904519856414
0,0.04045753221116097
0,0.053209849895559
0,0.04095085041140961
0,0.03987965481498656
0,0.04051746365842346
0,0.03988612038322527
0,0.03884263543598518
0,0.040409093203815305
0,0.03979247558706579
0,0.053036933077360154
1,0.9319957824887398
0,0.052826219159861666
0,0.05104884895910778
0,0.051779009740509835
0,0.038846103820956386
0,0.04010421249260995
0,0.05302400728759707
0,0.04043116633940475
0,0.05214819331642799
0,0.03973733434838026
0,0.03979659039420628
0,0.05350833518734354
0,0.04041145163742915
0,0.052498340216631675
0,0.05207883120019493
0,0.03987417249742722
0,0.052905912978182666
0,0.03976419458102333
0,0.05096690708787923
0,0.03978560331389629
0,0.03980058953600129
0,0.05190148359283506
0,0.05235586335143003
0,0.06833970771053251
0,0.06676618159418962
0,0.05233680498476285
0,0.05220640501343771
0,0.040280954791118186
0,0.05511294399345971
0,0.04008595207639898
1,0.9308393774916247
0,0.038836020822652965
0,0.05218084804431841
0,0.04008567747658674
0,0.05202174686806757
0,0.039897764318545526
0,0.0532640408725289
0,0.052253154498105636
0,0.05220391015206659
0,0.038831021278737825
0,0.051109628664010455
0,0.051746819073953954
0,0.03980799452103151
0,0.03973566230538568
0,0.0405344308427472
0,0.03885292915166703
0,0.05243673337449991
0,0.05199479585593983
0,0.039718800594834784
0,0.04041703151223186
0,0.03978917369529658
0,0.05168959754301498
0,0.06926456541752299
0,0.05238578760545879
0,0.041131006511603334
0,0.039729207960423445
0,0.052450800840817734
0,0.04005977023664832
0,0.05240619611140793
0,0.06861815447551495
0,0.04122961993370276
0,0.051553766335046096
0,0.05346017205713379
0,0.05536551767863527
0,0.04043174207023633
0,0.05260333530938678
0,0.04003323786207168
0,0.03884974554937651
0,0.03971797947217649
0,0.07524460514659664
0,0.03984113885666692
0,0.03982619177036289
0,0.03992197252359204
0,0.03885224002711199
0,0.051383962685945916
0,0.05194026111665041
0,0.06809537805354911
0,0.05264768289652779
0,0.039713826359664216
0,0.060153621401123944
0,0.04007096289526468
0,0.052646154253220084
0,0.03986662390367553
0,0.052417507688666994
0,0.0396979390369616
0,0.041274261711623524
0,0.06974578219865575
0,0.05264515417260982
0,0.0514399545408894
0,0.05175513576704531
0,0.04007676175659165
0,0.05147945216073629
0,0.03985663356654855
0,0.03883487489802886
0,0.04028026294683469
0,0.0658871110932101
0,0.039700441162391374
0,0.040442977874277385
0,0.052717942899430874
0,0.040478879056022175
0,0.04049798752767775
0,0.04005591240103054
0,0.05103162972136587
0,0.03989536418573421
0,0.039712927075907636
0,0.05730028994685264
0,0.03891724718764132
0,0.05277175759299585
0,0.06976325604271487
0,0.039834511773755375
0,0.06680232215975376
0,0.03989740182817726
0,0.041219536980088
0,0.052300637623789795
0,0.052856309311781396
0,0.04005694164644215
0,0.039739474934007875
0,0.03983793629943204
0,0.040062554688238265
0,0.04043742305349125
0,0.04047721132427309
0,0.052148969292379346
0,0.040155839176488475
0,0.04009975125829321
0,0.05192096723309591
0,0.05233197500376587
0,0.04012642459144212
0,0.040072322353003224
0,0.039818492805558006
0,0.03978771500376336
0,0.04008331506596518
0,0.0531926770697373
0,0.05124239495271962
0,0.03973474483360907
0,0.03885158576845333
0,0.03972740131264702
0,0.040068984093297164
0,0.03882506300669854
0,0.0681795089292289
0,0.040129381689503606
0,0.051228197693829185
0,0.05217414482895939
0,0.05163768208900812
0,0.05197632023211231
0,0.07826656547935774
0,0.03916393847965736
0,0.05188549669773199
0,0.051920028969354735
0,0.039727669228308594
0,0.040490261089946515
0,0.052105245296687315
0,0.053344720909225346
0,0.05195408417432245
0,0.05136759614746231
1,0.8958384123707771
0,0.05269384235299571
0,0.03975189317214039
0,0.05197352993202743
0,0.05198593144864513
0,0.03978148822590203
0,0.05185831283172445
0,0.03883781949575794
0,0.0404515673340096
0,0.0397127614397723
0,0.05440560598394784
0,0.03981132234918941
0,0.03979423937171086
0,0.05161647684660683
0,0.03980193592977713
0,0.03993762573950476
0,0.05164908602747787
0,0.06800955898280746
0,0.051436458103840225
0,0.03981081257153381
0,0.038951128108287006
0,0.03975853049295107
0,0.03971869953330951
0,0.04007328200550638
0,0.06707595783185101
0,0.03985198454172051
0,0.03970988716495599
0,0.053097550143834084
0,0.05180174716712193
0,0.05274816668831919
0,0.05202139205227855
0,0.03981416986270832
0,0.03975886333692821
0,0.06764049219227987
0,0.04136216162327212
0,0.04008152971362516
0,0.03973624777168857
0,0.04009558346746461
0,0.04047824787707642
0,0.04047017082581078
0,0.04030059446297512
0,0.04013418534386272
0,0.04014737816785188
0,0.03980146874361208
0,0.040233438250877517
0,0.04006028798641133
0,0.03906568340109148
0,0.05237033646570388
0,0.03976301578979605
0,0.05192651257934586
0,0.040086572680163794
0,0.05142289785886033
0,0.05233285065077585
0,0.05201860732861395
0,0.051540587516268
0,0.03986873186830128
0,0.039832903430333105
1,0.9319217693076673
0,0.040049476178617364
0,0.03887981750292819
0,0.03997013966959518
0,0.05252881190640846
0,0.03885425705833225
0,0.07025453431700558
0,0.03885614127547759
0,0.04036032062110096
0,0.05298486024992517
0,0.040940829759970744
0,0.040352781845531455
0,0.038871299791376844
0,0.039768037561762205
0,0.039790959921233514
0,0.040446276855037856
0,0.05194873049907549
0,0.06735814398341786
0,0.06012414535867518
0,0.03975657972022293
0,0.0672482795267276
0,0.04045482630801364
0,0.04072863820806032
0,0.04046199322299887
0,0.05212600857193641
0,0.040081104434998675
0,0.0397388217033631
0,0.0664192361982853
0,0.03891493538568833
0,0.039794655290179996
0,0.04005370112669285
0,0.03981045681557585
0,0.0397376690797416
0,0.05197929932154435
0,0.04061999877290784
0,0.03981643925364542
0,0.04041543649062839
0,0.051957375639359864
0,0.052144638465183406
0,0.03971785812616188
0,0.05242002192658892
0,0.03885149892277225
0,0.05307506843568426
0,0.03979848167193361
0,0.052254716166456036
0,0.05193508751570257
0,0.0686793702405046
0,0.039795327432581545
0,0.04007758749803663
0,0.04049417708083456
0,0.040426496203595196
0,0.052029094961025694
0,0.03978668019194596
0,0.05113679841849613
0,0.03979174020367038
0,0.05200003722821386
0,0.06708857044601599
0,0.07141816162209082
0,0.040426739381274585
0,0.053321725801278474
0,0.06635898124392832
0,0.05281666943113312
0,0.0404064519756095
0,0.03982897933319072
0,0.05367930755959105
0,0.04050065998409162
0,0.04007360874474028
0,0.040647329422423835
0,0.04160832245388536
0,0.03883347177310333
0,0.052274192192552374
0,0.040079363096886964
0,0.041264885176205024
0,0.040060288633431994
0,0.03976001572374396
0,0.05265910590284054
0,0.04007382195854796
0,0.041753993206699196
0,0.04091248084030283
0,0.0527252967602343
0,0.039799265504001584
0,0.03985003293977519
0,0.05276142479758748
0,0.1611268907453948
0,0.05198412917157247
0,0.0397507395706592
0,0.04091644048758079
0,0.03983606723429078
0,0.040710128744897094
0,0.0392094993922902
0,0.04145702009796481
0,0.052173522052775534
0,0.040473988600680334
0,0.0398583852745861
0,0.052457361873877624
0,0.05211947981057595
0,0.03981472054602456
0,0.04043092977082136
0,0.04042948966588575
0,0.05202166474537546
0,0.040416649870466746
0,0.03969882129962144
0,0.05179703794174709
0,0.04066260058913669
0,0.03973810261372469
0,0.03887077064331939
0,0.052271209893358594
0,0.0543634511677461
0,0.0400477135528673
0,0.05249132599998118
0,0.05214208146143276
0,0.03974037365034199
0,0.03973755421187146
0,0.05155735673084654
0,0.05139558398749799
0,0.051497031746862564
0,0.05228603320492458
0,0.05314292505137194
0,0.040088657081272266
0,0.05226364021751088
0,0.03988967238717369
0,0.0390746805472705
0,0.03971930881185426
0,0.040439073638893694
0,0.10375601154300379
0,0.03885370558190542
1,0.9287587560218085
0,0.039871544646549406
0,0.066450192011281
0,0.03978832804434094
0,0.03973083156793881
0,0.040105097056679785
0,0.05223476799143517
0,0.039763000916921115
0,0.05223640286110547
0,0.05259021851465424
0,0.0521844650042724
0,0.04109812210409252
0,0.04044898003324249
0,0.03974671939370845
0,0.038821059348473706
0,0.051406799574982516
0,0.05253450746738826
0,0.06721038492498856
0,0.05220569356382645
1,0.9322587980520541
0,0.03971664930157119
0,0.05697147391624787
0,0.052119511759714396
0,0.04005907519605557
0,0.05338769895597257
0,0.05293896395139855
0,0.04202975878445629
0,0.05326617450043191
0,0.0412185151535024
0,0.040076312310235736
0,0.05313396649641364
0,0.040584259172545725
0,0.03975841002965853
0,0.05231491747769815
0,0.040490304558105865
0,0.03984353593682142
0,0.03980640211272107
0,0.051597900001662464
0,0.052460212043371646
0,0.05150016972847274
0,0.05229831806620398
0,0.039754171225171504
0,0.052524056377020754
0,0.03981786308913669
0,0.04068994288764228
0,0.10220089909257257
0,0.04091342735626669
0,0.05191747416036398
0,0.051950918773428056
0,0.05225353334393378
0,0.03977322573391083
0,0.03981829914418238
0,0.05908260316356734
0,0.052572894295452956
0,0.0400850593973991
0,0.05267371414355455
0,0.051472500402277126
0,0.051211755957023396
0,0.040409688450334554
0,0.039826026292992076
0,0.03886867710990667
0,0.07058937136272736
1,0.9215235884066632
0,0.04085348163290089
0,0.05216766064739349
0,0.05210129246933876
0,0.05270710659363709
0,0.040054640729074074
0,0.03891128110843765
0,0.05312868198676443
0,0.08485375739642179
0,0.03883631947878072
0,0.0397127870230544
0,0.040465092621502066
0,0.039811239585549565
0,0.05199846103182896
0,0.05281854579618774
0,0.06560962218065967
0,0.04042580444912023
0,0.05226849783402494
0,0.03973041474205458
0,0.052984802124396026
0,0.05142562217818124
0,0.05148452302463626
0,0.03980319479122656
0,0.05224171010740292
0,0.12752478088660488
0,0.03983571284559599
0,0.0400964241540316
0,0.05224514443875671
0,0.05298590082056863
0,0.03976581231372132
0,0.0525425954489904
0,0.052203603746524066
0,0.04072595198893539
0,0.03980188264754487
0,0.041284311064047244
0,0.0527422315389314
0,0.0523924297171279
0,0.051919353734764626
0,0.05210099697937785
0,0.05300361100259764
0,0.04205431514307996
0,0.053273163758637505
0,0.05197500675799551
0,0.07084351067083
0,0.040472275857366735
0,0.06698476519638458
0,0.03988169212183984
0,0.051911900893664396
0,0.05285669376499089
0,0.05192590175775395
0,0.051795030594127094
0,0.040426005310275695
0,0.039837549219098725
0,0.05279959040778712
0,0.06837728247949391
0,0.05289934604191435
0,0.0512673307306639
0,0.05252985907703605
0,0.0791191092148498
0,0.03904574375910335
0,0.04045046544139677
0,0.0398204810957493
0,0.06684462119968239
0,0.03973888551391409
1,0.9318709666756052
0,0.05251847484509136
0,0.05407849840298066
0,0.0513853010206235
0,0.05200232522458664
0,0.03982017701247211
0,0.04006760456089213
0,0.03992168752703356
0,0.053318517411993165
0,0.04049824624600955
0,0.05136443641959685
0,0.052276420935687885
0,0.0397390106190639
0,0.05290145799981187
0,0.06898164053371164
0,0.05155493494042787
0,0.03983537269991221
0,0.03884401710659905
0,0.04044987523143723
0,0.06877279959131267
0,0.041698736022783345
1,0.9324208062058418
0,0.06822662140206269
0,0.05213153664458744
0,0.05314537221689695
0,0.03882682883651818
0,0.039810614129011976
0,0.051908594935863736
0,0.04010746069064558
0,0.03883215027312816
0,0.039809310213396266
0,0.051864693195660824
0,0.04006158311850984
0,0.0889518185529469
0,0.05222945939778068
0,0.03970244253668462
0,0.04045889355034381
0,0.06700146430622247
0,0.04046716062767982
0,0.06809085469185536
1,0.9296294097315357
0,0.051037366987861967
0,0.04120580056179587
0,0.04041742937108191
0,0.05236268345020259
0,0.06811635224067886
0,0.052789475306437995
0,0.04043418202233811
0,0.03969939556729164
0,0.052719592132437876
0,0.040651977289725236
0,0.040482741857944475
0,0.03977448981149842
0,0.03980241161309696
0,0.04042765671704386
0,0.0388659505010132
0,0.052753152169337625
0,0.041084498743784996
0,0.04041367897978738
0,0.08717806285360848
0,0.03975569838242656
0,0.054586409508196244
0,0.040077901581735464
0,0.03975374553502509
0,0.05291896881498638
0,0.052143203263594305
0,0.040316789921059616
0,0.0535453398730943
0,0.04044532864352271
0,0.04014146793807682
0,0.04046062044862495
0,0.08229562595543423
0,0.03981033707592626
0,0.0517236512121318
0,0.06323300313611945
0,0.06728158262648191
0,0.04046691884818586
0,0.052002323637933154
0,0.038895320048221015
0,0.039803983831486846
0,0.0695701439159023
0,0.3738943940490226
0,0.04008453471032815
0,0.0399467693541321
0,0.05190368998585316
0,0.05223881886825998
0,0.05166927991810126
0,0.039807979044627406
0,0.039904040562129886
0,0.0398020120899288
0,0.040859504591211966
0,0.04009847637234452
0,0.05259800505474933
0,0.05151156556880362
0,0.03888218615139198
0,0.040202724685236516
0,0.05180244215593967
0,0.042897819187952956
0,0.040439570617786344
0,0.03982500274350377
0,0.03976767576516702
0,0.038826032994875255
0,0.039827186605552026
0,0.05307685472172736
0,0.07064471951320511
0,0.04007099637102572
0,0.04048364660767651
0,0.03979116352780707
0,0.04042165442290241
0,0.0514228792010353
0,0.03980392406174111
0,0.05193329004907807
0,0.040679291165464655
0,0.05115787196145704
0,0.040118003600853956
0,0.08371759939532976
0,0.040947562110987955
0,0.07097336548887072
0,0.05225106256558396
0,0.04000732559518886
0,0.053018130395681616
0,0.040022604449723075
0,0.038872339500460186
0,0.03979044033145843
0,0.05224856202137485
0,0.04045336294306099
0,0.040438838054944304
0,0.051561916298947096
0,0.04040231222656527
0,0.05194831418309858
0,0.039086629804168875
0,0.06708706962821522
0,0.05234791992140856
0,0.03999963867012265
0,0.051439110550456475
0,0.05297041920757672
0,0.04051488057715534
0,0.04087833733197046
0,0.0536255593715161
0,0.03981413602123257
0,0.04045364156772838
0,0.05218313894430924
0,0.039882075155299276
0,0.06691956661569688
0,0.052151637040412015
0,0.03911423221494963
0,0.039729356727140015
0,0.03971785516954843
0,0.05206997509388448
0,0.03971548696771836
0,0.07745413370087507
0,0.04008281825981399
0,0.05265100687843099
0,0.03974304039382936
0,0.05145407069460335
0,0.040065585167609157
0,0.040069787224746314
0,0.03972707240147137
0,0.03972521279346772
0,0.038968594748033485
0,0.05262557926403409
0,0.04013658034165337
0,0.05264022181459458
0,0.055878516712672154
0,0.06665426444355235
0,0.0730559742005138
0,0.04041692789609612
0,0.04044184558447456
0,0.04041452020805442
0,0.039801497198951125
0,0.05203624619115602
0,0.039716845990687824
0,0.03972558601381769
0,0.05211197294552899
0,0.051744033695493775
0,0.051689231928112346
0,0.03891787014478589
0,0.05216435005676693
0,0.06749743314787432
0,0.05209290152008666
0,0.04007791059238652
0,0.040061433796742214
1,0.927325301831883
0,0.039826909547627874
0,0.04027514786726099
0,0.05286040001802799
0,0.05221553203514237
0,0.0742771188697067
0,0.05192938635080279
0,0.053182965172689105
0,0.03977757974371785
0,0.038836257789832976
0,0.051786527212436574
0,0.06610205286995809
0,0.06534050899130911
0,0.05190674268210626
0,0.051907981047178524
0,0.038853445554225145
0,0.05167521501121553
0,0.04205539685690314
0,0.04042543492676402
0,0.051663227751663106
0,0.05386444231658133
0,0.038893130557614716
0,0.03978301013047327
0,0.03981567169552159
0,0.051743130058496976
0,0.039721655209725315
0,0.03887501198470911
0,0.05427991257432727
0,0.06912611830273424
0,0.05255681525834861
0,0.05170563076276822
0,0.05213746148199784
0,0.052165325741829985
0,0.04048109085457708
0,0.039732426214188404
0,0.052353755611845736
0,0.05314708015696365
0,0.03887766426505865
0,0.06817216292517737
0,0.052568694660503484
0,0.039724755246978896
0,0.03974091496766629
0,0.039797115127905014
0,0.03979396331373012
0,0.05176410932373977
0,0.040081326224306775
0,0.04064046376480239
0,0.04057620899020204
0,0.039720534334279585
0,0.0519090283079397
0,0.05337749149759856
0,0.0425742341016331
0,0.039738284459525826
0,0.03972265342949674
0,0.053028564392290645
0,0.039898407632055134
0,0.039809648092302884
0,0.05132004955402557
0,0.03884691460432065
0,0.03970770689405933
0,0.052436437234427494
0,0.03978569003079977
0,0.05326157948013482
0,0.039787756795760715
0,0.05257446918397622
0,0.04086099072790649
0,0.03982432381831613
0,0.040497535121977665
0,0.04044579887798445
0,0.039745213086498865
0,0.05210184392851642
0,0.04172996371868907
0,0.039730853660299756
0,0.03987131018368101
0,0.04051208232578543
0,0.05182163712262473
0,0.05348412396729059
0,0.0398919545901877
0,0.040424513059564175
0,0.05160032407564458
0,0.05201489406978879
0,0.05153073494766791
0,0.06632711667749669
0,0.039856048045886265
0,0.038823189471721864
0,0.054343808346368934
0,0.052034798644486194
0,0.0388196854368678
0,0.03987650238648077
0,0.07735594402441845
0,0.040145422263615824
0,0.04045918096528454
0,0.0674021207514491
0,0.06738168402622428
0,0.04099534173231685
0,0.04041666812597844
0,0.052889512132056365
0,0.039756161826394805
0,0.05268178422093529
0,0.06792744271774011
1,0.9327613755235868
0,0.03983801456189214
0,0.03971362099227073
0,0.05406842125724177
0,0.05294904235929499
0,0.05207734150451849
0,0.041752177742244594
0,0.04046392218763352
0,0.03999733238217578
0,0.053142147249793804
0,0.04093578550750221
0,0.04045075098593347
0,0.04055427627748837
0,0.03980254382318853
0,0.05246305124789603
0,0.04013765743356866
0,0.040425887901125904
0,0.03981655288567638
1,0.9319951108349384
0,0.040059031784863953
0,0.04127062207344474
0,0.039719503687206933
0,0.04040648118203026
0,0.054441131832217875
0,0.0532090076133215
0,0.06697751079441668
0,0.05146371081648073
0,0.05276666923890832
0,0.03984220837984172
0,0.03978872205237626
0,0.06649164388440724
0,0.03972027338571856
0,0.051006933638162
0,0.05155276434443108
0,0.038898116815021394
0,0.052195316381788766
0,0.052762854973634594
0,0.04077450146683573
0,0.051805434866808726
0,0.05223227270870052
0,0.05146394848408997
0,0.05205096752682747
0,0.03980045577765844
0,0.040410337018435286
0,0.039808880698496536
0,0.04038584530318132
0,0.06598402458940926
0,0.051436060131211714
0,0.05792447089339021
0,0.06988500035327679
0,0.06581120245178046
0,0.06889160339583447
1,0.930358121451257
0,0.03978790692339447
0,0.039807987464291664
0,0.05208365451286289
0,0.05219280983242382
0,0.05244873849460454
0,0.04042254804140657
0,0.05247073933387726
0,0.03892108795090731
0,0.03971645876395497
0,0.03978517934121304
0,0.05176224734227632
0,0.04003881955190666
0,0.052717139038848435
0,0.1099217996815079
0,0.05230396256662102
0,0.07525133289114885
0,0.0515038223296289
0,0.06846874472676402
0,0.04042717490023908
0,0.03980275913780482
0,0.051159665196063256
0,0.052147815404440766
0,0.039797847270352175
0,0.052109736367554844
0,0.05226533138243039
0,0.07975105680138334
0,0.03887605566113521
0,0.05253844640923653
0,0.052095068452489776
0,0.05240114436831328
0,0.0516928148046353
0,0.03884005555377562
0,0.05226255385075262
0,0.04006752261598496
0,0.039250924917167265
0,0.040113775316103405
0,0.03885490932136999
0,0.06831351362098328
0,0.040086137282409035
0,0.039736101245839095
0,0.05226703216170553
0,0.052944303955048296
0,0.03983630381827641
0,0.05142503032062421
0,0.04046183709554153
0,0.040418447087557284
0,0.05905419790284532
0,0.07044833759702716
0,0.05270155969272463
0,0.040046200622743014
0,0.05223924845951494
0,0.04043784093745413
0,0.03973998139430676
0,0.04009187399868508
0,0.05261151696857525
0,0.039791899045959395
0,0.0404590253612421
0,0.040446091941046945
0,0.039814419066073775
0,0.052303883831999694
0,0.04046723681356284
0,0.04008413314907523
0,0.0400985361419563
0,0.052101685646206035
0,0.06869695240615017
0,0.07833839009508577
0,0.04034367233628335
0,0.05153284144988937
0,0.040068344738614876
0,0.06660739100696554
0,0.040072508130382746
0,0.06970089962185062
0,0.04042661228470308
0,0.0400972166994729
0,0.03980061983435263
0,0.06689578539639965
0,0.05277861090603729
0,0.05215477719462099
0,0.041078674517409604
0,0.038821388439062764
0,0.03984016526570451
0,0.05199031480316739
0,0.04043741094289279
0,0.039759580897723384
0,0.05110658620660761
0,0.03975016806539595
0,0.05109222036912319
0,0.05139636820665508
0,0.051231987225491556
0,0.05259445498154172
0,0.03891153296034259
0,0.039759229575600685
1,0.7741717742343076
0,0.04010666952133149
0,0.038875835504547186
0,0.039743238331023174
0,0.03979450997595939
0,0.052203575645315636
0,0.03983906820205095
0,0.051933763970864036
0,0.04093450626113934
0,0.03979134207233262
0,0.04046359718388512
0,0.05265181117571138
0,0.04047764012995254
0,0.08219898391890504
0,0.03885804540852832
0,0.040087001537248514
0,0.03971159303190287
0,0.051417937150421686
0,0.05264290716792648
0,0.06693747874103849
0,0.04079180910161472
0,0.051688391479114186
0,0.040104006233641444
0,0.052256370314909026
0,0.039845249653583055
0,0.0520103406063338
0,0.04012324378781364
0,0.04043868929247723
0,0.04047394772238801
0,0.040100538751648505
0,0.04007517302234229
0,0.0666599789504495
0,0.04010761211479708
0,0.03970638718532286
0,0.039734125047170554
0,0.06946041441788006
0,0.056520502451721945
0,0.06770367009885647
0,0.07303610349409233
0,0.0398070882796122
0,0.038824636064048096
0,0.040447199147309425
0,0.054912805607866245
0,0.051478224245138426
0,0.051631569868062666
0,0.052128962165581404
0,0.052588445161728385
0,0.039184870945814514
1,0.9289659292440756
0,0.10078695086319948
0,0.051183013106935425
0,0.040064242689986575
0,0.054997142242925325
0,0.04027167060916493
0,0.06722229687935462
0,0.0684622541938526
0,0.04042386025252703
0,0.03986989824391839
0,0.053995341005444335
0,0.04128100113632361
0,0.0665913521938917
0,0.04014736514090442
0,0.06632137197561545
0,0.040451633220180146
0,0.052628261455464655
0,0.04092055435728756
0,0.03979434266121927
0,0.03972816399944888
0,0.06651277496425913
0,0.05379852147610254
0,0.04043389352612071
0,0.07764861721626992
0,0.052091540070366975
0,0.07702077470305306
0,0.0401359405145285
0,0.04008165480741797
0,0.05159685535630852
0,0.052160085560534565
0,0.04047559818702095
0,0.03973176531719857
0,0.053856021356083306
0,0.0528655688751834
0,0.040418410338633824
0,0.04043721101162098
0,0.04018051195410157
0,0.039728146640784806
0,0.03983529714352997
0,0.05348399918058584
0,0.05228639876080463
0,0.03971866910212724
0,0.04058257090688496
0,0.03974573066581313
0,0.038818774488641315
0,0.05306529631500949
0,0.04044770504714093
0,0.04041379156565584
0,0.06613927898185284
0,0.0411949713394666
0,0.039884838691471275
0,0.05175319072785747
0,0.06729041618368393
0,0.03976850860677033
0,0.039747966092319766
0,0.06704688377350165
0,0.05246319476597907
0,0.04170092750846372
0,0.04067972603072488
0,0.05188927767300672
0,0.03980933616270797
0,0.038827114219775055
0,0.05223737907223385
0,0.03973092652142164
0,0.05229887025474559
0,0.038833785425592404
0,0.05138666789166401
0,0.05204564245993889
0,0.0428842244369025
0,0.04005361619415023
0,0.04081659102598105
0,0.0671024247404668
0,0.04024986816692601
0,0.07317467670257102
0,0.054155736852740596
0,0.052195016830488196
1,0.92881561279387
0,0.03984887796092256
0,0.04003102491953128
0,0.04120431504869838
0,0.05136626618934919
0,0.03884889389246281
0,0.05243460160720376
0,0.040519057196986556
0,0.0389509185359705
0,0.040185020136467374
0,0.04021354791889899
0,0.03978638479810747
0,0.03972873229511371
0,0.0661350059643746
0,0.0398255839949377
0,0.051426481315558326
0,0.05270308819985126
0,0.053217840660416516
0,0.051557499755120334
0,0.052266365317638036
0,0.03973313211318831
0,0.039793575013287306
0,0.05217109289934584
0,0.04044096599475606
0,0.052158557600138454
0,0.05210921967507731
0,0.04049822952853809
0,0.05504542609907647
0,0.0398047017646711
0,0.040469400990044604
0,0.03983943566729801
0,0.052613608706989445
0,0.04005316207417195
0,0.040116709638064504
0,0.05380165122753582
0,0.04042218556207446
0,0.0527469919360348
0,0.039891246544753955
0,0.04074585905213984
0,0.06791072390846434
0,0.03885305189216553
0,0.05317932321140929
0,0.051977919412350054
0,0.05200078806510229
0,0.051186665599247574
0,0.03976646890813292
0,0.03883918542904005
0,0.040471205987012086
0,0.040054026702781166
0,0.03974891722311299
0,0.03979561257815326
0,0.0524849513550377
0,0.05270614961193548
0,0.05260851986947795
0,0.0525574500635352
0,0.05234459258035973
0,0.03981381294656638
0,0.051624650590431656
0,0.03983074840885277
0,0.051848770443725004
0,0.05212744043345873
0,0.06711043072838922
0,0.05270453569651101
0,0.06664936682637036
0,0.038867554126007474
0,0.03985937145398497
0,0.040642289432122336
0,0.03884443532691553
0,0.05178125013720217
0,0.039765371257550794
0,0.039162804647629744
0,0.05294808419542324
0,0.039708749778916384
0,0.03890489482919193
0,0.05437157637305612
0,0.039812696552212146
0,0.054469162690956245
0,0.05352121171889244
0,0.05207667736941443
0,0.039791902835619786
0,0.039727671012640534
0,0.05218469474464259
0,0.04073778073997577
0,0.07068137957496502
0,0.039715947558960664
0,0.05212576183124449
0,0.08495808002991977
0,0.06761003089993736
0,0.0404316512874211
0,0.03992296149832956
0,0.05116794595474059
0,0.03971222365879095
0,0.04042805529313649
0,0.040433414776596566
0,0.04046371568890925
0,0.03981518132023795
0,0.04043899690833622
0,0.04042985115615327
0,0.03975999046152221
0,0.04044254207122742
0,0.05980968770246385
0,0.04043791876344104
1,0.9329070665318036
0,0.051156097448681125
0,0.040424477428286344
0,0.04051862397609375
0,0.05256134366170993
0,0.05231301491746602
0,0.03971185775232667
0,0.040434980314515596
0,0.03980585429011299
0,0.0523073124167979
0,0.06804077469461967
0,0.05258812451704668
0,0.07346166418288685
0,0.04131730321414475
0,0.039799810115863296
0,0.05116972012649305
0,0.03982600126690515
0,0.03984686311442605
0,0.039757060397377864
0,0.0517208441468158
0,0.03974423755554154
0,0.06993514061612308
0,0.03993907863364065
0,0.06721785845858448
0,0.05970412719762448
0,0.04093066273654671
0,0.04046003437433612
0,0.05218999626116307
0,0.03884756890837287
0,0.03987093442236256
0,0.05218067600144872
0,0.06653491741392456
0,0.04465661377216854
0,0.03981672833228595
0,0.06810528101215695
0,0.05271283010488425
0,0.040430714216818625
0,0.03972475001206333
0,0.041801442852761404
0,0.05195639862234414
0,0.039803596794694945
0,0.04043384822162843
0,0.05214478000428404
0,0.03983235321279062
0,0.0521287208567239
0,0.051889134030805396
0,0.05109541797186025
0,0.039793251419357044
0,0.03984626377899785
0,0.0686330338732326
0,0.042860366171856235
0,0.039787520013771595
0,0.03889299608993462
0,0.039829365319028094
0,0.04041260466850317
0,0.03992162840040019
0,0.04133207391759115
0,0.07086849472555752
0,0.052491210020202905
0,0.05197826359686067
0,0.07303171169362958
0,0.05189632378496425
0,0.03988000041427241
0,0.08134780953239894
0,0.05127556601070391
0,0.06637275177745663
0,0.0524716006939705
0,0.051895133731049085
0,0.05368534008861279
0,0.06866933639743719
0,0.05200878264689355
0,0.05236203769336149
0,0.040021792496417984
0,0.04006051122010231
0,0.040085401168884566
0,0.040353382065114365
0,0.05170662318936243
0,0.040472241212098234
0,0.04043773850528123
1,0.9219679030743425
0,0.07531896838695372
0,0.05144236840302061
0,0.03980943833915138
0,0.03971637005667881
0,0.05259358942116033
0,0.05317180355424
0,0.04247471703840474
0,0.03971638350136078
0,0.0684622734780643
0,0.05215885975361616
0,0.09791091688195526
0,0.051522455214073455
0,0.051948665685309627
0,0.03884326270260865
0,0.03972477809417852
0,0.03883922280513601
0,0.039825519070585375
0,0.04006569657873076
0,0.06898598573082587
0,0.03979120465476752
0,0.054458969889524034
0,0.04099243786848229
0,0.040068391045816075
0,0.052562482811075534
0,0.04008007162612576
0,0.05201449529001655
0,0.03974071529288801
0,0.052174614071280954
0,0.039802134774543654
0,0.03972002339350728
0,0.09849420065597377
0,0.03979993509882646
0,0.05233374927461508
0,0.03974031905362178
0,0.04118359504816098
0,0.03973887997197353
0,0.03986294333943356
0,0.040083566142367306
0,0.06783943511614117
0,0.0404473323085362
0,0.03974777430180162
0,0.03972811034868315
0,0.039713871248859646
0,0.051408563214311476
0,0.03980558273231682
0,0.05289365747765068
0,0.05304731908388063
0,0.06596188775395052
0,0.040434762957085424
0,0.03882778662951462
0,0.03971719189890815
0,0.03980503140064634
0,0.05224448612957532
0,0.06781580781559278
0,0.052074675855722154
0,0.05215672025110016
0,0.05247170439131398
0,0.04043279923036356
0,0.05254053261867391
0,0.040063943074446794
0,0.03983695882593362
0,0.051458234218653455
0,0.04007475746633765
0,0.04049875634245855
0,0.03981585507652434
0,0.03973251768002948
0,0.05227260807681747
0,0.03979791221297513
0,0.052704219558130316
1,0.9313311778507924
0,0.05234134943650924
0,0.05475628681392908
0,0.052012352168304556
0,0.039761453031791495
0,0.039721910128398936
0,0.040424167507227986
0,0.05168889869154965
0,0.06926612399915687
0,0.04007308087934623
0,0.052509410820160536
0,0.04043084776302418
0,0.05226335877542935
0,0.0545420361571008
0,0.040164527496187895
0,0.04044461899372427
0,0.06700157615293785
0,0.039796093391799216
0,0.03884618950944179
0,0.03974276707720228
0,0.05114925768266153
0,0.05224053207876119
0,0.0547493016411193
0,0.0524447731449403
0,0.052453189959255984
0,0.040437428384567216
0,0.06622452326555622
0,0.04008396214254043
0,0.043098084447076974
0,0.04010471953783429
0,0.0402735245560715
0,0.04009220383795245
0,0.08647120259850022
0,0.0397323733142668
0,0.0668319652215525
0,0.05110472750050139
0,0.03981198268646907
0,0.052032996978369425
0,0.0516300111782001
0,0.04062320766822942
0,0.038867249658137246
0,0.05234849043262957
0,0.040002456566663104
0,0.038916224663369504
0,0.05221586021589301
0,0.039798859348264555
0,0.05206436218690687
0,0.041337722239285744
0,0.06927493095134116
0,0.04007775893427214
0,0.05239307083544853
0,0.052407141453474776
0,0.04008024344821196
0,0.05174574295592375
0,0.0525253905951998
0,0.04278319059097808
0,0.0719391573317909
0,0.05266797066230521
0,0.03985952123979613
0,0.05250199023639673
0,0.054507970837830495
0,0.05236057383590784
0,0.05125535959448685
0,0.05474239007313187
0,0.040055215666682936
0,0.04049308511383427
0,0.04084986480717752
0,0.05147510701504733
0,0.039849331453001915
0,0.040472696217732064
0,0.08423014015412875
0,0.03980532847157449
0,0.05223773736041904
0,0.06522110805979142
0,0.05235215409754238
0,0.05202008343119553
0,0.0397497872764991
1,0.931089721990918
0,0.051031361138301444
0,0.0412122022643402
0,0.0519298666469023
0,0.05427226717680921
0,0.03972708032197392
0,0.03977206475574407
0,0.040598547788920816
0,0.04124354574324739
0,0.06785760865466352
0,0.03970928918886853
0,0.039829399621480535
0,0.04005439893236003
0,0.04011484621961392
0,0.05223384830783726
0,0.05193667440884487
0,0.07053046569172254
0,0.0412049413495064
0,0.03984393999093551
0,0.040424599266876936
0,0.11893775847915987
0,0.040062067063181654
0,0.04042370356999633
0,0.05145024897394648
0,0.03973944524242077
0,0.05191113510810118
0,0.05210787291843711
0,0.06733032146121243
0,0.05235612699500552
0,0.04006771741551578
0,0.039949717840582426
0,0.05128616527743072
0,0.052219025492427545
0,0.0664886297734898
0,0.04010041552863497
0,0.05194348286890662
0,0.05294742650593485
0,0.039845787162479614
0,0.0400273099224415
0,0.0388609600574211
0,0.05216012818289595
0,0.03982220145732679
0,0.05198324962146528
0,0.04013828570884013
0,0.03883855172584063
0,0.039838794301537604
0,0.04260555337120866
0,0.040011226344468014
0,0.040071167322306894
0,0.040421922674476744
0,0.03984989678437458
0,0.0404386521851952
0,0.052113067434624315
0,0.04044622534258314
0,0.04065950042368502
0,0.04006649419209354
0,0.0404574984249447
0,0.06788607471647518
0,0.05209906686504119
0,0.04047213555783674
0,0.03897569827593781
0,0.039870462196125674
0,0.03983021366219148
0,0.05109303998420734
0,0.040108660925020946
0,0.03895355934478773
0,0.05230492606354327
0,0.06697417060349359
0,0.04043205686491372
0,0.03970423181202375
0,0.04005998548130044
0,0.05159376847158454
0,0.052777789700215134
0,0.038848575291307426
0,0.05093037445875734
0,0.051502908770556945
0,0.051402136713077265
0,0.05123721003363462
0,0.03886837146732172
0,0.039826724532066246
0,0.03976398641607167
0,0.05264815622331681
0,0.03985227655550414
0,0.05184165283245877
0,0.06820618272417638
0,0.040609283499292305
0,0.03978870274826614
0,0.03972893964146681
0,0.052831655895168805
0,0.0398743977604433
0,0.03982902194807896
0,0.040076310416665886
0,0.04068860838122376
0,0.03979912359786252
0,0.0404799589974262
0,0.040062518678848885
0,0.04007752363670166
0,0.0399347664899332
0,0.06712567504270263
0,0.051840041219619735
0,0.04006543067017782
0,0.05190438042415443
0,0.03975317312992576
0,0.040425862870176306
0,0.05215332840899602
0,0.039790954646883314
0,0.038950013193375134
0,0.0524227638005871
0,0.03976869871558365
0,0.04024311400917822
0,0.052182867742229716
0,0.040434735650252275
0,0.0526482248960894
0,0.04005661437595929
0,0.05350186582959415
0,0.03975155747247465
0,0.03972317029656992
0,0.052059361319825075
0,0.05259531540929883
0,0.052340068250819966
0,0.039811160811546065
0,0.038835729474397854
0,0.05507040395402374
0,0.05210007548512024
0,0.04064149917391326
0,0.052828381007168176
0,0.040416855736896115
0,0.05198247357268794
0,0.04332436388111808
0,0.04015570001179507
0,0.05273486812997582
0,0.05229709969489109
0,0.07031058556813359
0,0.04143306869596393
0,0.051536880667763574
0,0.06569470878546331
0,0.041187775051676666
0,0.05419108074210179
0,0.05223181382043902
0,0.040978866795714865
0,0.0668190508927121
0,0.05563673163744779
0,0.04083828293976155
0,0.052730629481101327
0,0.038833178851760214
0,0.051882047582415124
0,0.05237242389148518
0,0.0537004336209133
0,0.040694899814391
0,0.05218197249510064
0,0.040414612299492024
0,0.05179173454713056
0,0.08006399627325039
0,0.038842078691468836
0,0.0400813238155289
0,0.0520670228930609
0,0.05231629621751213
0,0.06819913455835312
0,0.04006433892829128
0,0.05229240990022692
0,0.03971705587815748
0,0.05211159611693951
0,0.05195570499681067
0,0.040695614560038895
0,0.039861273803215067
0,0.040955012982468536
0,0.07664347679502992
0,0.052048103570819945
0,0.053632157355446554
0,0.039746133840002515
0,0.06577895534540701
0,0.040104607243564974
0,0.040155846303849815
0,0.03882071568116672
0,0.0401088258532733
0,0.052125417144878484
0,0.05202513266653299
0,0.04040550800208019
0,0.05230440565265653
0,0.06830552678811015
0,0.05204315861864813
0,0.039813856816233076
0,0.05124049836212778
0,0.0400908858449441
0,0.03999633758777876
0,0.051803457283123265
0,0.06751581597910272
0,0.039711837054276326
0,0.05233906470968206
0,0.05189458249264943
0,0.03882624677243666
0,0.03987851169135182
0,0.053501551305553015
0,0.039803989250617414
0,0.051663549651332234
0,0.040067219071732454
0,0.05111072249843873
0,0.0399508736275541
0,0.04005237314101012
0,0.05161366913803904
0,0.03984701492526946
0,0.05226659108027794
0,0.05225022934701287
0,0.05287054256223337
0,0.0545417657955783
0,0.040073949585307474
0,0.05204734117055588
0,0.05303092480400218
0,0.039011888769533765
0,0.040054783177524055
0,0.03972504749620619
0,0.06799172555530587
0,0.05231759826309812
0,0.05193203626285051
0,0.06741227452107253
0,0.041761233740456795
0,0.04071572575278463
0,0.10047978856747794
0,0.05225645586854285
0,0.05190630027266734
0,0.040022220174303305
0,0.03882961690733027
0,0.06785440166551159
0,0.03884324105427738
0,0.039723195313737435
0,0.04044572120171954
0,0.055199585505929294
0,0.04042101462105899
0,0.039796311597699675
0,0.04044080673253605
0,0.051493488113161484
0,0.039955820205451915
0,0.05165090669774862
0,0.039973363148418005
0,0.040485640421405865
0,0.05408805373045572
0,0.051570183866516
0,0.06730380588878943
0,0.039792223786323286
0,0.040057313972254684
0,0.04040791983124399
0,0.05314135200070017
0,0.0632839420622217
0,0.03884517717475525
0,0.0537102102757876
0,0.03978475754391683
0,0.04046017962633518
0,0.05458689185351237
0,0.038910329086007736
0,0.051850556873252025
0,0.04047092654832265
0,0.03973837486583448
0,0.03886919526893657
0,0.04009142059132433
0,0.051213580937844894
0,0.03978532518184885
0,0.05187613235136355
0,0.03984291151434544
0,0.05222758168752198
0,0.03980137992131803
0,0.05261739564177352
0,0.06626170369082625
0,0.03974542001948864
0,0.039805622204737635
0,0.05231420988838882
0,0.0397946404522701
0,0.039729818037501384
0,0.04010088324091318
0,0.03974502104186377
0,0.07861590378027093
0,0.052232493087239276
0,0.05657097089678943
0,0.06753519333763632
0,0.06716889233707522
0,0.051978013834401836
0,0.05237882900833657
0,0.039975507832901054
0,0.06639391501932311
0,0.04044934705758346
0,0.06714455161331048
0,0.05263399876060443
0,0.03883715951644848
0,0.07539766420841401
0,0.04722750274769208
0,0.0700044956855979
0,0.03982606799856968
0,0.04044049444214236
0,0.05198453919137924
0,0.03976615476020884
0,0.03886081614740195
0,0.04005948637712515
0,0.0400834429629313
0,0.040456967032516035
0,0.06754205240421582
0,0.05339160962111523
0,0.05193917670826283
0,0.038851303433481414
0,0.04010364227067272
0,0.0532518318923798
0,0.03984210881156131
0,0.05209980897208996
0,0.03980280564981434
0,0.051543444509864075
0,0.05140874199749745
0,0.05306657887790963
0,0.05272894147289236
0,0.16390733866786278
0,0.04045713015368451
0,0.05257357500840155
0,0.06584954445636261
0,0.052215325994190674
0,0.04032290913585647
0,0.05179612054574386
0,0.04006901296466802
0,0.040066217040002045
0,0.05288506207520433
0,0.040054489654948504
0,0.03895877283477115
0,0.039820886007651754
0,0.05225172833966698
0,0.051904650160040304
0,0.05238885147684041
0,0.03974482280014546
0,0.04044160178634134
0,0.06930053950526414
0,0.06893501048114145
0,0.039733029146185456
0,0.06739061318374996
0,0.0516161166750574
0,0.03989796063437007
0,0.040064830365684714
0,0.05194317827099352
0,0.05192246659102533
0,0.04040794327467446
0,0.0397452096341021
0,0.05331786475599251
0,0.05190144177991394
0,0.0677055400433094
0,0.04124025987867144
0,0.05166008124004676
0,0.05196213639273693
0,0.03897006759704164
0,0.05192025384211076
0,0.03983829138041188
0,0.051594394071233236
0,0.053051986500653375
0,0.05207954236257916
0,0.05117838652372506
0,0.05190552752182515
0,0.03970268692561902
0,0.04091392244033696
0,0.03975755971693596
0,0.052822489645721164
0,0.05256369364159655
0,0.040075330237969074
0,0.04047434528839668
0,0.040094636474290936
0,0.03886269075085595
0,0.05192699363808827
0,0.04044001448627705
0,0.06861175371204646
0,0.05246583470112753
0,0.03978463443617102
0,0.04046543854147203
1,0.9310209101377684
0,0.039841259175929275
0,0.040055549504285366
0,0.06864214671618396
0,0.03972243017181615
0,0.04006062319015559
0,0.05257730959453281
0,0.03881406799377515
0,0.052712977171772056
0,0.053173867319222204
0,0.038878061102014236
0,0.05349408478101574
0,0.03975262179531563
0,0.0390227067569213
0,0.05201128232752853
0,0.03970636143256197
1,0.9303016046446013
0,0.05145601153164684
0,0.040102742422005976
0,0.04015913578559103
0,0.04007989757452715
0,0.052283272510909314
0,0.05209587663979876
0,0.04044243147228801
0,0.040448609568342536
0,0.04011276524312459
0,0.05108857736465243
0,0.04041451584225669
0,0.0397850954065116
0,0.03981762075746069
0,0.0398447343407189
0,0.06765599395377396
0,0.05145298540277281
0,0.052538422005175084
0,0.07196615288162736
0,0.03888502904184894
0,0.03886777510779234
0,0.051919551117142346
0,0.05311465041055413
0,0.05232559365381549
0,0.04043443610134369
0,0.05146812391438704
0,0.03988828840777918
0,0.05145898988441678
0,0.040079529936469835
0,0.05120457047030497
0,0.05742624271408939
0,0.038839854031457864
0,0.05150455188994394
0,0.04045134189588673
0,0.04120262935061326
0,0.03881863944325439
0,0.07040552768610737
0,0.05224069689253048
1,0.9320480136147867
0,0.05173511063782605
0,0.03990751966015908
0,0.03883672186287517
0,0.038902657775765286
0,0.04010100339521731
0,0.04089729668365404
0,0.051983392675361506
0,0.05182612762732834
0,0.04009373892685091
0,0.05166739632143014
0,0.06807484183968848
0,0.05224761773683276
0,0.051333266314071584
0,0.05550293001234069
0,0.04041588534788708
0,0.0397387134398388
0,0.053002127651247975
0,0.03991645095508123
0,0.03978772474352835
0,0.052422107668832665
0,0.0515900924962524
0,0.06942184527110003
0,0.05192555797552924
0,0.04113120682905564
0,0.05279613558776707
0,0.05202387389174218
0,0.03884734008047507
0,0.0397958530915555
0,0.0397214335256507
0,0.05161158808895811
0,0.039843104993619066
0,0.03982421774181739
0,0.05166094521362484
0,0.05456533638295142
0,0.04014405827447315
0,0.040099576366286756
0,0.03982920335622734
0,0.04013721616839198
0,0.0524270693690202
0,0.05286684734934743
0,0.05278838060089905
0,0.03882168413865654
0,0.03971751331161635
0,0.03999600332889488
0,0.06762152227763156
0,0.04009995643021995
0,0.04277564116187759
0,0.05224459261588858
0,0.03984084974612028
0,0.03981869842804243
0,0.04044202596960655
0,0.039863848640839944
0,0.05231744498759013
0,0.05362309064792353
0,0.040135412281235204
0,0.06723611624582262
0,0.05273638184551163
0,0.040755016089500704
0,0.03974311270509784
0,0.04075769638895115
0,0.05320236558920503
0,0.06765461717443057
0,0.04114652763008466
0,0.05190017459603143
0,0.04308808481135493
0,0.039876186860077614
0,0.04072436101886833
0,0.03885029181642471
0,0.05232855362885948
0,0.052346441101635804
0,0.03977106725468925
0,0.03973418537914213
0,0.040426434458500984
0,0.040067712300419965
0,0.05156766479213557
0,0.039780091123443155
0,0.05231185087269905
0,0.0690346804135724
0,0.05166053310054537
0,0.04012740255901072
0,0.05451766699997302
0,0.05228508068081325
0,0.03975871631106992
0,0.04004821608333311
0,0.03972770494148091
0,0.04008545899969376
0,0.053372171034419526
0,0.05108296805327226
0,0.040783777247981136
0,0.05111417694063348
0,0.06659369194294193
0,0.040185631833031865
0,0.039780525706926036
0,0.06967771093446772
0,0.054290499413323534
0,0.051468894195763545
0,0.054122585590159346
0,0.04043733302967614
0,0.038852338977502995
0,0.03984611053996091
0,0.039802267270912045
0,0.04122869661708985
0,0.038836350121686486
0,0.040528277298308685
0,0.03884256412069257
0,0.052123979757041694
0,0.04005333212659991
0,0.052010191879235994
0,0.052254305138155245
0,0.05218209311110341
0,0.03890365482175124
0,0.051955531766242326
0,0.05206796609368796
0,0.04004929560485741
0,0.038850162263608434
0,0.05215052658628159
0,0.039792352776317104
0,0.039822782487935186
0,0.05241742409952576
0,0.03984926767963678
0,0.052223921670810934
0,0.05195000151390056
0,0.039912729559121854
0,0.039787171725239406
0,0.05264410232444928
0,0.05197380347907169
0,0.053500128626638215
0,0.03885115562491248
0,0.039869687172007354
0,0.05199717537530463
0,0.040056790045891494
0,0.03993860597772656
0,0.052174984308568054
0,0.052192054825461
0,0.05147171974301104
0,0.040455924553067096
0,0.05174664606844428
0,0.06808445276916651
0,0.04006820104270988
0,0.051547980709085055
0,0.21513760632782594
0,0.05109590168535665
0,0.05179434124500527
0,0.05192243179542789
0,0.03972762933744102
0,0.05250027379384998
0,0.052408941956460724
0,0.040783437103559014
0,0.038994434168399865
0,0.05148307126945279
0,0.06741766541773636
0,0.040500588217352584
0,0.058460859976650514
1,0.9316028015599562
0,0.04045539720645733
0,0.05251226371131503
0,0.052916690523414606
0,0.051552431190472356
0,0.05999991769915536
0,0.040449451655674755
0,0.051755402424201166
0,0.03973572127127222
0,0.05262447121556272
0,0.0523679711559706
0,0.038831562664238116
0,0.04473394917782407
0,0.04007556578170313
1,0.9320268622088498
0,0.038917776325419616
0,0.04021795496451503
0,0.04050976955962286
0,0.051451202359919845
0,0.040089303371686105
0,0.051703225562018965
0,0.040149890949349516
0,0.03980356849090967
0,0.04021645520679845
0,0.04011659014844367
0,0.06787319526828224
0,0.0530887579341381
0,0.05221024394749463
0,0.052501286320999103
0,0.03886005324748939
0,0.03979570402676006
0,0.04010855727952184
0,0.03915119453695683
0,0.05267757963189249
0,0.05189279716248492
0,0.05173541938325314
0,0.04049277274295569
0,0.05231437406193579
0,0.03985100725661743
0,0.05204945316780675
0,0.052880917725176856
0,0.05142118936060133
0,0.057863441748197506
0,0.05210992759652133
0,0.051834614163204756
0,0.04046090791927865
0,0.05314901931079541
0,0.03981962059966416
0,0.05278676911194851
0,0.05157203876175145
0,0.05281371532707239
0,0.03914466674247838
0,0.05299217823346075
0,0.05186441068577673
0,0.06036628973950355
0,0.06680773983058907
1,0.9316549826804242
0,0.03886833564265253
0,0.039892431518446826
0,0.040423172950517915
0,0.05168845800485696
0,0.03978462495364649
0,0.03883126030500137
0,0.06739957348991019
0,0.06777032519256838
0,0.04009087396667115
0,0.05217971009098846
0,0.05223893270493773
0,0.05554534381530196
0,0.0398401554540754
0,0.04087205178003582
0,0.04041177209283487
0,0.06639535325295981
0,0.039782591201755056
0,0.05383954682214531
0,0.05107301782450056
0,0.05284107064880452
0,0.05108289262472502
0,0.04043845652324394
0,0.03883621854372443
0,0.04020365550367214
0,0.0398104188158166
0,0.05109782725902128
0,0.03984677710164536
0,0.058452301268004415
0,0.052802397218463346
0,0.05213315662261275
0,0.03979030589172358
0,0.04107752468108837
0,0.0772860912242016
0,0.051804457454153775
0,0.040116616601278424
0,0.038866605562931845
0,0.052935358251152774
0,0.04098768089941876
0,0.05317316618393942
0,0.04006886846436985
0,0.04047139653300689
0,0.039771590104101265
0,0.040083427219542056
0,0.05147353781382405
0,0.039957934373838946
0,0.05176444524817917
0,0.05311624842909022
0,0.05315551578749296
0,0.0666839289265973
0,0.039733319995274144
0,0.05272526183837206
0,0.05268629861612283
0,0.04007056784581348
0,0.05235227549312132
0,0.05385114090407831
1,0.9306327282514234
0,0.041087911269764084
0,0.04024722646446445
0,0.04049784577999527
0,0.05518875628840716
0,0.051521491416496715
0,0.039789536367748915
0,0.04053558818185747
0,0.053618876638375744
0,0.04012833816561471
0,0.04045562081012822
1,0.9307935611134912
0,0.039758662334229276
0,0.038831181694989135
0,0.040093421784237235
0,0.03882155821306768
0,0.0526692456108422
0,0.06773209374617992
0,0.04021334560345989
0,0.040053412725121716
0,0.06685207576402702
0,0.05228039494077705
0,0.03982819968780578
0,0.0426828139182215
0,0.04000817645358935
0,0.05266557201223405
0,0.052139239042568224
0,0.04009755195730248
0,0.05262620736700978
0,0.05264976483164011
0,0.06585919084482096
0,0.05231778884902008
0,0.04046367109908046
0,0.06748905216975186
0,0.040058288823209116
0,0.03971240496200699
0,0.06674092306885969
0,0.03972381891685094
0,0.04041952362142574
1,0.6951511822253044
0,0.05160697147883965
0,0.05141731715977514
0,0.05155818086800375
0,0.05226729932837185
0,0.03972223843890993
0,0.052530026697063886
0,0.03979222084219798
0,0.0528446703917796
0,0.05147553727696699
0,0.039746315331540855
0,0.039702045376175055
0,0.051717380319069944
0,0.05235051340013005
0,0.05426542661132129
0,0.05247216915393602
0,0.08830223386835859
0,0.04042984707199327
0,0.039713966267293066
0,0.04007300084797066
0,0.040170656089836464
0,0.03988211228147957
0,0.04050510739220445
0,0.04005353284445974
0,0.038909157641426675
0,0.04042692674889445
0,0.04304969655933342
0,0.03906870512566208
0,0.05176302051910282
0,0.051791715070465726
0,0.05273927231577942
0,0.040419497067639115
0,0.03975868456951577
0,0.04033750344020243
0,0.03971650097097483
0,0.0407759985191676
0,0.04007463592514239
0,0.04030473796151034
0,0.039821877201449994
0,0.04006026703275729
0,0.03977455792158096
0,0.04031056558646475
0,0.04042626432097295
0,0.062261632366297344
0,0.05219295256045887
0,0.040066816128823554
0,0.040436931773390236
0,0.03974006981597953
0,0.039855517066694685
0,0.039967689834435695
0,0.05243562223343813
0,0.039788422366343563
0,0.05200977936960936
0,0.038843370898489236
0,0.0397292297686953
0,0.05216631258374998
0,0.041785216086885936
0,0.040100594055789425
0,0.05230843599752964
0,0.04042611170389688
0,0.039794205756721206
0,0.052486154587934354
0,0.04049131431766758
0,0.07214272548270342
0,0.04009507693456809
0,0.03987248959963524
0,0.0397120934561156
0,0.040427740738073085
0,0.054060917862409776
0,0.03983287877959545
0,0.05233900208829773
0,0.06984709632392323
0,0.04012008923289999
0,0.038914700521393
0,0.05276103551323536
1,0.8977041767641157
0,0.08177557713665147
0,0.05179583333850707
0,0.05150788866895721
0,0.07220923323878463
0,0.03977130239946419
0,0.03982656762238631
0,0.0406872476919951
0,0.03882131266037689
0,0.053179185537443434
0,0.040063917295272866
0,0.038963272277493195
0,0.038878839435584935
0,0.052707164297666725
0,0.051996727562806905
0,0.040287477881045884
0,0.0521435122390383
0,0.04095381751820649
0,0.07102887807959626
0,0.04004919647682809
0,0.05193116841644046
0,0.0397840373176373
0,0.040919027171630366
0,0.04178576209136782
0,0.05216729097264293
0,0.03984168216950405
0,0.052218995974970095
0,0.052350741727226174
0,0.038819296283890345
0,0.040435818499676264
0,0.04041650194093625
0,0.053270643576522225
0,0.051885082592759604
1,0.9306825104439835
0,0.04045070823391539
0,0.03986083864105122
0,0.052320776887167256
0,0.039824517826663554
0,0.04136895445976672
0,0.052468962437194275
0,0.038835683063994444
0,0.040476515047582
0,0.06588767189846742
0,0.15361084239433803
0,0.03974020669040267
0,0.05273067852305861
0,0.0398862975878245
0,0.04004760908569117
0,0.053550510654845215
0,0.052732733004306497
0,0.04112879363716899
0,0.041751369242041265
0,0.039789239487015585
0,0.051941013986801336
0,0.04063845021846408
0,0.04021083037086789
0,0.051626038371798695
0,0.06554046001601661
0,0.04015816391115081
0,0.03984326405253044
0,0.03886518821416731
0,0.05549808070332632
0,0.05189137701816984
0,0.05231671423254261
0,0.05141328001766748
1,0.9370141128462854
0,0.03885781953411371
0,0.05174881214602531
0,0.04010048371394532
0,0.05175484888803722
0,0.06710495898706732
0,0.04006211060097408
0,0.05228202221442848
0,0.05236710324640111
0,0.05276494319212529
0,0.038917397738020734
0,0.040088596449215856
0,0.041261191571236304
0,0.07171246467435337
0,0.05276007000970047
0,0.04043030265832657
0,0.0401049209221918
0,0.04010247236501663
0,0.07053418321825068
0,0.03973171504066004
0,0.039788712118508575
0,0.04042473998308328
0,0.03971414101435629
0,0.039699621747171544
0,0.052712010856691194
0,0.05188761043511466
0,0.06572842071809204
0,0.04004765601271867
0,0.040246155235014666
0,0.039896102411440836
0,0.040470662734380755
1,0.9328832787208194
0,0.05142141402279833
0,0.06854725017889941
0,0.040160346304711214
0,0.04006694303293537
0,0.04172823799839975
0,0.03996656947244426
0,0.03987162889672423
0,0.039754404815696094
0,0.03974639397000469
0,0.040052785445448304
0,0.04008784769865343
0,0.05237530800098938
0,0.0397288398807506
0,0.03885187969350075
0,0.05200081464251144
0,0.040060554458615866
0,0.052324887158772274
0,0.04053839639634084
0,0.05236200415847568
0,0.04083351175508398
0,0.05155651020161331
0,0.03971005170779285
0,0.051702161912540165
0,0.04046910399292197
0,0.051975811547804805
0,0.03973252398621598
0,0.05343230456104722
0,0.06610668670391512
0,0.04042543174681696
0,0.039783157226563254
0,0.05183189297948647
0,0.05215002453429121
0,0.0400937165688782
0,0.03888777550672279
0,0.038828569770356314
0,0.052718620602821925
0,0.05253472254775714
0,0.041052490539153955
0,0.05213048774457735
0,0.03978640778818671
0,0.07163904184436308
0,0.052465320586462506
0,0.052023350418006015
0,0.03981240058371546
0,0.03993089470064852
0,0.03889915077512711
0,0.08157432989339126
0,0.06807455068686093
0,0.038823390057736704
0,0.040148903114930794
0,0.03977284494042213
0,0.05241903940955846
0,0.05151482200999136
0,0.052360909046986995
0,0.06540420146779308
0,0.03982191257220602
0,0.05258724496612106
0,0.04053074876446144
0,0.05221910791854724
0,0.052678919422777123
0,0.04080416064815271
0,0.040436983520878024
0,0.03995535843562246
0,0.03976957862170886
0,0.040434919820111034
0,0.053162464802414156
0,0.03984337714077427
0,0.040839451622658986
0,0.04012072259371861
0,0.039713303393136015
0,0.040468263586480584
0,0.03972670581101694
0,0.05251467131785249
0,0.052298313626641224
0,0.040451750747383816
0,0.05181265534060471
0,0.04012110434750669
0,0.04041893871922016
1,0.9322266250349996
0,0.054408168921263295
0,0.07109985093829609
0,0.03882792812896633
0,0.31380608058560494
0,0.04046937855491907
0,0.05124190641530101
0,0.053436664082274064
0,0.04041346537564697
0,0.05182755079615842
0,0.05210365591008544
0,0.040237869886863675
0,0.038903468617161055
0,0.0660757459730129
0,0.040601315499354196
0,0.039811876747455
0,0.05481837787717809
0,0.03974049941472908
0,0.04005941673642806
0,0.040096376012391806
0,0.041421361805190716
0,0.04045572239637024
0,0.039844171391278826
0,0.04074042569689974
0,0.06728681442570468
0,0.052147325019817045
0,0.040066303496512114
0,0.051524305869273986
0,0.04119424613023387
0,0.03979342817602105
0,0.05165252710583719
0,0.039807235445535126
1,0.9299656379214947
0,0.05160475832660222
0,0.04010774640834634
0,0.05238052309890626
0,0.040548393591413864
0,0.040463017354169566
0,0.03979696619006467
0,0.05230266954759329
1,0.9219953132092834
0,0.04006483418712769
0,0.052312737858120066
0,0.039899121610753124
0,0.040444053050416276
0,0.03988447622515427
0,0.04045516327804167
0,0.06827025672672188
0,0.04140656626262123
0,0.0403306694875126
0,0.05277970657111735
0,0.04097024392404091
0,0.040784543406631714
0,0.05175164621465471
0,0.03980297555048367
0,0.051874636402831166
0,0.06692942221674658
0,0.04049300882443611
0,0.051957828385486196
0,0.040437895077309514
0,0.052302023703825286
0,0.06716818675676688
0,0.05217749225120008
0,0.038872059340358665
0,0.03886816994111705
0,0.03975981230189518
0,0.03976811549692511
0,0.05199606505268903
0,0.04045106205376952
0,0.04049627926335847
0,0.05178265145060299
0,0.040088138520953887
0,0.052432119017933675
0,0.052025468571759693
0,0.03989090549934877
0,0.052567242733211415
0,0.0388383208547198
0,0.04046079192281063
0,0.05822560316653465
0,0.05111566493551676
0,0.054454351175522935
0,0.05269523994176742
0,0.052075905683293656
0,0.039846765679521466
0,0.052671468041689394
0,0.04046451594242421
0,0.040404689481915564
0,0.05161650252042349
0,0.05197651544975203
0,0.04188698841229992
0,0.039728157557395914
0,0.04046593371694649
0,0.05369302619211095
0,0.03974088519896384
0,0.03990509324457057
0,0.05202090430550102
0,0.05234646339057351
0,0.03989283522821372
0,0.05209087118645744
0,0.04017155590761507
0,0.03980691988946217
0,0.052244581911302636
0,0.039890179542052644
0,0.039750022132264036
0,0.07123025947404792
0,0.03890278065835903
0,0.06991094685571923
0,0.04144718941826275
0,0.03984105946918489
0,0.039811167579682526
0,0.05135944388616282
0,0.051741839324066306
0,0.05363869210047888
0,0.03888437373377538
0,0.05157166651394465
0,0.04046138778644572
0,0.039715961014827196
0,0.06829204423183106
0,0.039713785385020975
0,0.051609693894768834
0,0.04074440544071415
0,0.05225168345875475
0,0.05160209622936276
0,0.0698873210544936
0,0.05249169673027243
0,0.03979426373673391
0,0.052401533476087385
0,0.04081973483576559
0,0.07610413320289512
0,0.03971008610556404
0,0.039951976588948855
0,0.06532756970164744
0,0.04050527454555517
0,0.051686539609086424
0,0.03884048943425027
0,0.039802325500443485
0,0.05229369738925819
0,0.03886967730655915
0,0.040285704480938996
0,0.04005160933660709
0,0.03972514403940679
0,0.040037433229563615
0,0.051975328342970945
0,0.05166274192115116
0,0.04011060293028164
0,0.04009004830460224
0,0.052163981431470295
0,0.07078607674905542
0,0.07315334976142034
0,0.03979385793309439
0,0.05205787420554659
0,0.05311664592835178
0,0.06569727908123851
0,0.04041356474728539
0,0.04027190403793893
0,0.03984426910077092
0,0.03882888114385217
0,0.04007604885815779
0,0.039754360255468496
0,0.05260184252473305
0,0.03975646443918052
0,0.05211758073687946
0,0.05483166025951763
0,0.05318823823645927
0,0.05307030190565876
0,0.05239562206485055
0,0.03985636706178043
0,0.03972506952454216
0,0.05184274642577769
0,0.052470373941014364
0,0.05271693353159441
0,0.052314072453566354
0,0.05206008179536354
0,0.04042027261557091
0,0.040706984509759896
0,0.0397293735052236
0,0.040056925625425295
0,0.040031058228437215
0,0.03984538278372143
0,0.05280856427806509
0,0.04044079508835342
0,0.05208441987763311
0,0.04014922107652512
0,0.052757411123502095
0,0.04075718123275454
0,0.05593334599495431
0,0.053616170302153474
0,0.05154161702809299
0,0.052033084839378824
0,0.05160963198091173
0,0.052564768368617155
0,0.03985935850174053
0,0.05274877909554349
0,0.052554073060378306
0,0.03982505830044866
0,0.06689570907461777
0,0.051085683111818096
0,0.03884943270204453
0,0.05243909638488353
0,0.06878436734361798
0,0.0404204652515268
0,0.05232755742305603
0,0.039893754660346
0,0.03984406971588739
0,0.06856537895738235
0,0.03883884793624805
0,0.040475847756301274
0,0.051830359018924826
0,0.03974223328526106
0,0.038850304290760376
0,0.0526181985095297
0,0.07111439796738514
0,0.040722761014109966
0,0.051949128994475874
0,0.053883897070363465
0,0.039851654081604355
0,0.05156738575964794
0,0.054032946989539185
0,0.06747708265868967
0,0.08173129549954414
0,0.04047413478937865
0,0.04006409481923187
0,0.039748318937590135
0,0.05218389214047112
0,0.06986139828942577
0,0.039738980948318556
0,0.03891522463421552
0,0.083685299442728
0,0.04199005181790295
0,0.05296429408948424
0,0.04044076857032667
0,0.05192088415607249
0,0.04043713257360539
0,0.03971810266322308
0,0.04067387411869294
0,0.03982390704560624
0,0.03884158474611551
0,0.07255004413638114
0,0.039746299833993415
0,0.051984181478078956
0,0.039715654254299834
0,0.03980439757742141
0,0.03972715658076757
0,0.03987166212012133
0,0.03885393131847573
0,0.03902811497605967
0,0.03970686636747807
1,0.6580456483835814
0,0.03976916329892138
0,0.04035072797520993
0,0.05108720224107928
0,0.0402201693918866
0,0.03892743723883385
0,0.03974837505461336
0,0.03979823934821006
0,0.06777840011507255
0,0.04010994371724763
0,0.051996962972658364
0,0.039906362247790504
0,0.05281859302139417
0,0.05184395472534535
0,0.03976370866702492
0,0.05462059283649238
0,0.053243961291158444
0,0.052821970360656854
0,0.03979380861734624
0,0.04028517269174758
0,0.05209122038424567
0,0.09068927628099173
0,0.03974498962411622
0,0.03985429801656131
0,0.04048272143453016
0,0.03988577921941597
0,0.06875503948534974
0,0.0404752334126288
0,0.051072641662387716
0,0.04007984462436029
0,0.04004949160695612
0,0.05634420286727795
0,0.04040939951824744
0,0.05245984530040939
0,0.03982288520940229
0,0.05198565924891407
0,0.04110639185970708
0,0.05205093562809382
0,0.039870360310620113
0,0.03978335430754278
0,0.040457099044736815
0,0.03979590076970249
0,0.04007082462228998
0,0.051560688501895956
0,0.039713119400003584
0,0.05129209387727326
0,0.04010769479397396
0,0.05303343929188672
0,0.05161857111797183
0,0.054326121951692424
1,0.9270123494186817
0,0.04485105669902687
0,0.05143919267512938
0,0.05146613633239805
0,0.040176133969654755
0,0.039730824153140325
0,0.05236276824873242
0,0.05217348454767477
0,0.07597188855325274
0,0.04091192059915673
0,0.052592565022387884
0,0.04407346472967724
0,0.06884422092115332
0,0.051259705645020096
0,0.05170548618258155
0,0.04042233120836733
0,0.04043109506701903
0,0.04013237913255373
0,0.04005772410232188
0,0.039758589763638864
0,0.040407928411186934
0,0.05173431811602485
0,0.04122795280675251
0,0.04006203583402711
0,0.052266509324458435
0,0.05180336619256762
0,0.040435910752836215
0,0.05172479076570982
0,0.038920948376280774
0,0.039795779842814696
0,0.07394878723866062
0,0.040911693248827555
0,0.039730496359058474
0,0.05196259241712873
0,0.06023309142852555
0,0.03884686960872817
0,0.051513416776190875
0,0.052258290624090036
0,0.05220874042830541
0,0.040062272053694156
0,0.05167963285548702
0,0.03978212550793761
0,0.03980051191162405
0,0.053311619849118745
0,0.03974474153071943
0,0.04019691133023483
0,0.05454363180415763
0,0.03888952744954382
0,0.05218766579796889
0,0.055876081780167966
0,0.039826074671032906
0,0.040097348515003454
0,0.0402464754862699
0,0.053215546189773255
0,0.040058761097886864
0,0.04012229098258583
0,0.052309580042683046
0,0.051880263439268895
0,0.06916968439732268
0,0.03983063341903953
0,0.052219770591215825
0,0.03983668713909575
0,0.03974189754092226
0,0.05281872811245671
0,0.05241264768580706
0,0.05284433023172487
0,0.05173420976848045
0,0.0397549718375827
0,0.0398221634271186
0,0.06717715971783844
0,0.039872935772727026
0,0.03983130150532612
0,0.03888010716304358
0,0.040458976402719775
0,0.040471039651476956
0,0.039796755279816666
0,0.053040515059874484
0,0.052271460162470605
0,0.040436094749733406
0,0.04009642764853651
0,0.039796391333703815
0,0.04042017965616784
0,0.03988916246145702
0,0.040484549129551434
0,0.04101498063056845
0,0.04004384252558571
0,0.0716649867703681
0,0.05156297124536473
0,0.038823645380955625
0,0.052747141532642886
0,0.039861358960041324
0,0.040315037551708205
0,0.0389042185661952
0,0.03986477904539816
0,0.05153769878104222
0,0.04009909625975494
0,0.052348978490268865
0,0.042891018261536025
0,0.04276435673087352
0,0.052229456625522384
0,0.052963637877978836
0,0.05183303957780027
0,0.05193753236702814
0,0.05168613358295313
0,0.040054067175238364
0,0.040097616857653735
0,0.04005641173844862
0,0.0677260605865887
0,0.04002708135602983
0,0.07322366968739163
0,0.039760340573721145
0,0.039762393029890465
0,0.05156739731015353
0,0.05205883053334146
0,0.08545400703214986
0,0.05245897188439195
0,0.040146631236136564
1,0.9322332325055772
0,0.05217489502167614
0,0.03971676653597391
0,0.054227845761789906
0,0.052328123334768065
0,0.05108054808691347
0,0.03975903478841881
0,0.05155834153217858
0,0.05231886614912415
0,0.05154792188278317
0,0.03972060060262343
0,0.06833917936289355
0,0.051948744342310976
0,0.051988424411937975
0,0.05397327227904666
0,0.040089776498781
0,0.038849966634394176
0,0.03979397833172921
0,0.06711096948418258
0,0.0521692329440967
0,0.03881632957398925
0,0.0692614660969261
0,0.05151444769277566
0,0.042814429123797446
0,0.04016236531601152
0,0.06688764044774653
0,0.03983133934340468
0,0.040056318427628954
0,0.05227537501677503
0,0.051102085313037435
0,0.04010322579584841
0,0.06663617190473038
0,0.039800036480871555
0,0.06701379217729386
0,0.04051390638802913
1,0.9314150779132446
1,0.9320620445650674
0,0.05165369681082502
0,0.039715990103197006
0,0.039797821151577886
0,0.03973951412555891
0,0.03885892319519076
0,0.05134782216131798
0,0.03980839317453554
0,0.05285746039872994
0,0.06796061539483415
0,0.03889171722979527
0,0.051566657849728366
0,0.040065238798371525
0,0.03884785442770212
0,0.03973159221105437
0,0.0522472655945924
0,0.05109999199020741
0,0.052024007931222846
0,0.040054274215456626
0,0.039814029059710446
0,0.03985163305705578
0,0.05188468162335083
0,0.09038748376942883
0,0.0400560049371651
0,0.04084136051205299
0,0.03887476090216381
0,0.04041082772663228
0,0.04045038611266142
0,0.05240988426803801
0,0.051768827936075325
0,0.05262410119903634
0,0.052099032916746335
0,0.052174000206772764
0,0.06683799054545679
0,0.05212204670312579
0,0.04041229172542469
0,0.039806636656207386
0,0.040781099284989394
0,0.05224973960799853
0,0.03981390860791641
0,0.0517271347748831
0,0.03982084949228115
0,0.040070081609694524
0,0.040097535867161437
0,0.051060483100619114
0,0.038917380441754794
0,0.13831994940759268
0,0.03980093835119985
0,0.04018837386708671
0,0.052644080714392215
0,0.05259993586381427
0,0.03975726263411129
0,0.04131974689981097
0,0.052842596386081846
0,0.06937226495981326
0,0.05229042814611467
0,0.06943114671268716
0,0.039739382967495275
0,0.04047107432550937
0,0.05401214210624525
0,0.03884059483332511
0,0.051602260064265826
0,0.039803197841267984
0,0.04015830682708978
0,0.05524230537761872
0,0.05550616442497542
0,0.039749615064071354
0,0.03974657436128656
0,0.039811919656675694
0,0.052393546386481214
0,0.04477488890882954
0,0.05253372022743589
0,0.03981640773609794
0,0.03985677322486173
0,0.09649181805471939
0,0.03975335217501138
0,0.0397484494267481
0,0.05840240277729781
0,0.05268033991434823
0,0.0673788390813198
0,0.03981390080755611
0,0.051627774709941045
1,0.9315973873387822
0,0.05256013466859891
0,0.052128359137993324
0,0.039794500704097575
0,0.04042209894930125
0,0.039757815604149954
0,0.05605663975470063
0,0.05269688825415201
0,0.03979185002391563
0,0.04093977916133518
0,0.03972738853232288
0,0.05153311000369997
0,0.039843017259124654
0,0.05229781802314348
0,0.03882691988948012
0,0.0399369343670121
0,0.052711357779339885
0,0.05209164912909374
0,0.052863329188385086
0,0.05398067225600903
0,0.038825844224187805
0,0.039705864903442765
0,0.04004855235827202
0,0.05170712873216728
0,0.052209224455024086
0,0.03882707751207734
0,0.05170448302800699
0,0.039797240420823
0,0.03991055940653643
0,0.051392241705053195
0,0.039803128995145036
0,0.051866603090104185
0,0.04031513386107365
0,0.06816902367870734
0,0.05436999508306742
0,0.052787811991306825
0,0.04008771683448683
0,0.06714895760516576
0,0.03979039451620167
0,0.05174668353358975
0,0.04037731898772156
0,0.038890812867135756
0,0.03973660658985638
0,0.06886590546276894
0,0.039758174757083584
0,0.05450052908096607
0,0.03885486205242075
0,0.06561697773908519
0,0.03974383427251591
0,0.052063717626395466
0,0.04012629543022621
0,0.040080319148360764
0,0.052201398010093075
0,0.04006063311647465
0,0.05162671420936737
0,0.03976127418142539
0,0.05244842755421399
0,0.052045628121920096
0,0.04047346635954823
0,0.07050223343156656
0,0.06833315748467786
0,0.07927132520421878
0,0.051400165365913936
0,0.05526598100845963
0,0.040390960393335375
0,0.038866094458790836
0,0.05215261465926375
0,0.04072918227559427
0,0.05234091847335104
0,0.038985074143593514
0,0.06740387825908414
0,0.05221598518627357
0,0.04072208102531237
0,0.3092182797576539
0,0.04155049858936714
0,0.07788246443180198
0,0.03981495268447529
0,0.05184670717379966
0,0.03885158571887273
0,0.05211531099036196
0,0.03902707274640874
0,0.06878932709532078
0,0.039707517862230486
0,0.05277848373723751
0,0.0533396089619056
0,0.051976167307515295
1,0.9361198399557371
0,0.03974466282000263
0,0.06657869350161119
0,0.040052049296027556
0,0.040065473517756134
0,0.053036834567612684
0,0.05204121892358582
0,0.05180179554626749
0,0.05449831222419631
0,0.06975615757991915
0,0.039845475999126405
0,0.0397892200456892
0,0.042105924460743946
0,0.04044305505999432
0,0.05200147199347305
0,0.05215890660812692
0,0.040712171900541744
0,0.05158353186442127
0,0.039001226097067944
0,0.05147315109720101
0,0.0400688636290208
0,0.07779745262867029
0,0.0523161752861017
0,0.03881920252230907
0,0.053976913891220106
0,0.05238003707150409
0,0.05143153008054982
0,0.039726523206603186
0,0.052929262375066864
0,0.040531732163412354
0,0.04252870762752395
0,0.07659501698375076
0,0.040068907995133664
0,0.03925812934298535
0,0.05153658513677087
0,0.03981578223146273
0,0.05177419670641149
0,0.03986030661840879
0,0.052284192170692724
0,0.040511563405348915
0,0.03884595850938347
0,0.03973189221652947
0,0.052233958144989094
0,0.03885076378465537
0,0.06672011110593956
0,0.040703353326049255
0,0.04045607195050695
0,0.052949136846885875
0,0.0513571237312706
0,0.040418511927959117
0,0.052262552604479415
0,0.05185439065782091
0,0.04007522360346343
0,0.05142128725905166
0,0.04054389185531034
0,0.039003602279504404
0,0.06964130066754717
0,0.040076933108103466
0,0.052769004947289845
0,0.03984958645767973
0,0.039767874939819335
0,0.03971380569930653
0,0.03980136547725048
0,0.0514174706257897
0,0.03982419075702215
0,0.03883561693467228
0,0.040065605430248036
0,0.05258212996967954
0,0.05254288227004617
0,0.05274400614221002
0,0.0538275069705374
0,0.06704802522756628
0,0.04068586518989133
0,0.05235717394198238
0,0.03887327059056562
0,0.0641818180834706
0,0.05402883788574661
0,0.039805662615784075
0,0.06787514392000339
0,0.03973798410214132
0,0.03983458249542264
0,0.052398717090460865
0,0.052390249135524244
0,0.05290820742093209
0,0.0521578504929245
0,0.0388652627412593
0,0.05232950255741224
0,0.04043926225285537
0,0.040431974689033395
0,0.05431873576887176
0,0.03889631640405077
0,0.040422004642479685
0,0.06979501500025541
0,0.03980451110570486
0,0.05198593809498714
0,0.05227930807078488
0,0.03973232544543881
0,0.040631521327131194
0,0.03974036029828401
0,0.05158468743124375
0,0.05204322661217029
0,0.052174004735649884
0,0.0398297315922314
0,0.0400714998187118
0,0.04006073216562648
0,0.04012421897201247
0,0.04048918064663333
0,0.04040920308489845
0,0.04053655555685597
0,0.039786577869237644
0,0.04041248340380238
0,0.052285813282832064
0,0.039778389948784895
0,0.04007661688804918
0,0.051614353265302025
0,0.0399216909082109
0,0.04044822285684948
0,0.05389876914471765
0,0.06951557202730821
1,0.9319006746359954
0,0.04038459313789212
0,0.040048235396774795
0,0.06622961077091363
0,0.0523117165486652
0,0.05227249004696023
0,0.040111337511728254
0,0.03889369622760444
0,0.05368322928236311
0,0.051583911657965664
0,0.0390112383011202
0,0.05244987075521357
0,0.051578635053194766
0,0.05249395168222316
0,0.04008273774065273
0,0.05173544753932831
0,0.06596986038908427
0,0.038871122608154736
0,0.05253164752529089
0,0.05175167973826755
0,0.06695732657893663
0,0.04133109795610168
0,0.04047273837951019
0,0.04017388070040619
0,0.052353698723843455
0,0.04050242538487077
0,0.03987831068023073
0,0.039784514133497095
0,0.03980931129328678
0,0.05216063498831485
0,0.05154203973838245
0,0.03972135067792378
0,0.065927237375947
0,0.05221625119819633
0,0.06657107423568737
0,0.04102683021975521
0,0.04010743563851246
0,0.03971561174108285
0,0.05241643562885144
0,0.039908778141568006
0,0.03975898440183511
0,0.05487677888037903
0,0.05250847003570521
0,0.039777544370544836
0,0.04007982195270962
0,0.03974300008416799
0,0.06648426657320197
0,0.04096805507521883
0,0.05292161508056877
0,0.040472085702801405
0,0.05205270957284061
0,0.051177516633725884
0,0.05262057921938417
0,0.05185386530483891
0,0.04116684491661444
0,0.04044273874982784
0,0.04040718972119801
0,0.05178821064653444
0,0.0398873881112806
0,0.05244586227449969
0,0.06833197289259679
0,0.05486268586761346
0,0.03978432982608322
0,0.06564158844046597
0,0.03980885407773377
0,0.03981375983014757
0,0.05242328304703299
0,0.04006772160452734
0,0.04043957665063094
0,0.04017885189861094
0,0.052622847175542456
0,0.039719357943737134
0,0.04071290796354097
0,0.05228409574119725
0,0.03984502065967065
0,0.05225717355362453
0,0.040449051491757
0,0.039864400568659406
0,0.04066370453462044
0,0.05237345873814796
0,0.04070891561972405
0,0.0527180424525767
0,0.06932272404397775
0,0.04068609824931147
0,0.03990483980766387
0,0.06843817279146017
0,0.04062361786047126
0,0.05217946564454979
0,0.06928480201685752
0,0.05206950291123891
0,0.03986114048127675
0,0.03974823309311187
0,0.03980754379775896
0,0.05225805512017881
0,0.04044070321482906
0,0.04006811707938041
0,0.04008167784374387
0,0.05228566896891905
0,0.04046080154217863
0,0.0697726456214314
0,0.04011183109624588
0,0.0402599512014184
0,0.04010745727786876
0,0.05218420469870503
0,0.052241243455268746
0,0.05295975725973163
0,0.04040661081174628
0,0.03982531035663553
0,0.05137945793720349
0,0.039742595873654474
0,0.052145770826015306
0,0.039741034875577626
0,0.05234620247694563
0,0.03971163756191653
0,0.04006485791269068
0,0.04006780464275947
0,0.038990264871759904
0,0.0523484560052964
0,0.052245659180450064
0,0.03987607440630794
0,0.03894271654170969
0,0.039713132486593215
0,0.06717433712238317
0,0.06675023154594405
0,0.052224551709588084
0,0.05255757912405111
0,0.05157478683843932
0,0.19603847477081957
0,0.0995160030789399
0,0.05120794567304144
0,0.05153041815223748
0,0.040468459416140676
0,0.039718039981348104
0,0.03972803696138557
0,0.040070082807075615
0,0.04097116233711871
0,0.039112414296758255
0,0.05209951809972655
0,0.039712952311949185
0,0.05280346325577259
0,0.04048862659938716
0,0.05197781787336212
0,0.06762514962187305
0,0.040054735945431845
0,0.04018675004882071
0,0.05187325047720745
0,0.05358769891417399
0,0.040460222424979674
0,0.04049494799809522
0,0.040134730793789486
0,0.04123077379422295
0,0.03897218370466779
0,0.03884402222382524
0,0.0538328382222554
0,0.05217629944309245
0,0.05108259897412142
0,0.06613217092457642
0,0.039870576186320165
0,0.0520100413694543
0,0.05247142271835977
0,0.04042920363140521
0,0.04043598469830606
0,0.05404805986201586
0,0.04124411829890268
0,0.04046115842716715
0,0.04090920062789483
0,0.04007233850566842
0,0.052077119869729724
0,0.03974990373940322
0,0.03993832767077312
0,0.05267621505395879
0,0.04043818345992053
0,0.06775991351446319
0,0.0397154084167751
0,0.03978231575207269
0,0.040067666101550714
0,0.03884719277440042
0,0.05210552109332376
0,0.04030162558715233
0,0.054678077093597045
0,0.039749952934275065
0,0.03987274291485369
0,0.052215977400062875
0,0.07347490756259485
0,0.039752097789757
0,0.07170983895313368
0,0.0400348130425313
0,0.052562559835920154
0,0.03970608145530286
0,0.038850534399594266
0,0.05164538510558035
0,0.04007505246068754
1,0.7178263869908409
0,0.040425237584702976
0,0.05334219196705434
0,0.05163516108804503
0,0.04008087864244485
0,0.039741054801688915
0,0.06759325099098337
0,0.039820564898604985
0,0.05182427309271371
0,0.052577383924091996
0,0.038844481449796894
0,0.0523004458129516
0,0.03975224576513856
0,0.0398018730005719
0,0.039970075832334695
0,0.06695274808989497
0,0.04111399878982657
0,0.039729247592611004
0,0.0661216569355144
0,0.04049064180201192
0,0.05286254986194162
0,0.040112277722793035
0,0.04011409347442106
0,0.0513914595719056
0,0.040058909355039064
0,0.0388341278027641
0,0.0398656576446414
0,0.038836715399454075
0,0.04001965442536527
0,0.052544855741396064
0,0.05362026570152952
0,0.0528761773029937
0,0.052469765165903494
0,0.052861245708865065
0,0.03985880357098424
0,0.06785024814054152
0,0.039745611168594944
0,0.039790520136205
0,0.07053706917716404
1,0.9296921087867295
0,0.0397881420129048
0,0.03984035128020359
0,0.05211153845961387
0,0.07544553772363609
0,0.052473872480982495
0,0.05159689803174922
0,0.05207064373013321
0,0.052478717765418084
0,0.0522534166950466
0,0.06551019190662453
0,0.05224935612951171
0,0.06577714370373478
0,0.05238535052468956
0,0.05225698755653139
0,0.05137018314651674
0,0.04046556148876017
0,0.05147976373866514
0,0.04091477034386997
0,0.05214280355440634
0,0.05288110312424455
0,0.04007690348851339
0,0.07001197201556926
0,0.03977068318665692
0,0.04042755449368274
0,0.06797719942765722
0,0.03981663106671717
0,0.04127411599017181
0,0.041886405845137885
0,0.039796377445464076
0,0.03982971347658172
0,0.039750022178043264
0,0.05267221418321538
0,0.05149701901188096
0,0.03980364039661878
0,0.04042257528041889
0,0.04006998913689147
0,0.03981567024300158
0,0.05230905636782873
0,0.03984926078410939
0,0.040442243523325906
0,0.03972382711687506
0,0.051771710619254147
0,0.04046314626278717
0,0.05249707670772681
0,0.03974414740216918
0,0.04052764888727869
0,0.05210784884488251
0,0.04024806279383932
0,0.04005996898048676
0,0.07093156599195045
0,0.03998783538995336
0,0.03884516671817592
0,0.04005435393080302
0,0.04045280879409408
0,0.05201907641679612
0,0.03988102992799016
0,0.04043027986273236
0,0.05138096564488566
0,0.052014343234406235
0,0.04008148022755935
0,0.03894768547786097
0,0.051847306445606374
0,0.040671601408372116
0,0.04119586394668608
0,0.052204999935331654
0,0.04072230408324108
0,0.03893387525456924
0,0.06755238072140402
0,0.039824325868080684
0,0.04042484411045528
0,0.03882507704368903
0,0.0400757531045488
0,0.05193061595841815
0,0.07578012927093127
0,0.04042477464586564
0,0.04048745062017584
0,0.050921604637488495
0,0.05140603246188646
0,0.041044001127636134
0,0.07004959331323504
0,0.05293497194237909
0,0.04006732245129161
0,0.04005408132701066
0,0.0523105098523304
0,0.04006415453613247
0,0.052953604685323105
0,0.04224283314511555
0,0.039721993877701846
0,0.0397972478092504
0,0.03970838328073071
0,0.05320817590534357
0,0.03976914803644641
0,0.04045536853263803
0,0.05182294521427199
0,0.05261013357076112
0,0.05277302296541248
0,0.038843495761892985
0,0.04005728329203382
0,0.05296359728687294
0,0.051423570281614296
0,0.05212243091220362
0,0.039890927209137866
1,0.9305342388682079
0,0.04011106094210996
0,0.0400629785848322
0,0.06718996446700531
0,0.039804658956146204
0,0.040057970826233795
0,0.052337857350445445
0,0.03975358407994087
0,0.040116975866461825
0,0.11782794267818208
0,0.052219309512490396
0,0.04042353931722425
0,0.05222222182752826
0,0.051531044538690715
0,0.0529364156553858
1,0.9308083928069805
0,0.05206592870596119
0,0.052552286916572453
0,0.051973839801350785
0,0.040448452161849134
0,0.03978461679400598
0,0.05255134276220245
0,0.04013271545791385
0,0.04042168862548671
0,0.04001479951729385
0,0.05173257400624894
0,0.052117430627559774
0,0.03974240055550754
0,0.04099781297879595
0,0.040441522844194916
0,0.03973920490004732
0,0.04044504599800602
0,0.051899140489130365
0,0.03973443728384537
0,0.05121959792585425
0,0.0522316295699046
0,0.04095108820512184
0,0.040072703095983805
0,0.039744373614839464
0,0.0397117711228302
0,0.05097341224757197
0,0.04045793157664884
0,0.0400258106807329
0,0.03973316995040942
0,0.07184572995789254
0,0.03988881780182344
0,0.04044453071817746
0,0.05095655528448072
0,0.05300055171271185
0,0.03998654328086964
0,0.05141144438326003
0,0.05236277509485172
0,0.039827433518745105
0,0.03987743437409406
0,0.040106921175263925
0,0.051173847628488034
0,0.06933359589256295
0,0.04067158372414354
0,0.038869997094683986
0,0.040420621785368316
0,0.052259085661090464
0,0.040501813813548726
0,0.03985896613000619
0,0.039169818063402896
0,0.03979737496583656
0,0.05196131574507753
0,0.05223971762907584
0,0.04005940450140369
0,0.052331053296361923
0,0.051161652990739125
0,0.04006353468705937
0,0.05123686864337019
0,0.05272623107252223
0,0.04042758890837367
0,0.04007390022010314
0,0.052044851997475314
0,0.040654458277811896
0,0.06562040855122928
0,0.03979141280221552
1,0.9209278518802394
0,0.052260456638588706
0,0.052198379345610856
0,0.039727537564125705
0,0.04005976780648946
0,0.05150736871570445
0,0.04033149522505432
0,0.03882854387112917
0,0.0405364088272334
0,0.03972060531034398
0,0.040534202143389424
0,0.052424608582934164
0,0.03978132122212059
0,0.06728107649344908
0,0.040657115666889246
0,0.040034921436738855
0,0.052291764197990975
0,0.03971905539854926
0,0.05214394901037657
0,0.06877762583368605
0,0.06828064022554121
0,0.04044027712719269
0,0.039784730165468046
0,0.038847644028309446
0,0.052161688309771005
0,0.052023536929929164
0,0.05433991871811613
0,0.0400952742883258
0,0.052272898574436844
0,0.0391105165117691
1,0.931610522339965
0,0.04042910874229936
0,0.03979487743923809
0,0.04004457617740342
0,0.05166452400906907
0,0.04041065705362065
0,0.07084737246152226
0,0.06853017670317307
0,0.04094063743936273
0,0.05251344622123309
0,0.04011415256971252
0,0.05286881337126213
0,0.039719852498524576
0,0.039903505318186955
0,0.039720356637180425
0,0.05216578168405591
0,0.053418982026782295
0,0.04045844188020215
0,0.04185219606655372
0,0.04005549358882335
0,0.04006262661599482
0,0.039796381889959424
0,0.03996519847987148
0,0.051854945830601386
0,0.03970322813491925
0,0.04045823352361881
0,0.05214615091265075
0,0.040133272718177654
0,0.03972376356663475
0,0.039704475803785166
0,0.07687967094065992
0,0.03979914840177497
0,0.05220123181035526
1,0.9324102981689887
0,0.038823871388241976
0,0.039702656803089285
0,0.06825764240125004
0,0.039804185178079286
0,0.05208933998466792
0,0.05192910472797152
0,0.05110113804699207
0,0.03973741315633727
0,0.03975072653097628
0,0.05202730203953325
0,0.0400537108661694
0,0.042670489151420944
0,0.039732813712876444
0,0.05409590863975244
0,0.04031799096316304
0,0.03888526212385012
0,0.05204757449760961
0,0.05478857508348381
0,0.07407453625726118
0,0.051997288223902455
0,0.04010345750959398
1,0.9319279326468856
0,0.05196306121668662
0,0.04083764728865031
0,0.06680861483546768
0,0.03985801109648686
0,0.03985317590529937
0,0.039817783356235904
0,0.041339200937612335
1,0.931616988470418
0,0.039819481295710696
0,0.04069134224188875
0,0.053645183037704464
0,0.04010084305077246
0,0.0681053110028442
0,0.0398165265536085
0,0.07068119837616152
0,0.06946606352985936
0,0.03983421493658184
0,0.05226685154282658
0,0.04006474298379836
0,0.040264915238863316
0,0.04045521349828829
0,0.052634840990700836
0,0.04046037106200739
0,0.04043645391945172
0,0.051609946123844015
0,0.040115785682166005
0,0.05219984747463608
0,0.05252006079860521
1,0.9319157164379307
0,0.05547827637317441
0,0.04042954799272195
0,0.052183934059186934
0,0.05116358499422431
0,0.03979064949042271
0,0.040510244142827195
0,0.050912321784494396
0,0.039724058612135495
0,0.038867034842670733
0,0.051526988305506005
0,0.040432959717422064
0,0.03890521433403204
0,0.041744380372904885
0,0.040425756831055544
0,0.03896293666911236
0,0.05661702715102345
0,0.03889285608618093
0,0.05301051620383409
0,0.0397782538511113
0,0.05190390031495852
0,0.05222505063491566
0,0.03972808139731826
0,0.03884698154673703
0,0.05314874909562594
0,0.07849194066669084
0,0.052171138496597644
0,0.03971860282050766
0,0.0388314349380363
0,0.050974830371172675
0,0.04020080357079143
0,0.03991485730337405
0,0.04038214066156385
0,0.043190635843549055
0,0.04009400839440394
0,0.04042885311845557
0,0.05220984273030098
0,0.05173374127371422
0,0.03883812223131127
0,0.05173775788784519
0,0.039891198420094316
0,0.039733754418478845
1,0.8987666957793036
0,0.05263232296056177
0,0.05200357170863058
0,0.052294620728100503
0,0.05098681847532542
0,0.06849985695742154
0,0.040746051725376355
0,0.06833107122021853
0,0.052399567788594496
0,0.04524984125640734
0,0.05215707115379955
1,0.9257598512388051
0,0.05192816305934517
0,0.051924055750412444
0,0.04045113604575556
0,0.03889265599645174
0,0.05230610635141558
0,0.04001945813264955
0,0.03969514734450103
0,0.052374563949052065
0,0.039811204234278585
0,0.03905392737363956
0,0.040073893198393475
0,0.03980192488964738
0,0.053728207036629755
0,0.04048944273485114
0,0.038887245476841026
0,0.05160905006359691
0,0.040438035694043944
0,0.051933227922037105
0,0.05273889983064975
0,0.06849762134391017
0,0.03971588043617053
0,0.05138465365423153
0,0.05323255609414436
0,0.05150730960163407
0,0.040715420213902315
0,0.04078120024382198
0,0.03882756464104339
0,0.05934412936762848
0,0.040092198245266004
0,0.04051364054357288
0,0.0518559036613067
0,0.040114234340646614
0,0.03972823204836996
0,0.040444330590611303
0,0.03884675550445063
0,0.10308826072212912
0,0.040089124573438245
1,0.8980760661035417
0,0.03889158261522507
0,0.03972523402784501
0,0.04049665414412
0,0.055743072521950196
0,0.03989372330350041
0,0.03884431058621882
0,0.04331277102783481
0,0.05741582293502198
0,0.03980729621258826
0,0.04010099123070825
0,0.03884721116142904
0,0.04292698588074959
0,0.0544763028744734
0,0.04005826589105496
0,0.03979626170739783
0,0.03980851704620355
0,0.040084401896429596
0,0.06866169274001512
0,0.038841446090651176
0,0.04014384733084941
0,0.06901333030813918
0,0.04023780780558465
0,0.04048244195758709
0,0.05301048792513913
0,0.04042260015840778
0,0.03973581811519425
0,0.039972497238629126
0,0.039727191503484985
0,0.04043033090604351
0,0.05212342090908839
0,0.04045815881433048
0,0.052225200321639756
0,0.10994122470993893
0,0.0388968619184701
0,0.052285478062247835
1,0.9257539407079084
0,0.06961481030080399
0,0.03883613768016151
0,0.03981246434780676
0,0.0524027145327886
0,0.05199177342626759
0,0.03986786286972671
0,0.0397119818737551
0,0.0398057648371073
0,0.05238183682242764
0,0.04005837076502418
0,0.04008933412938275
0,0.0416683628246244
0,0.0404694071070972
0,0.03885447335559199
0,0.04042733971258247
0,0.03981648300511574
0,0.052017822064812175
0,0.05333608141071991
0,0.052410538936405064
0,0.04043606933337143
0,0.07366394828688555
0,0.04030732675829112
1,0.9272251363072593
0,0.03883721273109287
0,0.05228595874168217
0,0.04046177256618283
0,0.0525870478038868
0,0.05361494206388396
0,0.051171003514127886
0,0.038896379610497356
0,0.040415875333068126
0,0.042539057387920215
0,0.05127132557569424
0,0.04044075353183412
0,0.052281659964153765
0,0.0400761599259058
0,0.04006910242325663
0,0.06779428820162392
0,0.04047510474602126
0,0.04000787695123428
0,0.03970464478521214
0,0.05155725362060951
0,0.051902056875766656
0,0.05210309216977455
0,0.039729672079686175
0,0.03983564228844775
0,0.03882443065870723
0,0.051929215614758384
0,0.039847565807941916
0,0.06748839467720043
1,0.9324251474648512
0,0.05279206533369114
0,0.04230041249800512
0,0.052114237229803316
0,0.0749064475058817
0,0.05338016170288002
0,0.1996387273494318
0,0.04006037995125376
0,0.03994528788670901
0,0.0388506488546135
0,0.06757576892639805
0,0.05272009642061133
0,0.03982871414513917
0,0.04025228490052331
0,0.052219098339685216
0,0.0397568915826839
0,0.05268558389963068
0,0.04029524494334432
0,0.05267486742172944
0,0.04046452542683024
