is_fraud,prediction_prob
0,9.646059001000985e-17
0,2.574449856692556e-17
0,1.5163093569418214e-05
0,1.7144601134468572e-15
0,4.9989092528102374e-14
0,3.944620730941704e-18
0,2.017052228909642e-16
0,3.0568641401390152e-15
0,4.332471890847772e-18
0,4.849362841421818e-18
0,8.351556271215562e-17
0,2.455287493545421e-17
0,2.698716755825124e-17
0,1.7347688935937222e-17
0,2.6827410871402402e-17
0,7.700257357858188e-17
0,1.6715318387899122e-18
0,3.275789751688183e-15
0,1.849300874827532e-18
0,8.899664462954183e-16
0,2.505555040193146e-14
0,1.486810309796659e-13
0,2.225849714171791e-18
0,4.991064507870164e-13
0,5.097713857299961e-18
0,2.6453231846030272e-18
0,2.5773617775735804e-13
0,1.4029865654662007e-12
0,9.117659856321902e-19
0,4.452461657897263e-16
0,1.9355609697141273e-18
0,1.896674459914874e-16
0,4.992190224282553e-18
0,4.456264100686471e-16
0,6.447464401540299e-15
0,9.648301996801016e-17
0,1.6396991975494534e-05
0,3.480336824511555e-17
0,5.1646412056187653e-17
0,2.2920506411039072e-15
0,7.873004192960656e-16
0,1.242925170730086e-17
0,2.1441919053112943e-18
0,2.4155719131041108e-05
0,8.785240795097107e-17
0,1.6047519986526918e-05
0,4.7755471380936656e-17
0,8.12675319682619e-16
0,8.056770053416014e-14
0,1.055879685077959e-18
0,1.0137436171452661e-15
0,6.718557925541944e-13
0,3.5313156589421485e-14
0,8.636196406230378e-18
0,1.3870775082898439e-14
0,3.913442248251669e-17
0,0.00042297970669489583
0,5.713660701944976e-18
0,9.18099483037907e-14
0,6.133418071295491e-17
0,1.3840810562369674e-20
0,1.1237487985427485e-13
0,3.605463830624658e-13
0,7.365030736184202e-18
0,1.6725528888235495e-16
0,4.08062893793948e-18
0,3.907431081322807e-18
0,4.08062893793948e-18
0,2.4857213308872637e-15
0,2.3108615877331767e-12
0,4.657174212252363e-13
0,1.4669197731384807e-13
0,1.220195887734784e-16
0,8.6317267543447415e-19
0,1.6715318387899122e-18
0,9.18099483037907e-14
0,1.7730831600775964e-05
0,1.125390015793612e-12
0,1.2231771945481544e-13
0,5.808000849728892e-17
0,1.4248987555613333e-17
0,7.365030736184202e-18
0,2.818255653737771e-15
0,4.886048575638104e-13
0,5.741667720637626e-14
0,3.00328481684806e-16
0,2.810814782274033e-16
0,7.293043539202849e-18
0,9.295369476534095e-15
0,6.802871369591822e-14
0,6.450811637516485e-15
0,6.450125150659671e-18
0,5.303298299404978e-16
0,4.401760423223167e-14
0,6.305106922351293e-17
0,2.9177132456527832e-18
0,3.8551574989766256e-18
0,1.3848976713503673e-13
0,4.489211573491914e-17
0,5.0331946517251315e-15
0,1.4641392819022095e-16
0,5.855495871786593e-17
0,5.443840558085378e-13
0,9.474941609950084e-14
0,4.987408100195806e-15
0,1.2060998783112304e-13
0,5.0420180506813086e-15
0,4.936915025268869e-18
0,1.947327773233926e-12
0,4.868181724100539e-05
0,1.779531150212624e-16
0,4.08062893793948e-18
0,1.671382336683843e-18
0,7.280223548753897e-18
0,1.1079242474064346e-17
0,1.413431790042811e-13
0,3.216142133131507e-15
0,6.1801734205332634e-15
0,1.0410081630169706e-16
0,5.80018740681918e-16
0,5.907713595342343e-18
0,2.1584712359734748e-15
0,1.334140564784657e-13
0,3.720624198571569e-15
0,9.538239461713678e-18
0,1.2702095133483564e-13
0,1.0341512427103114e-14
0,5.293245520127664e-16
0,8.36541894899536e-17
0,8.026673713266627e-15
0,8.804930788755582e-14
0,3.52069652699172e-15
0,5.768773027402692e-17
0,6.142296082299533e-16
0,2.2602245165554632e-17
0,1.3879149762169584e-13
0,3.685566575413953e-16
0,1.6954527087776664e-13
0,1.0206371506948688e-13
0,9.124100644939524e-06
0,3.550283763521202e-17
0,4.725613003564754e-18
0,1.1677076656583832e-16
0,8.711795197320826e-17
0,2.784245473091638e-16
0,4.5809157225809e-12
0,3.803010835810792e-15
0,1.948630087392014e-13
0,6.659438079307997e-17
0,8.762335823583929e-14
0,4.2778705359603255e-14
0,1.927076613251942e-14
0,5.5503845899346676e-18
0,1.433721924318271e-06
0,1.253266729498197e-13
0,1.6949365680845104e-10
0,6.363945353068329e-17
0,5.559393530326916e-16
1,0.9999990792643252
0,3.257860447773604e-12
0,1.2507588665443492e-14
0,2.225849714171791e-18
0,1.128270802557412e-16
0,3.32997710944888e-14
0,1.695104060035375e-13
0,4.748351416924079e-18
0,1.1040396055057962e-17
0,1.1800725900296902e-05
0,2.6971478793628103e-16
0,2.057896223875582e-05
0,2.7761126182234336e-15
0,8.891214115747978e-15
0,2.616501556224658e-13
0,4.408842753610654e-13
0,7.699144381664538e-05
0,1.2268437451533452e-17
0,9.83357488412029e-14
0,9.117659856321902e-19
0,5.684994152356573e-16
0,0.00030799584051887177
0,1.9591409062859036e-12
0,1.2140347150451564e-06
0,1.4397573255353228e-16
0,6.054796521696709e-16
0,8.654910178093243e-17
0,5.686603407783539e-06
0,1.3895051284447734e-05
0,7.618894753420149e-17
0,1.544532243405719e-12
0,1.0527095501195593e-17
0,2.577667441279902e-18
0,1.770704332062859e-17
0,3.728210956967733e-16
0,2.9005861776303904e-15
0,3.907431081322807e-18
0,8.519521168628974e-17
0,7.337541065781808e-17
0,3.571339590322862e-17
0,1.466952556172417e-13
0,4.51759524268782e-18
0,3.268915261477793e-18
0,4.184398229728844e-17
0,1.0501627377285367e-14
0,3.602534585817424e-17
0,1.1081001540224795e-05
0,3.605463830624658e-13
0,4.25078894599793e-18
0,3.1923597697463433e-18
0,2.412823231135109e-18
0,9.445175459575321e-17
0,7.824638367268392e-11
0,4.7661258433961666e-05
0,1.1800725900296902e-05
0,2.414593219204759e-13
1,0.9996935429272188
0,2.2920506411039072e-15
0,3.7686219257434816e-18
0,8.450200752847303e-16
0,2.5773617775735804e-13
0,3.966946862050322e-06
0,8.025180539023328e-12
0,1.0743540515119515e-16
0,6.531141403225842e-18
0,7.975260430244278e-17
0,1.2237001603135669e-14
1,0.9999992284246444
0,1.0341512427103114e-14
0,3.9035443303844976e-17
0,3.7440396782025314e-05
0,1.0641561305591666e-17
0,1.7771431420253945e-16
0,1.3970695976268827e-14
0,1.8543033005071538e-16
0,2.5742098532854287e-15
0,2.7781208365062735e-07
0,0.00012150803392190024
0,6.651833379441375e-14
0,3.5313156589421485e-14
0,1.0433522385742489e-13
0,1.1237895282168771e-15
0,3.2586650662064993e-13
0,2.362826781036321e-16
0,2.9432183401832333e-14
0,3.0152857911760393e-17
0,2.5610412932145445e-18
0,1.7144601134468572e-15
0,2.3536431280469573e-13
0,4.08062893793948e-18
0,4.1168527097907066e-16
0,8.25446246023899e-17
0,1.0958864305124371e-16
0,1.227987445493589e-16
0,6.407873481745341e-16
1,0.9987708105395311
0,1.3866578581036224e-17
0,1.609514306283833e-16
0,4.7089350613283035e-17
0,1.1028757097909717e-15
0,5.1460806665402494e-15
0,1.3793357993171091e-17
0,2.0806482095396724e-15
0,2.2955694957931993e-15
0,2.6566134493228508e-09
0,4.134009064558009e-16
0,3.602534585817424e-17
0,5.245044244831849e-17
0,3.791665501277199e-06
0,1.6024696908841103e-14
0,1.1655331900413354e-14
0,2.9376548375659013e-17
0,5.168817433466199e-15
0,8.860104754469888e-17
0,1.3347179534975254e-17
0,2.8162285333921247e-16
0,2.1588684436322384e-12
0,1.1655331900413354e-14
0,6.281451765343652e-14
0,1.9840700846878992e-16
0,5.650402730096186e-17
0,3.0488985978773403e-16
0,2.3997900952243163e-16
0,1.8632310131856923e-18
0,1.1158789331190616e-16
0,1.9173544870169413e-18
0,1.2050315326025803e-16
0,1.9032982779400727e-05
0,4.900537718809191e-16
0,3.2535281515665962e-18
0,4.2765940745663526e-12
0,4.992190224282553e-18
0,2.3876496992858337e-18
0,6.869878464772395e-06
0,4.898193316161566e-17
0,6.096096003327041e-18
0,2.661494937222651e-15
0,7.260467185010194e-16
0,4.339509758892777e-14
0,8.835866814600145e-06
0,1.0433522385742489e-13
0,2.817751547246228e-17
0,3.3829438687680026e-15
0,1.4669197731384807e-13
0,1.5816644777235204e-14
0,3.3364148087109428e-12
0,5.340352971651677e-16
0,4.282307077166188e-05
0,3.647989768487211e-18
0,2.766479176507113e-16
0,6.074802919429208e-13
0,3.829505467559172e-17
0,1.1014752789905465e-16
0,2.309064892190302e-15
0,0.0020750516343795776
0,5.125150661633207e-18
0,5.768628544227506e-17
0,4.08062893793948e-18
0,8.528134058744819e-18
0,3.702082709040869e-16
0,2.826572612972957e-15
0,1.9620310991760847e-17
0,1.1366785102783779e-16
0,2.2402892674395662e-18
0,9.88772503965041e-15
0,1.7792149074615874e-20
0,4.603459511748613e-16
0,2.2657927377320836e-06
0,9.05003300156344e-16
0,3.012312865033574e-06
0,8.602940526115354e-07
0,3.500346773382276e-15
0,6.757095807241371e-06
0,2.6096031250133774e-15
0,1.2096571232659285e-14
0,2.6284740856439924e-05
0,5.3773011022281695e-17
0,8.180777453315724e-14
0,2.09275199911125e-14
0,1.2641175316050466e-13
0,0.0016528553682783505
0,5.059238412638179e-14
0,1.177241943174415e-13
0,2.8256219080448074e-13
0,4.08062893793948e-18
0,6.378446857118312e-17
0,3.5828237317116285e-16
0,5.863123020252894e-13
0,1.5177542258829724e-13
0,1.5947134090462668e-15
0,6.004042221604993e-13
0,4.283630570502995e-17
0,1.408995549253847e-13
0,2.225849714171791e-18
0,3.73455463728603e-17
1,0.9999992284246444
0,4.826138003621769e-14
0,7.708852892241265e-15
0,1.6313703645766928e-16
0,3.43912268305287e-17
0,7.441769309790064e-17
0,1.6715318387899122e-18
0,1.5387475844673577e-16
0,3.240571221970881e-16
0,4.08062893793948e-18
0,4.987408100195806e-15
0,1.2856959637307339e-05
0,2.4801077811277977e-15
0,2.6992606571057712e-17
0,1.7925352207402814e-17
0,5.203108824121333e-14
0,6.411661083337487e-18
0,1.6714798023284206e-18
0,1.4661135259249656e-14
0,8.402293789221891e-15
0,4.5944963374468985e-17
0,2.3198857077895292e-15
0,6.234187327838076e-12
0,9.18099483037907e-14
1,0.9999952769838992
0,1.0481278922863287e-16
0,3.913442248251669e-17
0,1.486810309796659e-13
0,1.3013139735091648e-16
0,1.5713198027941144e-12
0,2.7094389207155176e-15
0,6.6281789769631456e-15
0,2.0924719581292605e-16
0,1.0372495117776339e-15
0,3.436631047209759e-13
0,4.137761599875117e-17
0,8.2995181792435e-14
0,1.4669197731384807e-13
1,0.9999993848580149
0,1.866032243533863e-15
0,1.0606347886860067e-14
0,4.08062893793948e-18
0,1.0377985593116352e-17
0,1.9233380045094901e-13
0,1.105576719408662e-15
0,7.137379360289811e-16
0,1.779364973299797e-05
0,1.6970514804382365e-18
0,2.173187027216332e-17
0,1.2055414140366135e-16
0,3.3995039333248897e-16
0,1.6305631327710945e-16
0,4.9620611660688866e-14
0,2.986230571931669e-15
1,0.9999914818715719
0,3.5855024355435146e-18
0,2.553024072950598e-12
0,1.5175670698228646e-05
0,1.2561292062112688e-05
0,6.689769028477267e-18
0,6.51214466365201e-17
0,9.322126068336912e-17
0,2.759708102301534e-12
0,6.82635564054341e-17
0,4.4255085349048287e-13
0,2.76728657468793e-18
0,7.954131324878081e-17
0,4.048308568031147e-06
0,2.1508313525284045e-13
0,8.721986237859518e-18
0,7.837134851029204e-17
0,2.5708451803926692e-12
0,6.300337555149579e-05
0,1.1482118942215523e-06
0,2.524526923480315e-06
0,9.40629482388849e-14
0,1.648512866421573e-15
0,4.849645629066964e-18
0,1.2085380431424158e-05
0,1.453368161789019e-05
0,8.201277776919936e-18
0,1.486810309796659e-13
0,6.283571181109976e-14
0,1.581652312519487e-13
0,2.0771818277224545e-18
0,1.1114400291942507e-15
0,1.5988503594648017e-17
0,5.566577995941558e-17
0,1.976664417918972e-16
0,6.29313634443771e-17
0,3.28606359810981e-17
0,3.3729018864438985e-14
0,2.4400572270488292e-17
0,1.979662906699463e-05
0,1.5884283944569785e-16
0,2.1740958347127624e-13
0,2.3137469810335674e-05
0,1.1861978680632515e-16
0,7.401212266334148e-16
0,7.878267572554817e-15
0,1.287075177531233e-17
0,1.6629628228627652e-15
0,6.378222451380953e-18
0,4.8092066397992875e-15
0,1.875259752520245e-05
0,1.6715318387899122e-18
0,1.0686337232589245e-13
0,6.269452544106467e-11
0,8.654910178093243e-17
0,3.604758278832464e-18
0,1.4006468246548027e-17
0,2.233281221719076e-17
0,1.4051045378445213e-15
0,4.5456725362040624e-14
0,3.531883111546085e-16
0,4.7068802553802113e-17
0,9.117659856321902e-19
0,1.4910302371767325e-13
0,3.1275349691577387e-16
0,6.07380008702694e-17
0,8.026673713266627e-15
0,3.8534517818500755e-17
0,2.297136523960984e-16
0,4.8511314952932444e-17
0,2.9001231823316376e-14
0,7.35654187696351e-18
0,1.213963352629806e-05
0,1.4302033468533508e-15
0,5.56180222997683e-17
0,1.6715318387899122e-18
0,4.465173905062973e-16
0,4.396566203275929e-12
0,4.2554300373437044e-17
0,2.6507716138753388e-14
0,0.0002093344735310219
0,3.1863642838089163e-15
0,5.203108824121333e-14
0,4.629462875630348e-18
0,4.161213481910888e-17
0,1.4489445335660156e-13
0,1.1040396055057962e-17
0,1.3404678820045104e-17
0,3.913442248251669e-17
0,7.708852892241265e-15
0,1.1237487985427485e-13
0,1.6187052615840897e-16
0,3.078098617798352e-15
0,8.796856192973789e-18
0,9.489463093516505e-17
0,1.3425813247859243e-13
0,8.262114493039689e-13
0,6.516419586578602e-17
0,2.338678602212836e-13
0,7.53846777563321e-18
0,8.25536627538929e-16
0,2.5983376721260794e-07
0,5.650261211592399e-17
0,2.502629442006249e-15
0,2.1338514093432527e-13
0,3.023901701609285e-14
0,1.76421048931447e-14
0,3.10366647779522e-17
0,2.3028261181808003e-15
0,2.7094389207155176e-15
0,5.670202167218777e-15
0,1.9231325514509498e-16
0,1.9549861541836344e-14
0,2.732282527072029e-13
0,1.253266729498197e-13
0,1.2999366781628617e-18
0,3.691030743984388e-14
0,7.651974682372654e-14
0,1.2591506622391035e-05
0,7.555888685902876e-16
0,1.927076613251942e-14
0,0.00014901136006791434
0,1.6715318387899122e-18
0,1.8984636277175703e-12
0,3.9712405656256765e-18
0,5.267222110964672e-13
0,1.1847804990698286e-16
0,5.851479995151777e-15
0,2.7230766023586465e-18
0,9.117659856321902e-19
0,2.509482764813851e-14
0,4.2284814666613554e-15
0,2.9532825768645223e-18
0,3.605463830624658e-13
0,7.249340532950217e-14
0,1.1323148119407848e-13
0,6.415432831797027e-17
0,1.0374111933224699e-16
0,5.248921934461432e-13
0,3.3362402425435027e-14
0,1.927076613251942e-14
0,8.964413785330672e-16
0,5.359992916005654e-13
0,1.7372500950836247e-12
0,2.7481910492205793e-18
0,1.224885218483136e-13
0,5.125150661633207e-18
0,5.761026780375517e-14
0,1.3330145352432067e-14
0,1.3007862224551988e-06
0,6.6718920445680506e-15
0,5.992412034409261e-16
0,3.934669805765044e-18
0,2.831903831014287e-12
0,9.775813309511286e-17
0,1.6777281199189586e-15
0,1.309996143459317e-15
0,5.053656719526493e-15
0,3.4531788966729322e-15
0,2.7482791178820617e-18
0,9.822678393355338e-17
0,3.8534517818500755e-17
0,7.406460068178869e-15
0,4.7416018494226676e-14
0,1.2744633931967406e-05
0,2.437690911513765e-15
0,1.2775956120657201e-14
0,4.308552603787181e-05
0,2.3536431280469573e-13
0,3.2031628080825336e-13
0,5.48600477202697e-15
0,6.049249385815042e-17
0,4.2765940745663526e-12
0,2.128961915587189e-17
0,2.8441119394795945e-14
0,3.935303480913212e-14
0,1.2312317059008253e-15
0,4.010578146176323e-15
0,7.982105052486537e-14
0,3.5375356120945225e-18
0,1.5699583717263545e-13
0,1.2147196762923344e-13
0,5.557509266168215e-06
0,1.464070502656242e-16
0,8.844742553638889e-18
0,4.103059335249199e-18
0,1.2572942999404568e-15
0,6.484460305831579e-16
0,4.986190810782147e-18
0,1.8035041679192353e-17
0,2.9446229376924805e-05
0,1.7319181249148595e-06
0,1.1237487985427485e-13
0,2.2213031362433293e-05
0,5.056719886665707e-15
0,2.1412240859322875e-13
0,2.6021732477841316e-15
0,6.436728064483564e-17
0,8.765454821691816e-14
0,1.0399753661718418e-16
0,3.830170614792229e-11
0,1.6412167237475639e-15
0,6.250638221197269e-17
1,0.9999993076771113
0,1.2471047314389948e-16
0,1.2781604579373606e-16
0,2.16218749611335e-16
0,1.854774998891229e-05
0,1.0372495117776339e-15
0,7.744080234602604e-18
0,4.754411870771822e-13
0,6.691346370506372e-15
0,2.8482482893208704e-18
0,1.0570527665096204e-15
0,9.695993815820363e-14
0,7.42531916505879e-18
0,3.4331948841821215e-06
0,4.08062893793948e-18
0,8.919153760328594e-06
0,5.828991930717922e-15
0,5.6915417376047145e-15
0,1.5892145830639678e-16
0,4.416611365592229e-16
0,2.998469716420532e-17
0,1.6762642852389637e-15
0,2.947404831416311e-16
0,1.2084286287253996e-15
0,5.884834406406866e-17
0,1.6989644437536715e-14
0,1.7762299408133795e-13
0,2.0647250850552527e-16
0,1.6844422131879596e-11
0,9.37669041660448e-17
0,0.0002407152565157389
0,4.7089350613283035e-17
0,8.485798074798835e-17
0,6.311214316179366e-17
0,5.174508884734378e-14
0,6.780289527107639e-17
0,3.9932572890885854e-16
0,1.0423915001353779e-16
0,1.3877094430583242e-11
0,3.630244287641444e-18
0,3.411667797845788e-13
0,1.8427364094361534e-16
0,2.7646988562092157e-11
0,1.8889235560616018e-05
0,3.508899204607647e-17
0,3.0488985978773403e-16
0,6.009421560238749e-17
0,2.1305857465913026e-13
0,1.1040396055057962e-17
0,5.73453992353076e-17
0,2.3913069252547905e-16
0,1.6715318387899122e-18
0,1.0372495117776339e-15
0,2.419452619357059e-16
0,5.714741684421904e-14
0,2.0328542770568427e-16
0,8.342583002465766e-06
0,6.8079765550258625e-18
0,2.7374853946572453e-14
0,1.0410081630169706e-16
0,9.117659856321902e-19
0,2.682195930581187e-14
0,1.0341512427103114e-14
0,1.2775956120657201e-14
0,2.0796778859299426e-13
0,1.7433604322587187e-15
0,2.2515141827343597e-13
0,5.721461233118516e-14
0,4.3912048811094126e-14
0,8.569197732365931e-16
0,1.0367059269438678e-15
0,3.910551572712308e-15
0,1.0468003727516683e-05
0,2.7094389207155176e-15
0,1.4386899272337634e-12
0,2.0106541141938648e-14
0,4.30019542866111e-14
0,2.1740958347127624e-13
0,1.6032839325656324e-15
0,1.1237487985427485e-13
0,1.3347179534975254e-17
0,2.3380376633606862e-17
0,3.264261411871866e-14
0,2.1417205316160135e-18
0,1.7718513253724444e-13
0,8.822058609802665e-17
0,1.6715318387899122e-18
0,1.6042033943719123e-14
0,7.280450196465593e-18
0,6.8381130335629505e-18
0,1.2016994252039888e-16
0,1.2255727892984995e-14
0,9.986971288023068e-16
0,2.726268066611174e-17
0,1.0425648292013095e-15
0,4.200091170595296e-15
0,2.1018100176203316e-13
0,1.6665691632709408e-05
0,3.0211445739023203e-18
0,1.4999783278504287e-13
0,1.1833131637556398e-20
0,2.150406593383675e-13
0,1.320797393663136e-05
0,6.088106899157638e-17
0,3.0589696691271837e-17
0,7.177348393206119e-14
0,6.613525611893581e-17
0,1.7214876381415507e-16
0,1.5051508398370184e-17
0,4.162458427575089e-14
0,8.037861748678744e-06
0,4.126183123472495e-14
0,9.117659856321902e-19
0,2.9447624866821598e-12
0,2.4543312689385105e-13
0,6.903064955340226e-14
0,1.0516930835281415e-05
0,5.180732706782132e-16
0,6.144115835847331e-13
0,4.7089350613283035e-17
0,2.7343127353836885e-15
0,5.018755064703369e-17
0,1.5393513752386416e-16
0,3.943743226879966e-18
0,3.907431081322807e-18
0,4.242118846429708e-15
0,1.6665691632709408e-05
0,3.0152857911760393e-17
0,4.99174372189767e-18
0,2.1404303444762196e-14
0,1.2321218686481079e-18
0,1.6328068609029514e-13
0,4.1363583429873637e-13
0,1.5799416442275518e-13
0,5.25256731489815e-07
0,1.0391265101860097e-12
0,4.897256831299857e-17
0,1.0884448550872357e-16
0,2.3193869386852154e-12
0,1.689066668894367e-14
0,3.0535869746529065e-16
0,5.555166246251865e-12
0,1.3611676347715447e-15
0,8.822067592693392e-18
0,4.3912048811094126e-14
0,3.593048026026284e-14
0,5.973451628696924e-17
0,9.707228956334664e-13
0,4.08062893793948e-18
1,0.9999981527961339
0,2.6490929270011795e-18
0,2.2646214201651908e-18
0,1.413431790042811e-13
0,9.792970454500737e-15
0,3.508899204607647e-17
0,3.040705541195997e-16
0,1.590340934148484e-13
0,7.365030736184202e-18
0,1.4127549490819012e-16
0,4.35948626453884e-12
0,2.7149334230595564e-16
0,1.6715318387899122e-18
0,6.827085174132511e-16
0,3.036183706496848e-16
0,6.613525611893581e-17
0,1.6434062758468018e-15
0,9.883221639211007e-19
0,2.5837299575447342e-14
0,4.639188465216733e-17
0,6.706756743613774e-16
0,1.3347179534975254e-17
0,1.5006060706900827e-16
0,1.6428187600965414e-13
0,1.2414737237581393e-16
0,2.456975582085399e-16
0,4.08062893793948e-18
0,1.927076613251942e-14
0,4.904678603512561e-15
0,2.322447690838198e-07
0,1.948630087392014e-13
0,4.480569090426166e-14
0,9.152879988727149e-15
0,1.1996493662894544e-16
0,4.018684928027562e-18
0,1.1349632392827254e-14
0,5.67991193013705e-15
0,1.6651187280677248e-16
0,1.6472547097974833e-16
0,7.675961742453093e-14
0,4.04683891543189e-17
0,1.2147196762923344e-13
0,9.489463093516505e-17
0,3.3185747529096025e-05
0,2.3975902856863223e-15
0,7.764473645939554e-17
0,4.849645629066964e-18
0,2.5820902804852787e-12
0,3.202478014304767e-17
0,2.2493281248653022e-12
0,2.225849714171791e-18
0,6.396222652883925e-13
0,4.2354743302190067e-13
0,9.450330273522112e-14
0,3.430298342053164e-13
0,1.2349895572694231e-13
0,3.527246178567384e-12
0,4.495398346911993e-06
0,4.00882921915971e-15
0,4.9960648335588364e-14
0,4.992190224282553e-18
0,1.0810770259747163e-16
0,1.1920780000696678e-05
0,2.1643011765200833e-18
0,2.868779654149459e-13
0,2.0934029615203134e-13
0,3.298784808292262e-15
0,8.671498865415405e-14
0,8.600517770999881e-16
0,6.790716325402104e-17
0,1.6324841520383034e-12
0,2.305768870663174e-18
0,4.3174209378157814e-05
0,1.2223669198097806e-16
0,6.51214466365201e-17
0,1.3522093708291297e-13
1,0.9999843489594562
0,3.3215453454720864e-17
0,3.391508771598986e-17
0,3.202478014304767e-17
0,4.1139768324902e-13
0,8.274027769240652e-06
0,9.18099483037907e-14
0,6.782296850543326e-16
0,4.849645629066964e-18
0,8.152276744456393e-14
0,2.761819316458935e-18
0,1.0086617674909651e-05
0,1.9645646172783757e-05
0,5.97826915144343e-16
0,2.786797936133761e-06
0,1.2699583943280122e-16
0,4.185674955024297e-18
0,2.6453231846030272e-18
0,4.271946029640705e-16
0,2.976846413904044e-17
0,1.3879149762169584e-13
0,5.675243580623077e-13
0,4.6819267999167343e-14
0,1.110291963858868e-16
0,1.5031773827510675e-14
0,4.28016742133106e-18
0,3.769736458329561e-17
0,2.6453231846030272e-18
0,1.1237487985427485e-13
0,3.023901701609285e-14
0,3.0211445739023203e-18
0,4.725613003564754e-18
0,2.9496022912569297e-13
0,5.945699834426318e-14
0,7.643232944709615e-17
0,5.42763414572538e-18
0,3.49755550784827e-18
0,2.5222277768422777e-15
0,8.418211720921558e-13
0,2.5579100131617568e-11
0,2.561325740621309e-15
0,2.790238898544579e-06
0,1.180010376044229e-13
0,1.253266729498197e-13
0,5.852462442190634e-12
0,3.0297333256961243e-06
0,2.7618041295549282e-17
0,3.5330264986723763e-12
0,4.08062893793948e-18
0,1.5707147074808648e-05
0,1.867612407616427e-15
0,5.102035387843607e-13
0,4.7089350613283035e-17
0,4.950826071505148e-15
0,1.1471365759176388e-13
0,8.496241880738123e-08
0,4.472610549697191e-18
0,4.639044042630026e-17
0,5.0420180506813086e-15
0,2.4083916990352264e-13
0,3.773527491513906e-13
0,8.33011907081365e-18
0,2.7828237205449745e-18
0,7.731330854380705e-15
0,8.32781174996416e-17
0,2.5973446406797723e-16
0,1.486810309796659e-13
0,1.3214211087625102e-16
0,9.117659856321902e-19
0,9.117659856321902e-19
0,1.76421048931447e-14
0,1.4789994509744397e-15
0,1.4823516900442707e-15
0,1.6715318387899122e-18
0,5.540170054155865e-14
0,1.4669197731384807e-13
0,1.0094082285688593e-13
0,1.7051177503196796e-17
0,5.67991193013705e-15
0,1.0865765236720057e-14
0,8.217516145833314e-19
0,8.129210554925783e-11
0,9.356900269298364e-14
0,1.4492056143124548e-18
0,1.4669197731384807e-13
0,6.379241290791182e-14
0,8.059123577737761e-17
0,1.0193990183293454e-15
0,4.942135365561528e-06
0,2.7230766023586465e-18
0,0.0002647789753105852
0,3.72770234828594e-17
0,2.4400572270488292e-17
0,2.0757942620231685e-17
0,6.762385964271191e-17
0,1.1014752789905465e-16
0,1.3103489766377663e-14
0,1.0829260471628662e-06
0,1.2158920019269843e-17
0,1.196535325205857e-16
0,4.639188465216733e-17
0,1.2352329993723957e-11
0,7.657010246633347e-14
0,5.3857219838456444e-17
0,1.7798522427491715e-13
0,1.080737565970514e-12
0,3.296442933507515e-17
0,1.9717494064882836e-12
0,1.5118678561121878e-16
0,3.616260028090916e-18
0,5.879198886370076e-06
0,2.1464257548087075e-18
0,1.0958864305124371e-16
0,1.0019754415392712e-16
0,2.1018100176203316e-13
0,6.3064649072363554e-15
0,3.7766386690435033e-14
0,2.2779963580612095e-14
0,1.1833822317946093e-11
0,2.4543325618999805e-18
0,1.5872017144228545e-17
0,3.907431081322807e-18
0,4.563227921315982e-06
0,1.2438313735534725e-17
0,4.224549714201771e-14
0,2.828211134741753e-13
0,4.636795575677492e-14
0,1.266908883162223e-15
0,1.5006273858400968e-13
0,1.8577229584919892e-13
0,2.7149334230595564e-16
0,3.643901164746983e-15
0,5.81950441076908e-14
0,1.4701169868512776e-16
0,3.859625276626858e-17
0,1.6013410672379986e-12
0,8.48667073551207e-18
0,4.3791790000088837e-10
0,2.014065221809129e-18
0,1.6715318387899122e-18
0,2.3444415032300276e-16
0,2.851820883626295e-13
0,1.3155575120063643e-17
0,3.529970473428199e-13
0,7.942679174627414e-18
0,2.0558020244844496e-05
0,8.070573431532678e-06
0,3.288370895221434e-11
0,3.3365743074066913e-15
0,1.3868856358957111e-11
0,5.558506982406342e-05
0,2.6813136257640417e-05
0,1.6715318387899122e-18
0,8.410563848882587e-14
0,4.08062893793948e-18
0,4.0914796617233474e-16
0,8.986978024604202e-18
0,7.555993172239463e-17
0,2.564094353434747e-13
0,1.610529564653684e-16
0,1.0570527665096204e-15
0,1.149570857777893e-13
0,1.2613693603946953e-13
0,1.3486083446714631e-18
0,3.0993464696962243e-15
0,1.5984794543091687e-15
0,3.231137243884499e-16
0,2.4525642676219855e-08
0,3.785511240875879e-18
0,2.7001514285477016e-15
0,4.640044502413528e-14
0,1.0067646686009885e-17
0,2.0771818277224545e-18
0,2.573796106373064e-12
0,3.421633402690402e-19
0,1.2255727892984995e-14
0,2.168171501269994e-12
0,8.844467207938247e-18
0,2.286376309780214e-16
0,1.1237487985427485e-13
0,7.049176085783796e-07
0,2.752110482814149e-12
0,4.0595518730781186e-16
0,1.1040396055057962e-17
0,1.6370176423770355e-14
0,1.598993373717605e-17
0,5.245044244831849e-17
0,9.870886863091562e-14
0,7.640070640404201e-18
0,4.2287825087805475e-16
0,5.029921483867217e-12
0,2.9926665550542437e-15
0,6.088106899157638e-17
0,1.2999366781628617e-18
0,3.192110694018991e-18
0,4.953142239380889e-06
0,1.675292180761353e-13
0,1.1237487985427485e-13
0,5.17213868935706e-18
0,1.9060452628237286e-18
0,1.6655314348647313e-14
0,4.5077540632086944e-13
0,1.0116260426620024e-16
0,7.533772837019465e-15
0,1.0830640195598826e-16
0,4.657560935068863e-11
0,6.306819354830779e-05
0,2.6490929270011795e-18
0,6.25945141518996e-17
0,9.359570425599374e-17
0,2.5831271483774498e-14
0,4.404312015730811e-11
1,0.9999879030805708
0,9.45204643586621e-06
0,1.7426495622942586e-12
0,2.4323996228367174e-14
0,2.2847502205545736e-17
0,1.4850310259066288e-15
0,3.913442248251669e-17
0,8.519521168628974e-17
0,4.0210687842616833e-17
0,2.9532825768645223e-18
0,7.082868972524691e-15
0,2.8502656405755005e-17
0,1.1367812234151951e-05
0,8.406772076768361e-07
0,3.561357070063653e-14
0,2.948053676276153e-17
0,3.94753948565786e-06
0,2.1018100176203316e-13
0,3.647258210660746e-16
0,1.6328068609029514e-13
0,5.008466923751817e-13
0,8.919153760328594e-06
0,1.4006468246548027e-17
0,1.3157377634919626e-17
0,6.749323303707023e-06
0,2.819078637213614e-16
0,1.1780390208066925e-16
0,2.305768870663174e-18
0,3.907431081322807e-18
0,1.3164978427602973e-16
0,2.1740958347127624e-13
0,3.504963636519546e-18
0,1.3033500612202283e-10
0,1.7575743609725918e-15
0,4.734577948457499e-17
0,7.119055641108297e-17
0,1.6106140221996066e-13
0,1.2517383089536346e-16
0,7.64590491311007e-18
0,1.2471047314389948e-16
0,3.3663491426763035e-14
0,6.708698125251374e-17
0,1.7199210870630264e-18
0,4.09793453012197e-14
0,7.487188683127882e-17
0,5.21300045866447e-17
0,1.7659097632545743e-05
1,0.0006434730871366814
0,2.013839356093054e-11
0,9.439520213215935e-18
0,7.080295999406345e-17
0,1.2920362820372048e-10
0,1.474387252970352e-14
0,6.823277375748023e-17
0,3.73455463728603e-17
0,5.800105910844994e-17
0,3.880254522807406e-14
0,1.1463094585064453e-17
0,1.7186099464569018e-14
0,3.413273338022766e-13
0,8.319968852647596e-15
0,1.1591712652800634e-05
0,1.486810309796659e-13
0,4.9841851980245325e-15
0,6.787351220129133e-14
0,2.950021378196932e-06
0,9.085086149610184e-18
0,6.976649800750811e-14
0,1.6715318387899122e-18
0,5.0420180506813086e-15
0,1.5167535027923274e-13
0,1.6715318387899122e-18
0,1.177241943174415e-13
0,1.8706421164501172e-15
0,0.07878641031370888
1,0.9971279571508509
0,1.341023170090863e-16
0,4.330291086792067e-13
0,2.1919969601035502e-13
0,1.7933919588432625e-17
0,4.08062893793948e-18
0,4.292164752305719e-17
0,3.7928392259027314e-14
0,2.225849714171791e-18
0,1.3998081807889126e-16
0,1.942986786131437e-14
0,4.12014103337376e-13
0,1.3611676347715447e-15
0,1.948630087392014e-13
0,7.675961742453093e-14
0,6.209021631476682e-18
0,1.1237487985427485e-13
0,4.2660685492488124e-13
0,7.097214606015172e-16
0,9.47206781325626e-18
0,7.131103144385158e-17
0,7.094818594401578e-14
0,4.234446081481028e-16
0,2.0796778859299426e-13
0,9.18099483037907e-14
0,2.1489413803556358e-17
0,1.2158920019269843e-17
0,1.1732870651025402e-13
0,9.081129178456183e-16
0,2.9521462185779882e-15
0,2.2847502205545736e-17
0,1.0075547113768252e-12
0,2.0061020319509843e-18
0,8.721986237859518e-18
0,1.03496630484351e-16
0,3.2997605784349483e-12
0,1.6715318387899122e-18
0,2.2305642430081968e-14
0,1.3142765501595917e-16
0,6.628550489637795e-16
0,8.026673713266627e-15
0,3.907431081322807e-18
0,1.520974977150055e-13
0,3.967732425603087e-12
0,9.134537737810536e-14
0,1.0777280700501324e-13
0,2.3297136719700086e-12
0,1.9446313037682866e-14
0,2.1023671759583797e-18
0,7.573551153538037e-17
0,1.12470170460059e-16
0,9.117659856321902e-19
0,8.31127769780424e-17
0,3.20079458280938e-07
0,1.1041954956695019e-13
0,3.831704942606974e-05
0,8.201277776919936e-18
0,3.7889795100272075e-18
0,6.138577811943571e-17
0,1.1237487985427485e-13
0,2.9594886007679405e-15
0,7.839346028633378e-16
0,3.380451896556416e-18
0,8.159260577817543e-14
0,2.6453231846030272e-18
0,7.330304006120474e-13
0,1.5713781465771362e-16
0,3.605463830624658e-13
0,1.197730971934475e-16
0,2.7094389207155176e-15
0,2.7230766023586465e-18
0,5.2010515022891646e-17
0,1.7199210870630264e-18
0,9.18099483037907e-14
0,1.1274937808211513e-17
0,1.6744656896511282e-09
0,0.0009481259607198814
0,2.6453231846030272e-18
0,2.622480426567637e-17
0,1.486810309796659e-13
0,3.839300028614281e-14
0,6.613525611893581e-17
0,1.1466164590634919e-05
0,4.694426287853212e-14
0,2.0399428815187203e-12
0,5.056719886665707e-15
0,2.4601208012569562e-08
1,0.9999975904832814
0,2.1413115512663821e-10
0,5.667186126985972e-16
0,1.5565557418082003e-15
0,5.0420180506813086e-15
0,3.007508018577408e-16
0,1.404088960693443e-13
0,8.351556271215562e-17
0,4.169478590598387e-15
0,1.2201261285328511e-15
0,5.819928355392636e-15
0,2.014065221809129e-18
0,1.3582940063663255e-05
0,1.6328068609029514e-13
0,2.5853351780463765e-13
0,9.86642132824491e-09
0,2.68470545718612e-12
0,3.714371426854164e-05
0,4.501105516531271e-17
0,2.6992606571057712e-17
0,4.2270446135651765e-15
0,3.012312865033574e-06
0,1.1886300602232032e-15
0,4.702006055379486e-05
0,8.075013618365681e-16
0,9.11737601443209e-19
0,7.807626938123518e-16
0,7.448929289621655e-17
0,7.080295999406345e-17
0,4.1032571608896506e-15
0,4.412086051858571e-06
0,2.9532825768645223e-18
0,5.615229752283262e-17
0,1.4510794959818975e-15
0,7.976153030484744e-16
0,1.8946340008694248e-15
0,1.509202053949137e-13
0,4.0841313177140224e-05
0,3.657397666258825e-17
0,1.8448756629149115e-05
0,4.703484160178401e-06
0,2.0647250850552527e-16
0,5.26921262681116e-16
1,0.9999920164549863
0,2.4856897337085827e-18
0,1.41801952794922e-15
0,4.849645629066964e-18
0,1.8781169341437467e-15
0,2.3876496992858337e-18
0,9.359570425599374e-17
0,2.065981058104805e-13
0,9.539343978957002e-15
0,6.033807155396409e-13
0,1.927076613251942e-14
1,0.9999933859930364
0,1.927076613251942e-14
0,1.4492056143124548e-18
0,7.796553587008914e-17
0,3.442445616521802e-13
0,1.294857359272504e-15
0,9.117659856321902e-19
0,3.088126389191971e-17
0,1.775617663792238e-13
0,1.4185510190229598e-10
0,6.307025592916614e-17
0,2.97338542962996e-16
0,3.7598034094027966e-17
0,1.751798517918887e-18
0,7.942679174627414e-18
0,5.179304202782255e-17
0,3.934669805765044e-18
0,5.568025471036645e-13
0,7.095272763999754e-13
0,2.0806482095396724e-15
0,1.2856959637307339e-05
0,1.6715318387899122e-18
0,4.960045226091914e-17
0,6.411661083337487e-18
0,6.76361157722167e-14
0,1.1518807149444349e-13
0,4.904678603512561e-15
0,1.942349625081381e-16
0,6.017208579192642e-18
0,3.287881701133565e-16
0,1.1780390208066925e-16
0,1.5955714941040262e-16
0,2.878487422982543e-17
0,3.630244287641444e-18
0,1.506405661463847e-17
0,8.951022691991077e-14
0,1.8553419568305704e-16
0,1.2741106430667892e-16
0,9.441525234140444e-17
0,3.5473101270618084e-17
0,6.066237777829977e-11
0,3.5341405845756093e-06
0,2.1159686792084666e-15
0,2.788445079653525e-17
0,3.5855024355435146e-18
0,1.6715318387899122e-18
0,2.3256238145144286e-05
0,4.867665829349906e-18
0,5.4933090827732893e-17
0,7.565067948288657e-16
0,1.1506211425261141e-16
0,3.0567885137686336e-14
0,7.20696833625201e-13
0,1.9518388996279529e-16
0,1.1295500839558985e-17
0,5.122116358182121e-17
0,1.934519226854388e-18
0,2.1464257548087075e-18
0,1.3032322520350755e-16
0,1.4752279283844462e-16
0,3.906738689494351e-12
0,2.9532825768645223e-18
0,1.2590433062226516e-16
0,8.059123577737761e-17
0,3.2213031899742e-17
0,9.35171820801386e-14
0,6.456643392523855e-15
0,2.2477564272800494e-18
0,1.2147196762923344e-13
0,2.4652997171843625e-16
0,7.941925653262281e-15
0,5.1709214706390716e-17
0,4.849645629066964e-18
0,1.0966411140947949e-16
0,1.6603233464697193e-16
0,7.099633302390595e-14
0,1.934519226854388e-18
0,3.8934277627389945e-16
0,9.404524744445929e-08
0,4.08062893793948e-18
0,7.48815366862412e-17
0,1.788681793574533e-15
0,3.380451896556416e-18
0,1.1506211425261141e-16
0,4.072214876695197e-05
0,4.996461023418038e-16
0,2.4595684010181617e-18
0,2.1545339999335511e-16
0,9.646059001000985e-17
0,2.2413476383828068e-15
0,7.1159899755489e-14
0,7.846370384597105e-11
0,3.0543401129315936e-18
0,1.5665232096189775e-18
0,2.138748313368805e-18
0,5.966504964320007e-18
0,2.9532825768645223e-18
0,4.1903376854695375e-14
0,6.749489498463806e-14
0,7.074173500743839e-12
0,3.6166838856875455e-13
0,1.9032982779400727e-05
0,2.8504656762545187e-14
0,4.849494654737808e-18
0,3.5099407391969667e-15
0,5.870588858709727e-07
0,1.466952556172417e-13
0,2.8039701862238065e-15
0,9.90923096060343e-14
0,2.4477412495542944e-12
0,5.688451644081436e-15
0,1.1040396055057962e-17
0,2.362042971833182e-16
0,1.0895764664608882e-15
0,5.566438576890064e-17
0,2.9532825768645223e-18
0,1.5206720302019127e-14
0,1.7822713376797394e-16
0,3.5828237317116285e-16
0,1.2999366781628617e-18
0,2.4009208089960394e-12
0,3.5368713740817675e-16
0,3.380451896556416e-18
0,2.3876496992858337e-18
0,7.420755401429293e-14
0,3.9696359569304345e-05
0,4.0575980081326154e-15
0,4.8013332418711454e-11
0,2.2917189613817643e-14
0,1.9625873119962705e-17
0,9.933802108146127e-18
0,3.0466056158870865e-11
0,3.305372246426542e-15
0,7.193143212962584e-15
0,9.516431344710633e-14
0,1.2577215570851372e-18
0,6.47414272114017e-17
0,5.921037973686167e-16
0,6.651405921873091e-17
0,5.734323538154698e-17
0,1.1393260486306276e-05
0,1.7571790359324366e-05
0,1.4782437490422586e-14
0,2.7224629863822428e-15
0,1.2471047314389948e-16
0,2.1305857465913026e-13
0,7.213678414461819e-16
0,3.6633952217570213e-17
0,3.305372246426542e-15
0,1.7014119717699035e-16
0,1.3752049927598767e-13
0,1.3970695976268827e-14
0,2.06262524358405e-16
0,2.577667441279902e-18
0,2.7546314236401174e-16
0,9.72823838389285e-18
0,1.9226185679375692e-15
0,4.453370452153459e-05
0,3.9858930695349356e-13
0,1.9587694381626404e-17
0,8.026673713266627e-15
0,4.506539973190769e-18
0,2.1674463782395026e-13
0,4.292164752305719e-17
0,1.5635147064148548e-06
0,2.3536431280469573e-13
0,2.4083916990352264e-13
0,5.596539830599556e-14
0,2.225849714171791e-18
0,1.9651998814771095e-14
0,1.5394016524586401e-12
0,9.323390374289174e-17
0,1.5095873964760899e-13
0,5.41203089903593e-17
0,1.2702095133483564e-13
0,2.0237841566598397e-05
0,7.176084430941943e-17
0,3.657035632718023e-15
0,2.499676868945265e-09
0,8.807409971758852e-17
0,5.0420180506813086e-15
0,2.44251430252074e-18
0,2.851820883626295e-13
0,2.9532825768645223e-18
0,5.0420180506813086e-15
0,2.1579335520272866e-18
0,5.654752593053457e-16
0,3.916385220028172e-14
0,2.458253350923816e-16
1,0.999996357883017
0,3.061367039551557e-12
0,9.585833292073754e-19
0,7.874910058610459e-06
0,7.948753131080276e-16
0,1.538556469378232e-16
0,2.530446902514127e-17
0,5.0420180506813086e-15
0,1.6715318387899122e-18
0,1.3736183179261297e-12
0,1.6516239042670484e-17
0,6.970118395171433e-17
0,4.066880596766851e-18
0,3.861955537413377e-12
0,4.529357714903084e-16
0,1.4721169800175503e-13
0,4.349162748499437e-17
0,2.60689085016294e-13
0,5.391407187374421e-13
0,2.941854302880569e-13
0,1.1813011262825065e-14
0,4.539696746647006e-15
0,1.0135294811902063e-16
0,4.103385017813191e-05
0,5.168250353959701e-12
0,1.0651435798332848e-15
0,1.3476409331057898e-14
0,4.454208029954163e-13
0,6.057508233992439e-14
0,8.960734621394099e-16
0,8.311518355332878e-17
0,6.356269598691724e-17
0,9.257725295536142e-17
0,2.7173306017793663e-15
0,2.883731649559969e-15
0,3.647989768487211e-18
0,1.486810309796659e-13
0,8.964413785330672e-16
0,2.1252084127513633e-16
0,2.8621803617442964e-16
0,4.986190810782147e-18
0,2.2498480239369565e-16
0,3.9972179776203e-18
0,1.927076613251942e-14
0,1.6715318387899122e-18
0,4.462217064360649e-08
0,9.18099483037907e-14
0,1.1800725900296902e-05
1,0.999999604251307
0,7.079161883266397e-17
0,8.964413785330672e-16
0,2.0277639497474545e-16
0,1.141840421797561e-16
0,4.115860724663858e-16
0,1.0192941204695487e-18
0,1.4522068501646828e-15
0,1.429851712460161e-16
0,2.1946894287191975e-13
0,1.2856959637307339e-05
0,3.907431081322807e-18
0,1.1792261943240785e-11
0,1.598993373717605e-17
0,9.335039222972144e-17
0,1.613289155744047e-15
0,1.4470202692601282e-14
0,2.8678104082232977e-16
0,3.100152973062939e-16
0,7.668822752117724e-08
0,2.54118381441803e-13
0,6.8381130335629505e-18
0,8.380555116314766e-05
0,6.94615607148962e-14
0,2.429525607743519e-18
0,1.0953771286439753e-15
0,1.7602713095426955e-16
0,6.903064955340226e-14
0,1.5376638133137623e-10
0,7.740190489316207e-17
0,1.1800725900296902e-05
0,5.583100655499601e-11
0,2.5026765841911387e-12
0,1.4181022188956688e-15
0,4.2765940745663526e-12
0,5.102268379959506e-13
0,1.6715318387899122e-18
0,1.6715318387899122e-18
0,1.3540810683302657e-05
0,1.1115995534513297e-13
0,2.788508624597575e-17
0,2.1495208900945805e-12
0,1.8589128903899782e-10
0,4.066421857696449e-13
0,5.622890192603191e-15
0,1.2613693603946953e-13
0,3.1094229013714496e-09
0,1.0686337232589245e-13
0,5.245044244831849e-17
0,8.733568706182972e-16
0,4.2556238158526834e-18
0,3.605463830624658e-13
0,2.9532825768645223e-18
0,2.539816107753818e-17
0,1.333735106125756e-13
0,3.415280959401415e-15
0,2.419452619357059e-16
0,7.942679174627414e-18
0,3.697883239770474e-14
0,1.2471047314389948e-16
0,6.949826265942618e-18
0,1.3247463510258348e-05
0,1.3156445149215996e-16
0,1.77276991892749e-16
0,8.388404286345893e-05
0,4.095227667383224e-18
0,8.68761228692718e-19
0,2.9532825768645223e-18
0,4.884929842093155e-17
0,4.957057419699786e-17
0,1.466952556172417e-13
0,4.849645629066964e-18
0,2.577667441279902e-18
0,9.37669041660448e-17
0,3.1933455618573037e-15
0,4.378498998980255e-05
0,5.863123020252894e-13
0,5.497429626822884e-16
0,5.536459414791622e-16
0,4.1280495870782386e-13
0,7.222068867399904e-17
0,1.1977053679042651e-14
0,3.458074260491948e-18
0,6.748030064069026e-05
0,5.888807974537725e-12
0,6.010735978601131e-14
0,2.7094389207155176e-15
0,7.453369681345129e-17
0,1.7186099464569018e-14
0,1.434385456394705e-14
0,1.965876401790046e-17
0,7.1159899755489e-14
0,1.934519226854388e-18
0,4.849645629066964e-18
0,2.580009839247284e-16
0,3.9035443303844976e-17
0,1.1659180131164757e-16
0,1.4239196151906357e-14
0,5.083414730401795e-17
0,4.499825242060404e-17
0,1.6715318387899122e-18
0,4.08062893793948e-18
0,8.569247800197448e-13
0,1.6913303183448433e-13
0,5.9682633823256e-12
0,3.976803121031238e-12
0,4.2660685492488124e-13
0,1.5827156514621753e-14
0,4.080244988389583e-14
0,1.196535325205857e-16
0,3.1874930705027087e-16
0,6.411661083337487e-18
0,1.1004781978133259e-17
0,3.3876521990757756e-18
0,1.7398707858456572e-15
0,2.718283083139034e-16
0,3.935303480913212e-14
0,4.570892995567961e-14
0,1.189457126879518e-16
0,2.415643897511012e-20
0,9.261760921705017e-15
0,4.442166541670145e-17
0,3.482336079469067e-17
0,4.08062893793948e-18
0,2.4984161707281896e-14
0,3.6475086623555166e-14
0,2.510689256557507e-18
0,1.1105023928517794e-16
0,9.117659856321902e-19
0,3.0575453827105152e-15
0,2.703366855488126e-16
0,2.510689256557507e-18
0,1.3951065429656699e-15
0,7.1496353041518856e-12
0,1.3444272695311085e-14
0,4.639188465216733e-17
0,1.6715318387899122e-18
0,1.3527359552172393e-14
0,9.841503715069203e-18
0,3.991729895422567e-14
0,7.069593367939827e-16
0,1.7813680537999333e-06
0,3.866127751629269e-15
1,0.9999381404901722
0,4.286470993400798e-14
0,4.5823848850079524e-14
0,3.0741394223517523e-12
0,1.4397573255353228e-16
0,6.61593317434412e-18
0,2.2213031362433293e-05
0,4.725613003564754e-18
0,1.180230779998659e-17
0,9.51881467611521e-16
0,2.036851031590175e-15
0,1.6427504467867327e-16
0,7.126259683444947e-18
0,3.650404898719059e-18
0,3.76425597488837e-17
0,2.2806987717374482e-17
0,3.583125085377386e-15
0,8.84303672704113e-16
0,3.626982875194865e-14
0,1.578754091567043e-14
0,1.1028757097909717e-15
0,2.0659148536988507e-13
0,1.0447722892216479e-16
0,5.051642365918402e-06
0,9.449975980402663e-15
0,6.009623751796635e-16
0,4.570892995567961e-14
0,1.1097232374150294e-16
0,3.8194375550735186e-16
0,1.6422474054652192e-15
0,2.530525680314861e-17
0,2.453973497404999e-13
0,7.957869480954168e-17
0,7.420755401429293e-14
0,2.225849714171791e-18
0,5.298383999551699e-06
0,1.759704039980632e-16
0,3.380451896556416e-18
0,5.557030959942293e-17
0,3.935021754813289e-18
0,5.828991930717922e-15
0,6.756648132409099e-17
0,1.6309992610839652e-17
0,1.0204242565243296e-05
0,6.017208579192642e-18
0,1.1506211425261141e-16
0,2.244090227793412e-15
0,7.106535446047852e-06
0,4.992190224282553e-18
0,5.515014124810757e-06
0,1.5790833128366288e-16
0,6.720362677675281e-06
0,3.7686219257434816e-18
0,5.153854661473184e-14
0,9.89051812632781e-17
0,1.4594802684666754e-14
0,2.965950641912356e-14
0,2.8478715402033474e-15
0,5.141932373862699e-14
0,5.41203089903593e-17
0,4.286470993400798e-14
0,3.0435462718980917e-06
0,7.177348393206119e-14
0,2.164592341926263e-05
0,1.2309065670510057e-06
0,1.03496630484351e-16
0,2.305634418994112e-18
0,9.353296731407675e-15
0,2.1338514093432527e-13
0,1.3106270989234626e-13
0,4.67681145902957e-15
0,2.3536431280469573e-13
0,1.5708437787098425e-15
0,6.46240836065965e-17
0,7.948753131080276e-16
0,5.248921934461432e-13
0,1.0135294811902063e-16
0,2.120247689767871e-12
0,2.8896018124987342e-15
0,2.6813136257640417e-05
0,7.84267857237478e-17
0,1.8843336786880513e-17
0,2.9734778938626124e-14
0,2.5527139405352104e-05
0,2.530525680314861e-17
0,4.08062893793948e-18
0,1.3324353768659374e-17
0,1.6032839325656324e-15
0,5.957996631628501e-18
0,6.754707876151178e-15
0,1.290743910515048e-13
0,8.520940285052856e-11
0,1.1790513125256722e-15
0,1.6328068609029514e-13
0,1.6963951329542172e-13
0,2.0647250850552527e-16
0,1.608858326601193e-14
0,6.924563247773534e-17
0,2.2104495570865205e-16
0,3.8934277627389945e-16
0,8.02905657166564e-18
0,5.828991930717922e-15
0,1.4700587234270748e-12
0,5.051642365918402e-06
0,3.470326005723005e-18
0,1.2591506622391035e-05
0,1.1886300602232032e-15
0,1.6328068609029514e-13
0,5.4467322748214506e-17
0,3.550283763521202e-17
1,0.9999994428247032
0,5.904053331130185e-14
0,1.1506211425261141e-16
0,4.987408100195806e-15
0,1.0811831246813353e-15
0,1.186916876015057e-13
0,8.364625665767418e-15
0,4.2918587005110545e-12
0,1.998673568583557e-16
0,2.4183665788164377e-18
0,7.17431260433772e-16
0,2.1464257548087075e-18
0,4.725613003564754e-18
0,3.943562154546404e-13
0,2.2206784837274662e-05
0,2.2537609034478715e-17
0,2.4203359107313805e-14
0,1.610529564653684e-16
0,1.520974977150055e-13
0,4.849362841421818e-18
0,1.2638921194081019e-17
0,3.5259783619639456e-14
0,8.036417149727923e-06
0,1.2161252608164163e-16
0,1.4495708137896353e-05
0,3.935303480913212e-14
0,4.795128765372106e-16
0,7.47079401291282e-18
0,2.7343127353836885e-15
0,8.787528888005343e-15
0,2.863302810894611e-18
0,1.6735071369627945e-05
0,1.5994861417522695e-18
0,1.6970514804382365e-18
0,9.72823838389285e-18
0,6.82635564054341e-17
0,6.924736682911043e-17
0,1.598993373717605e-17
0,2.9532825768645223e-18
0,1.4540682033726363e-15
0,2.7113933196474415e-16
0,7.741302548964525e-06
0,4.080244988389583e-14
0,7.659264250437734e-18
1,0.9999993464409093
0,3.682331434008002e-17
0,3.2476971784208787e-13
0,1.4051704998004966e-18
0,1.2097009799031597e-18
0,5.2272151852015436e-15
0,1.4305164167715737e-05
0,2.5020545566430342e-17
0,4.221122830380386e-12
0,1.4046688034919023e-16
0,1.3309300319305872e-17
0,2.7470929582743057e-15
0,3.8722420767241365e-13
0,3.0769175173270794e-14
0,1.8330781470335076e-15
0,1.2548679119836424e-15
0,3.1232585690245585e-14
0,3.326478190134856e-13
0,1.1162683320591828e-13
0,6.244847423026243e-17
0,3.855219196172276e-18
0,1.2502234070309763e-12
0,1.7606563891529795e-15
1,0.9999982862738667
0,1.1984317562419636e-12
0,4.08062893793948e-18
0,1.6992748148521142e-12
0,1.2266921814558242e-14
0,4.005170313323279e-15
0,1.6715318387899122e-18
0,1.03496630484351e-16
0,7.007633061269621e-17
0,1.2147196762923344e-13
0,1.0934583319950695e-16
0,3.899465059773033e-13
0,5.808000849728892e-17
0,1.4181022188956688e-15
0,4.360968411698051e-16
0,6.757280207776732e-17
0,1.2029535812020028e-07
0,8.558914521302647e-17
0,2.717837357974525e-15
0,9.031857421808179e-17
0,3.1923597697463433e-18
0,5.245044244831849e-17
0,7.640070640404201e-18
0,4.0204794800018483e-17
0,7.707132967945694e-15
0,2.1627610431435925e-06
0,2.5600237979731468e-15
0,4.258706214877336e-17
0,7.412231572162724e-18
0,5.797321645716919e-16
0,2.139463154161291e-13
0,1.9621234975774564e-10
0,5.002294030921825e-16
0,6.331439573416762e-17
0,1.4385324659490016e-17
0,9.117659856321902e-19
0,2.6453231846030272e-18
0,7.007633061269621e-17
0,1.948630087392014e-13
0,5.231958120699091e-17
0,4.47106970498786e-16
0,9.849763584920395e-17
0,1.355252656986938e-18
0,1.076551092441301e-16
0,3.380451896556416e-18
0,5.945522825577706e-06
0,2.568645882191261e-16
0,3.953766828322964e-05
0,8.281054442224105e-06
0,1.5635147064148548e-06
0,7.740746172888801e-17
0,4.028554602361212e-10
0,2.423327112938439e-16
0,6.152161641330781e-16
0,1.2307833367726795e-14
0,5.255824745883059e-17
0,2.7888516572600175e-07
0,6.586256471910307e-17
0,1.4493478549355422e-16
0,3.9640526641951896e-14
0,2.2619643683237477e-05
0,6.996310333724997e-17
0,3.9712405656256765e-18
0,9.277825317028125e-16
0,4.9134435323851736e-15
0,6.0321624570011154e-15
0,5.067950850327481e-19
0,7.603478059935412e-15
0,1.5947134090462668e-15
0,1.6715318387899122e-18
0,7.325647911979738e-17
0,1.580953767802182e-17
0,4.671180423013922e-12
0,2.5782261521062136e-14
0,1.6997913462959081e-13
0,8.72239504639044e-18
0,4.977839840745209e-18
0,1.4181022188956688e-15
0,1.922121165985401e-05
0,5.128261234724035e-16
0,5.855495871786593e-17
0,9.18099483037907e-14
0,1.6841951151006636e-16
1,0.9999994177437774
0,2.3428235539845713e-13
0,1.2999366781628617e-18
0,1.7278771985466203e-15
0,1.5716036765165334e-14
0,3.3716494608993224e-11
0,2.1018100176203316e-13
0,6.356898439591262e-17
0,4.524416706092797e-14
0,2.6511923718166577e-05
0,4.849645629066964e-18
0,1.911354129106911e-05
0,9.055230655002151e-15
0,2.573354474662228e-05
0,4.814159216200045e-15
0,1.2999366781628617e-18
0,2.8099607774031424e-13
0,3.753838132899282e-05
0,1.3842745187215748e-13
0,1.4669197731384807e-13
0,3.528995260814207e-05
0,2.0937017468428317e-14
0,1.2453458645897518e-16
0,1.1753725241495674e-12
0,4.5085556933809015e-14
0,8.602940526115354e-07
0,2.306236362739066e-16
0,2.7479634272212813e-14
0,2.9696670191741977e-15
0,1.3625425427426364e-13
0,4.131798253606685e-17
0,4.454208029954163e-13
0,3.458129602844205e-18
0,1.9174159306503116e-18
0,2.1382865849856463e-18
0,8.163307438922776e-17
0,1.1886300602232032e-15
0,1.927076613251942e-14
0,1.2158920019269843e-17
0,2.677999296450319e-05
0,1.0050912865030026e-17
0,1.544981553191075e-05
0,5.86360976099382e-15
0,8.017591895958401e-17
0,1.1851668438061818e-16
0,1.643263503630526e-13
0,4.972907780320527e-15
0,2.6813136257640417e-05
0,1.1683266979248033e-06
0,2.0154939977160005e-13
0,5.657621029117403e-13
0,1.5094141845052596e-13
0,5.077015923944138e-13
0,1.570180165446545e-17
0,4.7089350613283035e-17
0,5.6002026519111275e-12
0,8.355177005621525e-14
0,1.5708437787098425e-15
0,1.0804840798018045e-16
0,1.5246387501674637e-16
0,2.796682541583352e-17
0,8.512651103107643e-17
0,4.423443605393242e-16
0,3.056089335283124e-17
0,3.44049062259302e-14
0,1.1896416767380645e-15
0,4.227618363241979e-12
0,2.476616961114615e-15
0,6.924563247773534e-17
0,2.4595684010181617e-18
0,3.972310868311006e-15
0,2.065981058104805e-13
0,2.8422437789412026e-15
0,1.2690805724538075e-13
0,9.157552610491e-14
0,1.049006702973083e-16
0,3.913442248251669e-17
0,0.00017777270111888786
0,3.6840474692367214e-16
0,1.4410221134325555e-16
0,1.600802802832088e-05
0,6.613525611893581e-17
0,2.40313343201474e-17
0,3.0211445739023203e-18
0,2.681578246459799e-14
0,1.5006060706900827e-16
0,2.808902947276329e-18
0,3.562443533863636e-16
0,1.613289155744047e-15
0,1.8724865023822947e-16
0,2.1338514093432527e-13
0,3.5515383385173955e-16
0,3.327441271326278e-05
0,6.903064955340226e-14
0,4.802135800688499e-05
0,3.913442248251669e-17
0,4.808225519408397e-14
0,3.857198384428171e-13
0,4.602691003127991e-20
0,7.01722529498046e-12
0,5.558506982406342e-05
0,2.0064560023747072e-16
0,9.548178440019424e-06
0,1.3009337077682554e-15
0,7.062544222007276e-13
0,6.481261006251976e-11
0,2.0008784455783277e-17
0,2.838492107613411e-17
0,2.0652378530787298e-13
0,1.3611676347715447e-15
0,1.6422474054652192e-15
0,3.764309431337823e-13
0,1.1972330108992848e-05
0,1.4735306082246387e-15
0,1.055879685077959e-18
1,0.9999992284246444
0,7.779271886853945e-14
0,6.635969466614644e-16
0,1.6166020009835852e-15
0,4.332471890847772e-18
0,7.640070640404201e-18
0,3.154670054317908e-16
0,3.327841696426733e-14
0,3.913442248251669e-17
0,5.428105200915192e-18
0,6.830231494305785e-18
0,2.530525680314861e-17
0,2.1417205316160135e-18
0,2.54845775786332e-18
0,1.28412553653578e-13
0,1.934519226854388e-18
0,1.4107344477250623e-16
0,3.086505938428721e-18
0,2.139463154161291e-13
1,0.9999879735896133
0,1.0686337232589245e-13
0,8.831860993704257e-15
0,1.1393260486306276e-05
0,2.9532825768645223e-18
0,1.5810029860097508e-17
0,9.117659856321902e-19
0,3.499002737678878e-18
0,5.134051301031403e-16
0,6.093108549288031e-16
0,9.18099483037907e-14
0,3.731231025780139e-14
0,4.6050216995384e-16
0,1.6715318387899122e-18
0,1.238850447372753e-15
0,2.8956779518975165e-17
0,2.2610165577907343e-15
0,1.3736183179261297e-12
0,6.47035527531141e-17
0,1.4181022188956688e-15
0,1.6715318387899122e-18
0,1.3127473243094947e-13
0,8.891214115747978e-15
0,1.6715318387899122e-18
0,1.0620444655878384e-18
0,6.150121667803542e-06
0,1.2842013040892834e-16
0,9.89051812632781e-17
0,6.049249385815042e-17
0,2.1441919053112943e-18
0,1.9067493953405972e-07
0,1.1231054573179832e-15
0,6.903064955340226e-14
0,1.5504138515866103e-15
0,6.780289527107639e-17
0,1.3247463510258348e-05
0,1.1977053679042651e-14
0,4.487055129741187e-16
0,1.2999366781628617e-18
0,2.7230766023586465e-18
0,6.311214316179366e-17
0,1.276654148599774e-16
0,4.6864984113492043e-14
0,2.327193043251996e-12
0,1.149570857777893e-13
0,1.1074479263820384e-17
0,1.5323096807308334e-16
0,2.956948237284686e-15
0,2.0271447728950446e-15
0,1.486810309796659e-13
0,5.024642622630767e-12
0,6.495989766565892e-06
0,2.510689256557507e-18
0,2.2213031362433293e-05
0,4.472467224799119e-18
0,6.588924083349286e-06
0,4.2352983472509975e-15
0,1.6029225419926152e-13
0,1.046029775247087e-16
0,9.060448618754693e-13
0,6.855281417707355e-17
0,4.08062893793948e-18
0,1.103849006440298e-14
0,1.2999366781628617e-18
0,2.859566747664054e-14
0,3.10366647779522e-17
0,1.0297861895649638e-11
0,2.8902376210799433e-16
0,2.225849714171791e-18
0,2.312344941205774e-13
0,1.1091968662386946e-12
0,9.25612442460186e-17
1,0.9999992963640513
0,2.0061832581012563e-14
0,3.3502210005931256e-15
0,5.828991930717922e-15
0,1.28412553653578e-13
0,2.1740958347127624e-13
0,1.79344942996754e-17
0,4.7442747932294074e-17
0,1.466952556172417e-13
0,1.4492056143124548e-18
1,0.9885506588144684
0,4.3966236756688814e-18
0,7.894167367215773e-18
0,1.661423343274674e-13
0,1.486810309796659e-13
0,9.333762918086199e-16
0,8.891214115747978e-15
0,1.642927584546782e-14
0,1.8279576018643173e-16
0,6.700419966637104e-18
0,9.802729979014236e-16
0,3.907431081322807e-18
0,2.1441919053112943e-18
0,2.486432392788642e-05
0,3.734984459831444e-15
0,2.3841628579015402e-18
0,3.935021754813289e-18
0,3.220367665543535e-14
0,4.9138312398703025e-14
0,1.4163241825388967e-16
0,3.257474556551188e-16
0,8.026673713266627e-15
0,2.1055741947781e-18
0,4.594270384954863e-17
0,1.2641175316050466e-13
0,2.2305642430081968e-14
0,1.8991024445673358e-16
0,1.9488695683889226e-12
0,3.3467967563315176e-06
1,0.9999927374344976
0,5.818603588672387e-16
0,1.671382336683843e-18
0,8.028759598511294e-13
0,8.026673713266627e-15
0,4.7447464109005156e-17
0,2.6490929270011795e-18
0,1.221798837443879e-15
0,3.138576180273912e-18
0,4.232295139109578e-16
0,1.3058108953611273e-16
0,5.768773027402692e-17
0,9.18099483037907e-14
0,8.307196904640685e-18
0,2.7744363386549003e-18
1,0.9999990410501968
0,2.5598574711163103e-16
0,6.842131110792957e-14
0,4.050379007732863e-18
0,1.3425905086057125e-13
0,1.9972389043909668e-16
0,6.78198004584267e-17
0,6.022310123728008e-18
0,8.924552085363678e-14
0,6.618438522429414e-16
0,1.2641175316050466e-13
0,3.907431081322807e-18
0,8.470397859644424e-15
0,3.5026725545624986e-06
0,8.274027769240652e-06
0,1.4107344477250623e-16
0,1.3804391756175954e-13
0,1.4492056143124548e-18
0,1.9174159306503116e-18
0,1.0176114734166521e-05
0,2.214945224445848e-13
0,3.5670863066357304e-14
0,4.639188465216733e-17
0,2.8162285333921247e-16
0,7.060541354813448e-16
0,5.094330365973317e-17
0,3.499002737678878e-18
0,4.3928368166104513e-17
0,1.4962809572186297e-16
0,6.6718920445680506e-15
0,6.133418071295491e-17
0,1.4006468246548027e-17
0,1.1237487985427485e-13
1,0.9999952769838992
0,7.329393548580489e-18
0,7.708852892241265e-15
0,1.4263993138126387e-06
0,2.1060232865424238e-18
0,0.012213112838083155
0,1.0638341019104056e-11
0,6.146409694882056e-16
0,9.079883456815579e-18
0,5.41203089903593e-17
0,3.768747947053325e-15
0,9.779053585827125e-13
0,1.4325863092454158e-15
0,2.0796778859299426e-13
0,1.4535791853197202e-15
0,4.910826700546476e-17
0,9.101289048269137e-18
0,1.0778170727019447e-17
0,3.1430885218793895e-14
0,3.5368713740817675e-16
0,7.239722822707304e-14
0,1.0225079064149024e-14
0,3.972195475359602e-16
0,1.1494464634140095e-16
0,1.0420987835616943e-13
1,0.9999990025157075
0,5.9682633823256e-12
0,1.486810309796659e-13
0,1.0454999633027654e-13
0,4.285094580840837e-14
0,7.66199403038269e-16
0,1.1284642340667013e-15
0,1.8543033005071538e-16
0,7.575364018410295e-14
0,9.546500114842898e-06
0,2.6490929270011795e-18
0,8.787905291911904e-15
0,1.4914901194138155e-13
0,4.547872378484906e-16
0,1.2198925779717452e-16
0,9.818057340463156e-17
0,1.3389755664643306e-16
0,4.490334238448174e-14
0,4.4500090753402346e-11
0,6.718557925541944e-13
0,1.7690733674410983e-15
1,0.9999994177437774
0,1.2038021347887178e-15
0,2.1216543937370227e-12
0,1.5934766197352544e-17
0,2.3834179729907648e-14
0,7.291082528401296e-18
0,7.715254985246354e-16
0,3.8534517818500755e-17
0,9.728941890309278e-13
0,1.0984419255509535e-16
0,9.052144191597045e-15
0,7.175241136466527e-16
0,8.666997070577125e-14
1,0.9999978933831882
0,3.202478014304767e-17
0,5.628960788829316e-18
0,7.325647911979738e-17
0,8.734668698439322e-16
0,1.2744633931967406e-05
0,4.939615897346734e-06
0,7.379545163838202e-14
0,2.6813136257640417e-05
0,7.170823137023065e-14
0,1.8419738668761933e-17
0,5.020036406411982e-17
0,0.00031009862099354887
0,1.1295500839558985e-17
0,5.41203089903593e-17
0,1.2336150316885668e-11
0,7.790153966176543e-17
0,8.851421164633724e-11
0,2.034710314424373e-05
0,1.7520911302044275e-05
0,1.1475977794539957e-16
0,1.936945237617895e-15
0,1.6715318387899122e-18
0,2.297187222280023e-16
0,1.6145345036500436e-13
0,1.935734102117795e-18
0,0.0004199377021157193
0,4.529710551234528e-11
0,3.448910670903455e-17
0,1.3330145352432067e-14
0,9.768823913957089e-16
0,4.4171368009407965e-18
0,8.307196904640685e-18
0,1.2147196762923344e-13
0,3.935021754813289e-18
0,5.780574580672415e-16
0,2.4647008981519285e-08
0,2.108994914623187e-12
0,1.1732870651025402e-13
0,4.759164713084516e-08
0,4.081059537448752e-17
0,1.0641974616753476e-17
0,3.5229641331513668e-15
0,7.42531916505879e-18
0,2.9632179972346493e-16
0,9.583791541050542e-17
0,1.798959329782051e-05
0,4.550256357896766e-18
0,6.209021631476682e-18
0,3.9524287143719924e-13
0,3.5047216598545573e-15
0,4.803065784156881e-17
0,7.420755401429293e-14
0,1.5872017144228545e-17
0,1.431413600334603e-17
0,1.5021055623486815e-16
0,1.935734102117795e-18
0,2.089595584645183e-12
0,1.0131986971873373e-12
0,3.0057648549877633e-12
0,1.0199906672281904e-12
0,3.6847670308460574e-05
1,0.9999986572296715
0,6.424064130841424e-14
0,1.9218970179609777e-14
0,4.2054540466156185e-17
0,1.2728653528883662e-15
0,7.074173500743839e-12
0,3.326478190134856e-13
0,1.0511256714846845e-16
0,2.6490929270011795e-18
0,3.545655039516333e-07
0,2.1200248553364326e-15
0,1.04892351771342e-05
0,1.1790267564528155e-16
0,5.008813240990553e-16
0,6.780289527107639e-17
0,4.04608196542348e-13
0,9.454881986485943e-15
0,4.234371549932768e-18
0,3.9712405656256765e-18
0,4.795035683738311e-15
0,3.4606704497700973e-15
0,5.268844190200185e-13
0,1.6166020009835852e-15
0,8.762335823583929e-14
0,6.613525611893581e-17
0,6.973481295227818e-14
0,1.9420887481301343e-05
0,1.948630087392014e-13
0,1.894816649103158e-12
1,0.9999925699595237
0,7.3541934664313325e-06
0,8.535195843048623e-14
0,6.935573622360091e-14
0,3.10366647779522e-17
0,4.08062893793948e-18
0,9.516376457243425e-19
0,1.4118507577640731e-16
0,5.077015923944138e-13
0,3.257704402626573e-14
0,3.5011161700890398e-15
0,2.500030233672853e-15
0,1.1630406028930726e-16
0,9.117659856321902e-19
0,1.9637116809012988e-05
0,7.122055382098529e-06
0,1.2158920019269843e-17
0,8.198562191732647e-07
0,4.3478572507493936e-17
0,1.0193990183293454e-15
0,5.714487436468115e-16
0,1.948630087392014e-13
0,5.828991930717922e-15
0,1.8389408394364023e-08
0,5.855495871786593e-17
0,4.733692358767806e-13
0,3.2159037463373977e-16
0,1.2795761923461144e-15
0,5.540162618327722e-05
0,2.5769637586303507e-16
0,8.733568706182972e-16
0,4.924881434061379e-18
0,4.8017877214907384e-17
0,5.284481861391129e-17
0,1.3582940063663255e-05
0,4.639044042630026e-17
0,1.6970514804382365e-18
0,7.826456478337421e-16
0,9.516431344710633e-14
0,2.2213031362433293e-05
0,3.062056067871338e-16
0,5.433180311303163e-17
0,1.8138130966479258e-06
0,3.4333004252330166e-06
0,5.077015923944138e-13
0,1.342737592684713e-15
0,6.257316963955113e-15
0,3.9035443303844976e-17
0,3.56412623803433e-16
0,8.001750276306403e-15
0,3.5313156589421485e-14
0,5.6116506989423466e-18
0,3.258194005277934e-14
0,1.4652429409873592e-17
0,5.6978455980554e-18
0,1.4492056143124548e-18
0,8.78146967875188e-13
0,5.969622248841593e-17
0,2.054977807136296e-14
0,1.042849122485846e-17
0,1.0341512427103114e-14
0,3.602534585817424e-17
0,4.4976431412384874e-17
0,3.5571408989288563e-16
0,1.3288846524313515e-17
0,3.436964605427739e-06
0,1.2866817743583872e-13
0,8.885981081627522e-16
0,2.233281221719076e-17
0,7.805979795595768e-18
0,1.544532243405719e-12
0,1.1237487985427485e-13
0,2.704130316613073e-15
0,6.949826265942618e-18
0,4.15297113970655e-15
0,2.7775538520870037e-15
0,3.702082709040869e-16
0,7.532086858805965e-14
0,2.0796778859299426e-13
0,4.052288201109215e-06
0,1.1323544353333905e-14
0,1.227438328321816e-16
0,1.1467515660275338e-05
0,1.8984636277175703e-12
0,4.939621125106235e-17
0,1.4686092292301038e-14
0,2.449165807182e-13
0,3.476611861769951e-17
0,1.0392422058169553e-16
0,1.380157301556569e-16
0,4.00104451364099e-17
0,1.0570527665096204e-15
0,3.2636739073518987e-13
0,3.142114353834186e-17
0,1.40224121004045e-15
0,2.404495201465331e-13
0,1.4039345395850685e-15
0,2.5100337024086373e-12
0,3.7174297696584965e-14
0,3.2535281515665962e-18
0,1.671382336683843e-18
0,3.9035443303844976e-17
0,5.020036406411982e-17
0,7.888149437983213e-14
0,2.9188894967990866e-05
0,1.0019754415392712e-16
0,5.1133300199088384e-14
0,8.591973582254564e-14
0,7.012928734105954e-17
0,5.0420180506813086e-15
0,3.535779895885757e-18
0,5.090966464570858e-12
0,8.581924692364902e-19
0,5.0420180506813086e-15
0,4.5736953514076e-16
0,3.318569318162836e-15
0,3.504963636519546e-18
0,6.022175203193788e-18
0,5.0420180506813086e-15
0,8.319190829238627e-05
0,5.566438576890064e-17
0,7.920858395542672e-17
0,3.712357359379012e-13
0,4.332471890847772e-18
0,3.106375504908686e-13
0,9.91850723967961e-17
0,9.194279007282687e-18
0,4.699400564453547e-17
0,1.6580066858173695e-05
0,3.70981209534318e-12
0,1.596090836613265e-12
0,1.334140564784657e-13
0,1.1655513699854846e-16
0,0.003374251270009637
0,2.771999153791678e-14
0,3.876824736268405e-15
0,3.0514532680331458e-12
0,6.710659161243714e-12
0,2.4012050319103528e-17
0,0.00013630725655953494
0,3.663795152530711e-12
0,2.311360534479805e-16
0,1.196535325205857e-16
0,1.2204149816819993e-16
0,3.3183312382040995e-14
0,3.268915261477793e-18
0,1.784024378630657e-14
0,3.949730471018379e-14
0,1.078987430217861e-05
0,1.5006060706900827e-16
0,1.6715318387899122e-18
0,4.0494957692960565e-14
0,7.280450196465593e-18
0,1.0958936710655075e-17
0,1.9820952925442826e-16
0,4.501825621321187e-16
0,1.1594275170390891e-15
0,4.064959137623678e-15
1,0.9999986298275545
0,1.8535627561181195e-16
0,2.0462836263297543e-17
0,4.401688120984804e-17
0,6.903064955340226e-14
0,1.1564496586061509e-17
0,1.5989435954512354e-17
0,2.741995356711107e-18
0,1.1480271439172663e-16
0,2.843530369157534e-15
0,1.0117000234469317e-15
0,6.444971016774765e-05
0,6.087639380786527e-14
0,2.0808076325956642e-13
0,6.718557925541944e-13
0,2.275748719913194e-15
0,3.6812384761972276e-06
0,6.974040002845282e-18
1,0.9999999058224176
0,5.615229752283262e-17
0,7.469855683415127e-19
0,4.416055073645891e-13
0,5.0420180506813086e-15
0,5.159963714119318e-17
0,1.3289769930067696e-13
0,1.404088960693443e-13
0,3.063442873613441e-18
0,1.4420638621390256e-14
0,5.2592248088062375e-15
0,1.3924682630409065e-12
0,5.765403213006231e-17
0,1.238850447372753e-15
0,1.0853609262349097e-16
0,4.379948837788208e-17
0,5.0956310028625894e-17
0,5.316686887619952e-17
0,2.7128784026175938e-09
0,3.6608218280638137e-16
0,4.252094920842831e-18
0,6.246805639814723e-17
0,2.68470545718612e-12
0,1.671382336683843e-18
0,4.08062893793948e-18
0,1.37875189352566e-16
0,4.3912048811094126e-14
0,1.870709848324244e-15
1,0.9999943683186869
0,6.292978728196509e-17
0,4.332471890847772e-18
0,6.411661083337487e-18
0,1.1471365759176388e-13
0,2.952842817692588e-14
0,1.5391148468228365e-17
0,1.0766574013916258e-16
0,1.7538446465189419e-15
0,1.3555102684543397e-17
1,0.9999990273765772
0,2.6463323846389657e-15
1,0.9949803774206105
0,5.14685555171264e-14
0,1.948630087392014e-13
0,2.4400572270488292e-17
0,1.6844196963185151e-13
0,2.1305857465913026e-13
0,1.9472354524897316e-17
0,1.9614752682922127e-18
0,3.657584426116303e-06
0,1.6472689684446529e-15
0,4.08062893793948e-18
0,6.446630223547302e-14
0,5.248921934461432e-13
0,2.8899438746023927e-15
0,5.0956310028625894e-17
0,4.2566281783202964e-14
0,1.4939949731837788e-05
0,5.0331946517251315e-15
0,3.495538281867562e-14
0,4.492941286599521e-06
0,2.490457585896063e-12
0,2.733004629320764e-18
0,7.61351295507496e-17
0,1.2532179186931374e-13
0,3.3078851514985314e-12
0,5.798101026367102e-17
0,2.4613076596551386e-16
0,5.098061730698179e-06
0,4.849645629066964e-18
0,1.904137129718136e-13
0,6.368992687833857e-13
0,1.5150602126088133e-05
0,3.476611861769951e-17
0,6.135331068855142e-13
0,7.457697106046009e-18
0,3.0290948002570085e-17
0,4.483563390118022e-14
0,6.718557925541944e-13
0,9.524301959304762e-17
0,1.9645646172783757e-05
0,1.7359708791621772e-12
0,1.3476409331057898e-14
0,4.9620611660688866e-14
0,1.5955413131279379e-15
0,1.775617663792238e-13
0,4.654449290271106e-14
0,1.232409934212534e-15
0,4.725613003564754e-18
0,3.2528546634842017e-15
0,1.9032982779400727e-05
0,1.0481278922863287e-16
0,3.553253250390937e-17
0,3.49755550784827e-18
0,7.825335673124939e-13
0,1.5031773827510675e-14
0,4.826138003621769e-14
0,4.870874377057152e-06
0,1.5412472579360267e-15
0,1.5653858929135827e-16
0,9.583791541050542e-17
0,2.878054843682602e-12
0,2.6944433305505883e-14
0,3.471368447519077e-12
0,1.6715318387899122e-18
0,5.698172572450551e-17
0,6.790716325402104e-17
0,3.334522959159131e-06
0,5.476341920461285e-17
0,1.56011870829945e-15
0,2.9149092799302813e-15
0,1.8543033005071538e-16
0,3.913442248251669e-17
0,1.242585962415407e-05
0,5.284698942424375e-13
0,6.210612930510592e-16
0,2.4574949912496475e-15
0,2.1464257548087075e-18
0,1.7424711851117643e-17
0,4.511012620450765e-06
0,7.097214606015172e-16
0,2.7645564404602736e-17
0,7.456691055943235e-17
0,1.927076613251942e-14
0,1.7347148884993332e-17
0,1.9079398784356778e-15
0,6.010273206027167e-18
0,1.6507274374948673e-16
0,2.9532825768645223e-18
0,5.6002026519111275e-12
0,3.7920757819545494e-16
0,2.362977843601657e-10
0,4.0445476606641856e-14
0,5.956792386396933e-17
0,1.071659563689916e-13
0,2.617241755881967e-17
0,2.565801902662489e-18
0,9.552488648856267e-09
0,2.412823231135109e-18
0,1.543373216626462e-13
0,9.89051812632781e-17
0,5.855495871786593e-17
0,7.575185211997285e-06
0,2.746244923293547e-15
0,3.0731985458127805e-17
0,2.905047285569384e-17
0,1.307503024912856e-17
0,1.7207770227920975e-14
0,2.873703331290435e-12
0,2.40313343201474e-17
0,6.716910395696659e-17
0,3.630244287641444e-18
0,5.20754984483976e-15
0,3.2554695825316015e-14
0,4.7089350613283035e-17
0,3.372612610469253e-12
0,1.905775024996954e-14
0,4.9194855892397744e-18
0,3.8225986586443424e-11
0,1.3589294540516789e-14
0,2.7225656033858393e-05
0,4.08062893793948e-18
0,5.793243637819963e-17
1,0.9999855490823284
0,2.0271834856562406e-13
0,6.581451507571839e-17
0,1.598993373717605e-17
0,3.2617804496488106e-17
0,1.8345321690910632e-13
0,1.4686092292301038e-14
0,2.7099651028550286e-18
0,8.05268302226027e-06
0,1.0439996029861981e-15
0,7.866032589686221e-06
0,4.349162748499437e-17
0,3.519964486532993e-13
0,5.424509414080904e-13
0,9.168595652532834e-15
0,2.3536431280469573e-13
0,2.6944054851625246e-08
0,5.650261211592399e-17
0,5.756841212750138e-15
0,7.079382271532062e-17
0,2.1122244573818282e-17
0,9.13908853446798e-16
0,7.044085299792961e-16
0,2.559323232316235e-13
0,7.942679174627414e-18
0,4.41275173554647e-17
0,7.469855683415127e-19
0,1.4669197731384807e-13
0,5.203108824121333e-14
0,1.4341482579438016e-05
0,9.398361177353705e-18
0,6.315659717670256e-16
0,5.070202081688791e-06
0,1.1237487985427485e-13
0,2.6490929270011795e-18
0,1.8412447192683253e-05
0,2.3841628579015402e-18
0,5.18904042329302e-15
0,3.5313156589421485e-14
0,6.613525611893581e-17
0,1.6793457575566754e-18
0,8.27383082489086e-06
0,1.1279206165007147e-13
0,2.7094389207155176e-15
0,2.4384711148085367e-13
0,1.9159074884208702e-13
0,2.0831471939631444e-07
0,7.046175345251556e-12
0,1.6715318387899122e-18
0,9.398361177353705e-18
0,5.628960788829316e-18
0,1.41930162116468e-17
0,0.00011738550098845706
0,7.412143122488089e-17
1,0.9993956965296157
0,4.0597855395045555e-17
0,8.698461530970388e-17
0,8.048322851853548e-17
0,9.798506584671417e-17
0,1.1237487985427485e-13
0,7.080295999406345e-17
0,3.5026725545624986e-06
0,2.164016704925795e-12
0,1.6992748148521142e-12
0,5.798101026367102e-17
0,1.0296559104458454e-14
0,7.768058524840702e-18
0,2.723650843715029e-15
0,1.2158920019269843e-17
0,1.935734102117795e-18
0,2.5322806392408838e-14
0,4.0677762942784425e-14
0,2.44251430252074e-18
0,3.4968156061504858e-06
0,1.2702095133483564e-13
0,1.124792454312738e-15
0,2.9408161763570516e-06
0,2.190471559729213e-15
0,2.0323271113109636e-16
0,3.0211445739023203e-18
0,1.5532832733929378e-18
0,1.8612738537844755e-11
0,0.0015688351315544652
0,7.27967720257009e-16
0,2.00982303687758e-16
0,4.08062893793948e-18
0,4.218577092342624e-15
0,1.7984219397394247e-05
0,2.901231192524795e-15
0,3.83894322107173e-18
0,9.117659856321902e-19
0,2.2354333296217295e-18
0,1.9218970179609777e-14
0,1.2775956120657201e-14
0,1.0318047505121173e-13
0,7.469855683415127e-19
0,1.1713811995815433e-15
0,1.4363213642160355e-18
0,1.598993373717605e-17
0,2.3323053841586165e-05
0,0.0021578928145487733
0,8.924398303085068e-18
0,2.0934029615203134e-13
0,4.27605863533512e-14
0,9.515525310834193e-19
0,9.787774750443829e-08
0,4.556991154222822e-18
0,7.095748940012685e-15
0,3.331754377488536e-13
0,3.405450570037044e-16
0,1.4492056143124548e-18
0,1.8076237150794837e-15
0,1.4181022188956688e-15
0,1.861707216044202e-06
0,1.6646063276911764e-17
0,1.935734102117795e-18
0,3.935021754813289e-18
0,4.113401074184141e-17
0,1.4163241825388967e-16
0,9.973521893191196e-06
0,4.992190224282553e-18
0,4.89422653037152e-12
0,5.5257551235992906e-17
0,4.748351416924079e-18
0,1.1105390932217861e-05
0,1.0503856676577152e-16
0,2.6923170234775277e-13
0,6.159990245745796e-17
0,7.669583520853097e-18
0,9.494425411479049e-07
0,1.927076613251942e-14
0,1.5163093569418214e-05
0,2.394913844383093e-17
0,8.558874885567165e-14
0,1.7347148884993332e-17
0,4.7447464109005156e-17
0,4.334828609872093e-17
0,4.933970895587814e-18
0,7.4250880074309e-18
0,1.9959246355432865e-13
0,1.6715318387899122e-18
0,9.76076670618116e-15
0,1.0460863188585732e-15
0,3.913442248251669e-17
1,0.9999742855161853
0,2.5477044038005216e-12
0,4.131798253606685e-17
0,5.43000647926631e-16
0,7.634713914642878e-14
0,4.277278623670358e-06
0,1.1480271439172663e-16
0,5.797867560800955e-07
0,7.80287070957303e-18
0,1.2775956120657201e-14
0,4.849645629066964e-18
0,4.849645629066964e-18
0,3.12532909415198e-13
1,0.9999981527961339
0,1.6714343701110368e-18
0,1.5947134090462668e-15
0,3.142114353834186e-17
0,3.601937221251281e-14
0,1.5475483867717153e-15
0,1.123024553871175e-14
0,2.472905756474448e-16
0,7.507110182184465e-18
0,7.751595609488612e-17
0,6.864422974445785e-16
0,1.738530431319382e-16
0,2.7692077280760975e-15
0,1.3792721009185136e-14
0,6.821310958220716e-15
0,1.0021979693317017e-17
0,1.2158920019269843e-17
0,1.2043651637646602e-13
0,1.2689067522811647e-14
0,1.4320989609482595e-15
0,7.074173500743839e-12
0,8.009709042052005e-17
0,5.669693816106484e-13
0,1.0566811716850037e-14
0,5.768628544227506e-17
0,2.48106259508999e-12
0,1.6328417340829349e-16
0,1.1078259705613299e-17
0,9.648229941734282e-18
0,7.92897129427394e-13
0,5.6834875931509886e-14
0,5.834503900605543e-06
0,1.7359044847379807e-18
0,3.2458888071886103e-13
0,7.099633302390595e-14
0,6.623627577818863e-17
0,1.6977871564598126e-15
0,2.6992606571057712e-17
0,2.1445154091012954e-15
0,4.25207095757856e-17
0,9.60260490720451e-16
0,5.051642365918402e-06
0,1.613499977948112e-14
0,8.733568706182972e-16
0,2.777665059248689e-12
0,7.170823137023065e-14
0,3.1450744140563106e-12
0,2.2920506411039072e-15
0,1.0318047505121173e-13
0,1.0620444655878384e-18
0,7.234821429901432e-11
0,8.795137414616077e-14
0,7.15457865585257e-14
0,6.780289527107639e-17
0,2.2573955639193408e-05
0,4.472610549697191e-18
0,4.556991154222822e-18
0,2.8115969247921234e-06
0,1.9561792817031557e-15
0,3.140527642903282e-18
0,1.8441453605183042e-16
0,1.9487517664090527e-15
0,3.579047373375985e-05
0,1.0620444655878384e-18
0,6.2801984743161955e-06
0,5.125459050351198e-13
0,9.851748927120368e-16
0,1.7079407901749813e-12
0,2.098914449233177e-14
0,1.3728652798166693e-15
0,1.7207770227920975e-14
0,1.4414078867375064e-15
0,2.1643011765200833e-18
0,1.9654513864191115e-14
0,9.117659856321902e-19
0,1.927076613251942e-14
0,1.196535325205857e-16
0,5.410579867363851e-14
0,4.08062893793948e-18
0,1.2165863637040494e-17
0,1.8185734578041353e-17
0,1.0032833549193502e-14
0,4.224549714201771e-14
0,7.587911570822035e-16
0,5.385610841784279e-12
1,0.9999961262312739
0,3.6283746399832844e-18
0,4.66247151865313e-13
0,1.5096889793612058e-11
0,3.339106933739395e-18
0,1.7355266979996923e-06
0,1.8784769004602602e-14
0,1.0191829249087863e-16
0,9.538239461713678e-18
0,1.0601726414672177e-05
0,1.5947134090462668e-15
0,8.946864785119442e-17
0,7.957869480954168e-17
0,8.669023323460692e-15
0,2.67401384898113e-17
0,3.1984924274227296e-14
0,1.255208984009845e-16
0,1.2147196762923344e-13
0,2.2868010747233276e-16
0,1.0953771286439753e-15
0,9.897325460264432e-15
0,1.3015751335398057e-16
0,9.117659856321902e-19
0,6.230419999750599e-11
0,1.6317409948460877e-16
0,7.839346028633378e-16
0,3.10366647779522e-17
0,3.6151296007598494e-14
0,4.2660685492488124e-13
0,2.2213031362433293e-05
0,2.5322806392408838e-14
0,8.138715555807437e-12
0,1.8893492956671136e-05
0,1.6795724047536665e-15
0,1.3009337077682554e-15
0,2.0360707032056272e-15
0,1.942986786131437e-14
0,7.894121730483832e-17
0,4.08062893793948e-18
1,0.999916498536138
0,3.913442248251669e-17
0,2.530525680314861e-17
0,3.380451896556416e-18
0,9.024110874969441e-05
0,3.931355251634036e-14
0,3.32997710944888e-14
0,1.927076613251942e-14
0,4.465119733941307e-18
0,4.4782339024151874e-14
0,8.799767079230209e-14
0,1.777340704107176e-17
0,2.4477412495542944e-12
0,2.6453231846030272e-18
0,8.5468640446564e-09
0,4.08062893793948e-18
0,1.3860648622545366e-08
0,1.0905941479628402e-16
0,8.165276030951686e-14
0,1.9630168260486382e-16
0,5.245044244831849e-17
0,6.411661083337487e-18
0,3.5889043134735364e-15
0,1.1977053679042651e-14
0,2.0771818277224545e-18
0,2.225849714171791e-18
0,1.1427581590868283e-16
0,1.1317086066330343e-16
0,2.205288065346072e-17
0,7.643232944709615e-17
0,1.1237487985427485e-13
0,4.605098453110777e-18
0,7.403472835989813e-05
0,3.8553823711135453e-14
0,1.424110720784526e-17
0,1.4181022188956688e-15
0,1.185402494796288e-17
0,4.9939572731840267e-14
0,1.520974977150055e-13
0,3.063442873613441e-18
0,1.6049384805561272e-13
0,7.36759216524336e-17
0,2.073627519895961e-17
0,7.977692696483828e-13
0,1.2147196762923344e-13
0,2.2020335749440127e-12
0,6.816981748645066e-17
0,7.151540956224032e-17
0,1.8914512416288492e-15
0,1.187901717741076e-14
0,2.8902376210799433e-16
0,1.6394158764024588e-14
0,1.1240522991321986e-16
0,9.539343978957002e-15
0,1.3795589509260498e-16
0,2.5054920394192636e-07
0,6.434552930331105e-13
0,1.9637116809012988e-05
0,1.0021979693317017e-17
0,1.3665619746171728e-16
0,8.163307438922776e-17
0,1.2455621497729759e-05
0,1.4493293034245848e-15
0,1.5523298296950375e-16
0,1.6715318387899122e-18
0,1.1237487985427485e-13
0,2.0796778859299426e-13
0,8.721986237859518e-18
0,1.2993789743544102e-15
0,2.6813136257640417e-05
0,1.3909862648031205e-13
0,4.1901971256292765e-17
0,1.2428628088372892e-10
0,1.1144805909125368e-16
0,9.230479738730738e-16
0,1.4108385697297214e-15
0,3.380451896556416e-18
0,7.319077293528887e-13
0,2.225849714171791e-18
0,6.592492249743487e-15
0,0.0006292863467441813
0,7.987572478389551e-14
0,9.18099483037907e-14
0,5.4287958429378224e-12
0,3.735757353870234e-15
0,3.415884819789943e-19
0,1.9942325245531714e-15
0,4.08062893793948e-18
0,4.318520303269484e-16
0,3.935021754813289e-18
0,1.867612407616427e-15
0,1.2097946418065704e-14
0,3.336381702710552e-14
0,2.7905279482702773e-15
0,7.363256206580115e-14
0,1.1237487985427485e-13
0,4.148328074928967e-18
0,1.1238080903521905e-13
0,3.8724413971692955e-17
0,1.9685897432698466e-15
0,1.3381358815795694e-05
0,1.3842745187215748e-13
0,7.703827566622155e-17
0,5.781255634591232e-18
0,1.1636909259594306e-15
0,5.039005436640497e-16
0,2.9468890486976317e-16
0,1.4510794959818975e-15
0,7.304779610298147e-14
0,9.608390448583712e-13
0,9.790297836074828e-17
0,1.1301496189157277e-15
0,1.9218970179609777e-14
0,6.352116967618076e-18
0,1.268210535590054e-13
0,1.620786335861434e-15
0,1.1045853253726415e-17
0,3.832048902633851e-18
0,4.08062893793948e-18
0,5.791746937936533e-17
0,1.9321215792095296e-16
0,1.935734102117795e-18
0,4.460536398194404e-05
0,6.91738183005946e-14
0,2.0253948025190983e-17
0,7.337541065781808e-17
0,8.835866814600145e-06
0,7.391396266833566e-16
0,1.2217662489049823e-16
0,5.41203089903593e-17
0,1.3488378051657414e-16
0,2.3231864481783098e-18
0,1.6715318387899122e-18
0,1.671382336683843e-18
0,3.602534585817424e-17
0,1.2142284458111195e-12
0,1.1886300602232032e-15
0,7.898794243309687e-17
0,3.764811480860738e-17
0,9.299234514540437e-16
0,9.117659856321902e-19
0,6.229137061967374e-16
0,1.598993373717605e-17
0,9.117659856321902e-19
0,4.0676476332424423e-13
0,1.5653858929135827e-16
0,3.9090072589246874e-18
0,1.6588219176113998e-18
0,8.217516145833314e-19
0,1.5737146206637472e-13
0,2.2498480239369565e-16
0,1.5078787213625813e-13
0,8.026673713266627e-15
0,3.1923597697463433e-18
0,5.912499467120939e-12
0,1.5619189309019337e-16
0,3.42467995715179e-15
1,0.9999982249468626
0,5.491072950468376e-16
0,9.499364000173513e-17
0,1.1498558596755698e-05
0,2.581339586859671e-14
0,1.03496630484351e-16
0,1.7144601134468572e-15
0,4.27605863533512e-14
0,1.3710236803165701e-16
0,1.6290983584489692e-16
0,3.023901701609285e-14
0,3.73455463728603e-17
0,9.516431344710633e-14
0,4.1837791854375304e-16
0,6.087863239992421e-16
0,2.6490929270011795e-18
0,7.12140948209009e-14
0,9.152879988727149e-15
0,1.5190038789123398e-15
0,3.2667823114994734e-10
0,7.080295999406345e-17
0,4.2257178552767513e-16
0,9.371281762790776e-14
0,8.15853181286068e-17
0,5.119021764356758e-17
0,5.2496557500490796e-12
0,7.582822487393399e-18
0,2.2213031362433293e-05
0,7.735781598675514e-17
0,1.9562761254770663e-13
0,1.5585494290043865e-13
0,1.174522171529445e-16
0,1.515923738683865e-07
0,1.1910708792613441e-17
0,4.8575391279231194e-17
0,2.5189626166997773e-15
0,2.1464257548087075e-18
0,1.8577229584919892e-13
0,4.4197531463818325e-13
0,1.4908930882271904e-15
0,1.6715318387899122e-18
0,8.613094435329888e-16
0,7.106535446047852e-06
0,9.18099483037907e-14
0,1.0298667801197899e-16
0,3.602534585817424e-17
0,2.6453231846030272e-18
0,4.849645629066964e-18
0,2.333870383416475e-13
0,1.6715318387899122e-18
0,3.3824106769162746e-14
0,1.7308553556965294e-12
0,1.1933371169868369e-14
0,1.950702823827309e-18
0,1.0427404022738708e-15
0,1.1804911207239304e-16
0,1.1335526182349874e-18
0,6.888360750191284e-16
0,4.525410081699094e-14
0,1.4964966097771624e-15
0,1.1418605318781937e-16
0,1.3381358815795694e-05
0,1.7718513253724444e-13
0,7.133284861550924e-07
0,4.408842753610654e-13
0,1.7594249406167758e-12
0,7.764473645939554e-17
0,9.025945891213428e-16
0,8.856188897017693e-16
0,1.3859260000836717e-15
0,5.566438576890064e-17
0,9.322126068336912e-17
0,3.943743226879966e-18
0,8.964413785330672e-16
0,5.4453331394585595e-17
0,2.714871772617555e-12
0,2.0741095810861477e-16
0,1.1458357016412725e-16
0,1.1630871030063726e-15
0,1.5189717910003558e-16
0,1.2856959637307339e-05
0,2.6490929270011795e-18
0,1.598993373717605e-17
0,1.6991596822769443e-15
0,2.2354333296217295e-18
0,3.861356252508308e-11
0,1.2775956120657201e-14
0,9.13908853446798e-16
0,3.9314895986131744e-17
0,1.1237487985427485e-13
0,4.691475671577644e-15
0,4.849645629066964e-18
0,4.083381625963526e-15
0,4.137761599875117e-17
0,5.652165235156146e-11
0,2.3428235539845713e-13
0,3.504963636519546e-18
0,1.355252656986938e-18
0,7.00634868769224e-13
0,1.927076613251942e-14
0,5.879488881341098e-13
0,8.5418043449251575e-16
0,5.379838026341751e-16
0,6.017208579192642e-18
0,7.080295999406345e-17
0,2.8107290449441344e-17
0,3.5011476854634095e-18
0,3.528995260814207e-05
0,2.4263322685739322e-12
0,0.00012298931957152286
0,1.1636909259594306e-15
0,1.1216580652666586e-17
0,2.466593465011193e-15
0,1.538556469378232e-16
1,0.9999983398929512
0,1.324554490455675e-17
0,4.360968411698051e-16
0,1.500519993392853e-14
0,1.3541741165145697e-16
0,9.134537737810536e-14
0,3.7686219257434816e-18
0,1.7925352207402814e-17
0,2.9976528472961173e-15
0,7.942679174627414e-18
0,2.4803856819296645e-11
0,2.0379084738072174e-15
0,8.787528888005343e-15
0,3.3729018864438985e-14
0,1.2999366781628617e-18
0,2.139463154161291e-13
0,3.282948930782837e-15
0,2.1018100176203316e-13
0,4.2436504222512215e-18
0,1.7695183535180316e-15
0,3.8934277627389945e-16
0,7.055742144140194e-14
0,6.022175203193788e-18
0,3.5515383385173955e-16
0,2.2124442367455195e-16
0,1.1237487985427485e-13
0,2.9394691158125886e-12
0,1.4006468246548027e-17
0,4.992190224282553e-18
0,1.3191950375045145e-16
0,2.3876496992858337e-18
0,1.4669197731384807e-13
0,4.098562385728522e-06
0,2.7145030225254237e-16
0,2.1331242158064954e-16
0,1.326991381208278e-14
0,5.836461185892097e-16
0,6.841904085501426e-16
0,8.317832154013204e-16
0,6.285525806858482e-18
0,1.6035090212222705e-16
0,3.764257551291966e-17
0,6.271876698287555e-11
0,4.77051561173089e-07
0,9.143062930119462e-19
0,6.411661083337487e-18
0,2.2305642430081968e-14
0,1.1237487985427485e-13
0,6.823782429718825e-14
0,9.82643955718898e-07
0,3.5831843495744505e-13
0,8.043776761337033e-14
0,4.08062893793948e-18
0,3.935021754813289e-18
0,2.7553795708089704e-16
0,1.6624937650947908e-16
0,1.3381358815795694e-05
0,2.139463154161291e-13
0,2.2053618127688732e-16
0,1.4674306033050493e-05
0,1.927076613251942e-14
0,3.6633952217570213e-17
0,1.128903224386206e-17
0,2.7778965528415735e-16
0,2.552383711251054e-15
0,7.080295999406345e-17
0,3.5152994974926224e-14
0,5.955245400719166e-12
0,7.492512623490257e-18
0,6.0703458285913766e-18
0,6.629456329084227e-06
0,9.143062930119462e-19
0,2.943956609692275e-14
0,2.5001006507124684e-16
0,3.8828072408990445e-17
0,8.872532922797606e-14
0,1.0433522385742489e-13
0,1.6609860017599e-17
0,1.3736183179261297e-12
0,1.968658043522403e-18
0,3.10366647779522e-17
0,1.2455621497729759e-05
0,1.0905941479628402e-16
0,1.9959246355432865e-13
0,5.910440525052243e-17
0,3.3876521990757756e-18
0,9.356900269298364e-14
0,3.913442248251669e-17
0,1.2453458645897518e-16
0,1.9323331977970548e-12
0,2.5111919375385872e-14
0,1.2856959637307339e-05
0,4.35239729211522e-14
0,2.416359873360983e-17
0,3.634712240835525e-15
0,1.8210048043447414e-16
0,2.0090840332428442e-15
0,2.654514416232258e-05
0,1.055879685077959e-18
0,7.457697106046009e-18
0,4.4441271181095525e-06
0,1.4752279283844462e-16
0,3.1091693232641247e-15
1,0.9999961186325297
0,7.779271886853945e-14
0,1.2836942052245343e-12
0,2.1018100176203316e-13
0,4.0023259233187615e-14
0,1.4622884578623135e-12
0,0.00016860337374788239
0,7.987572478389551e-14
0,2.6693954599374107e-11
0,3.3829438687680026e-15
0,3.568495380144965e-17
0,1.5006060706900827e-16
0,3.0537999719267715e-15
0,1.463763424876448e-13
0,9.93770032160051e-17
0,2.733004629320764e-18
0,1.9690228890565733e-16
0,6.984966520908676e-17
0,1.7894022756168302e-16
0,1.5858468357158485e-14
0,2.3457721877635572e-11
0,3.535779895885757e-18
0,6.89872907892468e-15
0,1.0759903340866449e-11
0,4.465119733941307e-18
0,3.841643893493202e-12
0,2.1914570726051047e-15
0,1.2455621497729759e-05
0,8.163307438922776e-17
1,0.9999563195063987
0,3.248201652792756e-17
0,3.5790552865501626e-16
0,7.603459002431106e-18
0,2.602209857435508e-13
0,9.414917647289588e-18
0,6.718557925541944e-13
0,7.561657648751417e-05
0,8.835866814600145e-06
0,8.720835519816185e-13
0,8.217773825727167e-17
0,6.53289691468398e-13
0,8.469415482720667e-17
0,5.0420180506813086e-15
0,1.8794125657887988e-16
0,5.558155214086023e-15
0,4.849645629066964e-18
0,2.9080010386444204e-15
0,1.4073920982360605e-13
0,1.6106140221996066e-13
0,1.4942014325294466e-15
0,2.7470929582743057e-15
0,0.01687718345810721
0,2.2853735349437485e-06
0,1.9654513864191115e-14
0,5.2222092330851514e-17
0,6.192172356746167e-17
0,8.888446026219975e-15
0,1.1977313760804856e-10
0,7.651099235792988e-17
0,8.944258679804317e-13
0,5.744839363108733e-16
0,2.960853974645507e-18
0,3.762696665736681e-13
0,1.2085380431424158e-05
0,5.532928640113151e-15
0,6.043851547266898e-16
0,2.1966315595060144e-13
0,8.15853181286068e-17
0,1.0710644604982185e-17
0,1.653567873322887e-15
0,4.691825178024467e-21
0,7.6603313789884075e-16
0,8.217516145833314e-19
0,1.271905207176828e-13
0,1.6166020009835852e-15
0,3.1474189866970546e-16
0,6.188619885328913e-06
0,7.740998736461122e-11
0,3.5396637846908487e-15
0,1.927076613251942e-14
0,5.956792386396933e-17
0,4.759279507561099e-18
0,1.334140564784657e-13
0,1.9965662104919154e-15
0,4.336388291185441e-17
0,3.73871066331203e-05
0,1.5095873964760899e-13
0,9.523086707916409e-14
0,6.411661083337487e-18
0,9.605650942965654e-14
0,1.3294155032743718e-13
0,9.546500114842898e-06
0,5.5498753221316026e-17
0,4.652984579937874e-14
0,4.32485115624732e-18
0,1.3633658688207307e-05
0,1.5810029860097508e-17
0,1.3381358815795694e-05
0,1.8689808899055833e-15
1,0.9999989349268068
0,1.3347179534975254e-17
0,6.676352198978997e-17
0,2.392417013625065e-14
0,7.326605323549187e-13
0,1.935734102117795e-18
0,2.1328832449357814e-06
0,2.969216069579579e-13
0,1.927076613251942e-14
0,6.250638221197269e-17
0,1.2471047314389948e-16
0,6.033807155396409e-13
0,4.202460857273952e-18
0,1.9096293183886013e-12
0,7.753408612666424e-16
0,1.4363213642160355e-18
0,4.053488557939274e-15
0,1.2641175316050466e-13
1,0.9999999999997657
0,1.2021642307704646e-16
0,7.626351031222367e-11
0,5.809813052102584e-17
0,5.085788654220627e-18
0,5.0097884363628054e-17
0,2.225849714171791e-18
0,4.401688120984804e-17
0,7.106535446047852e-06
0,4.972901437078601e-16
0,4.294115849062702e-16
0,2.7735158415474845e-10
0,2.7969880050561266e-14
0,1.4918490837806694e-17
0,2.6490929270011795e-18
0,3.140527642903282e-18
0,7.251064742251221e-18
0,1.6578305697477732e-16
0,4.2352983472509975e-15
0,3.1752022753166213e-06
0,1.2111160591871672e-06
0,6.693789518797665e-16
0,8.05268302226027e-06
0,1.1043771246426252e-17
0,2.0771818277224545e-18
0,7.954131324878081e-17
0,6.195981036538146e-17
0,1.3492683280156233e-14
0,6.888360750191284e-16
0,3.9106333678127265e-16
0,9.914446976185984e-14
0,8.642987998211253e-06
0,1.0120917425307077e-14
0,1.2083315741619068e-17
0,7.529844218228244e-17
0,1.5716036765165334e-14
0,7.080295999406345e-17
0,4.92383414038463e-05
0,1.3884128690307288e-05
0,3.273268505482776e-14
0,1.2806509553873468e-13
0,4.849645629066964e-18
0,1.6715318387899122e-18
0,2.6409730836959737e-13
0,2.8943196542585955e-16
0,1.4156589038600733e-15
0,1.9201645929267698e-15
0,1.683496004277998e-14
0,1.7887506656167833e-17
0,1.5439680343811207e-07
0,2.347835307882229e-13
0,4.849645629066964e-18
0,1.049006702973083e-16
0,2.1035685840337243e-14
0,1.2775956120657201e-14
0,1.6328068609029514e-13
0,4.103059335249199e-18
0,5.195185345757415e-17
0,2.4006354717583655e-06
0,5.197177831859806e-13
0,2.0061020319509843e-18
0,1.6715318387899122e-18
0,1.431413600334603e-17
0,1.3818309665098228e-15
0,1.4505167658253936e-16
0,1.8666342505389004e-17
0,1.3849940074900312e-05
0,1.4264819617208455e-15
0,5.798101026367102e-17
0,1.6636986176838958e-14
0,3.0518459306022444e-14
0,7.614532303673984e-18
0,5.798101026367102e-17
0,2.305768870663174e-18
0,6.760307327841095e-06
0,1.5608707512633482e-13
0,3.832048902633851e-18
0,1.312101866792537e-17
0,3.10366647779522e-17
0,1.0432817465870603e-15
0,1.149570857777893e-13
0,6.3147751489129705e-16
0,1.0908435495035785e-16
0,1.9398465578314088e-05
0,9.33666034834295e-16
0,3.258381670415737e-17
0,5.7738482227283e-15
0,1.4549701892560496e-15
0,8.974117502411689e-17
0,2.518927392815331e-15
0,1.714558410367017e-16
1,0.9999957169483888
0,1.6013410672379986e-12
0,1.2977585878707217e-05
0,3.7228865697389415e-14
0,7.194166457608762e-16
0,3.8707960926009826e-13
0,9.95445980922958e-17
0,6.659438079307997e-17
0,2.262190376751748e-15
0,3.9602220710059155e-18
0,1.2878432147069235e-16
0,4.947926590017848e-16
0,1.2107300423218798e-17
0,4.8518248687321684e-17
0,5.267590169865764e-14
0,1.2551613687254987e-16
0,9.809228645796718e-15
0,1.6715318387899122e-18
0,9.520715313770911e-14
0,1.1629670322361246e-16
0,4.9377025184918385e-15
0,7.079382271532062e-17
0,1.1124237061170532e-15
0,1.5006273858400968e-13
0,1.1900982466414401e-16
0,3.202478014304767e-17
0,1.0517966558241942e-16
0,3.469971553447168e-13
0,2.0796778859299426e-13
0,6.553699185855608e-14
0,1.8834175808397812e-16
0,9.056056696448918e-17
0,1.1031224697808316e-17
0,7.957869480954168e-17
0,3.614629925471855e-07
0,1.4182103278792103e-16
0,4.131798253606685e-17
0,3.932148219306344e-12
0,1.6765542651166404e-13
0,1.6715318387899122e-18
0,1.6588219176113998e-18
0,1.240914583239868e-15
0,1.1641381174855339e-17
0,1.0428222028951332e-18
0,1.675292180761353e-13
0,1.1972516678109226e-05
0,2.2128139638797918e-12
0,5.787822218907323e-13
0,2.2213031362433293e-05
0,2.3714388337115634e-11
0,2.225849714171791e-18
0,9.007999621521024e-18
0,6.718557925541944e-13
0,3.093018903208021e-18
0,3.5550919362579014e-15
0,8.217773825727167e-17
0,1.2471047314389948e-16
0,9.511354956286529e-11
0,1.0210842823108494e-16
0,9.843699570640625e-14
0,3.8615716462471223e-17
0,8.590685785364644e-06
0,2.7602438577037487e-15
0,7.013867061058256e-14
0,1.2198925779717452e-16
0,3.49755550784827e-18
0,1.2348356839251634e-13
0,5.0420180506813086e-15
0,1.1132804281120353e-15
0,5.665739187204394e-16
0,4.148328074928967e-18
0,2.0647250850552527e-16
0,6.735426015512508e-16
0,3.29707311497234e-15
0,2.9691815872137523e-15
0,5.30214076070298e-13
0,5.701440208867652e-12
0,2.8107078872271823e-13
0,5.390435777548713e-14
0,1.788681793574533e-15
0,3.913442248251669e-17
0,2.9404989035232406e-14
0,6.718557925541944e-13
0,7.302079097746571e-17
0,2.7230766023586465e-18
0,1.5577091576225235e-17
0,1.599067212688684e-17
0,1.0433522385742489e-13
0,5.203400932222529e-17
0,1.0507758979248686e-05
0,3.090297836657698e-16
0,5.768628544227506e-17
0,2.936245216580774e-14
0,1.1701282853225803e-16
0,1.1899163646474441e-14
0,6.524362226832284e-18
0,2.2498480239369565e-16
0,5.616180445696745e-18
0,3.087793421847159e-16
0,2.2496117411316857e-05
0,6.088106899157638e-17
0,7.270478619811306e-14
0,6.82635564054341e-17
0,1.3834331248069442e-05
0,4.1805512052077255e-15
0,6.689550404051949e-18
0,1.927076613251942e-14
0,4.849362841421818e-18
0,6.381851133304347e-17
0,1.653567873322887e-15
0,1.2158920019269843e-17
0,2.0405437848907374e-16
0,8.661438199023559e-13
0,7.965821440592331e-17
0,1.8477028612934996e-14
0,9.546500114842898e-06
0,3.7686219257434816e-18
0,6.718557925541944e-13
0,6.066582659235728e-05
0,2.034710314424373e-05
0,2.3473327247458942e-15
0,1.0905941479628402e-16
0,1.8259521766785532e-14
0,8.702663337800142e-14
0,1.541255413910943e-12
0,2.1504267158877366e-13
0,3.798586331558496e-11
0,5.56595860484515e-14
0,1.4382240460092317e-14
0,5.514068829241582e-17
0,2.1417205316160135e-18
0,7.218886063273471e-11
0,8.872020266245455e-18
0,1.1072271525751612e-14
0,6.283571181109976e-14
0,4.589023054201613e-17
0,1.26468659370383e-13
0,5.245044244831849e-17
0,2.2213031362433293e-05
0,1.4918490837806694e-17
0,5.4639190745821805e-14
0,2.062372854297285e-12
0,8.640839501112608e-17
0,1.6715318387899122e-18
0,6.132024160713503e-14
0,7.734381459361278e-14
0,9.564211509733128e-16
0,2.807100952251975e-05
0,6.702157688243183e-21
0,1.4701169868512776e-16
0,1.8437851698539174e-16
0,5.713660701944976e-18
0,1.466952556172417e-13
0,3.868816085792586e-18
0,6.10044722817337e-12
0,3.531883111546085e-16
0,1.0760435898785129e-16
0,3.720624198571569e-15
0,1.3611676347715447e-15
0,1.1237487985427485e-13
0,1.9394991747976603e-05
0,1.486810309796659e-13
0,1.7676759743208103e-06
0,1.965876401790046e-17
0,3.7686219257434816e-18
0,6.30587168494648e-06
0,5.6978455980554e-18
0,1.4964966097771624e-15
0,3.605463830624658e-13
0,6.479465834304956e-17
0,1.4245039676474815e-05
0,4.3323545492551434e-17
0,1.1289312399465634e-16
0,7.954131324878081e-17
0,2.6813136257640417e-05
0,5.713660701944976e-18
0,2.611882196348792e-15
0,1.1237487985427485e-13
0,5.9567931096276e-18
0,3.601937221251281e-14
0,2.3522427059659405e-13
0,1.9620107870623024e-16
1,0.9999985088018178
0,2.067503230933436e-17
0,1.0954275232716914e-12
0,1.2234011544112124e-14
0,5.342818326110126e-16
0,3.10366647779522e-17
0,3.3195154582030517e-16
0,1.2572083448822271e-14
0,1.2255727892984995e-14
0,1.5577091576225235e-17
0,4.849645629066964e-18
0,5.351020851019659e-16
0,9.945101144089189e-17
0,9.310464157795145e-16
0,9.322373965844666e-14
0,5.1048373526912274e-14
0,1.520974977150055e-13
0,2.906847114866076e-13
0,1.2969143184221265e-10
0,4.08062893793948e-18
0,9.148209544934792e-06
0,6.29166728242735e-15
0,7.675961742453093e-14
0,1.3434346821600325e-15
0,4.364533140133748e-18
0,1.3347179534975254e-17
0,4.2583090711867104e-16
0,8.183469232725571e-18
0,4.103059335249199e-18
0,1.7428071274655736e-16
0,1.2069350774165828e-18
0,2.5629506425084168e-05
0,1.2775956120657201e-14
0,1.3331362378999138e-16
0,1.3248291047757496e-15
0,1.1028757097909717e-15
0,3.497664393646498e-18
0,6.450029444109577e-15
0,2.969559876900205e-12
0,3.4374962554572434e-17
0,8.844467207938247e-18
0,4.732088049687821e-17
0,1.021198713173436e-07
0,2.7761126182234336e-15
0,3.7625818149669125e-17
0,2.860427423131917e-18
0,3.10366647779522e-17
0,3.3647434191939966e-06
0,6.283571181109976e-14
0,1.7584453796063955e-15
0,4.1762476730152674e-16
0,4.334828609872093e-17
0,8.198909325990822e-16
0,1.8191312908221404e-15
0,4.0114816718980713e-16
0,6.379241290791182e-14
0,1.6715318387899122e-18
0,1.4222703107730256e-13
0,2.715568614066611e-16
0,2.1638568853259545e-14
0,5.299203286593014e-18
0,4.849645629066964e-18
0,1.1073283009652311e-17
0,2.9532825768645223e-18
0,4.3416484150003543e-14
0,6.160295127526259e-18
0,9.546500114842898e-06
0,4.9194855892397744e-18
0,9.35580459336607e-17
0,1.361279772915858e-18
0,4.6864984113492043e-14
0,4.849645629066964e-18
0,1.1437318934405216e-17
0,1.0303321448118392e-15
0,4.08062893793948e-18
0,1.0511256714846845e-16
0,7.426738184970073e-05
0,1.7079407901749813e-12
0,3.3729018864438985e-14
0,5.020036406411982e-17
0,4.397573055399135e-18
0,7.176264165770773e-17
0,1.8914512416288492e-15
0,3.839300028614281e-14
0,3.367735891336897e-17
0,2.7691851990085497e-16
0,1.0840313152867041e-15
0,1.0425648292013095e-15
0,9.406015770224828e-14
0,4.454515183293069e-13
0,7.319117177716204e-17
0,1.6715318387899122e-18
0,9.465787355772694e-17
0,1.49786131896992e-08
0,1.6578305697477732e-16
0,1.2561292062112688e-05
0,2.9642473431584874e-12
0,1.927076613251942e-14
0,3.0018017920535954e-17
0,2.6453231846030272e-18
0,8.466813310882757e-16
0,2.5062829258383162e-15
0,9.117659856321902e-19
0,0.0006007500198117399
0,3.765416020357732e-18
0,2.5075786585619148e-14
0,4.1805863283296037e-16
0,1.3488378051657414e-16
0,9.504346657898734e-14
0,4.610973029718814e-05
0,7.608584824949455e-15
0,1.3834956892197064e-16
0,9.672404705457936e-17
0,1.36382881716372e-15
0,9.117659856321902e-19
0,9.364610151933353e-16
0,4.701696358668352e-17
0,1.0433522385742489e-13
0,1.424110720784526e-17
0,4.413163120565104e-05
0,3.470326005723005e-18
0,4.831228283097317e-13
0,5.628960788829316e-18
0,7.708973259420466e-15
0,1.7459239773737298e-16
0,5.077015923944138e-13
0,6.689769028477267e-18
0,3.3729018864438985e-14
0,4.053707965460582e-15
0,8.06513083417806e-19
0,3.367115014990781e-15
0,2.0271447728950446e-15
0,5.203108824121333e-14
0,1.1611768479993886e-05
0,4.725613003564754e-18
0,5.119021764356758e-17
1,0.9999957260740082
0,2.0090840332428442e-15
0,3.288370895221434e-11
0,7.233956763708377e-17
0,3.2454849889895234e-18
0,2.1826467562495054e-12
0,1.5708437787098425e-15
0,3.3876521990757756e-18
0,1.3650647302022123e-12
0,2.0566167962307686e-15
0,7.285566471043254e-16
0,1.2402706900106443e-15
0,1.4669197731384807e-13
0,1.9654513864191115e-14
0,2.2501992033475205e-13
0,6.07380008702694e-17
0,5.4467322748214506e-17
0,5.153854661473184e-14
0,1.598993373717605e-17
0,5.959867058889478e-16
0,8.323949312408503e-11
0,3.8496099438779815e-16
0,3.8934277627389945e-16
0,1.1684359970695663e-14
0,2.0606678408099943e-16
0,3.651568070222661e-14
0,1.0337415878385423e-05
0,4.708055387577388e-16
0,1.638386053305701e-15
0,2.34754238884515e-06
0,5.37823346983413e-14
0,3.2263933192340556e-17
0,3.605463830624658e-13
0,1.2551222942940617e-16
0,8.201277776919936e-18
0,1.3476409331057898e-14
0,1.333735106125756e-13
0,1.404088960693443e-13
0,3.2195467566563e-15
0,1.2096622150101032e-18
0,1.6576819061459755e-15
0,3.078346585346048e-15
0,2.670954126907474e-15
0,7.466149506770932e-14
0,2.788445079653525e-17
0,1.7238812760023352e-15
0,8.27383082489086e-06
0,3.458074260491948e-18
0,1.8353496656890046e-16
0,1.6715318387899122e-18
0,4.450532164079965e-16
0,4.849645629066964e-18
0,6.566748098134536e-17
0,2.225849714171791e-18
0,2.429947552189358e-16
0,2.1207429690463813e-17
0,8.789611070838875e-16
0,1.4953921631190012e-16
0,1.4314320583709088e-15
0,8.093684495739787e-17
0,1.5665232096189775e-18
0,9.544133839711421e-17
0,5.359452226588328e-16
0,3.366427172501599e-09
0,3.3342137107842225e-17
0,2.9544738705182807e-18
0,2.6490929270011795e-18
0,1.262673630808178e-16
0,7.793567442544114e-18
0,3.5152994974926224e-14
0,1.1780390208066925e-16
0,6.903064955340226e-14
0,0.0008094612799285418
0,4.3319938349536754e-14
0,1.6413082551875244e-14
0,8.246817565880267e-17
0,5.712693800760755e-14
0,2.6813136257640417e-05
0,2.9532825768645223e-18
0,1.4263993138126387e-06
0,2.1930820899958334e-14
0,7.711074348462211e-16
1,0.9999986223042427
0,2.9532825768645223e-18
0,1.9394991747976603e-05
0,1.6431760189475025e-14
0,1.3227867526958265e-05
0,1.1237487985427485e-13
0,7.080295999406345e-17
0,5.028764003436577e-13
0,1.996447326092639e-17
0,5.1007659850922325e-18
0,1.8632310131856923e-18
0,3.5047592340021597e-14
0,3.200541565661357e-15
0,3.9712405656256765e-18
0,3.935021754813289e-18
0,4.635876986756651e-17
0,1.09235374267264e-13
0,3.4541898561577893e-15
0,2.8757891989313184e-14
0,2.1189169226309884e-13
0,1.686608319582145e-12
0,1.6715318387899122e-18
0,8.642987998211253e-06
0,6.411661083337487e-18
0,2.0636225167042062e-14
0,2.703530014128701e-16
0,1.7336691882802592e-16
0,1.6715318387899122e-18
0,7.118405242826171e-17
0,1.9089416219889848e-14
0,3.554821595999256e-13
0,3.70981209534318e-12
0,9.231742798185689e-06
0,3.4716861600674355e-15
0,1.1216580652666586e-17
0,4.420646120582903e-06
0,7.735632984524235e-17
0,6.543844621907823e-14
0,1.1003806913001491e-12
0,4.511012620450765e-06
0,9.117659856321902e-19
0,5.462603269003959e-17
0,1.4080055868866657e-14
0,2.921135103287331e-12
0,3.864318746589939e-17
0,1.0463265684147551e-16
0,2.2008255231104708e-17
0,3.98165108549632e-15
0,1.5635147064148548e-06
0,1.1506211425261141e-16
0,7.766155399132428e-17
0,8.217516145833314e-19
0,1.924459578366411e-15
0,3.946697762337104e-18
0,9.650726269028659e-16
0,1.935734102117795e-18
0,3.2554695825316015e-14
0,1.3191950375045145e-16
0,2.1417205316160135e-18
0,1.700609385306107e-17
0,2.3240708703557087e-05
0,1.9233380045094901e-13
0,1.6793457575566754e-18
0,4.161213481910888e-17
0,2.2441309619442632e-06
0,2.902010943584033e-17
0,9.781828639283829e-18
0,1.5708437787098425e-15
0,6.309385818798905e-17
0,4.001513869110007e-15
0,1.3842745187215748e-13
0,2.960853974645507e-18
0,2.4532163078203907e-12
0,6.821013901017125e-16
0,7.837176498056683e-17
0,2.075141688201284e-17
0,3.124748323946759e-15
0,3.5844079918809504e-17
0,1.7829093944036158e-15
0,1.4405242476559006e-16
0,2.9654733789573514e-07
0,3.9179012584064605e-15
0,7.408370104300496e-15
0,6.010273206027167e-18
0,3.913442248251669e-17
0,2.7187957637988156e-13
0,1.675292180761353e-13
0,2.6453231846030272e-18
0,3.907431081322807e-18
0,3.068588256632356e-14
0,0.0001484386237967937
0,2.3739392483888965e-09
0,2.7888516572600175e-07
0,1.6071903355508162e-17
0,1.544532243405719e-12
0,7.270478619811306e-14
0,3.142114353834186e-17
0,5.090966464570858e-12
0,3.242940148420819e-16
0,1.1366785102783779e-16
0,2.3536431280469573e-13
0,2.1338514093432527e-13
0,4.364533140133748e-18
0,4.466920871713862e-18
0,5.233359872195419e-16
0,1.1335514490590418e-12
0,1.6760544128270035e-13
0,2.5773617775735804e-13
0,1.3362478144343486e-12
0,4.2607378090477404e-05
0,1.428806103686668e-15
0,2.8635450439885552e-18
0,1.2702095133483564e-13
0,4.8162995352204725e-17
0,3.0246049567730432e-05
0,6.889563731361216e-12
0,6.974040002845282e-18
0,1.2706838235477875e-13
0,3.8614514316513816e-17
0,1.965351022121742e-12
0,2.035011545731392e-06
0,8.15853181286068e-17
0,2.394913844383093e-17
0,2.362042971833182e-16
0,7.474420010798951e-18
0,3.7596144191608425e-14
0,8.692438447713983e-14
0,4.1174416866350303e-16
0,4.201578046970505e-14
0,2.341520440704948e-18
0,2.2213031362433293e-05
0,3.061367039551557e-12
0,2.530446902514127e-17
0,1.1372069686496808e-16
0,1.1237487985427485e-13
0,1.580953767802182e-17
0,1.3326778465571435e-16
0,2.972703875484647e-15
0,2.6619058072380807e-12
0,4.962610057018003e-12
0,1.5653858929135827e-16
0,2.2464003046799106e-17
0,1.3582940063663255e-05
0,4.687941254820274e-16
0,4.517875227724952e-16
0,3.804796404292213e-13
0,4.774852432894602e-13
0,1.6576819061459755e-15
0,1.0534672465621997e-14
0,1.2269384569153609e-05
0,2.014065221809129e-18
0,1.3611676347715447e-15
0,5.617834530197913e-17
0,9.091914206172675e-17
0,1.9697355343294886e-16
0,2.7470929582743057e-15
0,1.409363582876964e-13
0,2.2818836180819483e-14
0,1.2785440665093059e-17
0,8.519521168628974e-17
0,1.700030066344308e-18
0,2.540082879617634e-13
0,1.773208677708188e-12
0,2.1740958347127624e-13
0,1.3924744251912343e-05
0,2.309407579602585e-13
1,0.9999991887900029
0,8.684911391281403e-15
0,1.492046470157317e-15
0,1.7984219397394247e-05
0,4.977839840745209e-18
0,6.378222451380953e-18
0,6.411661083337487e-18
0,4.062889654663115e-14
0,5.667047797854608e-17
0,1.4314320583709088e-15
0,2.8800123418857897e-16
0,8.25536627538929e-16
0,8.269300777584253e-16
0,4.9109496989037187e-17
0,1.5974001834120196e-14
0,2.9532825768645223e-18
0,2.446774234753524e-18
0,4.849645629066964e-18
0,8.130197092938241e-06
0,4.2734662588588803e-16
0,5.713660701944976e-18
0,2.5111919375385872e-14
0,1.227987445493589e-16
0,1.6653057943257606e-17
0,3.46565605109327e-17
0,8.78146967875188e-13
0,2.0090840332428442e-15
0,2.9596458007199664e-14
0,8.844742553638889e-18
0,1.990529412534409e-14
0,3.306770916883762e-14
0,1.778408443981816e-14
0,1.5101953190235768e-13
0,1.0905941479628402e-16
0,1.775617663792238e-13
0,1.1144339950341026e-11
0,3.605463830624658e-13
0,5.229424492154498e-12
0,7.389647455493933e-17
0,1.2856959637307339e-05
0,4.9377025184918385e-15
0,1.5229504429885222e-17
0,2.7230766023586465e-18
0,1.206109019074495e-13
0,4.408842753610654e-13
0,4.559765397290203e-17
1,0.9999990167422586
1,0.9999981213066552
0,4.404312015730811e-11
0,7.807605689998743e-15
0,6.185695803721511e-10
0,2.094201301173133e-17
0,8.835866814600145e-06
0,3.081768795847183e-06
0,1.2201525573078934e-05
0,6.932452871257441e-14
0,2.3297136719700086e-12
0,1.9717494064882836e-12
0,3.974865949191377e-14
0,4.737770253132869e-13
0,8.827819035140459e-13
0,4.9138312398703025e-14
0,6.7613468925785e-18
0,3.430298342053164e-13
0,8.159124377498459e-17
0,4.472610549697191e-18
0,1.486810309796659e-13
0,1.935734102117795e-18
0,2.7989863102710525e-18
0,1.3408118305765109e-12
0,8.340750739672953e-12
0,1.7894022756168302e-16
0,1.3669873835484885e-15
0,3.913442248251669e-17
0,2.4854366705884757e-10
0,2.6100099642746042e-14
0,1.2201261285328511e-15
0,1.7776333886474316e-15
0,4.2725125889557093e-13
0,3.735551423078137e-16
0,8.314787482575415e-14
0,1.9358285091815248e-13
0,2.7056622318612385e-13
0,1.522302128749322e-17
0,5.909573347689547e-13
0,1.520974977150055e-13
0,1.1571398056998782e-12
0,3.188176449621983e-14
0,1.0553178584205837e-12
0,4.179774258993843e-17
0,1.5736689029199398e-15
0,7.987572478389551e-14
0,1.0054950900656496e-16
0,6.209059653185067e-15
0,1.3467741178402068e-15
0,5.239221374990892e-16
0,1.1460252274558413e-12
0,4.019097239344737e-17
0,5.5503845899346676e-18
0,4.366293703336232e-18
0,1.6715318387899122e-18
0,5.079501429297596e-14
0,2.2636561310390534e-14
0,2.9532825768645223e-18
0,1.7347148884993332e-17
0,2.4652049315023575e-18
0,1.0205402892435872e-16
0,4.08062893793948e-18
0,5.158985181109056e-16
0,4.923346711922833e-15
1,0.9999991094646598
0,6.211157556716296e-13
0,3.5152994974926224e-14
0,2.5422237483291057e-15
0,1.5006060706900827e-16
0,1.4039345395850685e-15
0,3.634287717527979e-13
0,6.411860690987304e-18
0,1.3855334722443756e-14
0,7.917845785999641e-18
0,4.795128765372106e-16
0,1.18273727092946e-13
0,4.08062893793948e-18
0,6.6718920445680506e-15
0,1.3845483700049916e-12
0,1.0895554273326206e-15
0,4.40982472602501e-12
0,3.6732792198625707e-16
0,8.155172133359952e-13
0,8.188078176690248e-18
0,6.864422974445785e-16
0,4.808585021351846e-14
0,4.025978827822013e-14
0,1.2769818521259124e-05
0,1.4674306033050493e-05
0,4.224549714201771e-14
0,7.731330854380705e-15
0,2.5994572049303806e-16
0,4.8751177743999783e-14
0,7.365030736184202e-18
1,0.9999981527961339
0,1.2471047314389948e-16
0,3.731473030562479e-15
0,7.31826184839371e-15
0,5.443840558085378e-13
0,4.1307709041617585e-18
0,1.3736183179261297e-12
0,5.828991930717922e-15
0,2.3297136719700086e-12
0,1.0410081630169706e-16
0,3.6032011683984766e-14
0,1.5285617335223746e-15
0,1.2999366781628617e-18
0,6.010629063110283e-17
0,2.6453231846030272e-18
0,5.3773011022281695e-17
0,8.433392736372934e-15
0,1.6328068609029514e-13
0,1.209455193866351e-15
0,4.849645629066964e-18
0,2.6490929270011795e-18
0,2.597059455450216e-15
0,2.2043097183889898e-05
0,6.691346370506372e-15
0,3.5459087634309944e-16
0,1.8318612677244225e-17
0,2.7596022539199876e-15
0,2.437690911513765e-15
0,4.515217764081023e-14
0,5.360782621657254e-05
0,1.3309714664063482e-17
0,1.1732870651025402e-13
0,1.0669752195970094e-14
0,1.4032226064540481e-14
0,1.4006468246548027e-17
0,5.0420180506813086e-15
0,1.4619766105491595e-16
0,9.89051812632781e-17
0,5.768628544227506e-17
0,9.635512912004697e-06
0,3.571339590322862e-17
0,9.882904931168057e-19
0,5.80326222473425e-17
0,4.7089350613283035e-17
0,6.962004312619201e-17
0,1.8723387248215982e-13
0,4.380391099691625e-09
0,4.798114931452136e-11
0,2.9708685787150805e-17
0,1.0673727121640114e-14
0,5.1709214706390716e-17
0,1.0566811716850037e-14
0,2.1441919053112943e-18
0,1.0700163052458345e-13
0,6.623627577818863e-17
0,4.131428704833259e-17
0,4.898907319220242e-06
0,2.1995916358257495e-16
0,6.976691996510549e-17
0,1.9325045609059086e-14
0,5.4453331394585595e-17
0,1.2848104284297747e-13
0,1.8666342505389004e-17
0,3.913442248251669e-17
0,1.4218914015242002e-15
0,2.3330332859718003e-06
0,1.0287917912450706e-16
0,1.6715318387899122e-18
0,3.44049062259302e-14
0,1.6715318387899122e-18
0,2.225849714171791e-18
0,1.7909714767314798e-14
0,6.94615607148962e-14
0,3.604758278832464e-18
0,2.1039991434167817e-18
0,1.2669894553445797e-13
0,2.8321346712282764e-16
0,1.1072271525751612e-14
0,7.3047992214087836e-06
0,9.387528722229204e-18
0,3.0600845188103157e-09
0,9.96870294266499e-17
0,7.079161883266397e-17
0,9.932761343273004e-14
0,4.47516624513018e-12
0,1.0953771286439753e-15
0,6.117776932898907e-16
0,1.7594422898865756e-18
0,1.897246887984273e-15
0,5.616180445696745e-18
0,1.055879685077959e-18
0,3.530034137455468e-14
0,2.452043642553654e-15
0,1.805667050616982e-15
0,4.9987840514411104e-14
0,1.2147196762923344e-13
0,2.0894166358458795e-15
0,7.41907039155758e-17
0,3.907431081322807e-18
0,4.3190108411856065e-17
0,6.209021631476682e-18
0,4.923434282880611e-13
0,3.57619174147044e-13
0,1.0748265911583562e-17
0,6.159990245745796e-17
0,1.167947857692112e-16
0,1.221798837443879e-15
0,4.292164752305719e-17
0,1.3000254644960665e-05
0,3.806832350021482e-15
0,1.915943961617923e-12
0,1.3240545519309755e-14
0,7.379545163838202e-14
0,2.4529848426374336e-14
0,0.00011629003564659741
0,6.620134226028004e-17
0,2.0606678408099943e-16
0,2.0466060288991804e-12
0,1.0019754415392712e-16
0,3.253338435114144e-18
0,1.0454999633027654e-13
0,2.456771584085364e-12
0,2.0090840332428442e-15
0,6.717577429931805e-14
1,0.9990339364710308
0,6.180636008839163e-15
0,3.778420790207665e-17
0,1.0823572033445495e-13
0,1.927076613251942e-14
0,3.654109743059782e-18
0,1.6042033943719123e-14
0,2.857092329417808e-17
0,4.992190224282553e-18
0,3.60422415372706e-18
0,3.7798589160791425e-14
0,2.4652049315023575e-18
0,9.728237563962026e-16
0,1.082858058815306e-16
0,6.392783591214823e-17
0,2.889653432749793e-15
0,1.4541605037753022e-13
0,4.058672725166063e-09
0,1.3879149762169584e-13
0,1.1841089569222328e-15
0,1.0662654359452743e-16
0,4.227185949149252e-17
0,4.2474093057363725e-17
0,3.909215134768854e-15
0,1.2309065670510057e-06
0,2.0216043392115177e-16
0,6.762555337457291e-17
0,8.69945658482685e-15
0,5.211423996097484e-13
0,4.895855127749509e-13
0,8.371778473204792e-16
0,2.510689256557507e-18
0,2.5708105166142743e-16
0,5.051642365918402e-06
0,4.131428704833259e-17
0,1.6244081000055428e-16
0,1.2417957987401083e-16
0,2.493162473692814e-15
0,2.225849714171791e-18
0,4.44003785065689e-16
0,1.425792898597675e-15
0,8.821220830140633e-16
0,2.187886645255717e-16
0,5.844952041509926e-18
0,9.142137870463532e-17
0,1.9201645929267698e-15
0,6.091671277792741e-17
0,1.4669197731384807e-13
0,1.2760668920179057e-16
0,1.927076613251942e-14
0,1.2223669198097806e-16
0,1.076551092441301e-16
0,9.18099483037907e-14
0,2.1018100176203316e-13
0,5.674734028357498e-14
0,9.728237563962026e-16
0,8.362135820898385e-17
1,0.9999991453195474
0,1.0570527665096204e-15
0,7.957869480954168e-17
0,2.883570181116243e-16
0,2.61738634622575e-13
0,3.10366647779522e-17
0,2.583608138582513e-06
0,1.9472354524897316e-17
0,4.283572429614264e-15
0,1.7426495622942586e-12
0,2.9521462185779882e-15
0,7.321165231030863e-17
0,9.728745453882319e-17
0,6.216139227674105e-18
0,1.2676316422962349e-17
0,1.671382336683843e-18
0,1.2118755272835644e-14
0,1.0581372167585153e-08
0,6.205205530155407e-14
0,1.8501453363709916e-16
0,1.3895051284447734e-05
0,1.6715318387899122e-18
0,2.0321638809422027e-17
0,1.1040396055057962e-17
0,1.3607045141023434e-12
0,4.920523272516622e-16
0,1.1613081797658615e-17
0,2.2213031362433293e-05
0,1.2471047314389948e-16
0,3.504963636519546e-18
0,7.069593367939827e-16
0,1.2158920019269843e-17
0,5.506190497270066e-16
0,2.1018100176203316e-13
0,2.225849714171791e-18
0,8.576123917337667e-16
0,1.312101866792537e-17
0,1.2775956120657201e-14
0,1.3408118305765109e-12
0,3.753989740332684e-18
0,1.2147196762923344e-13
0,2.455287493545421e-17
0,2.5809289997903742e-14
0,2.412823231135109e-18
0,1.884008382551399e-14
0,1.7507022276732992e-12
0,9.788976406856152e-06
0,2.6490929270011795e-18
0,3.522969746064095e-14
0,7.680659548149341e-18
0,7.15708683534253e-18
0,1.6328068609029514e-13
0,2.9532825768645223e-18
0,1.5755178604935774e-14
0,5.963219584484867e-17
0,1.2775956120657201e-14
0,1.6648746401066337e-07
0,8.598987286094329e-06
0,7.280450196465593e-18
0,1.9314913021797463e-12
0,9.755375014837627e-06
0,1.1323544353333905e-14
0,1.3347179534975254e-17
0,3.71707430843078e-17
0,1.446734636779906e-13
0,3.2535281515665962e-18
0,1.7766193474362985e-15
0,1.055879685077959e-18
0,1.7808427908699529e-16
0,5.615229752283262e-17
0,2.065981058104805e-13
0,7.954131324878081e-17
0,1.6308873742915638e-16
0,1.7144601134468572e-15
0,2.876912413653594e-17
0,5.077015923944138e-13
0,2.2554385979068586e-15
0,1.680555625270179e-18
0,2.2755897924833663e-16
0,2.868779654149459e-13
0,5.6978455980554e-18
0,4.412776000857823e-18
0,4.8767999523131625e-12
0,0.0001220939889421535
0,2.1904853812000986e-13
0,1.594101590024418e-17
0,5.920728441990259e-16
0,3.907431081322807e-18
0,2.1464257548087075e-18
0,1.0844484335483873e-16
0,2.832170720193604e-15
0,6.2271644230849155e-15
0,4.1456708794269075e-18
0,4.897256831299857e-17
0,4.1192914388080556e-14
0,5.744570956354744e-14
0,2.622480426567637e-17
0,4.639188465216733e-17
0,5.628960788829316e-18
0,1.8896991607651218e-13
0,3.258381670415737e-17
0,5.650261211592399e-17
0,4.640044502413528e-14
0,2.6453231846030272e-18
0,5.5503845899346676e-18
0,4.400394196151955e-17
0,4.2566281783202964e-14
0,2.1557178237318133e-14
0,1.0372495117776339e-15
0,1.9654513864191115e-14
0,4.286470993400798e-14
0,6.27108855215161e-16
0,1.1786966829666564e-16
0,5.56595860484515e-14
0,7.420755401429293e-14
0,5.674734028357498e-14
0,3.0993464696962243e-15
0,2.0493146354233747e-14
0,1.537470031162583e-14
0,7.708852892241265e-15
0,3.0789530954579336e-18
0,1.538556469378232e-16
0,3.9602220710059155e-18
0,1.6715318387899122e-18
0,1.5768954943046963e-05
0,4.7089350613283035e-17
1,0.9999985088018178
0,6.347131334505566e-16
0,1.4379024556170653e-06
0,3.855219196172276e-18
0,1.4298247614158805e-17
0,1.0012017331256557e-16
0,1.1237487985427485e-13
0,5.4632655793267503e-17
0,7.731330854380705e-15
0,3.1405624843945523e-14
0,9.793486974214308e-13
0,4.893273165957176e-17
0,2.225849714171791e-18
0,5.523096799249355e-16
0,1.196535325205857e-16
0,1.333735106125756e-13
0,4.142521079924845e-15
0,5.357334022728425e-06
0,3.1909852407147075e-14
1,0.9999924984489261
0,1.5772089868356094e-16
0,1.4319530953903897e-13
0,4.285094580840837e-14
0,6.996310333724997e-17
0,1.7330328109971393e-15
0,4.352374628848375e-12
0,1.5393590896697175e-15
0,4.039173131125214e-15
0,7.321997595194989e-18
0,1.212184637641099e-14
0,7.706893037171609e-15
0,1.671382336683843e-18
0,2.25954352643409e-16
0,5.489831748171616e-13
0,9.11737601443209e-19
0,3.389171909240462e-18
0,1.2158920019269843e-17
0,1.0564256296198768e-16
0,1.1237487985427485e-13
0,1.3879149762169584e-13
0,2.7470929582743057e-15
0,6.153878844588872e-17
0,1.488247643849465e-13
0,3.907431081322807e-18
0,9.117659856321902e-19
0,7.597423760932936e-05
0,8.288335727436925e-18
0,1.1279962931695742e-11
0,2.1754219527016223e-12
0,5.232907784219292e-13
0,7.150697663203956e-18
0,2.2453360044908053e-18
0,1.5667850058914127e-12
0,3.274311890794657e-14
0,4.811220566305102e-14
0,8.912730900196883e-12
0,5.2941563538387223e-17
0,2.4640901641942917e-13
0,4.08062893793948e-18
0,8.827823685712215e-18
0,1.8543033005071538e-16
0,1.7369151329821012e-07
1,0.99999789359971
0,1.3433609011917723e-17
0,5.646723349413854e-14
0,1.510656940821045e-12
0,1.4181022188956688e-15
0,1.7947082726291616e-15
0,1.0934583319950695e-16
0,5.077015923944138e-13
0,3.451306665666701e-05
0,1.3253742437983214e-16
0,7.920858395542672e-17
0,3.49755550784827e-18
0,4.641396301210935e-17
0,3.98165108549632e-15
0,7.977692696483828e-13
0,4.436827934526786e-06
0,2.305768870663174e-18
0,7.657094355275745e-14
0,4.579584962100065e-18
0,1.6264304352886081e-15
0,1.948630087392014e-13
0,1.8095154152332689e-13
0,1.2999366781628617e-18
0,9.937397451263615e-13
0,6.912943378431776e-07
0,1.561460506370275e-16
0,8.090184868802279e-16
0,1.1237487985427485e-13
0,3.6248464035189617e-14
0,8.986978024604202e-18
0,7.464986549639151e-13
0,9.18099483037907e-14
0,1.483170520944727e-17
0,6.29313634443771e-17
0,4.769403050337775e-15
0,5.203108824121333e-14
0,3.635113454526955e-15
0,1.927076613251942e-14
0,6.596411195290517e-15
0,6.02097212250521e-12
0,4.2014536868213107e-16
0,1.4721169800175503e-13
0,9.289982074957395e-14
0,2.8222346579420523e-05
0,1.6715318387899122e-18
0,1.3000254644960665e-05
0,1.5042804681711536e-17
0,1.9285518970795654e-13
0,2.2948806466206287e-12
0,1.060352117338482e-12
0,1.6720826412675214e-13
0,8.183469232725571e-18
0,6.27568713566356e-18
0,2.8533873783088544e-12
0,1.5163093569418214e-05
0,6.2245363948974625e-12
0,4.981683653232544e-14
0,2.6542542367406148e-14
0,1.93123040601606e-06
0,6.088106899157638e-17
0,3.141833322565438e-17
0,5.498334608424248e-16
0,2.339131997184723e-06
0,4.771216083565212e-17
1,0.9999992284246444
0,2.6509261920100197e-14
0,4.657560935068863e-11
0,7.29940187027621e-14
0,1.209825472962854e-15
0,8.550265320282071e-18
0,1.3009337077682554e-15
0,9.17258769194802e-18
0,7.671965375076234e-13
0,4.849211875896125e-18
0,4.736334978505934e-13
0,2.098914449233177e-14
0,3.238927399848924e-16
0,3.976803121031238e-12
0,4.833328518003001e-05
0,1.3008336965967249e-15
0,5.81207746487527e-17
0,2.601600844147068e-17
0,3.9035443303844976e-17
0,1.4827557546325017e-05
0,1.2360070332792242e-17
1,0.9999990420195504
0,8.195354140820668e-05
0,1.118687719288891e-14
0,3.1826006169816926e-12
0,3.913442248251669e-17
0,4.412776000857823e-18
0,2.190471559729213e-15
0,4.695424112830781e-15
0,3.913442248251669e-17
0,1.7524924385688477e-17
0,1.927076613251942e-14
0,1.805667050616982e-15
0,0.0012393184936036765
0,1.1237487985427485e-13
0,1.3323892153117085e-16
0,3.2535281515665962e-18
0,6.090894379553895e-06
0,5.628960788829316e-18
0,9.552488648856267e-09
1,0.9999935586053007
0,2.1330904848037067e-13
0,7.079382271532062e-17
0,1.6715318387899122e-18
0,1.544532243405719e-12
0,6.288685282376222e-07
0,2.0796778859299426e-13
0,4.08062893793948e-18
0,3.630244287641444e-18
0,3.227860751648803e-09
0,2.0532786031766855e-17
0,1.671382336683843e-18
0,1.8425489525459256e-15
0,2.6992606571057712e-17
0,2.2806987717374482e-17
0,1.220195887734784e-16
0,2.0796778859299426e-13
0,2.577667441279902e-18
0,2.305768870663174e-18
0,3.0053767662079037e-06
0,4.556590343338728e-18
0,1.4059766526656028e-13
0,1.0805458572662664e-15
0,6.207661863683002e-16
0,7.634987725511322e-16
0,3.44445112267224e-14
0,1.5252482717909903e-16
0,6.718557925541944e-13
0,1.6715318387899122e-18
0,2.9976528472961173e-15
0,9.439520213215935e-18
0,4.146143503396602e-05
0,1.3746635291188862e-16
0,8.48761843363992e-15
0,8.979915645733902e-12
0,1.19872291164215e-05
0,2.1464257548087075e-18
0,8.659556734372756e-15
0,2.2962958272192853e-16
0,6.924563247773534e-17
0,2.4775758463800916e-05
0,0.0003045759514419756
0,9.921354411580865e-17
0,4.977509652278786e-18
0,3.941665109670463e-15
0,3.2752968544915554e-14
0,4.678881214491602e-15
0,4.720595338474397e-18
0,3.907431081322807e-18
0,3.24378335404112e-18
0,6.09639893445155e-17
0,3.311464758114859e-16
0,1.4612185951728987e-14
0,2.139463154161291e-13
0,5.3773011022281695e-17
0,1.762794217918625e-15
0,1.2801187664168556e-11
0,3.895122341327009e-18
0,1.6714343701110368e-18
0,2.3739683290379275e-17
0,8.354104461555483e-18
0,7.957869480954168e-17
0,3.203387088959218e-17
0,6.353415125321789e-16
0,1.2461414555992055e-07
0,3.5049594945389395e-16
0,5.995511680358782e-17
0,1.9633529881988526e-17
0,3.448910670903455e-17
0,3.3712224092036324e-17
0,2.4212353978206805e-17
0,3.4633706145082124e-13
0,4.672513602917058e-16
0,5.54063290753747e-13
0,2.9569768275803864e-14
0,2.6813136257640417e-05
0,7.357962962309463e-16
0,8.139227561027406e-05
0,1.1237487985427485e-13
0,5.818343890850327e-18
0,4.1747965702642463e-13
0,1.9638911621086087e-16
0,1.227987445493589e-16
0,1.9174159306503116e-18
0,2.7163362172411927e-15
0,3.9035443303844976e-17
0,2.305768870663174e-18
0,3.230935970522893e-14
0,4.849645629066964e-18
0,3.367115014990781e-15
0,2.0770389541122283e-16
0,1.7319181249148595e-06
0,1.1237487985427485e-13
0,4.464823555059631e-18
0,1.0420987835616943e-13
0,1.087778994507635e-14
0,1.598993373717605e-17
0,1.896378140844737e-17
0,1.6576819061459755e-15
0,4.9860310281939286e-18
0,1.6715318387899122e-18
0,3.575631978641254e-13
0,3.2350011064560373e-18
0,1.0086617674909651e-05
0,7.21807675106671e-14
0,9.618629179848876e-17
0,1.9481157407675903e-18
0,5.768628544227506e-17
0,1.9354156596500835e-12
0,6.924563247773534e-17
0,1.9032982779400727e-05
0,1.8699511814316604e-15
0,7.466367556943106e-16
0,5.607285385574327e-16
0,1.2641175316050466e-13
0,8.241169661657481e-16
0,2.1209489936082246e-15
0,4.358208919337018e-17
0,4.59958897812296e-18
0,2.4640102547785514e-16
0,1.5708437787098425e-15
0,1.8237891445137072e-15
0,2.2991370761379725e-14
0,3.899526102709979e-14
0,5.408660697907293e-07
0,7.690966733744329e-06
0,4.849645629066964e-18
0,3.9035443303844976e-17
0,4.08062893793948e-18
0,3.504963636519546e-18
0,4.475130048851406e-13
0,3.214494389163325e-16
0,5.919723751660458e-16
0,3.98165108549632e-15
0,3.331754377488536e-13
0,3.542637152080166e-14
0,2.2602245165554632e-17
0,5.312294075543141e-13
0,3.5512507671733013e-06
0,1.927076613251942e-14
0,7.351529904529771e-17
0,1.0427404022738708e-15
1,0.9999956291782609
0,1.3720205742190932e-18
0,1.1049896780180288e-16
0,8.427820378664272e-13
0,8.435767222959415e-14
0,1.135089957908107e-08
0,5.5904060708570726e-14
0,3.8539879868708625e-14
0,9.757298565924824e-17
0,1.7894168734233818e-16
0,2.0090840332428442e-15
0,1.2591506622391035e-05
0,1.3924744251912343e-05
0,2.1018100176203316e-13
0,8.762335823583929e-14
0,2.455287493545421e-17
0,2.4983496074756132e-12
0,2.9434647848218255e-14
0,1.6715318387899122e-18
0,1.4846338175309948e-13
0,9.668228353709509e-17
0,1.6317409948460877e-16
0,2.9532825768645223e-18
0,1.3599702220520469e-16
0,4.0635746135870985e-14
0,2.0976333154703578e-16
0,3.437858895057997e-17
0,1.3311128971209902e-13
0,6.543253637745863e-08
0,9.539343978957002e-15
0,2.9767549429157056e-15
0,1.868086018513538e-14
0,6.942798360539391e-14
0,1.6714798023284206e-18
0,2.1511934186365522e-17
0,3.972575460336747e-14
0,4.058575897137802e-13
0,1.0844484335483873e-16
0,1.1220973580345831e-05
0,1.8191312908221404e-15
0,1.5391148468228365e-17
0,9.780298497252241e-17
0,2.7361582974349166e-18
0,1.9174159306503116e-18
0,2.9736914895862615e-11
0,1.2044270951704697e-15
0,9.11737601443209e-19
0,6.411661083337487e-18
0,5.282878318214424e-18
0,2.2086963562209433e-14
0,4.224549714201771e-14
0,7.177337981173906e-18
0,3.9659866878057696e-16
0,3.111704530747194e-16
0,1.0433522385742489e-13
0,2.3876496992858337e-18
0,1.6399743348229738e-17
0,3.5327797300175623e-13
0,2.788445079653525e-17
0,6.869705369282639e-17
0,1.0454999633027654e-13
0,1.329807270192857e-18
0,1.2496229995082543e-13
0,2.1643011765200833e-18
0,2.1740958347127624e-13
0,2.1464257548087075e-18
0,5.966504964320007e-18
0,4.08062893793948e-18
0,1.4181661775702538e-16
0,7.553301961908815e-17
0,1.2680636183900652e-14
0,1.064252153766314e-18
0,4.143011814854665e-17
0,8.550265320282071e-18
0,4.131669626585814e-17
0,4.904678603512561e-15
0,3.1443985100488413e-13
0,4.148328074928967e-18
0,4.992190224282553e-18
0,6.200498028191425e-17
0,5.863269870171182e-13
0,6.677722516863215e-13
0,2.2064168605118773e-07
0,1.0021979693317017e-17
0,4.7089350613283035e-17
0,1.5556829195223837e-15
0,8.150062751595309e-14
0,9.489463093516505e-17
0,1.0465478478536755e-17
0,8.602940526115354e-07
0,5.144917514613112e-18
0,7.659264250437734e-18
0,8.27383082489086e-06
0,8.919153760328594e-06
0,3.5459087634309944e-16
0,1.6715318387899122e-18
0,5.077015923944138e-13
0,1.1291910245009751e-17
0,2.2305642430081968e-14
0,1.0995530679836606e-05
1,0.9999989350725816
0,3.0211445739023203e-18
0,1.4505624517951587e-16
0,7.291715049719128e-13
0,5.400098565091519e-13
0,1.4029570449429116e-13
0,1.852142181726203e-18
0,9.43896978543284e-18
0,5.21905142733627e-18
0,1.1229860999025173e-13
0,1.3352568012607964e-14
0,4.08062893793948e-18
0,4.131669626585814e-17
0,3.907431081322807e-18
0,3.430298342053164e-13
0,7.64590491311007e-18
0,3.935021754813289e-18
0,5.566438576890064e-17
1,0.9999990167422586
0,2.0476678977898493e-14
0,2.173187027216332e-17
0,1.0287917912450706e-16
0,4.725613003564754e-18
0,1.366421112867046e-10
0,1.9875836207035555e-14
0,1.162551211073063e-05
0,3.637719438101292e-17
0,9.572688731950177e-14
0,4.331671047051513e-18
0,4.977839840745209e-18
0,1.1344735860788922e-05
0,1.5941037047458797e-17
0,2.346776676147039e-13
0,2.784245473091638e-16
0,1.9630168260486382e-16
0,2.4203359107313805e-14
0,1.9561792817031557e-15
0,1.3476556999718552e-16
0,4.3845374417594834e-13
0,2.9841134139073883e-13
0,1.0420987835616943e-13
0,3.475108186992811e-12
0,6.209021631476682e-18
0,4.849645629066964e-18
0,1.0620444655878384e-18
0,3.9917574945711863e-16
0,2.433172661076375e-06
0,1.9004106413076424e-13
0,0.000164034130356864
0,1.453368161789019e-05
0,6.30587168494648e-06
0,2.1395838858562e-05
1,0.9999981279344131
0,3.8551574989766256e-18
0,4.80476443122112e-18
0,9.608390448583712e-13
0,2.7187957637988156e-13
0,7.002721757005465e-11
0,4.639188465216733e-17
0,2.4215145975413562e-14
0,7.655489752453049e-17
0,6.970118395171433e-17
0,1.891795030812694e-18
0,1.364834894265426e-12
0,1.0794605316288196e-17
0,1.7718513253724444e-13
0,0.00016624753476198923
0,1.0800740021173143e-13
0,1.2639638275345273e-08
0,1.948630087392014e-13
0,6.109023994146464e-06
0,2.384023835001353e-18
0,1.9174159306503116e-18
0,1.338624167797804e-13
0,2.7187957637988156e-13
0,2.7361582974349166e-18
0,1.2531701105893932e-16
0,7.731330854380705e-15
0,8.281054442224105e-06
0,7.957869480954168e-17
0,8.891214115747978e-15
0,7.206737388801857e-13
0,1.0179236220782343e-14
0,9.444531668758085e-16
0,3.8534517818500755e-17
0,1.9385077959764492e-12
0,1.3440122100932756e-15
0,4.334828609872093e-17
0,2.1033190037268544e-15
0,5.0408903668237016e-17
0,1.0864928087593114e-05
0,7.011959539592635e-17
0,2.7085340276819923e-16
0,1.642927584546782e-14
0,7.368295476208881e-12
0,1.0993280416564605e-17
0,6.356898439591262e-17
0,4.725613003564754e-18
0,1.6715318387899122e-18
0,3.500874102650127e-13
0,6.785025323607089e-05
0,6.211157556716296e-13
0,9.972938901021592e-17
0,3.605463830624658e-13
0,9.117659856321902e-19
0,1.846620924217191e-17
0,8.733568706182972e-16
0,1.0728619766088365e-14
0,1.324554490455675e-17
0,4.806635912395018e-17
0,1.6715318387899122e-18
0,6.159103501964906e-18
0,4.200091170595296e-15
0,1.5808615808204358e-17
0,2.6025962780467335e-16
0,4.379948837788208e-17
0,2.639718587535858e-15
0,1.0649120811329124e-05
0,1.6864321159179347e-06
0,8.309225841165471e-17
0,1.3185592372145193e-13
0,5.024235624698319e-15
0,1.3582940063663255e-05
0,5.793955865732307e-16
0,2.8673154451348973e-05
0,7.942679174627414e-18
0,4.1205485298677164e-15
0,4.472610549697191e-18
0,5.6909281669887e-07
0,1.4721169800175503e-13
0,4.1899691654733905e-12
0,6.080790375029696e-16
0,7.080295999406345e-17
0,7.69706313624396e-17
0,1.927076613251942e-14
0,3.497664393646498e-18
0,2.0069173874038556e-16
0,1.7491291230106177e-14
0,1.3488378051657414e-16
0,1.1216037007219492e-12
0,9.516431344710633e-14
0,1.4018886932132961e-14
0,1.2147196762923344e-13
0,1.146408012151855e-16
0,1.1291910245009751e-17
1,0.999995553721498
0,2.0648082813471705e-15
0,8.519521168628974e-17
0,7.496848713265365e-17
0,1.2268437451533452e-17
0,7.270478619811306e-14
0,3.907431081322807e-18
0,4.904678603512561e-15
0,1.0014850854601522e-14
0,7.310122910199601e-16
0,7.4250880074309e-18
0,2.6508436660206716e-14
0,9.189484950456877e-18
0,2.82940882069446e-06
0,2.0092296546319205e-17
0,8.69504244714297e-17
0,6.096096003327041e-18
0,7.611361223445672e-14
0,2.2305642430081968e-14
0,2.16135430350034e-05
0,9.079883456815579e-18
0,3.79857451952594e-15
0,1.0905941479628402e-16
0,1.1237487985427485e-13
0,3.083438520971487e-16
0,1.927076613251942e-14
0,1.4491877406557404e-15
0,6.689769028477267e-18
0,2.225849714171791e-18
0,1.8419547867364723e-16
0,2.2614504721158194e-14
0,5.602379911632554e-06
0,1.353321948904569e-16
0,5.2010515022891646e-17
0,7.708242488560864e-18
0,5.206069335523436e-06
0,7.713311732715514e-12
0,1.3247463510258348e-05
0,6.945897067663419e-05
0,3.0892105022753254e-16
0,5.245044244831849e-17
0,1.6715318387899122e-18
0,9.672382189046052e-10
0,1.5031773827510675e-14
0,6.783752346963079e-15
0,1.4956393908364336e-14
0,4.972907780320527e-15
0,8.36541894899536e-17
1,0.9999981546727459
0,0.00039331612979278904
0,2.2844498358479764e-13
0,3.342327821925747e-15
0,2.3070713548102832e-12
0,8.550265320282071e-18
0,1.162551211073063e-05
0,1.854774998891229e-05
0,2.2806277712987754e-17
0,1.3523492364527396e-16
0,8.765185434247396e-14
0,4.426691294609063e-16
0,4.7286725941714094e-06
0,7.623097262966345e-15
0,4.511012620450765e-06
0,8.217516145833314e-19
0,6.033807155396409e-13
0,3.4081348649990103e-15
0,1.8635338883753336e-17
0,2.3220962704023096e-16
0,8.823731403371136e-06
0,2.252119121284615e-13
0,2.225849714171791e-18
0,8.260250179104142e-05
0,7.220406539176936e-16
0,1.8026428955729752e-05
0,1.5377572010523906e-15
0,8.000389391285656e-17
0,2.3976778993335205e-16
0,5.863123020252894e-13
0,1.6715318387899122e-18
0,1.040039670836911e-17
0,1.7186585019805695e-13
0,2.0796131434729177e-13
0,5.628960788829316e-18
0,4.08062893793948e-18
0,8.84303672704113e-16
0,9.93770032160051e-17
0,2.6490929270011795e-18
0,4.0587213545878794e-14
0,1.5006273858400968e-13
0,1.6212284403260657e-16
0,1.0023888677222078e-17
0,9.341247857348023e-17
0,7.080295999406345e-17
0,7.478892541294961e-13
0,1.6715318387899122e-18
0,4.849645629066964e-18
0,2.2213031362433293e-05
0,1.598993373717605e-17
0,1.79344942996754e-17
0,4.296704816329039e-15
0,1.1779504943982164e-05
0,2.8309952490236374e-17
0,1.1321894987367673e-16
0,1.2856959637307339e-05
0,7.786707776711637e-14
0,4.064897734807249e-19
0,4.540988601384551e-13
0,1.6328068609029514e-13
0,2.9236491747354884e-18
0,6.613525611893581e-17
0,9.18099483037907e-14
0,2.61576916154591e-16
0,9.18099483037907e-14
0,3.913442248251669e-17
0,1.1732870651025402e-13
0,1.927076613251942e-14
0,1.8183832681994065e-12
0,3.8510196571904354e-16
0,9.117659856321902e-19
0,1.0853821473553566e-05
0,2.171401461224443e-15
0,2.4350832168318303e-05
0,3.70907524023591e-13
0,3.822167141603531e-13
1,0.9999998522960215
0,2.4018035606822415e-18
0,6.299891416307871e-18
0,1.2551222942940617e-16
0,1.0225079064149024e-14
0,1.5006060706900827e-16
0,3.844024522763998e-14
0,3.9035443303844976e-17
0,5.119021764356758e-17
0,2.157765255216745e-14
0,2.423327112938439e-16
0,2.6490929270011795e-18
0,4.189250626582213e-16
0,3.622264253104544e-06
0,2.852045164556723e-17
0,1.3879149762169584e-13
0,3.951674623592324e-14
0,2.719305226556399e-14
0,2.5820902804852787e-12
0,6.193082332661275e-11
0,1.0027240345445919e-16
0,3.4688346170408845e-16
0,2.7215057244433154e-15
0,1.6715318387899122e-18
0,7.074173500743839e-12
0,8.502831492078377e-13
0,2.6453231846030272e-18
0,1.3111779715215305e-10
0,1.923339017739345e-18
0,4.8877901070588835e-17
0,4.958077666851414e-17
0,2.887052832095732e-16
0,5.558055310017635e-15
0,1.8184332946253074e-14
0,6.532510844319982e-14
0,3.448910670903455e-17
0,1.4181022188956688e-15
0,2.2748850980186185e-16
0,3.079605886605874e-17
0,1.2856959637307339e-05
0,4.7089350613283035e-17
0,1.3804391756175954e-13
0,2.539374981520036e-15
0,2.443144335742944e-14
0,7.675961742453093e-14
0,1.1068114267481506e-16
0,1.2471047314389948e-16
0,1.0561282606519775e-16
0,9.175594048266493e-17
0,1.3015611483869179e-16
0,5.687645190163654e-17
0,2.7705081354421922e-14
0,3.744468655538916e-12
0,1.6422474054652192e-15
0,4.142521079924845e-15
0,4.200091170595296e-15
0,1.5470283574267839e-16
0,2.009937537947369e-14
0,3.458074260491948e-18
0,1.927076613251942e-14
0,1.372240904888958e-13
0,1.9032982779400727e-05
0,1.8435893888351326e-14
0,1.4354472147575116e-05
0,2.9352327871584906e-16
0,1.3555102684543397e-17
0,3.572329472422883e-14
0,1.8561806393724247e-16
0,3.208705917544289e-14
0,1.3488378051657414e-16
0,4.089253804493229e-17
0,1.6812529109707973e-11
0,5.631253418993021e-17
0,2.2562925630991287e-16
0,1.367660795732194e-13
0,9.405572783203549e-17
0,3.816364075239753e-12
0,1.4964966097771624e-15
0,1.3607045141023434e-12
0,2.2451873866355863e-18
0,7.400355195215319e-16
0,1.3487471330017581e-15
0,5.509805114526153e-17
0,1.9645646172783757e-05
0,6.096096003327041e-18
0,3.180840833707157e-13
0,1.0934358360087795e-05
0,3.055714611395006e-06
0,1.1040396055057962e-17
0,2.9532825768645223e-18
0,8.475704911695056e-14
0,7.348056662272554e-16
0,3.76425597488837e-17
0,4.849645629066964e-18
0,6.411661083337487e-18
0,3.1923597697463433e-18
0,4.849645629066964e-18
0,7.933531517772572e-16
0,5.48452000166197e-17
0,5.628960788829316e-18
0,1.331024678129343e-14
0,1.598993373717605e-17
1,0.999999519215159
0,1.7871778455303897e-13
0,1.6715318387899122e-18
0,1.2480270359165078e-17
0,3.183925202088173e-14
0,4.2778705359603255e-14
0,4.3379046844731796e-17
0,8.217516145833314e-19
0,1.8632310131856923e-18
0,1.3454367983010309e-15
0,9.494425411479049e-07
0,4.6822924175459774e-14
0,1.2085380431424158e-05
0,5.30529521784854e-17
0,2.4543325618999805e-18
0,5.174607084380468e-13
0,6.762093898248233e-18
0,3.1067790008836284e-18
0,9.532864306839679e-16
0,3.519220017678043e-14
0,1.4500078815458193e-16
0,0.00011698524607169558
0,7.35654187696351e-18
0,1.5119432704820644e-05
0,3.343733813210434e-10
0,1.9373894851578266e-14
0,2.902010943584033e-17
0,3.198067391329951e-15
0,2.539816107753818e-17
0,2.1175134362619242e-16
0,3.619541993274113e-14
0,1.4812139906182207e-05
0,1.0414419868348929e-15
0,9.015039962821182e-18
0,2.3916000621445484e-05
0,5.077015923944138e-13
0,1.1040396055057962e-17
0,3.860243561118256e-17
0,1.0304906117856737e-17
0,1.1441896212463306e-13
0,4.8657031044569955e-18
0,6.411860690987304e-18
0,9.055230655002151e-15
0,1.4492056143124548e-18
0,2.308879787340757e-13
0,3.572179804789695e-13
0,4.508211268671389e-13
0,3.380451896556416e-18
0,6.731539291327557e-17
0,1.8297770743522886e-05
0,3.273932773116242e-17
0,1.1754920116310333e-16
0,6.780289527107639e-17
0,9.387528722229204e-18
0,4.08062893793948e-18
0,6.582814851673539e-17
0,1.0639467799224451e-16
0,1.644889174429002e-05
0,4.808225519408397e-14
0,3.4745454466436604e-15
0,2.7968398450374957e-09
0,2.3668626113663683e-14
0,3.0350421612877e-16
0,1.3582940063663255e-05
0,3.2752139836065325e-14
0,7.611869886125156e-06
0,2.6509261920100197e-14
0,1.6328068609029514e-13
0,6.337710824663007e-14
0,2.382432489903059e-07
0,1.2449508967479474e-13
0,8.282721490070055e-13
0,4.5342319126669775e-17
0,1.3423911547523583e-15
0,2.7761126182234336e-15
0,1.6878911646627536e-14
0,1.775617663792238e-13
0,1.1040396055057962e-17
0,7.942679174627414e-18
1,0.9999948411875658
0,2.640289536562506e-05
0,1.948630087392014e-13
0,1.8632310131856923e-18
0,4.2474093057363725e-17
0,1.3629268104157805e-16
0,1.440053896603008e-13
0,5.3153612857503994e-15
0,3.7841774116614804e-18
0,2.7225656033858393e-05
0,1.3240545519309755e-14
0,4.8436335538420706e-05
0,3.0782186643109893e-13
0,1.6612605560649124e-13
0,2.233489991274172e-16
0,2.4277932508472232e-18
0,9.89051812632781e-17
0,5.6978455980554e-18
0,1.638386053305701e-15
0,8.05268302226027e-06
0,1.3555102684543397e-17
0,3.4353223328301393e-13
0,1.4562321562346885e-16
0,9.607164959622584e-16
0,3.0214334880233156e-14
0,8.336437313238798e-16
0,6.10661016016157e-13
0,3.255915996212497e-16
0,6.604773562901781e-14
0,6.923658208555636e-16
0,2.3489914041964234e-16
0,1.4682504164775974e-05
0,4.977839840745209e-18
0,2.1305857465913026e-13
0,4.047778615558352e-17
0,3.9035443303844976e-17
0,3.3876521990757756e-18
0,2.4322254392719937e-18
0,1.0445416010202404e-15
0,3.012312865033574e-06
0,1.6715318387899122e-18
0,7.9211937803541e-18
0,7.648309335622172e-18
0,5.2010515022891646e-17
0,1.3367066882206564e-13
0,3.5375356120945225e-18
0,1.1047834087437142e-14
0,1.6238745570990729e-12
0,4.695690293171256e-06
0,1.598993373717605e-17
0,6.613525611893581e-17
0,5.8874351295008875e-18
0,1.442758767049617e-16
0,1.1237487985427485e-13
0,4.224173384216235e-06
0,4.022877373866739e-13
0,3.7915003183819416e-14
0,4.3471857171519654e-13
0,2.225849714171791e-18
0,1.7581973014817598e-13
0,9.175594048266493e-17
0,4.148328074928967e-18
0,1.404088960693443e-13
0,4.9889707503720396e-15
0,1.598993373717605e-17
0,4.465119733941307e-18
0,1.1879469020482291e-17
0,5.0420180506813086e-15
0,2.446774234753524e-18
0,4.525410081699094e-14
1,0.9999977289748433
0,2.7343127353836885e-15
0,2.594678305154284e-12
0,1.18269215154095e-16
0,4.348216544866673e-18
0,3.832048902633851e-18
0,7.942679174627414e-18
0,1.790817134450846e-13
0,2.3227181421684107e-06
0,2.2144762731612145e-15
0,3.0769175173270794e-14
0,2.3841628579015402e-18
0,1.6182172862399973e-12
0,1.6814428683657609e-13
0,9.986971288023068e-16
0,6.064410550132083e-17
0,1.4850813341707744e-06
0,1.540686010171965e-16
0,4.7089350613283035e-17
0,1.4339149608888734e-16
0,6.379241290791182e-14
0,3.949730471018379e-14
0,5.312294075543141e-13
0,9.932761343273004e-14
0,1.1237487985427485e-13
0,1.881268046614143e-17
0,1.0477650288179631e-05
0,2.6459564587613114e-17
0,7.369429931288403e-14
0,1.7299295457393782e-18
0,5.969622248841593e-17
0,1.8076237150794837e-15
0,8.93512720042887e-06
0,9.052864974864455e-17
0,1.162551211073063e-05
0,7.657010246633347e-14
0,4.412776000857823e-18
0,3.4411700410261684e-14
0,5.017890142899586e-12
0,1.0071966453964561e-16
0,7.957869480954168e-17
0,1.6621719843230254e-15
0,4.066880596766851e-18
0,8.208094108008009e-17
0,9.237676806823241e-14
0,3.0789530954579336e-18
0,1.8259521766785532e-14
0,6.490431579610893e-17
0,1.7252306079688566e-11
0,1.1636909259594306e-15
0,2.1446709354758524e-13
0,1.4669197731384807e-13
0,2.2144762731612145e-15
0,1.944393796879536e-13
0,1.0566811716850037e-14
0,3.8256157376926996e-16
0,4.231396899251042e-06
0,1.1349632392827254e-14
0,2.423327112938439e-16
0,1.5006273858400968e-13
0,1.6067927068062458e-11
0,6.903064955340226e-14
0,1.0204732333467548e-13
0,1.9119344550504672e-12
0,1.6032839325656324e-15
0,3.497664393646498e-18
0,2.225849714171791e-18
0,8.946864785119442e-17
0,1.957209849530571e-16
0,3.0704141330788806e-18
0,1.632243967486942e-05
0,5.9567931096276e-18
0,1.1237487985427485e-13
0,3.603184177521245e-06
0,3.1884005959910786e-14
0,6.545635016606763e-14
0,6.30924571624993e-17
1,0.9999975780359318
0,4.0460147488472645e-13
0,7.447539642522564e-17
0,3.98165108549632e-15
0,2.0937017468428317e-14
0,1.4633227347013943e-16
0,2.309141626663839e-16
0,1.145770407120838e-16
0,7.07874909031786e-17
0,1.8722844864172715e-09
0,3.630244287641444e-18
0,3.2246503310215898e-16
0,2.437690911513765e-15
0,3.751300589601178e-15
0,1.1237487985427485e-13
0,1.927076613251942e-14
0,1.0359126306642284e-08
0,4.253243314673138e-17
0,7.448563032301559e-17
0,1.6715318387899122e-18
0,0.00025382267902118277
0,3.2915319389490946e-15
0,4.08062893793948e-18
0,1.3879149762169584e-13
0,1.5950408627897161e-16
0,3.605463830624658e-13
0,3.605463830624658e-13
0,3.523382679858159e-06
0,4.8459367121528935e-14
0,1.238850447372753e-15
0,2.1579335520272866e-18
0,1.0995984347384553e-12
0,4.774692024395765e-14
0,2.2171397831556155e-06
0,4.814470716567964e-15
0,2.2211151476372759e-13
0,2.2305642430081968e-14
0,2.204908273395993e-16
0,2.741995356711107e-18
0,1.9472354524897316e-17
0,3.822167141603531e-13
0,3.6732792198625707e-16
0,8.608517066798403e-14
0,7.85863804841289e-16
0,5.0408903668237016e-17
0,2.4652049315023575e-18
0,9.538239461713678e-18
0,6.244847423026243e-17
0,9.13908853446798e-16
0,1.6715318387899122e-18
0,1.5055481858432417e-15
0,2.2806277712987754e-17
0,2.7224795546328662e-12
0,4.639188465216733e-17
0,3.9501772214929996e-17
0,1.56011870829945e-15
0,2.4542400461131255e-18
0,4.781098740910166e-06
0,4.3426784802521113e-14
0,4.725613003564754e-18
0,1.2590433062226516e-16
0,4.514174964250149e-18
0,7.404248510087279e-17
0,1.6928734178497044e-13
0,1.5980921754214615e-16
0,1.227987445493589e-16
0,2.2502933895517056e-13
0,8.070573431532678e-06
0,4.849645629066964e-18
0,3.921630236604094e-18
0,1.5947134090462668e-15
0,4.196954002534987e-15
0,3.7581910171753143e-14
0,2.1313371801739182e-16
0,2.0583258345677673e-13
0,1.3469999154588647e-16
0,1.3842745187215748e-13
0,9.356900269298364e-14
0,2.1232413901539735e-16
0,5.0795792851966024e-18
0,1.4714429176045967e-16
0,1.2147196762923344e-13
0,2.3723664122155693e-16
0,1.1518807149444349e-13
0,1.5919581174973126e-09
0,1.934346203109381e-18
0,6.352116967618076e-18
0,1.6041451081027392e-16
0,9.382731092107902e-15
0,2.2453360044908053e-18
0,2.1417205316160135e-18
0,1.9862832481241627e-15
0,2.574449856692556e-17
0,4.412776000857823e-18
0,1.8099587273069836e-17
0,7.966532741790182e-16
0,7.88032195238278e-15
0,3.8739048377119776e-16
0,1.5283923309849037e-05
0,3.1224649197000745e-11
0,3.9020048277466125e-17
0,1.927076613251942e-14
0,2.5663449931497453e-17
0,9.117659856321902e-19
0,6.770520297103614e-16
0,1.1074479263820384e-17
0,2.9352327871584906e-16
0,1.1639928288072173e-13
0,3.656175062346346e-17
0,1.1887546315976562e-17
0,2.062372854297285e-12
0,4.849645629066964e-18
0,3.6298234304728546e-14
0,2.9479154506805117e-15
0,1.9789968699627774e-13
0,8.733391655072831e-16
0,5.159963714119318e-17
0,1.9739458440586531e-13
0,6.707519430779493e-14
0,1.5204449768272672e-13
0,1.6087232007800024e-17
0,1.1014752789905465e-16
0,1.8560106960323268e-10
0,2.5075786585619148e-14
0,5.119710532027531e-17
0,4.6864984113492043e-14
0,4.08062893793948e-18
0,2.2192815058362757e-12
0,7.085255691974822e-16
0,6.386657211014354e-16
0,1.2702095133483564e-13
0,2.0952791811426304e-14
0,7.228709969215234e-06
0,1.3309714664063482e-17
0,1.5031773827510675e-14
0,1.3053862524176467e-13
0,2.3981523048038606e-16
0,1.714996944811021e-14
0,9.18099483037907e-14
0,1.4535791853197202e-15
0,8.002455527645202e-07
0,5.798162966772015e-13
0,3.49755550784827e-18
0,8.18868521230737e-14
0,1.0410081630169706e-16
0,1.2775956120657201e-14
0,4.689291905695129e-14
0,5.55457393236225e-13
0,4.354428264253773e-17
0,1.156650314838886e-13
0,4.639188465216733e-17
0,5.828991930717922e-15
0,2.347471558050292e-05
0,1.8543033005071538e-16
0,1.4985931963833053e-16
0,3.199797234687005e-12
0,9.376676035474863e-14
0,1.9273453155524244e-05
0,1.3818309665098228e-15
0,1.1684847762837938e-13
0,1.610565048558389e-16
0,8.777282096048601e-13
0,2.099309665408009e-12
0,1.610529564653684e-16
0,3.907431081322807e-18
0,4.880272864388943e-16
0,3.500415478578441e-05
0,1.927076613251942e-14
0,1.0138745925862664e-13
0,1.2543411009491057e-17
0,7.782021088496729e-06
0,2.5994572049303806e-16
0,5.2902036180066215e-18
0,7.080295999406345e-17
0,1.0033906338064033e-16
0,1.0292582986548888e-12
0,1.6328068609029514e-13
0,4.849645629066964e-18
0,9.320421779764356e-17
0,2.9169470889502966e-05
0,1.6328068609029514e-13
0,2.3876496992858337e-18
0,2.1641336902521803e-13
0,1.0436581374074963e-14
0,4.6051692488491124e-17
0,3.833070363081855e-17
0,9.608998282277421e-06
0,6.097185548962381e-17
0,4.826138003621769e-14
0,8.777282096048601e-13
0,4.7089350613283035e-17
0,4.8657031044569955e-18
0,1.1684359970695663e-14
0,3.458129602844205e-18
0,4.441597679617887e-17
0,1.0904077713778346e-16
0,3.220367665543535e-14
0,2.9532825768645223e-18
0,1.7238812760023352e-15
0,4.0564971692956176e-17
0,3.0211445739023203e-18
0,1.6681011980431305e-13
0,1.1237487985427485e-13
0,3.976803121031238e-12
0,2.9079022647502894e-15
0,4.8657031044569955e-18
0,3.605463830624658e-13
0,6.33888874107246e-12
0,1.4410221134325555e-16
0,1.638386053305701e-15
0,4.422613317635304e-17
0,5.357334022728425e-06
0,6.010735978601131e-14
0,1.1984617726009706e-12
0,1.7319181249148595e-06
0,1.2639678738897209e-18
0,3.151112691833888e-17
0,2.261697237121631e-05
0,1.6411447297787088e-14
0,4.286483727701319e-13
0,1.2907924527402526e-16
0,1.9472354524897316e-17
0,1.7319181249148595e-06
0,1.2471047314389948e-16
0,1.1946429653675248e-16
0,1.3119845121673299e-17
0,4.498249027312197e-13
0,1.6646063276911764e-17
0,9.849763584920395e-17
0,1.6715318387899122e-18
0,1.453518777417394e-13
0,5.713660701944976e-18
0,7.474395854230044e-16
0,3.171351403573399e-17
0,1.1335526182349874e-18
0,1.8194753922767136e-12
0,1.3224282603312194e-13
0,5.406853264816712e-08
0,1.2158920019269843e-17
0,1.805667050616982e-15
0,3.8724413971692955e-17
0,5.022580589348652e-13
0,4.3528041761699765e-12
0,3.0290948002570085e-17
0,6.255030330869327e-12
0,1.3555102684543397e-17
0,1.3347179534975254e-17
0,2.2674563143334912e-13
0,4.193032025798663e-16
0,1.1790267564528155e-16
0,6.133418071295491e-17
0,4.971774730206419e-17
0,4.740771475525884e-17
0,1.1010342487001742e-16
0,7.675961742453093e-14
0,1.4497901941507831e-18
0,2.089595584645183e-12
0,9.665361652678358e-17
0,1.1237487985427485e-13
0,6.645787139624828e-16
0,9.18099483037907e-14
0,4.224173384216235e-06
0,7.390144796077361e-16
0,3.855219196172276e-18
0,4.042449001425953e-14
0,1.6588219176113998e-18
0,5.853414680280257e-17
0,7.31826184839371e-15
0,1.6374888463504963e-16
0,2.6813136257640417e-05
0,1.1237487985427485e-13
0,2.912793808550403e-15
0,5.406853264816712e-08
0,1.2056712109660575e-05
0,3.5550919362579014e-15
0,3.430298342053164e-13
0,1.9961973198748326e-16
0,3.2702773572183106e-06
0,1.3120610197463248e-17
0,1.7319181249148595e-06
0,1.979472673087279e-12
0,6.780289527107639e-17
0,1.922121165985401e-05
0,3.133144750336142e-14
0,0.00010113571404345968
0,2.3819727983474145e-17
0,1.6714343701110368e-18
0,2.3239514078576387e-12
0,8.432533361696441e-17
0,4.767974902749231e-17
0,4.161213481910888e-17
0,1.653567873322887e-15
0,3.153485993829856e-18
0,5.406853264816712e-08
0,3.443735416402514e-14
0,4.086270213276193e-15
0,3.0290948002570085e-17
0,3.2239766792267153e-15
0,2.05460681485871e-12
0,1.539460994946113e-17
0,2.6658068232244337e-14
0,8.671985166366572e-18
0,1.3879149762169584e-13
0,1.3244444202028111e-16
0,1.5095404015073966e-13
0,5.203108824121333e-14
0,1.6665691632709408e-05
0,1.705270269997059e-17
0,4.2386477241276964e-14
0,2.427882995633805e-06
0,1.486810309796659e-13
0,2.741995356711107e-18
0,2.4523031914052483e-12
0,1.1046514841511224e-15
0,1.4514960377726847e-15
0,4.2660685492488124e-13
0,1.0570527665096204e-15
0,7.812159073139437e-17
0,4.11102827059087e-18
0,2.334284597248996e-14
0,3.119714837934288e-12
0,3.2749378055361273e-12
0,3.0527424781645106e-16
0,1.6715318387899122e-18
0,5.206069335523436e-06
0,1.4198936037566462e-05
0,8.311518355332878e-17
0,5.357334022728425e-06
0,1.61788686136669e-13
0,7.432016773272153e-16
0,1.889508355006986e-15
0,2.0016817315378625e-12
0,9.83357488412029e-14
0,1.4006468246548027e-17
0,2.4807293508809427e-17
0,7.840377292260913e-13
0,3.0730639058107286e-12
0,2.3723931204075607e-07
0,2.8938651428100514e-17
0,6.847602746172123e-16
0,6.400491829964514e-16
0,1.894588727376535e-16
0,1.927076613251942e-14
0,3.907431081322807e-18
0,1.1668471455643116e-15
0,1.2902503369315156e-12
0,1.984961790155219e-11
0,1.0225079064149024e-14
0,1.325999688968639e-12
0,6.623793475611788e-17
0,9.684134219998471e-17
0,1.4784959777492925e-15
0,3.049881885723534e-14
0,1.7891100579651952e-12
0,1.3629804242628546e-16
0,7.942679174627414e-18
0,1.9942325245531714e-15
0,7.957869480954168e-17
0,4.684876837256548e-15
0,4.920523272516622e-16
0,2.0335940795104733e-07
0,7.02799267753751e-14
0,6.353807829456973e-17
0,4.849645629066964e-18
1,0.9999981527961339
0,2.341520440704948e-18
0,1.0570527665096204e-15
0,2.6284740856439924e-05
0,3.630244287641444e-18
0,2.553501488391566e-15
0,3.3183312382040995e-14
0,7.080295999406345e-17
0,1.6178903688224792e-14
0,5.299114674451539e-13
0,1.8277266249222797e-16
0,1.6576819061459755e-15
0,3.7297382378294484e-17
0,4.2558179128010957e-16
0,2.1018100176203316e-13
0,4.745929406777933e-18
1,0.9999994305696912
0,4.3323545492551434e-17
0,7.674246988618447e-15
0,1.9207686704673473e-15
0,5.671010151932874e-15
0,1.4216224957621596e-12
0,2.1862100313188633e-10
0,1.9955465506127387e-15
0,1.6715318387899122e-18
0,3.584110172806356e-16
0,3.935303480913212e-14
0,1.6715318387899122e-18
0,1.2999366781628617e-18
0,4.8657031044569955e-18
0,7.845642194210524e-17
0,6.432920231489226e-07
0,1.948630087392014e-13
0,4.339509758892777e-14
0,2.355918125750314e-05
0,2.402309627495227e-17
0,2.2562925630991287e-16
0,1.927076613251942e-14
0,5.225715739346318e-14
0,2.0090214884432163e-15
0,4.725613003564754e-18
0,5.2941563538387223e-17
0,4.668044089134545e-18
0,1.2641175316050466e-13
0,1.6137860414161898e-16
0,1.038796650455505e-13
0,2.0105336911120825e-11
0,6.159990245745796e-17
0,8.02585416342617e-15
0,4.08062893793948e-18
0,5.744238936171006e-17
0,5.793243637819963e-17
0,5.972287276318841e-05
0,1.1237487985427485e-13
1,0.9999988873652622
0,3.171886713172545e-16
0,7.324681201403873e-17
0,3.056089335283124e-17
0,4.7089350613283035e-17
0,1.1149060759249393e-14
0,5.884733737906983e-17
0,1.31295299235502e-13
0,1.6844618849087788e-13
0,1.6166020009835852e-15
0,4.8553664086889105e-14
0,6.822077095568575e-05
0,9.612803617126612e-14
0,9.356900269298364e-14
0,9.497946406282984e-11
0,6.363945353068329e-17
0,1.3442867840784673e-16
0,2.5477837188613016e-12
0,8.623903251266559e-18
0,4.4855016102566816e-17
0,4.200091170595296e-15
0,3.0723441429825677e-15
0,1.796092915558176e-05
0,2.1018100176203316e-13
0,2.8061732205743996e-16
0,1.2147196762923344e-13
0,1.3244005061939606e-13
0,5.3773011022281695e-17
0,4.9194855892397744e-18
0,2.2104495570865205e-16
0,7.43101502268336e-15
0,5.467486972288033e-18
0,1.2999366781628617e-18
0,2.761690992720179e-14
0,1.084345222564139e-14
0,8.067093186700086e-16
0,8.593934826381639e-17
0,2.049419753006288e-17
0,2.735230498217538e-15
0,4.200091170595296e-15
0,2.5831271483774498e-14
0,1.3412989154691785e-14
0,1.196535325205857e-16
0,4.401688120984804e-17
0,5.362729215948185e-18
0,1.0104409240795312e-08
0,1.0235615327455968e-15
0,1.3670214031704807e-17
0,1.4218160856536734e-15
0,2.205288065346072e-17
0,7.678433605020245e-18
0,6.411661083337487e-18
0,8.623903251266559e-18
0,1.9667910382601367e-13
0,5.77492506949434e-14
0,3.1386036258622997e-18
0,8.309519133625232e-06
0,5.846826745691595e-16
0,6.4839820951749834e-18
0,9.265765862379262e-18
0,2.225849714171791e-18
0,2.7224795546328662e-12
0,2.2657927377320836e-06
0,9.219034384531483e-17
0,1.927076613251942e-14
0,1.2476219083074274e-16
0,4.784603729626832e-18
0,2.7981512575125025e-16
0,6.970847237399527e-17
0,2.6156343364853963e-14
0,2.1432671021777337e-15
0,1.5167035288404926e-16
0,5.476341920461285e-17
0,1.598993373717605e-17
0,9.01302036411371e-16
0,4.7436433726379213e-17
0,3.0211445739023203e-18
0,1.2147196762923344e-13
0,4.990344941594149e-06
0,1.1790267564528155e-16
0,7.713347687912991e-17
0,1.0112254604869751e-12
0,3.931355251634036e-14
0,1.5351590010216479e-16
0,3.173408448277274e-15
0,2.3052418491330878e-17
0,6.819134189692754e-17
0,3.847634560277284e-16
0,4.0605918733234107e-14
0,1.0228106799868495e-16
0,1.9495381396527146e-13
0,1.9645646172783757e-05
0,9.894705000457039e-17
0,1.308209478136133e-17
0,1.796092915558176e-05
0,3.323970410441246e-14
0,5.2020257871581363e-17
0,1.6576819061459755e-15
0,4.08062893793948e-18
0,8.519521168628974e-17
0,2.1643011765200833e-18
0,1.6160007066274572e-15
0,1.7689273820228458e-17
0,7.191468215524814e-17
0,8.128814747644374e-17
0,1.538556469378232e-16
0,8.445650519597053e-16
0,7.011959539592635e-17
0,3.7474435424768085e-13
0,1.7620826196309003e-14
0,2.571319886975161e-13
0,3.8534517818500755e-17
0,7.0887954949852266e-15
0,2.3160304763320137e-12
0,1.2781779446693993e-14
0,1.0479905255148271e-16
0,1.2231771945481544e-13
0,7.012928734105954e-17
0,7.854746768461752e-18
0,2.1305857465913026e-13
0,5.1742001329013386e-18
0,1.5052239195166407e-14
0,7.342676096870279e-15
0,5.380638663943135e-18
0,1.8794125657887988e-16
0,1.6576819061459755e-15
0,9.002169987526793e-14
0,1.520974977150055e-13
0,3.202478014304767e-17
0,4.56289820370728e-16
0,1.1041954956695019e-13
0,9.208150009878804e-16
0,2.0216043392115177e-16
0,2.065981058104805e-13
0,1.1237487985427485e-13
0,6.932452871257441e-14
0,2.305768870663174e-18
0,8.945938708214462e-14
0,3.761261646798054e-05
0,5.358397700102475e-17
0,2.8234701189923256e-13
0,6.522024112622442e-05
0,1.5755178604935774e-14
0,1.3847843963480592e-12
0,8.557476624640839e-14
0,8.818195538620722e-17
0,1.107485897588124e-12
0,1.1237487985427485e-13
0,7.834037709467355e-16
0,1.4233124555284167e-16
0,2.3126802712749895e-14
0,2.201670842989093e-06
0,8.29894828584987e-15
0,1.8483828525934067e-11
1,0.9999987403295079
0,2.1464257548087075e-18
0,3.635113454526955e-15
0,1.5660246281761595e-14
0,5.725836896351405e-16
0,3.047036009246894e-13
0,1.6715318387899122e-18
0,7.837929706232445e-16
0,1.122882349473434e-16
0,1.1641565518406023e-14
0,1.1237487985427485e-13
0,5.41203089903593e-17
0,2.212207052980782e-15
0,2.8569382456252797e-15
1,0.9999988622753472
0,1.1735642916852429e-16
0,3.192799978664024e-18
0,5.628960788829316e-18
0,1.948630087392014e-13
0,2.015570878634533e-15
0,2.480119244786673e-15
0,2.844450333724601e-15
0,7.35654187696351e-18
0,1.0890111004647427e-15
0,4.533658508131094e-15
0,3.205250778643358e-05
0,3.305372246426542e-15
0,4.09793453012197e-14
0,1.1161469639842329e-13
0,8.163307438922776e-17
0,2.9532825768645223e-18
0,2.0476678977898493e-14
0,1.123256102476163e-16
0,1.2449240013601811e-11
0,4.72966723971107e-15
0,1.7798522427491715e-13
0,5.338256299982764e-17
0,2.098914449233177e-14
0,1.836010982890984e-18
0,1.6328068609029514e-13
0,9.238646521969563e-13
0,1.775617663792238e-13
0,3.350282402426161e-13
0,2.5338741563942075e-14
0,1.2592902801086598e-13
0,4.849645629066964e-18
0,3.5259783619639456e-14
0,2.0771818277224545e-18
0,6.987510501001034e-13
0,3.1078222002704073e-14
0,1.4669197731384807e-13
0,6.088106899157638e-17
0,4.2066518218603416e-14
0,2.771781616325854e-13
0,9.72471923484732e-12
0,3.6045287327795193e-06
1,0.9999997503410151
0,4.7089350613283035e-17
0,8.323427754542585e-17
0,1.6715318387899122e-18
0,9.899665336953696e-15
0,3.0211445739023203e-18
0,3.913442248251669e-17
0,2.6813136257640417e-05
0,4.781098740910166e-06
0,1.0570527665096204e-15
0,2.2202636573107767e-13
0,4.2566281783202964e-14
0,8.239418606554038e-14
0,1.79344942996754e-17
0,7.752173966852333e-16
0,1.598993373717605e-17
0,5.3467535351224826e-06
0,4.986190810782147e-18
0,2.5373487613564336e-11
0,3.839300028614281e-14
0,2.8533873783088544e-12
0,1.9915720589284558e-14
0,3.934792299793117e-18
0,5.1646412056187653e-17
0,4.294472858314009e-15
0,3.1923597697463433e-18
0,1.2190268447793864e-14
0,2.733004629320764e-18
0,3.1109822374925065e-13
0,2.576694981550751e-12
0,2.5322806392408838e-14
0,3.050114847182153e-17
0,2.73606470257033e-16
0,1.4641423714138375e-05
0,8.708087464184974e-12
0,5.433180311303163e-17
0,5.5484984225546425e-17
0,8.338222708401108e-12
0,9.789291400009944e-17
0,6.817424715769855e-16
0,9.568555327062283e-16
0,3.9035443303844976e-17
0,4.58913799254732e-17
0,2.9926665550542437e-15
0,2.139463154161291e-13
0,9.953336237873386e-16
0,1.1605464148738466e-13
0,6.688067077591878e-14
0,1.2310811901537117e-11
0,3.0600845188103157e-09
0,3.5048383427302745e-18
0,2.2305642430081968e-14
0,5.077015923944138e-13
0,1.6166020009835852e-15
0,1.298861093649557e-14
0,1.5007858693873042e-12
1,0.9999986979325478
0,8.755989163505081e-16
0,4.35875566454269e-17
0,1.312101866792537e-17
0,1.3749250183124315e-10
0,1.9569327979632194e-12
0,3.855219196172276e-18
0,2.225849714171791e-18
0,1.1197068803630648e-14
0,4.955718695082921e-15
0,4.332471890847772e-18
1,0.9999903897742669
0,4.569486448930152e-16
0,4.292164752305719e-17
0,2.6011391310074094e-15
0,5.245044244831849e-17
0,1.5708437787098425e-15
0,2.3137469810335674e-05
0,1.2852545248982683e-14
0,1.8914512416288492e-15
0,8.204906310743164e-06
0,1.3517253921202424e-15
0,1.5629957418039135e-17
0,1.015620628969632e-17
0,5.446773993709461e-18
0,1.6422474054652192e-15
0,2.7187957637988156e-13
0,5.3835168586119205e-15
0,6.541118819112539e-14
0,1.290743910515048e-13
0,1.0477650288179631e-05
0,3.7915003183819416e-14
0,2.4856897337085827e-18
0,1.9198646607157844e-08
0,5.887274939065649e-17
0,3.331254595276017e-16
0,2.2213031362433293e-05
0,5.934162128625454e-17
0,4.08062893793948e-18
1,0.9999885933220639
0,1.6063894320843962e-13
0,6.805556556631109e-17
0,2.715568614066611e-16
0,4.863947701504558e-14
0,1.2107300423218798e-17
0,8.891214115747978e-15
0,1.5289072476885342e-17
0,4.040863383112667e-13
0,2.3536431280469573e-13
0,6.860597916299046e-17
0,4.8100607293766704e-17
0,2.9480578087749695e-14
0,4.796497606284469e-14
0,5.341705131669169e-13
0,2.385306231026109e-13
0,7.286934440274675e-06
0,3.935021754813289e-18
0,1.3323558446411173e-16
0,8.242515234382938e-17
0,5.072010718745466e-16
0,7.451523595573304e-18
0,4.08062893793948e-18
0,4.1653137219268645e-15
0,7.957869480954168e-17
0,5.781255634591232e-18
0,8.791244670292785e-17
0,1.800637839005422e-15
0,1.8739031324198005e-16
0,1.4489621864849325e-14
0,9.882081723585028e-13
0,4.08062893793948e-18
0,7.192642734424622e-16
0,9.531000907904966e-15
0,1.3803117058986856e-17
0,2.0532786031766855e-17
0,2.0118902022210036e-15
0,1.7779678296750682e-16
0,1.8632310131856923e-18
0,9.310464157795145e-16
0,5.523096799249355e-16
0,7.685784362494698e-19
0,1.622033012227938e-17
0,3.9835152478063977e-14
0,2.4083341436162197e-13
0,1.6629628228627652e-15
0,3.258381670415737e-17
0,5.951995954424678e-18
0,4.018684928027562e-18
0,5.713660701944976e-18
0,2.6509261920100197e-14
0,1.6969391533073805e-18
0,1.0761675507679999e-14
0,9.790297836074828e-17
0,4.579584962100065e-18
0,1.927076613251942e-14
0,9.612272965901e-18
0,1.8203426282032496e-14
0,5.0420180506813086e-15
0,4.992190224282553e-18
0,3.458129602844205e-18
0,6.072773914551517e-14
0,4.849494654737808e-18
0,9.781981866670664e-07
0,6.407873481745341e-16
0,1.1100636289352798e-16
0,9.708693042387724e-17
0,1.6715318387899122e-18
0,8.205967333578794e-16
0,3.942199930409451e-15
0,2.63694769696355e-10
0,7.074201838261429e-06
0,4.463460706217064e-17
0,1.6290983584489692e-16
0,6.850869181049151e-13
1,0.9999947083974201
0,0.00013530413049277578
0,2.1925161604556475e-15
0,5.56595860484515e-14
0,5.2122813213747975e-05
0,3.715760113591791e-16
0,2.2482117672802787e-17
0,2.885351121948801e-16
0,8.519521168628974e-17
0,1.931037570393407e-12
0,5.484708884033745e-15
0,3.5368713740817675e-16
0,3.5368713740817675e-16
0,1.6422474054652192e-15
0,9.359581903330956e-15
0,5.887274939065649e-17
0,5.163982526342167e-13
0,1.3631211454568674e-15
0,0.00015482897837090846
0,1.3611676347715447e-15
0,8.5418043449251575e-16
0,3.334184756983852e-15
0,1.1629670322361246e-16
0,1.055572072837258e-15
0,1.2011895745317946e-10
0,5.569489156369553e-18
0,2.5958068895926425e-15
0,3.572827327976836e-14
0,6.613525611893581e-17
0,4.08062893793948e-18
0,1.598993373717605e-17
0,6.205205530155407e-14
0,1.927076613251942e-14
1,0.9999990590013492
0,9.476948090253825e-18
0,1.9104688065219279e-16
0,2.7470929582743057e-15
0,1.2546443316627524e-16
0,2.1729926569806524e-17
0,2.6509261920100197e-14
0,8.73556240941172e-17
0,8.844467207938247e-18
0,1.5801673720231713e-07
0,5.256893989838874e-06
0,7.904127584591424e-18
0,2.5767751991453705e-12
0,1.0484416803048653e-16
0,3.8510196571904354e-16
0,1.2898247478472348e-13
0,1.0433522385742489e-13
0,1.4248050258503284e-15
0,8.644928171364102e-19
0,3.0527424781645106e-16
0,1.1925157787593306e-13
0,1.0900126683004686e-16
0,1.7746905184018545e-15
0,5.1604865819211026e-14
0,3.787934374178949e-06
0,7.153413508695294e-14
0,6.651625911760243e-18
0,3.2815798643809906e-17
0,3.199517090532174e-15
0,8.028558512305627e-13
0,1.1000327292828026e-13
0,6.932452871257441e-14
1,1.0
0,1.0205402892435872e-16
0,3.208705917544289e-14
0,4.0791670077869794e-15
0,3.3215453454720864e-17
0,1.0853821473553566e-05
0,1.9616914206335826e-15
0,5.052993055833672e-12
0,8.827819035140459e-13
0,2.7602438577037487e-15
0,1.894588727376535e-16
0,2.8688504085894254e-16
0,1.2551222942940617e-16
0,5.834503900605543e-06
0,1.9252754624032072e-13
0,9.117659856321902e-19
0,1.2443974064932129e-15
0,6.13878878119422e-15
0,1.147356120186046e-05
0,1.5415956807442731e-16
0,3.380451896556416e-18
0,1.312101866792537e-17
0,4.939621125106235e-17
0,8.47731881055711e-17
0,2.0796778859299426e-13
0,4.337677643441679e-12
0,2.6402732024157254e-06
0,3.3158346074355535e-17
0,2.31955138687172e-14
0,2.6700391018475017e-16
0,4.08062893793948e-18
1,0.9999995805657896
0,1.0686337232589245e-13
0,5.8978190130963e-06
0,8.271951582507634e-16
0,2.1162154854856475e-15
0,2.530446902514127e-17
0,1.6777188873865146e-16
0,3.505128702284798e-15
0,1.2962469218377964e-17
0,6.433056181450383e-17
0,7.028194887839226e-16
0,1.0643410316496912e-14
0,5.093934662467182e-14
0,1.5587854250998303e-17
0,1.367048875011488e-16
0,3.305075702069897e-13
0,6.363945353068329e-17
0,1.5006273858400968e-13
0,6.411661083337487e-18
0,2.0271447728950446e-15
0,9.117659856321902e-19
0,1.5162970091700095e-14
0,4.594270384954863e-17
0,2.2568204496149425e-16
0,1.6715318387899122e-18
0,1.1146601401370872e-12
0,1.2217662489049823e-16
0,7.003411482586029e-13
0,1.8035204568497873e-06
0,4.08062893793948e-18
0,2.6490929270011795e-18
0,1.4065259359934575e-11
0,7.740998736461122e-11
0,5.4125112020401906e-15
0,2.4019821608306674e-16
0,1.8834175808397812e-16
0,8.891214115747978e-15
0,5.4287958429378224e-12
0,4.47106970498786e-16
0,2.3893555338724468e-12
0,1.849300874827532e-18
0,6.109023994146464e-06
0,6.210606969407017e-14
0,1.4702201851307252e-13
0,4.412776000857823e-18
0,6.378446857118312e-17
0,1.3214211087625102e-16
0,2.4166891977300624e-05
0,1.607888224376229e-05
0,5.615229752283262e-17
0,2.7546314236401174e-16
0,5.137392254561832e-17
0,2.7343127353836885e-15
0,1.2724777750184675e-13
0,1.927076613251942e-14
0,9.231742798185689e-06
0,9.007999621521024e-18
0,1.9145211336227607e-10
0,1.5384369023208723e-15
0,2.036569092459127e-14
0,6.033807155396409e-13
0,6.022175203193788e-18
0,4.6387735353722e-17
0,3.789380338082872e-16
0,1.1465143365901622e-16
0,4.583320009453642e-17
0,1.0277048126630826e-11
0,1.1481549061628628e-17
0,1.1847804990698286e-16
0,6.82635564054341e-17
0,4.506539973190769e-18
0,5.628960788829316e-18
0,2.3051841126507626e-17
0,2.2305642430081968e-14
0,1.1407962629160475e-13
0,1.935734102117795e-18
0,2.853570343557229e-13
0,1.3423911547523583e-15
0,3.258381670415737e-17
1,0.9999993076771113
0,2.4009208089960394e-12
0,7.06534743406914e-06
0,1.8724865023822947e-16
0,2.0191312234345562e-11
0,2.6452408330409247e-18
0,4.2953379729638416e-13
0,6.718557925541944e-13
0,1.1887392268425387e-17
0,2.5765622202321697e-13
0,9.360977498544328e-14
0,2.434301649398714e-14
0,8.065328243830938e-16
0,3.1760507157988025e-06
0,7.920558128597211e-15
0,3.907431081322807e-18
0,3.556205564427227e-14
0,8.493713986090041e-18
0,2.1209489936082246e-15
0,8.806119332206392e-15
0,3.1652346006691924e-17
0,1.1040396055057962e-17
0,4.148328074928967e-18
0,2.86244856987813e-16
0,6.386419528399037e-06
0,2.933683019202389e-15
0,3.909215134768854e-15
0,3.230935970522893e-14
0,4.131798253606685e-17
0,3.907431081322807e-18
0,1.0428232763749962e-15
0,1.5690046571537998e-17
1,0.9999958476074977
0,1.2162707909376857e-14
0,5.411019334112031e-17
0,5.153854661473184e-14
0,5.284481861391129e-17
0,9.117659856321902e-19
0,3.756632400590544e-16
0,1.253266729498197e-13
1,0.9999998654097891
0,1.238850447372753e-15
0,1.434866466027879e-13
0,1.4248987555613333e-17
0,1.6715318387899122e-18
0,9.344160503137438e-17
0,9.117659856321902e-19
0,1.1038314659651455e-05
0,4.691138184388244e-17
0,8.89151742097872e-17
0,3.0084315042221075e-14
0,2.036851031590175e-15
0,4.12797460216468e-17
0,1.7592707161985675e-13
0,3.7686219257434816e-18
0,1.61788686136669e-13
0,4.224173384216235e-06
0,4.725613003564754e-18
0,6.004325697782687e-16
0,4.08062893793948e-18
0,1.4669197731384807e-13
0,8.258276401880568e-06
0,2.4543312689385105e-13
0,2.266263437387078e-16
0,3.73455463728603e-17
0,3.3876521990757756e-18
0,2.743879127941989e-17
0,1.5587044641936636e-12
0,1.055879685077959e-18
0,3.9035443303844976e-17
0,5.778657608011231e-13
0,2.814216766547245e-15
0,4.584236338687464e-13
0,1.927076613251942e-14
0,2.6490929270011795e-18
0,1.486810309796659e-13
0,4.292164752305719e-17
0,3.935021754813289e-18
0,3.458260151865319e-11
0,9.667838474847881e-15
0,1.7435015329835695e-14
0,3.2837813748407024e-14
0,2.946313047942716e-13
0,5.713660701944976e-18
0,1.5095873964760899e-13
0,1.2480270359165078e-17
0,3.859625276626858e-17
0,1.1375526335961864e-14
0,3.047954594939027e-13
0,9.863933378688221e-17
0,4.3359523485405936e-16
0,2.1292558485924385e-17
0,2.9596458007199664e-14
0,3.0922104934363724e-17
0,1.3167780924878014e-16
0,1.5770701157983553e-14
0,1.486810309796659e-13
0,1.6793457575566754e-18
0,1.6930253840103117e-13
0,9.941054503153996e-15
0,6.209021631476682e-18
0,1.486810309796659e-13
0,6.592489229602364e-18
0,1.8167871345701682e-16
0,1.2085380431424158e-05
0,5.5484984225546425e-17
0,3.3092980323842425e-07
0,4.97856993282705e-16
0,7.291082528401296e-18
0,4.412776000857823e-18
0,6.31588023111886e-13
0,3.9883850024134013e-13
0,1.8440105134655003e-15
0,3.056089335283124e-17
0,9.95662429026139e-15
0,1.5989435954512354e-17
0,4.0103988621492085e-17
0,4.0548221939170335e-06
0,1.5941037047458797e-17
0,2.820001655757811e-14
0,2.1292558485924385e-17
0,1.149570857777893e-13
0,2.7485930794222433e-13
0,7.051729715590248e-05
0,1.486810309796659e-13
0,1.4492056143124548e-18
0,3.601937221251281e-14
0,2.216325004541923e-17
0,6.84903454063675e-06
0,5.566438576890064e-17
0,2.6824089031624235e-17
0,4.605990629223138e-13
0,1.6715318387899122e-18
0,2.7558910895447256e-15
0,3.73455463728603e-17
0,2.7361582974349166e-18
0,1.2147196762923344e-13
0,3.5473101270618084e-17
0,3.6633952217570213e-17
0,7.319612980969952e-16
0,3.268915261477793e-18
0,1.6294657290295845e-15
0,5.5132983016124267e-14
0,1.9089416219889848e-14
0,3.5049594945389395e-16
0,6.996310333724997e-17
0,6.015517853408958e-14
0,3.432650450583875e-05
0,1.2856959637307339e-05
0,4.986190810782147e-18
0,4.404312015730811e-11
0,1.7718513253724444e-13
0,1.2455621497729759e-05
0,1.6715318387899122e-18
0,2.302385063004758e-14
0,5.125150661633207e-18
0,1.8834175808397812e-16
0,3.1168412486266364e-18
0,1.4802679259876755e-16
0,3.305372246426542e-15
0,2.4210640898185017e-16
0,9.793486974214308e-13
0,3.935306212436711e-14
0,3.8849376598446006e-13
0,2.3536431280469573e-13
0,2.665490579563103e-14
0,1.1506211425261141e-16
0,7.926119176401983e-18
0,4.904678603512561e-15
0,2.154808624529433e-14
0,1.4239196151906357e-14
0,1.1479220792884534e-13
0,2.671347591999592e-13
0,4.849645629066964e-18
0,3.731094193572367e-18
0,2.4295411094003994e-17
0,4.679843892104032e-15
0,1.5723502747864253e-16
0,2.6171872555055584e-18
0,2.0885423781612222e-12
0,6.886399976630339e-18
0,3.605463830624658e-13
0,6.799144240655528e-14
0,4.227008030228093e-14
0,7.77948675566496e-17
0,4.02781964277012e-16
0,3.7789356500235896e-14
0,1.9654513864191115e-14
0,2.1018100176203316e-13
0,1.23310161559311e-13
0,1.486810309796659e-13
0,8.352257447090968e-18
0,7.003411482586029e-13
0,4.371062151296746e-15
0,1.6793457575566754e-18
0,1.8889235560616018e-05
0,1.86601056624337e-13
0,1.0205402892435872e-16
0,1.7819348818960556e-13
0,7.704677077175597e-06
0,4.992190224282553e-18
0,1.8243236032786147e-10
0,6.690342034587618e-17
0,2.1643011765200833e-18
0,7.621529718802343e-06
0,9.342772900368951e-17
0,2.225849714171791e-18
0,8.395431729333138e-16
0,1.4910807519757617e-17
0,1.9630168260486382e-16
0,1.2507588665443492e-14
0,1.453368161789019e-05
0,3.658212780690577e-17
0,3.1661607674215303e-12
0,1.635811023443114e-11
0,3.5855024355435146e-18
0,1.4918101520870832e-16
0,2.655986559917206e-13
0,1.1571427695311956e-05
0,0.0001787992567789744
0,1.622033012227938e-17
0,1.161032554234244e-16
0,4.556590343338728e-18
0,1.202112832772002e-13
0,9.148209544934792e-06
0,1.386832565384654e-16
0,9.89051812632781e-17
0,4.2072727758034614e-05
0,1.4859012772743914e-16
0,5.774595194200717e-14
0,3.8724413971692955e-17
0,1.776522236814487e-13
0,7.280450196465593e-18
0,1.083791497418833e-17
0,9.117659856321902e-19
0,2.4652049315023575e-18
0,7.957869480954168e-17
0,4.242759943138248e-13
0,6.524198819368319e-18
0,6.73168455361445e-15
0,6.525528315815141e-17
0,2.2453360044908053e-18
0,5.259412124225926e-16
0,9.614167535210627e-18
0,4.7089350613283035e-17
0,2.2553618150464544e-16
0,5.3857219838456444e-17
1,0.9823473894573689
0,5.348131780354e-16
0,6.566748098134536e-17
0,3.1542580857625393e-13
0,1.089824873450849e-15
0,9.822678393355338e-17
0,2.5663449931497453e-17
0,7.226549012799714e-16
0,1.1344735860788922e-05
0,1.658825405032042e-14
0,3.0633522604840857e-13
0,8.654457212105029e-18
0,1.6145345036500436e-13
0,4.904678603512561e-15
0,6.408422231707138e-16
0,2.96655926274717e-10
0,1.0515791092815535e-13
0,1.4181022188956688e-15
0,8.444137607281662e-17
0,3.6151296007598494e-14
0,1.3240545519309755e-14
0,0.0001104926472701823
0,1.2741106430667892e-16
0,1.4492056143124548e-18
0,4.849645629066964e-18
0,8.550265320282071e-18
0,1.2769818521259124e-05
0,4.849211875896125e-18
0,8.977483145080542e-14
0,3.458874756253978e-15
0,1.0953771286439753e-15
0,4.186592622521527e-14
0,4.849645629066964e-18
0,9.932761343273004e-14
0,2.7481910492205793e-18
0,5.8441872202776295e-12
0,1.1764216329280398e-16
0,7.982105052486537e-14
0,5.713660701944976e-18
0,3.268915261477793e-18
0,1.6715318387899122e-18
0,4.897256831299857e-17
0,9.310464157795145e-16
0,1.0363110044474919e-14
0,4.8440845334038146e-17
0,3.3663491426763035e-14
0,6.407873481745341e-16
0,3.7321546792277896e-14
0,2.316133631268041e-12
0,3.800235958283776e-13
1,0.9999962049458557
0,1.868678088517915e-17
0,3.761587446883495e-17
0,2.3536431280469573e-13
0,8.201277776919936e-18
0,3.2454849889895234e-18
0,4.8188699902501344e-14
0,3.173616572934244e-15
0,0.0005741911203759962
0,1.0436581374074963e-14
0,2.4599113652273586e-16
0,1.4023942201064352e-14
0,2.0025902169259813e-07
0,4.9620611660688866e-14
0,6.118033823305944e-15
0,1.6715318387899122e-18
0,5.628960788829316e-18
0,4.977509652278786e-18
0,8.733568706182972e-16
0,6.010629063110283e-17
0,4.849645629066964e-18
0,5.015943763241539e-15
0,2.164115679035747e-16
0,5.887274939065649e-17
0,2.3297136719700086e-12
0,4.736896804601204e-13
0,1.6715318387899122e-18
0,2.5673613944932745e-15
0,3.162646664717e-17
0,2.0771818277224545e-18
0,3.9656166918772384e-05
0,1.156411047490462e-16
0,2.39206677022637e-16
0,6.304737815953429e-14
0,1.174253053133681e-08
0,7.007633061269621e-17
0,4.6864984113492043e-14
0,1.2147196762923344e-13
0,1.0766193550354388e-13
0,1.013525723348653e-14
0,9.71588553633346e-14
0,1.1465143365901622e-16
0,3.490810210022905e-16
0,5.848817807035e-12
0,8.017591895958401e-17
0,1.345524839544234e-18
0,1.7026854380857946e-12
0,6.970847237399527e-17
0,1.544532243405719e-12
0,9.775744552503651e-12
0,2.4322254392719937e-18
0,1.4107344477250623e-16
0,2.0341935987132074e-16
0,5.090966464570858e-12
0,7.028194887839226e-16
0,6.705405892768776e-16
0,1.4669197731384807e-13
0,1.852042530499924e-12
0,6.109023994146464e-06
0,5.883332328899306e-17
0,1.1237487985427485e-13
0,1.3599702220520469e-16
0,2.2249081342408334e-17
0,2.2305642430081968e-14
0,1.2147196762923344e-13
0,1.049691063420432e-11
0,1.3676414268401185e-15
0,1.3326778465571435e-16
0,5.0097884363628054e-17
0,1.8889235560616018e-05
0,3.604758278832464e-18
0,3.962169400461534e-18
0,9.527422846268174e-17
0,1.934519226854388e-18
0,1.3345985760854859e-17
0,3.218521327997525e-17
0,1.6576819061459755e-15
0,3.092237387136201e-14
0,1.6714343701110368e-18
0,8.381049204861318e-15
0,3.6857121595137036e-16
0,4.725613003564754e-18
0,2.2767904092466328e-18
0,4.556991154222822e-18
0,6.447464401540299e-15
0,3.3956016033977537e-18
0,0.0003189640363901645
0,4.6864984113492043e-14
0,5.245044244831849e-17
0,4.895855127749509e-13
0,9.387528722229204e-18
0,3.1108317117657123e-15
0,1.6050516851351594e-16
0,2.1441919053112943e-18
0,6.004325697782687e-16
0,7.565067948288657e-16
0,1.000677622003046e-12
0,6.260822189802733e-17
0,6.0255032797747695e-18
0,2.602152885817964e-13
0,3.7320384935119326e-14
0,4.5262124470587694e-17
0,7.563625384931622e-14
0,4.708055387577388e-16
0,7.829890747160745e-16
0,2.0360707032056272e-15
0,1.805667050616982e-15
0,2.3240708703557087e-05
0,1.0722908401222574e-17
0,0.00011527031416764473
0,1.3437833504936418e-17
0,2.3698646400925985e-16
0,1.6189505372120743e-11
0,1.7365035911088876e-12
0,1.808692792034964e-05
0,1.9168520175060292e-14
0,1.008862881711424e-15
1,0.9999993394459847
0,2.009120539125268e-12
0,7.329606327319382e-17
0,8.464926807309948e-12
0,1.6873859936698672e-14
0,4.543310237180234e-14
0,6.260331672055522e-16
0,1.3008336965967249e-15
0,3.136464200592508e-13
0,2.973178995324932e-14
0,8.654910178093243e-17
0,5.593496068014146e-09
0,3.9820011869188645e-13
0,1.2775956120657201e-14
0,6.981513913239084e-12
0,9.152244385262803e-16
0,1.0250502003678085e-16
0,6.479465834304956e-17
0,5.557509266168215e-06
0,2.571319886975161e-13
0,6.613525611893581e-17
0,7.599155314854699e-06
0,8.583188342039446e-17
0,3.895122341327009e-18
0,8.24956398950426e-18
0,4.5611529169664175e-06
0,6.570235207149846e-17
0,1.595268643829527e-15
0,4.5456725362040624e-14
0,3.839300028614281e-14
0,1.1630871030063726e-15
0,2.453842159717839e-07
0,8.800637647257755e-18
0,4.4247855085203475e-06
0,1.0641974616753476e-17
1,0.9999990453579574
1,0.9999988873652622
0,5.658275425392516e-16
0,4.2474093057363725e-17
0,2.6753154048648246e-17
0,7.553301961908815e-17
0,2.4959319958153384e-16
0,9.798506584671417e-17
0,1.7199210870630264e-18
0,2.259782401373679e-13
0,3.384079844407467e-06
0,2.948053676276153e-17
0,5.945271439073636e-12
0,9.488220320894227e-16
0,1.7868931511258095e-16
0,1.6374888463504963e-16
0,3.572827327976836e-14
0,3.6032011683984766e-14
0,2.6993852455379757e-12
0,1.0898567416461966e-15
0,2.6490929270011795e-18
0,2.9532825768645223e-18
0,2.851820883626295e-13
0,1.2177987676823626e-06
0,7.829890747160745e-16
0,1.9321215792095296e-16
0,6.219858895854883e-17
0,4.849645629066964e-18
0,1.6714343701110368e-18
0,3.612536251747949e-15
0,4.1221919959313955e-13
0,1.5708437787098425e-15
0,3.3932600404890545e-13
0,1.202112832772002e-13
0,1.2309065670510057e-06
0,1.5608707512633482e-13
0,4.08062893793948e-18
0,8.722519590243535e-16
0,3.152074477509192e-18
0,4.200091170595296e-15
0,1.7424711851117643e-17
0,5.733306771648258e-15
0,5.293594409429189e-18
0,6.06024465399512e-17
0,1.1630871030063726e-15
0,4.543310237180234e-14
0,9.89051812632781e-17
0,8.22659466882471e-05
0,1.1018090748297595e-18
0,4.8657031044569955e-18
0,4.282491687043709e-15
0,7.938296773260135e-16
0,6.746936906625114e-17
0,4.0980657408845946e-17
0,5.966538551347176e-12
0,7.599155314854699e-06
0,6.707519430779493e-14
0,3.528995260814207e-05
0,1.1463094585064453e-17
0,8.217516145833314e-19
0,6.80844556275054e-14
0,1.5006060706900827e-16
0,4.1209245765331235e-12
0,2.193462214175944e-18
0,1.0651077977098676e-16
0,2.503146551821619e-10
0,2.2866637942236533e-15
0,1.8598828541276903e-16
0,1.287788257000906e-16
0,7.555888685902876e-16
0,2.4203359107313805e-14
0,7.900503124166596e-16
0,3.626982875194865e-14
0,2.9532825768645223e-18
0,4.41275173554647e-17
0,0.0001787992567789744
0,5.255122422203469e-17
0,9.923065193012755e-17
0,1.0330506652249988e-14
0,2.0796778859299426e-13
0,1.1344735860788922e-05
0,2.6490929270011795e-18
0,5.709219994592442e-17
1,0.9999987296123999
0,8.891214115747978e-15
0,1.530408334836722e-13
0,2.1441919053112943e-18
0,3.995311326827168e-17
0,3.6272135349216205e-17
0,8.331520250100018e-13
0,9.539343978957002e-15
0,3.36137687293223e-18
0,1.3631211454568674e-15
0,9.373370660515096e-17
0,3.179156978003897e-14
0,4.2379571470181156e-17
0,1.4669197731384807e-13
0,2.2562925630991287e-16
0,4.148328074928967e-18
0,1.5095873964760899e-13
0,2.5322806392408838e-14
0,1.6422474054652192e-15
0,2.0937017468428317e-14
0,5.41203089903593e-17
0,5.855495871786593e-17
0,1.6032839325656324e-15
0,1.944393796879536e-13
0,1.1237487985427485e-13
0,6.613525611893581e-17
0,7.756507117521593e-13
0,2.05285791966053e-17
0,6.3406994419222574e-18
0,1.1702095698931207e-13
0,8.201005107042541e-16
0,9.259322969016578e-14
0,2.1417205316160135e-18
0,8.835866814600145e-06
0,4.224549714201771e-14
0,2.1030888957180547e-16
0,6.407873481745341e-16
0,1.036565213434391e-06
0,1.056048193995256e-16
0,1.301436907133592e-13
0,5.351934768333534e-17
0,2.455287493545421e-17
0,5.045297139625036e-17
0,3.7161754811668634e-06
0,1.0798857896633157e-17
0,8.305943652156043e-14
0,3.8534517818500755e-17
0,5.696879584376165e-08
0,5.159963714119318e-17
0,4.286470993400798e-14
0,5.783334631181108e-15
0,6.996310333724997e-17
0,1.943755559120252e-11
0,1.6032839325656324e-15
0,2.2458799529928122e-13
0,1.0147162870314816e-17
0,3.180840833707157e-13
0,4.286470993400798e-14
0,1.4006468246548027e-17
0,3.276949832980651e-06
0,8.426979599215305e-06
0,5.63239736882925e-06
0,1.2622402810224693e-16
0,6.80844556275054e-14
0,1.4861763545121275e-16
0,9.876568933436719e-17
0,1.7617576450240304e-16
0,5.714932896993555e-17
0,3.5022898438751074e-13
0,1.396316120373015e-16
0,7.10797220162823e-06
0,1.5520212277565067e-11
0,3.763919299161968e-17
0,7.52838891623434e-05
0,1.1152769662334443e-16
0,1.7094404815884684e-06
0,2.4652049315023575e-18
0,9.916707026255132e-16
0,7.957869480954168e-17
0,1.3362478144343486e-12
0,2.710568884326227e-16
0,7.109195790314143e-06
0,7.920858395542672e-17
0,3.0573670942076566e-15
0,3.927313832969413e-14
0,4.904678603512561e-15
1,0.9999999999999998
0,5.76817574599677e-16
0,1.0528940691621142e-05
0,1.4302033468533508e-15
0,1.6166020009835852e-15
0,1.2310811901537117e-11
0,2.8757891989313184e-14
0,5.828991930717922e-15
0,5.7797781581490526e-12
0,3.177961326324252e-06
0,5.125150661633207e-18
0,8.953507363494999e-18
0,5.179214443892655e-16
0,1.6715318387899122e-18
0,2.196827105562832e-14
0,4.456795787634126e-14
0,2.1786968018373424e-17
0,2.7657510951581207e-12
0,6.393710213550983e-16
0,1.0448393644769926e-13
0,4.918495779802369e-15
0,4.925059901587452e-06
0,1.1237487985427485e-13
0,3.913442248251669e-17
0,9.809228645796718e-15
0,9.932761343273004e-14
0,2.1338514093432527e-13
0,6.524362226832284e-18
0,2.2974538618958862e-12
0,2.5150145005816744e-17
0,1.2367808876510744e-16
0,4.588147357255562e-06
0,4.4976431412384874e-17
0,1.2692154544778222e-16
0,8.064930822186935e-14
0,3.2038378769148644e-18
0,4.904678603512561e-15
0,1.4363213642160355e-18
0,3.680326226367423e-15
0,4.131669626585814e-17
0,3.8534517818500755e-17
0,9.038034052577183e-17
0,8.418205049607183e-14
0,4.7089350613283035e-17
0,1.497643204289113e-05
0,9.717363816272768e-14
0,1.4240663867904244e-17
0,1.506575568716196e-15
0,1.0420987835616943e-13
0,4.992190224282553e-18
0,1.4218160856536734e-15
0,4.904678603512561e-15
0,1.3423911547523583e-15
0,1.61788686136669e-13
0,6.411661083337487e-18
0,1.8255817441932147e-16
0,2.134569157498853e-05
0,3.438178912497112e-15
0,3.497883825248474e-14
0,2.1441919053112943e-18
0,1.3754271370898813e-17
0,5.159963714119318e-17
0,9.841503715069203e-18
0,1.2641175316050466e-13
0,1.0465478478536755e-17
0,5.119021764356758e-17
0,1.4178906609278335e-14
0,2.4747190159930665e-14
0,5.55780534418533e-15
0,9.18099483037907e-14
0,3.501978306498797e-12
0,2.6874311786065337e-06
0,2.1297581587847293e-17
0,2.853570343557229e-13
0,5.697740538965957e-17
0,7.695025081343088e-14
0,2.5646980992944763e-14
0,6.525364879145615e-17
0,1.7730831600775964e-05
0,8.25343555686027e-17
0,1.6456892432241614e-17
0,1.486810309796659e-13
0,4.1384845057403636e-14
0,1.6238745570990729e-12
0,3.605463830624658e-13
0,3.162646664717e-17
0,1.3517253921202424e-15
0,1.6715318387899122e-18
0,1.622033012227938e-17
0,1.7328191120956696e-13
0,1.2471047314389948e-16
0,1.6715318387899122e-18
0,5.1320471317901845e-06
0,3.7920757819545494e-16
0,1.31215369300276e-14
0,5.153854661473184e-14
0,1.110291963858868e-16
0,9.009606643703557e-17
0,4.9375230445312896e-17
0,1.5438328995159934e-15
0,3.98165108549632e-15
0,9.669071011496362e-13
0,6.023410210662643e-18
0,1.595268643829527e-15
0,6.356269598691724e-17
0,1.2201261285328511e-15
0,3.589685864735052e-13
0,3.8724413971692955e-17
0,3.8724413971692955e-17
0,1.849300874827532e-18
0,4.08062893793948e-18
0,1.0889269889603003e-12
0,4.694020701651088e-15
0,8.593934826381639e-17
0,1.5625896706792766e-13
0,1.3583413314722305e-17
0,4.639188465216733e-17
0,2.347835307882229e-13
0,1.6562208521368587e-05
1,0.9999986804692803
0,1.2571133423069902e-15
0,2.2818589436943474e-15
0,1.1498558596755698e-05
0,1.486810309796659e-13
0,2.3297136719700086e-12
0,8.964413785330672e-16
0,1.2471047314389948e-16
0,3.112766944294781e-13
0,1.0428232763749962e-15
0,1.8045142165200324e-16
0,1.6022376735756654e-12
0,6.705067189903066e-14
0,5.769130489216265e-15
0,6.737155506646379e-15
0,8.220577271322296e-17
0,1.1498558596755698e-05
0,1.146408012151855e-16
0,1.486810309796659e-13
0,3.318569318162836e-15
0,1.036565213434391e-06
0,8.721714713686024e-18
0,1.4006468246548027e-17
0,8.821220830140633e-16
0,1.3610358746996872e-10
0,4.131669626585814e-17
0,4.148328074928967e-18
0,7.432016773272153e-16
0,4.986190810782147e-18
0,1.6843046118792763e-13
0,3.859902073267739e-14
0,7.643232944709615e-17
0,1.8766987948411996e-07
0,1.1237487985427485e-13
0,2.7381732686489546e-06
0,4.0404728614575176e-16
0,9.475663395324737e-16
0,1.0145885224128755e-16
0,5.093934662467182e-14
0,7.329606327319382e-17
0,2.021530905594921e-16
0,7.249729908795877e-14
0,2.224053290951762e-13
0,3.268915261477793e-18
0,6.805248768474317e-15
0,1.8849147111117284e-16
0,1.2269384569153609e-05
0,1.0905941479628402e-16
0,2.2305642430081968e-14
0,4.08062893793948e-18
0,9.605650942965654e-14
0,4.0605918733234107e-14
0,3.383434166452845e-14
0,7.363895571824326e-14
0,6.622854485942152e-17
0,8.236112771598774e-17
0,4.849645629066964e-18
0,2.792313701609461e-14
0,4.598677511831097e-16
0,9.18099483037907e-14
0,3.7843622210363084e-05
0,3.082723850286491e-14
0,3.6732792198625707e-16
0,1.1272587266577593e-05
0,2.4212353978206805e-17
0,4.632152372399626e-18
0,9.932761343273004e-14
0,1.171401314139858e-15
0,1.6715318387899122e-18
0,4.644741224130801e-15
0,1.9271661559794322e-14
0,2.4946619436349185e-17
0,9.117659856321902e-19
0,2.7343127353836885e-15
0,3.654109743059782e-18
0,1.884008382551399e-14
0,3.258381670415737e-17
0,4.405649144458097e-16
0,4.288437912929294e-17
0,2.631077356507717e-14
0,9.117659856321902e-19
0,9.779053585827125e-13
0,1.8374154969021933e-05
0,2.7177396963648046e-17
0,6.996310807635085e-18
0,3.5512507671733013e-06
0,2.225849714171791e-18
0,4.80744187298994e-13
0,2.867387258904425e-05
0,2.5213534964747325e-13
0,1.2158920019269843e-17
0,1.0537325188693139e-17
0,2.915521814092973e-17
0,2.7290398991101637e-13
0,4.556991154222822e-18
0,7.976153030484744e-16
0,9.607164959622584e-16
0,1.1237487985427485e-13
0,9.052200705371565e-17
0,2.797581980256845e-06
0,1.5473745372034318e-15
0,2.1822797949375778e-17
0,1.1771137228768188e-15
0,8.762923190982691e-14
0,1.486810309796659e-13
0,7.977692696483828e-13
0,4.639188465216733e-17
0,4.450535608953395e-16
0,1.695104060035375e-13
0,1.110596347740065e-15
0,2.417070948720214e-12
0,6.949826265942618e-18
0,4.5456725362040624e-14
0,8.924474678293042e-17
0,2.9926665550542437e-15
0,5.685455460329167e-17
0,1.1568048246579364e-16
0,6.010735978601131e-14
0,8.757053083205753e-15
0,4.018684928027562e-18
0,2.2059067499277712e-16
0,4.2474093057363725e-17
0,8.053219143408766e-06
0,1.0080206475423724e-05
0,1.4733534426663588e-13
0,3.2492295748161704e-13
0,5.21300045866447e-17
0,0.004389123552757451
0,1.1981362917660534e-05
0,1.2029044260965515e-13
0,1.1441535080732037e-13
0,8.217036974319027e-19
0,1.3763088072959969e-17
0,3.2213031899742e-17
0,1.397718603974955e-16
0,2.094201301173133e-17
0,4.9820662364443485e-17
0,1.0425679004800874e-13
0,1.8615144086568895e-16
0,1.059958387606721e-14
0,6.846281890594469e-17
0,1.6328068609029514e-13
0,1.1010183959642602e-05
0,7.069593367939827e-16
0,2.2839086885000294e-15
0,2.1018100176203316e-13
0,6.718557925541944e-13
0,7.772461919451782e-18
0,1.777340704107176e-17
0,5.6919088090074505e-15
0,1.424110720784526e-17
0,2.274738110242984e-16
0,1.5006060706900827e-16
0,1.5976725997529082e-11
0,9.612803617126612e-14
0,4.71132128236776e-13
0,8.656280111138765e-06
0,2.3477781792359114e-18
0,1.1430849116215836e-14
0,1.0727953622270754e-10
0,3.2535281515665962e-18
0,1.6715318387899122e-18
0,6.976637343860629e-13
0,2.1822797949375778e-17
0,8.21678116972221e-19
0,9.893409555329329e-17
0,4.0385087061394185e-15
0,1.0271238791874667e-13
0,3.2246503310215898e-16
0,6.209021631476682e-18
0,2.7550985938711764e-14
0,8.217516145833314e-19
0,2.3137469810335674e-05
0,1.2060210006475167e-16
0,3.6732792198625707e-16
0,9.310464157795145e-16
0,6.47035527531141e-17
0,2.195859965864036e-13
0,1.2223669198097806e-16
0,2.2129413167406742e-14
0,3.9106333678127265e-16
0,6.27568713566356e-18
0,4.377318874754467e-13
0,8.585386524923256e-07
0,6.628502136687587e-17
0,1.9579772818877377e-05
0,1.8425489525459256e-15
0,1.5708437787098425e-15
0,2.881235754876467e-17
0,1.3214211087625102e-16
0,6.372273273909566e-16
0,1.0583292506601047e-15
1,0.4200591558957711
0,4.639044042630026e-17
0,7.242313700831195e-14
0,8.856423500575524e-16
0,8.023331677597507e-15
0,1.5941037047458797e-17
0,1.1038314659651455e-05
0,7.474565329140916e-18
0,3.0962410327471936e-14
0,3.1153186357574675e-14
0,3.864768163500645e-17
0,7.20696833625201e-13
0,8.988826604169415e-18
0,1.2158920019269843e-17
0,5.6762216671499e-17
0,6.95567630239985e-06
0,7.614532303673984e-18
0,6.99208964953787e-16
0,8.825000709652719e-07
0,4.639188465216733e-17
0,8.427820378664272e-13
0,1.2427550499576105e-14
0,5.770034363453733e-15
0,1.2641175316050466e-13
0,1.1636909259594306e-15
0,6.613525611893581e-17
0,3.647989768487211e-18
0,7.957869480954168e-17
0,3.627881045176182e-18
0,6.616118985610277e-11
0,2.742444413472134e-10
0,7.19289290048177e-13
0,1.3115228880401634e-13
0,4.40982472602501e-12
0,3.699356250997821e-18
0,2.5839367549684503e-05
0,3.268915261477793e-18
0,4.684852193462504e-16
0,9.181972632047795e-05
1,0.9999972840809951
0,3.043311425081946e-17
0,3.3310667143739934e-18
0,4.624123229258184e-13
0,1.1087898721087113e-07
0,1.6097304975648884e-14
0,4.30019542866111e-14
0,1.927076613251942e-14
0,9.257701085651392e-16
0,2.4984161707281896e-14
0,4.858555561480327e-06
0,1.1237487985427485e-13
0,3.334522959159131e-06
0,5.544798960865723e-13
0,4.987408100195806e-15
0,2.1590212948742512e-13
0,1.598993373717605e-17
0,3.761587446883495e-17
0,1.0427404022738708e-15
0,5.306697116554703e-13
0,2.2305642430081968e-14
0,2.68441021033016e-16
0,4.203643697874152e-06
0,2.314051345245956e-16
0,8.217516145833314e-19
0,1.036565213434391e-06
0,2.7989863102710525e-18
0,6.304910638053291e-17
0,5.905671307072918e-16
0,1.0192941204695487e-18
0,3.975265211060331e-18
0,7.044085299792961e-16
0,2.0796778859299426e-13
0,8.983382951592599e-17
0,4.977839840745209e-18
0,2.305768870663174e-18
0,3.769915998013003e-15
0,5.057069613804374e-17
0,7.65675573491229e-13
0,2.6103922027130083e-18
0,1.6715318387899122e-18
0,5.020036406411982e-17
0,1.775617663792238e-13
0,3.2535281515665962e-18
0,2.3297136719700086e-12
0,5.545481134685046e-17
0,1.7347148884993332e-17
0,1.760843126825578e-13
0,1.099714137968908e-16
0,1.342737592684713e-15
0,5.078109446065712e-05
0,6.175747457254762e-18
0,1.9472354524897316e-17
0,1.0905941479628402e-16
0,4.08062893793948e-18
0,1.5068760715294675e-13
0,4.774717438573176e-18
0,1.9190444247913695e-17
0,1.2641175316050466e-13
0,1.0133021509307167e-12
0,4.0385087061394185e-15
0,2.8321346712282764e-16
0,2.0090840332428442e-15
0,2.1297581587847293e-17
0,5.956792386396933e-17
0,2.6096031250133774e-15
0,3.141833322565438e-17
0,1.5006060706900827e-16
0,1.143282840676753e-05
0,1.9050751869017522e-15
0,1.6715318387899122e-18
0,3.10366647779522e-17
0,2.2554385979068586e-15
0,5.816057299926528e-14
0,2.952041570581495e-05
0,2.3841628579015402e-18
0,1.9321007067507008e-17
0,1.7250645693071986e-14
0,1.0663105307081953e-13
0,3.804857037934676e-15
0,5.135936475395308e-06
0,1.9101705978643958e-14
0,1.004807011695373e-15
0,1.4493293034245848e-15
0,1.4669197731384807e-13
0,7.829890747160745e-16
0,2.122879704840762e-13
0,1.5055481858432417e-15
0,8.924474678293042e-17
0,3.571727697639607e-18
0,2.838492107613411e-17
0,1.520974977150055e-13
0,1.6394809806085374e-15
0,8.721986237859518e-18
0,1.4814171637739919e-15
0,3.962109187726408e-14
0,1.6422474054652192e-15
0,1.5006060706900827e-16
0,3.909215134768854e-15
0,5.6002026519111275e-12
0,1.6063894320843962e-13
0,8.249908581606106e-13
0,4.986190810782147e-18
1,0.9999972138186021
0,1.7088359418463664e-16
0,2.1691075337950218e-16
0,1.763037876993593e-07
0,2.0771818277224545e-18
0,7.948753131080276e-16
0,2.7470929582743057e-15
0,1.310930121867876e-16
0,1.90378682865408e-15
0,1.3580032868212999e-05
0,1.1237487985427485e-13
0,1.7347148884993332e-17
0,1.149570857777893e-13
0,1.4366592887024836e-14
0,1.2688257103365056e-14
1,0.9999961566332325
0,3.3716494608993224e-11
0,1.4181022188956688e-15
0,2.1345979601341172e-11
0,3.9035443303844976e-17
0,1.1018090748297595e-18
0,2.1438702395652183e-12
0,7.526732465784738e-16
0,3.76425597488837e-17
0,1.5127282405493127e-16
0,4.904678603512561e-15
0,4.408842753610654e-13
0,1.1550002896891647e-17
0,1.937957464878023e-15
0,1.6715318387899122e-18
0,3.4793787276276733e-16
0,1.6715318387899122e-18
0,1.927076613251942e-14
0,1.1270113790493833e-16
0,2.1045752366835801e-13
0,2.276089628937534e-14
0,9.94075138590803e-17
0,2.0806482095396724e-15
0,1.1910708792613441e-17
0,1.5108006431253915e-16
0,1.0822915810602955e-12
0,2.1464257548087075e-18
0,2.741995356711107e-18
0,1.0738810686838315e-17
0,1.792345274313411e-05
0,2.9544738705182807e-18
0,2.3231864481783098e-18
0,3.9042022567368807e-13
0,1.2147196762923344e-13
0,7.744080234602604e-18
0,9.356900269298364e-14
0,2.1740958347127624e-13
0,3.504963636519546e-18
0,9.387528722229204e-18
0,2.5752802744590574e-15
0,5.6834875931509886e-14
0,2.3605219719976976e-05
0,4.0210687842616833e-17
0,7.235450842371675e-17
0,1.6715318387899122e-18
0,1.748276042565489e-13
0,1.7347148884993332e-17
0,4.2916495129176436e-18
0,9.394623594771663e-17
0,1.1074479263820384e-17
0,1.0341512427103114e-14
0,2.71646471610762e-13
0,1.81776654248599e-14
0,2.991717257491899e-14
0,4.454515183293069e-13
0,1.2950318095047063e-16
0,3.5603807646297234e-14
0,2.4038604638639494e-13
0,4.849645629066964e-18
0,8.347093795607531e-16
0,1.5412472579360267e-15
0,2.1292558485924385e-17
0,3.859577780106844e-06
0,3.380451896556416e-18
1,0.9999999999999747
0,1.1237487985427485e-13
0,4.4274617264619665e-13
0,1.3947901611629634e-16
0,7.584991879217661e-16
0,4.30019542866111e-14
0,6.160634753670001e-17
0,6.613525611893581e-17
0,4.2451841253250505e-16
0,3.832048902633851e-18
0,9.3016919714716e-18
0,2.5975039889602088e-14
0,3.380451896556416e-18
0,7.168163902211052e-06
0,2.1786968018373424e-17
0,7.643058993720529e-18
0,4.987408100195806e-15
0,8.47731881055711e-17
0,1.7497929803211312e-12
0,2.6578719715561013e-06
0,2.6813136257640417e-05
0,7.640070640404201e-18
0,2.198096175218129e-17
0,3.913442248251669e-17
0,6.246182187176061e-15
0,2.1018100176203316e-13
0,6.80844556275054e-14
0,3.697365727442846e-15
0,9.18099483037907e-14
0,2.948053676276153e-17
1,0.9999992884050893
0,4.08062893793948e-18
0,1.4492056143124548e-18
0,1.3434346821600325e-15
0,6.693789518797665e-16
0,3.8724413971692955e-17
0,1.453368161789019e-05
0,8.274027769240652e-06
0,2.1584712359734748e-15
0,6.210600702892968e-16
0,1.3906815262155708e-16
0,1.56853460925284e-14
0,2.3843638682366147e-16
0,1.674369946559837e-17
0,8.47731881055711e-17
0,1.3425905086057125e-13
0,1.226260786154678e-11
0,3.9035443303844976e-17
0,7.355606239481764e-16
0,3.7826340514638333e-16
0,3.697365727442846e-15
0,1.6588219176113998e-18
0,1.9006907620623266e-16
0,4.1262864693604166e-14
0,4.34858610894061e-18
0,4.08062893793948e-18
0,7.991383821883897e-12
0,1.2781604579373606e-16
0,2.3742922115227136e-16
0,6.114699054634394e-17
0,6.044236922266533e-05
0,7.228084448162065e-17
0,3.925921952843731e-14
1,0.9999995213613826
0,8.312475813804475e-17
0,1.3323558446411173e-16
0,6.648281921566132e-05
0,3.571727697639607e-18
0,1.927076613251942e-14
0,4.5753165040621446e-12
0,1.2029044260965515e-13
0,6.387742022507015e-17
0,2.1119856890742154e-17
0,1.6328068609029514e-13
0,3.1386036258622997e-18
0,4.042005273841985e-15
0,8.655553960325969e-18
0,6.718557925541944e-13
0,4.8657031044569955e-18
0,1.4797582514030683e-16
0,9.608390448583712e-13
0,2.065003655656983e-14
0,4.17112507154462e-06
0,6.7656834181359076e-15
0,1.1476200321446033e-16
1,0.9999986572296715
0,5.219487686647549e-15
0,1.1140742943507654e-17
0,6.432920231489226e-07
0,5.82877353029126e-18
0,2.049419753006288e-17
0,4.605098453110777e-18
0,6.133418071295491e-17
1,0.9999992284246444
0,3.962169400461534e-18
0,2.1306172595692027e-17
0,1.8616540912390126e-13
0,1.0117000234469317e-15
0,1.333025321165211e-06
0,9.143062930119462e-19
0,0.00014545067172216846
0,1.7319181249148595e-06
0,3.5790552865501626e-16
0,9.83887007432e-13
0,4.0447606811588884e-16
0,2.741995356711107e-18
0,1.4006468246548027e-17
0,1.2702095133483564e-13
0,5.119710532027531e-17
0,4.08062893793948e-18
0,9.144003863373267e-16
0,1.37740479658741e-16
0,8.003095173979786e-14
0,3.720624198571569e-15
1,0.9999977053820165
0,1.6145345036500436e-13
0,4.992190224282553e-18
0,1.1964785625514071e-12
0,7.727857785659211e-14
0,1.594547847177354e-16
0,4.08062893793948e-18
0,2.754422647840561e-13
0,2.9479643748921732e-18
0,9.89051812632781e-17
0,1.3550090121266856e-14
0,4.08062893793948e-18
0,9.89051812632781e-17
0,1.9549495981902567e-17
0,9.117659856321902e-19
0,3.482653488682181e-16
0,1.8666496281580363e-14
0,1.7063044532934594e-16
0,2.120247689767871e-12
0,1.4492056143124548e-18
0,6.787351220129133e-14
0,1.0341512427103114e-14
0,1.5387475844673577e-16
0,9.527422846268174e-17
0,6.598688034600093e-13
0,8.086010130696905e-05
0,3.1359405041953243e-13
0,7.926119176401983e-18
0,1.141840421797561e-16
0,6.374112296140105e-13
0,1.3444234525973853e-13
0,5.982271601973793e-17
0,1.1366785102783779e-16
0,1.0482680345335988e-16
0,5.818343890850327e-18
0,2.902010943584033e-17
0,3.214772505532944e-14
0,5.211423996097484e-13
0,5.557602346289562e-17
0,3.403032419883107e-13
0,3.7686219257434816e-18
0,3.656175062346346e-17
1,0.9999920305913977
0,1.4181022188956688e-15
0,4.3912048811094126e-14
0,9.100648346988501e-14
0,6.26755292933356e-13
0,5.255128747333861e-06
0,9.117659856321902e-19
0,2.2140206712670318e-05
0,8.222140809608217e-14
0,2.8557063773693056e-17
0,2.1018100176203316e-13
1,0.9860895326272217
0,2.477820520949893e-15
0,1.1558620408119322e-13
0,4.992034812397277e-18
0,9.738903062730891e-17
0,1.1237487985427485e-13
0,7.412231572162724e-18
0,5.855495871786593e-17
0,6.197443107233062e-14
0,2.049419753006288e-17
0,3.5556091742288346e-17
0,4.679843892104032e-15
0,1.0073581329005013e-17
0,1.1799158508081122e-14
0,1.2005110218610743e-17
0,1.5006060706900827e-16
0,3.691266875158388e-17
0,1.6715318387899122e-18
0,7.245100954597093e-14
0,2.0796778859299426e-13
0,1.3000254644960665e-05
0,7.708242488560864e-18
0,1.948630087392014e-13
0,5.530926045368273e-16
0,1.290743910515048e-13
0,3.49755550784827e-18
0,1.5988503594648017e-17
0,9.790297836074828e-17
0,4.463297940586189e-12
0,1.1075992009071255e-16
0,5.012855995505683e-18
0,4.037443490010727e-12
0,3.610218417580912e-16
0,5.7433789740815436e-18
0,1.896378140844737e-17
0,1.5006060706900827e-16
0,6.908323838417566e-05
0,8.662489819207653e-15
1,0.9999981293601287
0,3.056089335283124e-17
0,8.959927093707734e-17
0,2.1464257548087075e-18
0,1.331024678129343e-14
0,1.5178848306560481e-16
0,3.8534517818500755e-17
0,3.66211994288047e-17
0,9.194260754814856e-14
0,3.654109743059782e-18
0,3.24278779666069e-15
0,5.41203089903593e-17
0,7.769097989532246e-16
0,1.087778994507635e-14
0,9.175594048266493e-17
0,3.647989768487211e-18
0,1.0620444655878384e-18
0,1.6347092318081078e-16
0,3.4618454892411695e-06
0,1.0205402892435872e-16
0,5.894384341157348e-17
0,8.714486910808e-06
0,2.9665178976524632e-18
0,1.2785440665093059e-17
0,2.238902301530836e-16
0,4.849645629066964e-18
0,3.6272135349216205e-17
0,2.5890103168837295e-16
0,8.106915744628319e-17
0,4.849645629066964e-18
0,2.8492332547931845e-14
0,3.2535281515665962e-18
0,1.9233380045094901e-13
0,6.908323838417566e-05
0,1.1900982466414401e-16
0,1.486810309796659e-13
1,0.9850971973461583
0,1.3381358815795694e-05
0,3.10366647779522e-17
0,1.0920969722823484e-16
0,2.7470929582743057e-15
0,1.927076613251942e-14
0,1.5222542904644117e-18
0,2.7390031871315474e-17
0,2.80831612717826e-16
0,1.5883858331133955e-14
0,8.467866278292625e-17
0,5.146872933649449e-15
0,1.2327691922724832e-16
0,1.6715318387899122e-18
0,3.5515383385173955e-16
0,1.6715318387899122e-18
0,3.571339590322862e-17
0,1.984961790155219e-11
0,1.099284020455454e-13
0,9.18099483037907e-14
0,4.08062893793948e-18
0,2.635456665092079e-05
0,1.8715811996374528e-18
1,0.9999940638827806
0,6.613525611893581e-17
0,1.149570857777893e-13
0,4.08062893793948e-18
0,1.520974977150055e-13
0,1.2177302785617158e-12
0,2.1978248837024512e-13
0,2.7149334230595564e-16
0,1.935734102117795e-18
0,3.344185404390585e-14
0,2.859950616617348e-12
0,2.6452408330409247e-18
0,2.9734778938626124e-14
0,6.996310333724997e-17
0,1.40224121004045e-15
0,1.2237788421336257e-05
0,9.117659856321902e-19
0,1.7536675204531672e-16
0,2.506761980318534e-17
0,3.155955833180891e-16
0,1.6328068609029514e-13
0,3.98165108549632e-15
0,4.970770068464536e-18
0,1.598911035935029e-17
0,5.245044244831849e-17
0,3.98165108549632e-15
0,8.204586004261512e-18
0,1.069677153508107e-05
1,0.9999993394459847
0,6.033807155396409e-13
0,3.6076298670658917e-16
0,1.499893783851129e-14
0,7.986109003781336e-05
0,2.9696670191741977e-15
0,7.805050363762445e-06
0,9.303936191837387e-17
0,1.5814608605619673e-17
0,3.73455463728603e-17
0,1.7134852858208174e-05
0,8.305943652156043e-14
0,2.8635450439885552e-18
0,9.91850723967961e-17
0,8.152225249995727e-13
0,1.3015611483869179e-16
0,4.2548764645636597e-13
0,1.3744072237706484e-16
0,1.41801952794922e-15
0,9.117659856321902e-19
