is_fraud,prediction_prob
0,0.3483899751515054
0,0.27653209204627777
0,0.4499996179399834
0,0.2725364026683052
0,0.3510443456252513
0,0.27074445652323637
0,0.2725364026683052
0,0.35429083171960135
0,0.2749937090312778
0,0.2749937090312778
0,0.2701944865083767
0,0.2641510661651348
0,0.2749937090312778
0,0.2749937090312778
0,0.27074445652323637
0,0.2641510661651348
0,0.2749937090312778
0,0.3496197549173816
0,0.27074445652323637
0,0.2641510661651348
0,0.34988234305507027
0,0.3543760210316553
0,0.2749937090312778
0,0.3528090017281303
0,0.2701944865083767
0,0.2749937090312778
0,0.3485696740476132
0,0.35182811929501656
0,0.2749937090312778
0,0.2725364026683052
0,0.2749937090312778
0,0.2701944865083767
0,0.2749937090312778
0,0.2701944865083767
0,0.2725364026683052
0,0.3483899751515054
0,0.44423583586913745
0,0.280132006081783
0,0.2641510661651348
0,0.2725364026683052
0,0.275702196602891
0,0.2701944865083767
0,0.27074445652323637
0,0.44295735400856867
0,0.2701944865083767
0,0.4358091571850618
0,0.2749937090312778
0,0.3496197549173816
0,0.3562598969742324
0,0.2749937090312778
0,0.3496197549173816
0,0.3521306885678613
0,0.3544234140501786
0,0.27074445652323637
0,0.3517524456358273
0,0.2641510661651348
0,0.4422861195264057
0,0.27074445652323637
0,0.3543760210316553
0,0.2749937090312778
0,0.3483899751515054
0,0.3543760210316553
0,0.3521306885678613
0,0.27074445652323637
0,0.3483899751515054
0,0.2749937090312778
0,0.27074445652323637
0,0.2749937090312778
0,0.2725364026683052
0,0.35182811929501656
0,0.3517524456358273
0,0.3543760210316553
0,0.2641510661651348
0,0.2701944865083767
0,0.2749937090312778
0,0.3543760210316553
0,0.4428209973205336
0,0.3510443456252513
0,0.3528090017281303
0,0.27022668119342635
0,0.27074445652323637
0,0.27074445652323637
0,0.2725364026683052
0,0.34340177880742273
0,0.3464862018355917
0,0.2641510661651348
0,0.2701944865083767
0,0.27074445652323637
0,0.3562598969742324
0,0.3581068853605791
0,0.2725364026683052
0,0.2749937090312778
0,0.2701944865083767
0,0.3593975609703767
0,0.280132006081783
0,0.27074445652323637
0,0.27074445652323637
0,0.3485696740476132
0,0.2701944865083767
0,0.35429083171960135
0,0.3483899751515054
0,0.2701944865083767
0,0.3528090017281303
0,0.35354569745818964
0,0.35429083171960135
0,0.3517524456358273
0,0.35429083171960135
0,0.27074445652323637
0,0.3656582979000097
0,0.44839706282620434
0,0.27575103703633386
0,0.2749937090312778
0,0.2749937090312778
0,0.2749937090312778
0,0.2701944865083767
0,0.3485696740476132
0,0.2725364026683052
0,0.35429083171960135
0,0.2641510661651348
0,0.27074445652323637
0,0.27074445652323637
0,0.2725364026683052
0,0.3528090017281303
0,0.35429083171960135
0,0.28789426371913635
0,0.35697346605045005
0,0.3521306885678613
0,0.27022668119342635
0,0.2641510661651348
0,0.3562598969742324
0,0.35429083171960135
0,0.3529428086390844
0,0.2701944865083767
0,0.3496197549173816
0,0.2641510661651348
0,0.3485696740476132
0,0.2701944865083767
0,0.3485696740476132
0,0.3517524456358273
0,0.4428209973205336
0,0.2749937090312778
0,0.2749937090312778
0,0.2701944865083767
0,0.2641510661651348
0,0.3483899751515054
0,0.3510443456252513
0,0.2725364026683052
0,0.3485696740476132
0,0.2725364026683052
0,0.3521306885678613
0,0.3544234140501786
0,0.3521306885678613
0,0.2701944865083767
0,0.4449622124532546
0,0.35429083171960135
0,0.35132998772878055
0,0.2725364026683052
0,0.2641510661651348
1,0.5403031463510174
0,0.3496197549173816
0,0.3544234140501786
0,0.2749937090312778
0,0.2641510661651348
0,0.3521306885678613
0,0.3485696740476132
0,0.27074445652323637
0,0.2749937090312778
0,0.4428209973205336
0,0.2701944865083767
0,0.44221909977674084
0,0.2725364026683052
0,0.3562598969742324
0,0.3581068853605791
0,0.3528090017281303
0,0.44143257644395945
0,0.27074445652323637
0,0.3510443456252513
0,0.2749937090312778
0,0.35546716096130465
0,0.4378748744661015
0,0.3510443456252513
0,0.445729638471146
0,0.2641510661651348
0,0.27022668119342635
0,0.2701944865083767
0,0.4412376185728482
0,0.4428209973205336
0,0.2701944865083767
0,0.3521306885678613
0,0.27074445652323637
0,0.2749937090312778
0,0.2701944865083767
0,0.3483899751515054
0,0.3517524456358273
0,0.27074445652323637
0,0.2641510661651348
0,0.2725364026683052
0,0.27074445652323637
0,0.3485696740476132
0,0.27074445652323637
0,0.2701944865083767
0,0.2701944865083767
0,0.3528090017281303
0,0.2641510661651348
0,0.4438434997858656
0,0.3521306885678613
0,0.2701944865083767
0,0.27074445652323637
0,0.27074445652323637
0,0.2725364026683052
0,0.3497454271042241
0,0.4438434997858656
0,0.4428209973205336
0,0.3621581517994695
1,0.540180127234081
0,0.2725364026683052
0,0.27074445652323637
0,0.2725364026683052
0,0.3485696740476132
0,0.44423583586913745
0,0.3483899751515054
0,0.3483899751515054
0,0.2701944865083767
0,0.27653209204627777
0,0.3562598969742324
1,0.5371858379330615
0,0.3521306885678613
0,0.2749937090312778
0,0.44126635133683734
0,0.27074445652323637
0,0.2641510661651348
0,0.3562598969742324
0,0.2641510661651348
0,0.3496197549173816
0,0.4430302322649259
0,0.4580772766900591
0,0.3464862018355917
0,0.3544234140501786
0,0.3543760210316553
0,0.2725364026683052
0,0.3510443456252513
0,0.27074445652323637
0,0.35301790016968937
0,0.2749937090312778
0,0.27074445652323637
0,0.2725364026683052
0,0.3485696740476132
0,0.2749937090312778
0,0.2839143671338823
0,0.27074445652323637
0,0.2725364026683052
0,0.2641510661651348
0,0.2725364026683052
1,0.5322168662517764
0,0.27074445652323637
0,0.27022668119342635
0,0.2641510661651348
0,0.3496197549173816
0,0.3529428086390844
0,0.27074445652323637
0,0.2725364026683052
0,0.2725364026683052
0,0.36887040779470986
0,0.2701944865083767
0,0.2641510661651348
0,0.2641510661651348
0,0.4374507735188162
0,0.3492601062869332
0,0.3496197549173816
0,0.27653209204627777
0,0.2725364026683052
0,0.2701944865083767
0,0.2749937090312778
0,0.2641510661651348
0,0.3528090017281303
0,0.3496197549173816
0,0.3464862018355917
0,0.2641510661651348
0,0.2701944865083767
0,0.27022668119342635
0,0.27575103703633386
0,0.27074445652323637
0,0.275702196602891
0,0.27074445652323637
0,0.2641510661651348
0,0.44305340513359953
0,0.2725364026683052
0,0.2749937090312778
0,0.35828570832164286
0,0.2749937090312778
0,0.27074445652323637
0,0.44143257644395945
0,0.2701944865083767
0,0.2701944865083767
0,0.27575103703633386
0,0.2701944865083767
0,0.3544234140501786
0,0.4499996179399834
0,0.3543760210316553
0,0.27653209204627777
0,0.35429083171960135
0,0.3543760210316553
0,0.3492601062869332
0,0.3582737733592752
0,0.2701944865083767
0,0.44126635133683734
0,0.27074445652323637
0,0.2701944865083767
0,0.34731882477802695
0,0.2701944865083767
0,0.2641510661651348
0,0.3496197549173816
0,0.44832087589520775
0,0.27074445652323637
0,0.2701944865083767
0,0.2749937090312778
0,0.2749937090312778
0,0.27022668119342635
0,0.3517524456358273
0,0.2701944865083767
0,0.2725364026683052
0,0.2749937090312778
0,0.3492601062869332
0,0.3483899751515054
0,0.2725364026683052
0,0.445729638471146
0,0.27022668119342635
0,0.43879489077513606
0,0.4365804933031078
0,0.27022668119342635
0,0.43812434568157194
0,0.35429083171960135
0,0.3492601062869332
0,0.4374146210327727
0,0.2641510661651348
0,0.3464862018355917
0,0.3544234140501786
0,0.3485696740476132
0,0.45852372498152105
0,0.3464862018355917
0,0.35354569745818964
0,0.34731882477802695
0,0.2749937090312778
0,0.2701944865083767
0,0.27022668119342635
0,0.3510443456252513
0,0.3486937310357586
0,0.2725364026683052
0,0.3504321292612712
0,0.2749937090312778
0,0.3528090017281303
0,0.2749937090312778
0,0.2641510661651348
1,0.5371858379330615
0,0.3544234140501786
0,0.35429083171960135
0,0.28789426371913635
0,0.280132006081783
0,0.275702196602891
0,0.2749937090312778
0,0.2701944865083767
0,0.2725364026683052
0,0.2749937090312778
0,0.35429083171960135
0,0.44627705058369027
0,0.35546716096130465
0,0.27074445652323637
0,0.2641510661651348
0,0.35697346605045005
0,0.2749937090312778
0,0.2749937090312778
0,0.3517524456358273
0,0.35429083171960135
0,0.2641510661651348
0,0.2725364026683052
0,0.3529428086390844
0,0.3543760210316553
1,0.5276519773793761
0,0.2641510661651348
0,0.2641510661651348
0,0.3543760210316553
0,0.2641510661651348
0,0.35182811929501656
0,0.35429083171960135
0,0.3492601062869332
0,0.27074445652323637
0,0.2725364026683052
0,0.35697346605045005
0,0.27074445652323637
0,0.2725364026683052
0,0.3543760210316553
1,0.5406676187968825
0,0.3529428086390844
0,0.3492601062869332
0,0.2749937090312778
0,0.2701944865083767
0,0.3528090017281303
0,0.27022668119342635
0,0.2725364026683052
0,0.4428209973205336
0,0.27074445652323637
0,0.280132006081783
0,0.2725364026683052
0,0.27022668119342635
0,0.2641510661651348
0,0.3464862018355917
0,0.2725364026683052
1,0.5350805708780432
0,0.27074445652323637
0,0.3496197549173816
0,0.4412376185728482
0,0.44627705058369027
0,0.2749937090312778
0,0.2641510661651348
0,0.2781527824047711
0,0.35697346605045005
0,0.2725364026683052
0,0.3483899751515054
0,0.2749937090312778
0,0.2725364026683052
0,0.4393271294630261
0,0.3517524456358273
0,0.2749937090312778
0,0.2725364026683052
0,0.35828570832164286
0,0.44221909977674084
0,0.4422861195264057
0,0.44839706282620434
0,0.3581068853605791
0,0.2701944865083767
0,0.2749937090312778
0,0.44627705058369027
0,0.443245075013711
0,0.27074445652323637
0,0.3543760210316553
0,0.35429083171960135
0,0.3517524456358273
0,0.27074445652323637
0,0.2725364026683052
0,0.2749937090312778
0,0.2701944865083767
0,0.27022668119342635
0,0.2701944865083767
0,0.27074445652323637
0,0.3492601062869332
0,0.280132006081783
0,0.4429830821069155
0,0.3483899751515054
0,0.3543760210316553
0,0.4422861195264057
0,0.2701944865083767
0,0.3496197549173816
0,0.2725364026683052
0,0.2701944865083767
0,0.2725364026683052
0,0.2701944865083767
0,0.2725364026683052
0,0.4411301029668467
0,0.2749937090312778
0,0.3485696740476132
0,0.35182811929501656
0,0.2701944865083767
0,0.27074445652323637
0,0.2749937090312778
0,0.27074445652323637
0,0.35546716096130465
0,0.3544234140501786
0,0.2641510661651348
0,0.2641510661651348
0,0.2749937090312778
0,0.3517524456358273
0,0.2701944865083767
0,0.2725364026683052
0,0.3562598969742324
0,0.2641510661651348
0,0.2701944865083767
0,0.2725364026683052
0,0.3492601062869332
0,0.27074445652323637
0,0.43838971718381625
0,0.2725364026683052
0,0.27022668119342635
0,0.2749937090312778
0,0.2701944865083767
0,0.36478308724718683
0,0.2641510661651348
0,0.35301790016968937
0,0.4422861195264057
0,0.2725364026683052
0,0.35697346605045005
0,0.27074445652323637
0,0.2725364026683052
0,0.3464862018355917
0,0.2749937090312778
0,0.2701944865083767
0,0.2641510661651348
0,0.35429083171960135
0,0.3543760210316553
0,0.2829099621789328
0,0.3529428086390844
0,0.27074445652323637
0,0.2641510661651348
0,0.3464862018355917
0,0.34340177880742273
0,0.2701944865083767
0,0.2725364026683052
0,0.27074445652323637
0,0.2725364026683052
0,0.4361080945307062
0,0.2701944865083767
0,0.2725364026683052
0,0.3485696740476132
0,0.3492601062869332
0,0.3544234140501786
0,0.2641510661651348
0,0.2725364026683052
0,0.35429083171960135
0,0.2725364026683052
0,0.27022668119342635
0,0.3492601062869332
0,0.35354569745818964
0,0.35429083171960135
0,0.27074445652323637
0,0.3492601062869332
0,0.3510443456252513
0,0.44143276462785724
0,0.2782665675831691
0,0.3521306885678613
0,0.4427656879941758
0,0.2749937090312778
0,0.35182811929501656
0,0.2701944865083767
0,0.35354569745818964
0,0.27074445652323637
0,0.3492601062869332
0,0.2749937090312778
0,0.2749937090312778
0,0.34988234305507027
0,0.2725364026683052
0,0.27074445652323637
0,0.3521306885678613
0,0.35429083171960135
0,0.3485696740476132
0,0.27074445652323637
0,0.2701944865083767
0,0.34340177880742273
0,0.3496197549173816
0,0.3521306885678613
0,0.2725364026683052
0,0.34340177880742273
0,0.35182811929501656
0,0.27074445652323637
0,0.35697346605045005
0,0.27074445652323637
0,0.3529428086390844
0,0.2781527824047711
0,0.4449622124532546
0,0.35429083171960135
0,0.2782665675831691
0,0.2749937090312778
0,0.3517524456358273
0,0.2725364026683052
0,0.2725364026683052
0,0.2641510661651348
0,0.37064507822362824
0,0.35429083171960135
0,0.27074445652323637
0,0.2641510661651348
0,0.2641510661651348
0,0.3517524456358273
0,0.3510443456252513
0,0.44350418385043283
0,0.2725364026683052
0,0.3521306885678613
0,0.4428209973205336
0,0.3485696740476132
0,0.35354569745818964
0,0.3529428086390844
0,0.27074445652323637
0,0.35828570832164286
0,0.2641510661651348
0,0.3496197549173816
0,0.3464862018355917
0,0.2781527824047711
0,0.3496197549173816
0,0.3510443456252513
0,0.27074445652323637
0,0.3656582979000097
0,0.3543760210316553
0,0.44440241999441155
0,0.2701944865083767
0,0.2749937090312778
0,0.2701944865083767
0,0.2725364026683052
0,0.27022668119342635
0,0.27074445652323637
0,0.2701944865083767
0,0.4559935650897209
0,0.4422861195264057
0,0.3543760210316553
0,0.44305340513359953
0,0.35429083171960135
0,0.3521306885678613
0,0.3496197549173816
0,0.2641510661651348
0,0.3464862018355917
0,0.27022668119342635
0,0.3497454271042241
0,0.3562598969742324
0,0.2701944865083767
1,0.5402239422022582
0,0.2641510661651348
0,0.2725364026683052
0,0.2701944865083767
0,0.44751233892339126
0,0.2725364026683052
0,0.27074445652323637
0,0.3464862018355917
0,0.35429083171960135
0,0.2701944865083767
0,0.2725364026683052
0,0.35354569745818964
0,0.2749937090312778
0,0.4411301029668467
0,0.2749937090312778
0,0.4428209973205336
0,0.35096566779911575
0,0.2725364026683052
0,0.2701944865083767
0,0.35546716096130465
0,0.27074445652323637
0,0.2725364026683052
0,0.2641510661651348
0,0.27022668119342635
0,0.2701944865083767
0,0.34541304610379603
0,0.3543760210316553
0,0.27022668119342635
0,0.3496197549173816
0,0.2641510661651348
0,0.44751233892339126
0,0.2641510661651348
0,0.27022668119342635
0,0.2641510661651348
0,0.34988234305507027
0,0.2641510661651348
0,0.2701944865083767
0,0.27653209204627777
0,0.3496197549173816
0,0.2701944865083767
0,0.3517524456358273
0,0.2701944865083767
0,0.35828570832164286
0,0.4422861195264057
0,0.27653209204627777
0,0.27022668119342635
0,0.3483899751515054
0,0.3528090017281303
0,0.2749937090312778
0,0.2641510661651348
0,0.3483899751515054
0,0.2749937090312778
0,0.2725364026683052
0,0.2725364026683052
0,0.3464862018355917
0,0.2725364026683052
0,0.4386531517692159
0,0.2749937090312778
0,0.3529428086390844
0,0.2641510661651348
0,0.2749937090312778
0,0.34541304610379603
0,0.3521306885678613
0,0.3521306885678613
0,0.35697346605045005
0,0.3496197549173816
0,0.3517524456358273
0,0.3621581517994695
0,0.3528090017281303
0,0.3496197549173816
0,0.27074445652323637
0,0.35096566779911575
0,0.4449622124532546
0,0.35429083171960135
0,0.3510443456252513
0,0.3529428086390844
0,0.3544234140501786
0,0.3543760210316553
0,0.2725364026683052
0,0.3543760210316553
0,0.2749937090312778
0,0.2641510661651348
0,0.3510443456252513
0,0.27074445652323637
0,0.3485696740476132
0,0.35546716096130465
0,0.2749937090312778
0,0.35096566779911575
0,0.2749937090312778
0,0.27074445652323637
0,0.2701944865083767
0,0.34988234305507027
0,0.2725364026683052
0,0.2749937090312778
0,0.2641510661651348
0,0.35429083171960135
0,0.3521306885678613
0,0.44305340513359953
0,0.27074445652323637
0,0.3528090017281303
0,0.3483899751515054
0,0.34731882477802695
0,0.44143276462785724
0,0.2641510661651348
0,0.27074445652323637
0,0.35697346605045005
0,0.2641510661651348
0,0.2701944865083767
0,0.2701944865083767
0,0.3492601062869332
0,0.4393271294630261
0,0.3510443456252513
0,0.2749937090312778
0,0.3504321292612712
0,0.3528090017281303
0,0.35429083171960135
0,0.4449622124532546
0,0.27022668119342635
0,0.3594861422605894
0,0.2641510661651348
0,0.35429083171960135
0,0.2701944865083767
0,0.2701944865083767
0,0.27074445652323637
0,0.27074445652323637
0,0.3529428086390844
0,0.44305340513359953
0,0.2749937090312778
0,0.2749937090312778
0,0.2781527824047711
0,0.27074445652323637
0,0.3521306885678613
0,0.3521306885678613
0,0.3529428086390844
0,0.4365804933031078
0,0.3510443456252513
0,0.27074445652323637
0,0.2701944865083767
0,0.35182811929501656
0,0.3544234140501786
0,0.2829099621789328
0,0.3599225872377727
0,0.2725364026683052
0,0.27074445652323637
0,0.3528090017281303
0,0.3544234140501786
0,0.2701944865083767
0,0.35182811929501656
0,0.2749937090312778
1,0.5336623040130873
0,0.27074445652323637
0,0.27074445652323637
0,0.3485696740476132
0,0.35626976344139577
0,0.27653209204627777
0,0.2701944865083767
0,0.2725364026683052
0,0.27074445652323637
0,0.2701944865083767
0,0.3496197549173816
0,0.2641510661651348
0,0.2749937090312778
0,0.2725364026683052
0,0.3483899751515054
0,0.2641510661651348
0,0.2725364026683052
0,0.27074445652323637
0,0.3529428086390844
0,0.2749937090312778
0,0.27022668119342635
0,0.2749937090312778
0,0.2641510661651348
0,0.3529428086390844
0,0.2641510661651348
0,0.27022668119342635
0,0.2749937090312778
0,0.3521306885678613
0,0.35096566779911575
0,0.43838971718381625
0,0.3485696740476132
0,0.371021843989842
0,0.35301790016968937
0,0.2701944865083767
0,0.27074445652323637
0,0.3621581517994695
0,0.35096566779911575
0,0.2701944865083767
0,0.2641510661651348
0,0.3464862018355917
0,0.27653209204627777
0,0.3543760210316553
0,0.2641510661651348
0,0.44345363110974195
0,0.2725364026683052
0,0.2641510661651348
0,0.2749937090312778
0,0.3496197549173816
0,0.2641510661651348
0,0.35182811929501656
0,0.2749937090312778
0,0.3510443456252513
0,0.34340177880742273
0,0.3529428086390844
0,0.3543760210316553
0,0.3485696740476132
0,0.3496197549173816
0,0.4386531517692159
0,0.28644173573975856
0,0.3492601062869332
0,0.2749937090312778
0,0.27022668119342635
0,0.4412376185728482
0,0.27074445652323637
0,0.35697346605045005
0,0.3528090017281303
0,0.2725364026683052
0,0.3485696740476132
0,0.2725364026683052
0,0.3483899751515054
0,0.35697346605045005
0,0.2749937090312778
0,0.43131866863344864
0,0.2725364026683052
0,0.2641510661651348
0,0.3485696740476132
1,0.5363619704674498
0,0.3483899751515054
0,0.2829099621789328
0,0.2641510661651348
0,0.34340177880742273
0,0.44440241999441155
0,0.3543760210316553
0,0.2725364026683052
0,0.2749937090312778
0,0.35429083171960135
0,0.27074445652323637
0,0.44350418385043283
0,0.44350418385043283
0,0.2701944865083767
0,0.4430302322649259
0,0.2641510661651348
0,0.2701944865083767
0,0.2749937090312778
0,0.2701944865083767
0,0.3483899751515054
0,0.3485696740476132
0,0.3483899751515054
0,0.3562598969742324
0,0.2701944865083767
0,0.3492601062869332
0,0.27074445652323637
0,0.2641510661651348
0,0.2749937090312778
0,0.3543760210316553
0,0.3544234140501786
0,0.27074445652323637
0,0.2749937090312778
0,0.36205281195351485
0,0.3529428086390844
0,0.2701944865083767
0,0.2749937090312778
0,0.2749937090312778
0,0.2725364026683052
0,0.3517524456358273
0,0.3528090017281303
0,0.2725364026683052
0,0.445729638471146
0,0.3621581517994695
0,0.35429083171960135
0,0.3496197549173816
0,0.4374507735188162
0,0.27074445652323637
0,0.3528090017281303
0,0.2749937090312778
0,0.44221909977674084
0,0.2725364026683052
0,0.35354569745818964
0,0.2641510661651348
0,0.3562598969742324
0,0.3486937310357586
0,0.4410258682640762
0,0.27074445652323637
0,0.2749937090312778
0,0.35429083171960135
0,0.35697346605045005
0,0.3510443456252513
0,0.27074445652323637
0,0.2701944865083767
0,0.35429083171960135
0,0.2725364026683052
0,0.2701944865083767
0,0.3543760210316553
0,0.2641510661651348
0,0.2749937090312778
0,0.2749937090312778
0,0.3544234140501786
0,0.2641510661651348
0,0.3496197549173816
0,0.2749937090312778
0,0.36772224805871073
0,0.3543760210316553
0,0.3621581517994695
0,0.2749937090312778
0,0.35096566779911575
0,0.3562598969742324
0,0.2749937090312778
0,0.4329470284511039
0,0.3464862018355917
0,0.27074445652323637
0,0.3543760210316553
0,0.3464862018355917
0,0.2725364026683052
0,0.3496197549173816
0,0.4412376185728482
0,0.2749937090312778
0,0.43657158471250335
0,0.3483899751515054
0,0.280132006081783
0,0.2701944865083767
0,0.2701944865083767
0,0.2641510661651348
0,0.3517524456358273
0,0.44305340513359953
0,0.27074445652323637
0,0.2641510661651348
0,0.2749937090312778
0,0.3496197549173816
0,0.3464862018355917
0,0.2701944865083767
0,0.3485696740476132
0,0.3510443456252513
0,0.2701944865083767
0,0.35182811929501656
0,0.27022668119342635
0,0.27074445652323637
0,0.44350418385043283
0,0.2749937090312778
0,0.2725364026683052
0,0.2701944865083767
0,0.3521306885678613
0,0.2725364026683052
0,0.35096566779911575
0,0.3517524456358273
0,0.35546716096130465
0,0.27074445652323637
0,0.27074445652323637
0,0.27074445652323637
0,0.4353495159966192
0,0.27074445652323637
0,0.3544234140501786
0,0.3562598969742324
0,0.35429083171960135
0,0.2701944865083767
0,0.3543760210316553
0,0.3486937310357586
0,0.2641510661651348
0,0.2725364026683052
0,0.3517524456358273
0,0.27022668119342635
0,0.2749937090312778
0,0.3510443456252513
0,0.2701944865083767
0,0.36681903369766755
0,0.27074445652323637
0,0.2749937090312778
0,0.27022668119342635
0,0.3521306885678613
0,0.27074445652323637
0,0.3504321292612712
0,0.2749937090312778
0,0.4409231803460927
0,0.44350418385043283
0,0.35828570832164286
0,0.35429083171960135
0,0.35546716096130465
0,0.44751233892339126
0,0.43879489077513606
0,0.2749937090312778
0,0.28644173573975856
0,0.2749937090312778
0,0.27022668119342635
0,0.2701944865083767
0,0.2641510661651348
0,0.3517524456358273
0,0.27653209204627777
0,0.2725364026683052
0,0.3543760210316553
0,0.3485696740476132
0,0.27074445652323637
0,0.35429083171960135
0,0.2781527824047711
0,0.27022668119342635
0,0.44143257644395945
0,0.27074445652323637
0,0.2725364026683052
0,0.3510443456252513
0,0.27074445652323637
0,0.27074445652323637
0,0.3582737733592752
0,0.2833786431908956
0,0.34988234305507027
0,0.35697346605045005
0,0.2749937090312778
0,0.35546716096130465
0,0.3543760210316553
0,0.4411301029668467
0,0.3528090017281303
0,0.2725364026683052
0,0.2749937090312778
0,0.34988234305507027
0,0.2749937090312778
0,0.2641510661651348
0,0.3529428086390844
0,0.2749937090312778
0,0.35546716096130465
0,0.36537720694447506
0,0.2725364026683052
0,0.2641510661651348
0,0.27074445652323637
0,0.27074445652323637
0,0.4393271294630261
0,0.3485696740476132
0,0.3543760210316553
0,0.27074445652323637
0,0.27074445652323637
0,0.34988234305507027
0,0.3504321292612712
0,0.2701944865083767
0,0.2725364026683052
0,0.3483899751515054
0,0.35828570832164286
0,0.44221909977674084
0,0.27074445652323637
0,0.3483899751515054
0,0.280132006081783
0,0.35301790016968937
0,0.3497454271042241
1,0.5334782223575174
0,0.4449622124532546
0,0.35697346605045005
0,0.3517524456358273
0,0.27074445652323637
0,0.2725364026683052
0,0.2641510661651348
0,0.2641510661651348
0,0.27653209204627777
0,0.27074445652323637
0,0.3529428086390844
0,0.2829099621789328
0,0.4374146210327727
0,0.44221909977674084
0,0.34988234305507027
0,0.2641510661651348
0,0.43755100063105257
0,0.3521306885678613
0,0.2701944865083767
0,0.3521306885678613
0,0.34340177880742273
0,0.4428209973205336
0,0.2749937090312778
0,0.28789426371913635
0,0.44839706282620434
0,0.27022668119342635
0,0.2641510661651348
0,0.2749937090312778
0,0.27074445652323637
0,0.2641510661651348
0,0.3543760210316553
0,0.27074445652323637
0,0.3497454271042241
0,0.27022668119342635
0,0.27653209204627777
0,0.2701944865083767
0,0.3485696740476132
0,0.2749937090312778
0,0.2701944865083767
0,0.2641510661651348
0,0.3464862018355917
0,0.2701944865083767
0,0.27074445652323637
0,0.3529428086390844
0,0.2725364026683052
0,0.3483899751515054
0,0.4454202798556101
1,0.455797234708438
0,0.3394317359608211
0,0.2749937090312778
0,0.2641510661651348
0,0.3497454271042241
0,0.3562598969742324
0,0.2641510661651348
0,0.2641510661651348
0,0.2701944865083767
0,0.3529428086390844
0,0.2701944865083767
0,0.3528090017281303
0,0.34731882477802695
0,0.2725364026683052
0,0.4449622124532546
0,0.3543760210316553
0,0.3517524456358273
0,0.3517524456358273
0,0.445729638471146
0,0.28199121265685934
0,0.3492601062869332
0,0.2749937090312778
0,0.35429083171960135
0,0.3464862018355917
0,0.2749937090312778
0,0.35354569745818964
0,0.2701944865083767
0,0.45738981792703626
1,0.5316788354612724
0,0.2641510661651348
0,0.3529428086390844
0,0.3464862018355917
0,0.27074445652323637
0,0.2749937090312778
0,0.2641510661651348
0,0.3517524456358273
0,0.2749937090312778
0,0.2725364026683052
0,0.3464862018355917
0,0.3485696740476132
0,0.2725364026683052
0,0.3485696740476132
0,0.3464862018355917
0,0.27074445652323637
0,0.3543760210316553
0,0.3528090017281303
0,0.2725364026683052
0,0.2701944865083767
0,0.2725364026683052
0,0.4246795583266833
0,0.2641510661651348
0,0.35697346605045005
0,0.3543760210316553
0,0.2749937090312778
0,0.27074445652323637
0,0.3485696740476132
0,0.2725364026683052
0,0.2725364026683052
0,0.27074445652323637
0,0.3510443456252513
0,0.2749937090312778
0,0.2749937090312778
0,0.2641510661651348
0,0.3517524456358273
0,0.2749937090312778
0,0.35301790016968937
0,0.2701944865083767
0,0.27575103703633386
0,0.3562598969742324
0,0.27074445652323637
0,0.3543760210316553
0,0.36537720694447506
0,0.3606656146101585
0,0.3529428086390844
0,0.3521306885678613
0,0.27022668119342635
0,0.2829099621789328
0,0.2641510661651348
0,0.27022668119342635
0,0.2749937090312778
0,0.27653209204627777
0,0.437818420431016
0,0.3528090017281303
0,0.445729638471146
0,0.27074445652323637
0,0.2701944865083767
0,0.27575103703633386
0,0.3543760210316553
0,0.2781527824047711
0,0.2725364026683052
0,0.27074445652323637
0,0.3528090017281303
0,0.2749937090312778
0,0.3464862018355917
0,0.2701944865083767
0,0.3521306885678613
0,0.2641510661651348
0,0.35429083171960135
0,0.2749937090312778
0,0.2701944865083767
0,0.27074445652323637
0,0.3543760210316553
0,0.29317613484413446
0,0.3518647132435565
0,0.4588482825991812
0,0.2749937090312778
0,0.27074445652323637
0,0.3543760210316553
0,0.3464862018355917
0,0.2641510661651348
0,0.4449622124532546
0,0.3496197549173816
0,0.3521306885678613
0,0.35429083171960135
0,0.44143257644395945
1,0.5350805708780432
0,0.28644173573975856
0,0.2725364026683052
0,0.3517524456358273
0,0.35429083171960135
0,0.27022668119342635
0,0.3486937310357586
0,0.2701944865083767
0,0.3492601062869332
0,0.2725364026683052
0,0.2725364026683052
0,0.27074445652323637
0,0.4428209973205336
0,0.3521306885678613
0,0.3621581517994695
0,0.37037958362785217
0,0.3528090017281303
0,0.4368156868859418
0,0.27074445652323637
0,0.27074445652323637
0,0.2725364026683052
0,0.43879489077513606
0,0.2725364026683052
0,0.4411301029668467
0,0.2701944865083767
0,0.2749937090312778
0,0.2701944865083767
0,0.2725364026683052
0,0.2641510661651348
0,0.2725364026683052
0,0.4411301029668467
0,0.27074445652323637
0,0.2641510661651348
0,0.2725364026683052
0,0.2725364026683052
0,0.2725364026683052
0,0.3485696740476132
0,0.43131866863344864
0,0.2701944865083767
0,0.44627705058369027
0,0.4393271294630261
0,0.27022668119342635
0,0.2725364026683052
1,0.5288691991244348
0,0.2749937090312778
0,0.3562598969742324
0,0.2749937090312778
0,0.2725364026683052
0,0.27074445652323637
0,0.280132006081783
0,0.3528090017281303
0,0.3562598969742324
0,0.35697346605045005
0,0.3521306885678613
1,0.5350805708780432
0,0.3521306885678613
0,0.27074445652323637
0,0.2641510661651348
0,0.35354569745818964
0,0.2725364026683052
0,0.2749937090312778
0,0.27074445652323637
0,0.3485696740476132
0,0.3497454271042241
0,0.2701944865083767
0,0.27022668119342635
0,0.2641510661651348
0,0.27074445652323637
0,0.2749937090312778
0,0.2725364026683052
0,0.2749937090312778
0,0.2843764415613313
0,0.35354569745818964
0,0.2725364026683052
0,0.44627705058369027
0,0.2749937090312778
0,0.2701944865083767
0,0.2749937090312778
0,0.3562598969742324
0,0.3485696740476132
0,0.35096566779911575
0,0.2641510661651348
0,0.27074445652323637
0,0.2782665675831691
0,0.2641510661651348
0,0.3483899751515054
0,0.2749937090312778
0,0.2701944865083767
0,0.2701944865083767
0,0.3464862018355917
0,0.2725364026683052
0,0.2701944865083767
0,0.3483899751515054
0,0.2641510661651348
0,0.3497454271042241
0,0.4374507735188162
0,0.35546716096130465
0,0.2641510661651348
0,0.27074445652323637
0,0.2749937090312778
0,0.44221909977674084
0,0.27074445652323637
0,0.27074445652323637
0,0.2725364026683052
0,0.2701944865083767
0,0.34988234305507027
0,0.3528090017281303
0,0.27022668119342635
0,0.2701944865083767
0,0.2701944865083767
0,0.2749937090312778
0,0.2749937090312778
0,0.2701944865083767
0,0.27022668119342635
0,0.35828570832164286
0,0.27074445652323637
0,0.2641510661651348
0,0.2725364026683052
0,0.2701944865083767
0,0.34731882477802695
0,0.2725364026683052
0,0.27074445652323637
0,0.3543760210316553
0,0.2725364026683052
0,0.3529428086390844
0,0.2725364026683052
0,0.2749937090312778
0,0.2641510661651348
0,0.2641510661651348
0,0.3562598969742324
0,0.2749937090312778
0,0.27022668119342635
0,0.4378748744661015
0,0.2749937090312778
0,0.2701944865083767
0,0.35429083171960135
0,0.27074445652323637
0,0.2701944865083767
0,0.4374146210327727
0,0.3483899751515054
0,0.27074445652323637
0,0.2641510661651348
0,0.3483899751515054
0,0.2725364026683052
0,0.3621581517994695
0,0.3497454271042241
0,0.2701944865083767
0,0.27074445652323637
0,0.27074445652323637
0,0.27074445652323637
0,0.27074445652323637
0,0.35301790016968937
0,0.3529428086390844
0,0.3528090017281303
0,0.3593975609703767
0,0.44305340513359953
0,0.3464862018355917
0,0.2749937090312778
0,0.3496197549173816
0,0.4411301029668467
0,0.3485696740476132
0,0.2725364026683052
0,0.3517524456358273
0,0.35828570832164286
0,0.2725364026683052
0,0.2749937090312778
0,0.2641510661651348
0,0.2725364026683052
0,0.2701944865083767
0,0.27074445652323637
0,0.3529428086390844
0,0.2829099621789328
0,0.27022668119342635
0,0.27074445652323637
0,0.35697346605045005
0,0.2641510661651348
0,0.27074445652323637
0,0.27074445652323637
0,0.3464862018355917
0,0.4412376185728482
0,0.2782665675831691
0,0.3497454271042241
0,0.3562598969742324
0,0.28199121265685934
0,0.27074445652323637
0,0.35182811929501656
0,0.35429083171960135
0,0.2725364026683052
0,0.3485696740476132
0,0.2749937090312778
0,0.2641510661651348
0,0.2725364026683052
0,0.2725364026683052
0,0.27074445652323637
0,0.44143276462785724
0,0.4386531517692159
0,0.2725364026683052
0,0.2725364026683052
0,0.2641510661651348
0,0.3528090017281303
0,0.35546716096130465
0,0.27074445652323637
0,0.35429083171960135
0,0.2701944865083767
0,0.3485696740476132
0,0.3562598969742324
0,0.2701944865083767
0,0.2749937090312778
0,0.2725364026683052
0,0.2701944865083767
0,0.2725364026683052
0,0.44751233892339126
0,0.3510443456252513
0,0.27074445652323637
0,0.3562598969742324
0,0.2701944865083767
0,0.3599332772873426
0,0.2641510661651348
0,0.4422861195264057
0,0.3485696740476132
0,0.35697346605045005
0,0.34541304610379603
0,0.2749937090312778
0,0.3529428086390844
0,0.2725364026683052
0,0.2701944865083767
0,0.35697346605045005
0,0.2641510661651348
0,0.35697346605045005
0,0.44221909977674084
0,0.2701944865083767
0,0.35429083171960135
0,0.36637923365918584
0,0.27022668119342635
0,0.35429083171960135
0,0.27074445652323637
0,0.3521306885678613
0,0.27074445652323637
0,0.35429083171960135
0,0.27074445652323637
0,0.2701944865083767
0,0.35096566779911575
0,0.2781527824047711
1,0.5372757353173166
0,0.3521306885678613
0,0.2701944865083767
0,0.4422861195264057
0,0.2725364026683052
0,0.2641510661651348
0,0.280132006081783
0,0.35429083171960135
0,0.2749937090312778
0,0.35697346605045005
0,0.2701944865083767
0,0.2701944865083767
0,0.27074445652323637
0,0.3496197549173816
0,0.2701944865083767
0,0.3543760210316553
0,0.27074445652323637
0,0.3517524456358273
0,0.34731882477802695
0,0.34541304610379603
0,0.3492601062869332
0,0.2725364026683052
0,0.2701944865083767
0,0.4580772766900591
0,0.35828570832164286
0,0.2701944865083767
0,0.3492601062869332
0,0.3521306885678613
0,0.3529428086390844
0,0.35546716096130465
0,0.2701944865083767
0,0.2725364026683052
0,0.27074445652323637
0,0.3517524456358273
0,0.2725364026683052
0,0.27074445652323637
0,0.3543760210316553
0,0.2725364026683052
0,0.27022668119342635
0,0.27022668119342635
0,0.27074445652323637
0,0.2725364026683052
0,0.27074445652323637
0,0.3521306885678613
0,0.2749937090312778
0,0.44143257644395945
0,0.3543760210316553
0,0.4428209973205336
1,0.5366317873001105
0,0.280132006081783
0,0.2725364026683052
0,0.2701944865083767
0,0.2641510661651348
0,0.27022668119342635
0,0.27074445652323637
0,0.2725364026683052
0,0.2701944865083767
0,0.3529428086390844
0,0.44627705058369027
0,0.27074445652323637
0,0.3496197549173816
0,0.2749937090312778
0,0.27022668119342635
0,0.35429083171960135
0,0.3544234140501786
0,0.2725364026683052
0,0.35546716096130465
0,0.44143257644395945
0,0.35354569745818964
0,0.27074445652323637
0,0.44751233892339126
0,0.3464862018355917
0,0.27074445652323637
0,0.2725364026683052
0,0.2725364026683052
0,0.3606656146101585
0,0.3497454271042241
0,0.27575103703633386
0,0.4428209973205336
0,0.3497454271042241
0,0.35828570832164286
0,0.3562598969742324
0,0.35828570832164286
0,0.3510443456252513
0,0.2749937090312778
0,0.2749937090312778
0,0.4412376185728482
0,0.35429083171960135
0,0.2701944865083767
0,0.35182811929501656
0,0.3497454271042241
0,0.3528090017281303
0,0.2725364026683052
0,0.3485696740476132
0,0.44350418385043283
0,0.3485696740476132
0,0.2641510661651348
0,0.2725364026683052
0,0.2701944865083767
0,0.3521306885678613
0,0.27074445652323637
0,0.2641510661651348
0,0.3485696740476132
0,0.2725364026683052
0,0.2725364026683052
0,0.2749937090312778
0,0.371021843989842
0,0.2641510661651348
0,0.2701944865083767
0,0.4422861195264057
0,0.2701944865083767
0,0.3483899751515054
0,0.4411301029668467
0,0.2701944865083767
0,0.2833786431908956
0,0.27074445652323637
0,0.2701944865083767
0,0.3483899751515054
0,0.3485696740476132
0,0.2749937090312778
0,0.2749937090312778
0,0.2641510661651348
0,0.2725364026683052
0,0.4412376185728482
0,0.3510443456252513
0,0.27575103703633386
0,0.27022668119342635
0,0.3485696740476132
0,0.2725364026683052
0,0.3621581517994695
0,0.27074445652323637
0,0.44221909977674084
0,0.35828570832164286
0,0.35429083171960135
0,0.35429083171960135
0,0.3483899751515054
0,0.3528090017281303
0,0.3492601062869332
0,0.2641510661651348
0,0.3562598969742324
0,0.2749937090312778
0,0.2749937090312778
0,0.2725364026683052
0,0.280132006081783
0,0.27022668119342635
0,0.34988234305507027
0,0.2701944865083767
0,0.2641510661651348
0,0.2749937090312778
0,0.2749937090312778
0,0.3517524456358273
0,0.3464862018355917
0,0.3528090017281303
0,0.35828570832164286
0,0.3528090017281303
0,0.2725364026683052
0,0.3544234140501786
0,0.2641510661651348
0,0.2701944865083767
0,0.2749937090312778
0,0.27074445652323637
0,0.2701944865083767
0,0.35429083171960135
0,0.2701944865083767
0,0.3464862018355917
0,0.3529428086390844
0,0.2725364026683052
0,0.3483899751515054
0,0.3517524456358273
0,0.2641510661651348
0,0.2641510661651348
0,0.2749937090312778
0,0.3528090017281303
0,0.3492601062869332
0,0.27074445652323637
0,0.2701944865083767
0,0.2749937090312778
0,0.3562598969742324
0,0.2839143671338823
0,0.27074445652323637
0,0.27022668119342635
0,0.35828570832164286
0,0.34988234305507027
0,0.2749937090312778
0,0.2749937090312778
0,0.3517524456358273
0,0.27074445652323637
0,0.3529428086390844
0,0.2725364026683052
0,0.4438434997858656
0,0.2725364026683052
1,0.530647987626655
0,0.3521306885678613
0,0.3510443456252513
0,0.3510443456252513
0,0.2641510661651348
0,0.27575103703633386
0,0.44305340513359953
0,0.2749937090312778
0,0.2701944865083767
0,0.2701944865083767
0,0.2725364026683052
0,0.27575103703633386
0,0.2701944865083767
0,0.2749937090312778
0,0.2749937090312778
0,0.2749937090312778
0,0.275702196602891
0,0.2781527824047711
0,0.3562598969742324
0,0.3529428086390844
0,0.3496197549173816
0,0.3528090017281303
0,0.280132006081783
0,0.44305340513359953
0,0.2725364026683052
0,0.2725364026683052
0,0.3529428086390844
0,0.2641510661651348
0,0.2701944865083767
0,0.3562598969742324
0,0.2749937090312778
0,0.3485696740476132
0,0.2641510661651348
0,0.3464862018355917
0,0.2749937090312778
0,0.4412376185728482
0,0.2701944865083767
0,0.27074445652323637
0,0.3483899751515054
0,0.2749937090312778
0,0.35096566779911575
0,0.2641510661651348
0,0.27074445652323637
0,0.445729638471146
0,0.27074445652323637
0,0.2701944865083767
0,0.2725364026683052
0,0.44143276462785724
0,0.2749937090312778
0,0.44751233892339126
0,0.2701944865083767
0,0.44143276462785724
0,0.27074445652323637
0,0.3544234140501786
0,0.2641510661651348
0,0.34988234305507027
0,0.371021843989842
0,0.3529428086390844
0,0.3464862018355917
0,0.2641510661651348
0,0.3521306885678613
0,0.44143276462785724
0,0.35697346605045005
0,0.4358091571850618
0,0.445729638471146
0,0.2641510661651348
0,0.2749937090312778
0,0.36681903369766755
0,0.3485696740476132
0,0.3517524456358273
0,0.3544234140501786
0,0.3485696740476132
0,0.3562598969742324
0,0.2725364026683052
0,0.2725364026683052
0,0.34340177880742273
0,0.2701944865083767
0,0.35828570832164286
0,0.2725364026683052
0,0.43879489077513606
0,0.2641510661651348
0,0.2701944865083767
0,0.3529428086390844
0,0.44751233892339126
0,0.280132006081783
0,0.2749937090312778
0,0.2701944865083767
0,0.2725364026683052
0,0.27074445652323637
0,0.3517524456358273
0,0.3485696740476132
0,0.3497454271042241
0,0.2725364026683052
0,0.3521306885678613
0,0.34340177880742273
0,0.27022668119342635
0,0.2725364026683052
0,0.2701944865083767
0,0.27022668119342635
0,0.27022668119342635
0,0.2701944865083767
0,0.35096566779911575
0,0.35182811929501656
0,0.44305340513359953
0,0.27074445652323637
0,0.44143276462785724
0,0.2725364026683052
0,0.3521306885678613
0,0.2701944865083767
0,0.2749937090312778
1,0.5380138418361108
0,0.3529428086390844
0,0.2701944865083767
0,0.35429083171960135
0,0.2701944865083767
0,0.3492601062869332
0,0.2725364026683052
0,0.35828570832164286
0,0.2701944865083767
0,0.2701944865083767
0,0.27022668119342635
0,0.2749937090312778
0,0.2749937090312778
0,0.34340177880742273
0,0.43817930636356034
0,0.2749937090312778
0,0.3528090017281303
0,0.27653209204627777
0,0.3543760210316553
0,0.2749937090312778
0,0.2701944865083767
0,0.35301790016968937
0,0.44839706282620434
0,0.2701944865083767
0,0.4440716005254782
0,0.3464862018355917
0,0.2701944865083767
0,0.2701944865083767
0,0.35429083171960135
0,0.2781527824047711
0,0.27074445652323637
0,0.4438434997858656
0,0.2749937090312778
0,0.27074445652323637
0,0.2701944865083767
0,0.2725364026683052
0,0.2701944865083767
0,0.2749937090312778
0,0.27074445652323637
0,0.27022668119342635
0,0.2701944865083767
0,0.4430302322649259
0,0.3544234140501786
0,0.2749937090312778
1,0.5385267901244583
0,0.2641510661651348
0,0.2725364026683052
0,0.27074445652323637
0,0.27074445652323637
0,0.27022668119342635
0,0.44350418385043283
0,0.2749937090312778
0,0.3528090017281303
0,0.27653209204627777
0,0.280132006081783
0,0.35429083171960135
0,0.3517524456358273
0,0.35301790016968937
0,0.2725364026683052
0,0.2725364026683052
0,0.3562598969742324
0,0.3528090017281303
0,0.27653209204627777
0,0.2701944865083767
0,0.27074445652323637
0,0.3521306885678613
0,0.3496197549173816
1,0.535376695135862
0,0.3510443456252513
0,0.2749937090312778
0,0.35828570832164286
0,0.35626976344139577
0,0.3529428086390844
0,0.2749937090312778
0,0.2641510661651348
0,0.2641510661651348
0,0.3543760210316553
0,0.2641510661651348
0,0.3492601062869332
0,0.27022668119342635
0,0.3562598969742324
0,0.27022668119342635
0,0.2701944865083767
0,0.4378748744661015
0,0.28789426371913635
0,0.2725364026683052
0,0.3483899751515054
0,0.27074445652323637
0,0.2641510661651348
0,0.2749937090312778
0,0.2701944865083767
0,0.35096566779911575
0,0.44423583586913745
0,0.2725364026683052
0,0.2701944865083767
0,0.27074445652323637
0,0.35546716096130465
0,0.3485696740476132
0,0.3497454271042241
0,0.3496197549173816
0,0.27022668119342635
0,0.27022668119342635
0,0.2749937090312778
0,0.2749937090312778
0,0.2641510661651348
0,0.3485696740476132
0,0.2641510661651348
0,0.27022668119342635
0,0.27022668119342635
0,0.27074445652323637
0,0.3483899751515054
0,0.27074445652323637
0,0.4386531517692159
0,0.2701944865083767
0,0.44839706282620434
0,0.4428209973205336
0,0.4422861195264057
0,0.27074445652323637
0,0.3648356770877181
0,0.2701944865083767
0,0.2725364026683052
0,0.3492601062869332
0,0.2701944865083767
0,0.4409231803460927
0,0.2725364026683052
0,0.2641510661651348
0,0.34541304610379603
0,0.44295735400856867
0,0.2725364026683052
0,0.2701944865083767
0,0.2725364026683052
0,0.2725364026683052
0,0.3593975609703767
0,0.2900583430151179
0,0.3492601062869332
0,0.2781527824047711
0,0.2749937090312778
0,0.2641510661651348
0,0.2749937090312778
0,0.35828570832164286
0,0.3529428086390844
0,0.34340177880742273
0,0.27074445652323637
0,0.27074445652323637
0,0.3562598969742324
0,0.443245075013711
0,0.35546716096130465
0,0.2701944865083767
0,0.3543760210316553
0,0.2701944865083767
1,0.5406676187968825
0,0.3485696740476132
0,0.27074445652323637
0,0.2725364026683052
0,0.34988234305507027
0,0.3497454271042241
0,0.3521306885678613
0,0.3483899751515054
0,0.35096566779911575
0,0.4588482825991812
0,0.2749937090312778
0,0.44143276462785724
0,0.36681903369766755
0,0.4374146210327727
0,0.2725364026683052
0,0.27074445652323637
0,0.36537720694447506
0,0.44295735400856867
0,0.3485696740476132
0,0.3543760210316553
0,0.44091716877273346
0,0.35429083171960135
0,0.2641510661651348
0,0.3594861422605894
0,0.3562598969742324
0,0.4365804933031078
0,0.2701944865083767
0,0.3492601062869332
0,0.35429083171960135
0,0.36887040779470986
0,0.280132006081783
0,0.3521306885678613
0,0.27074445652323637
0,0.27074445652323637
0,0.27074445652323637
0,0.2641510661651348
0,0.2725364026683052
0,0.3521306885678613
0,0.27074445652323637
0,0.445729638471146
0,0.2701944865083767
0,0.4411301029668467
0,0.3518647132435565
0,0.27022668119342635
0,0.2701944865083767
0,0.3496197549173816
0,0.35429083171960135
0,0.43879489077513606
0,0.4388431241624869
0,0.3528090017281303
0,0.3510443456252513
0,0.3529428086390844
0,0.35697346605045005
0,0.2701944865083767
0,0.2641510661651348
0,0.35828570832164286
0,0.35429083171960135
0,0.3562598969742324
0,0.2701944865083767
0,0.2701944865083767
0,0.2829099621789328
0,0.2701944865083767
0,0.27022668119342635
0,0.2641510661651348
0,0.35301790016968937
0,0.3496197549173816
0,0.3594861422605894
0,0.35429083171960135
0,0.2701944865083767
0,0.27074445652323637
0,0.2725364026683052
0,0.3528090017281303
0,0.2725364026683052
0,0.3464862018355917
0,0.3544234140501786
0,0.3483899751515054
0,0.2641510661651348
0,0.4438434997858656
0,0.2641510661651348
0,0.2641510661651348
0,0.44221909977674084
0,0.2641510661651348
0,0.27074445652323637
0,0.27074445652323637
0,0.3618641653816195
0,0.2641510661651348
0,0.27074445652323637
0,0.2701944865083767
0,0.35429083171960135
0,0.2641510661651348
0,0.3485696740476132
0,0.2641510661651348
0,0.443245075013711
0,0.3606656146101585
0,0.4525964721239467
0,0.2641510661651348
0,0.3529428086390844
0,0.34541304610379603
0,0.3483899751515054
0,0.4329470284511039
0,0.44751233892339126
0,0.2701944865083767
0,0.44295735400856867
0,0.2725364026683052
0,0.34541304610379603
0,0.3394317359608211
0,0.2701944865083767
0,0.2701944865083767
0,0.3517524456358273
0,0.2725364026683052
0,0.3562598969742324
0,0.3517524456358273
0,0.44143276462785724
0,0.2725364026683052
0,0.2749937090312778
1,0.5371858379330615
0,0.3517524456358273
0,0.2701944865083767
0,0.2725364026683052
0,0.2749937090312778
0,0.2749937090312778
0,0.2725364026683052
0,0.3529428086390844
0,0.2641510661651348
0,0.2749937090312778
0,0.27074445652323637
0,0.2749937090312778
0,0.27074445652323637
0,0.28789426371913635
0,0.3528090017281303
0,0.2749937090312778
0,0.2701944865083767
0,0.2701944865083767
0,0.3485696740476132
1,0.5334782223575174
0,0.3485696740476132
0,0.2725364026683052
0,0.44143276462785724
0,0.27074445652323637
0,0.2749937090312778
0,0.2749937090312778
0,0.27074445652323637
0,0.2701944865083767
0,0.2725364026683052
0,0.3543760210316553
0,0.3492601062869332
0,0.2725364026683052
0,0.2749937090312778
0,0.2725364026683052
0,0.2641510661651348
0,0.2725364026683052
0,0.35697346605045005
0,0.2641510661651348
0,0.3562598969742324
0,0.2749937090312778
0,0.34731882477802695
0,0.3562598969742324
0,0.2749937090312778
0,0.27074445652323637
0,0.4422861195264057
0,0.2641510661651348
0,0.2641510661651348
0,0.27074445652323637
0,0.27074445652323637
0,0.437818420431016
0,0.27022668119342635
0,0.35429083171960135
0,0.35546716096130465
0,0.2641510661651348
0,0.4422861195264057
0,0.3562598969742324
0,0.3496197549173816
0,0.27074445652323637
0,0.2749937090312778
0,0.2641510661651348
0,0.27022668119342635
0,0.3492601062869332
0,0.3599332772873426
0,0.3543760210316553
0,0.27074445652323637
0,0.3483899751515054
0,0.2725364026683052
0,0.35429083171960135
0,0.3543760210316553
0,0.35828570832164286
0,0.4449622124532546
0,0.27074445652323637
0,0.44305340513359953
0,0.27074445652323637
0,0.4412376185728482
0,0.3562598969742324
0,0.3464862018355917
0,0.36187002334657875
0,0.3517524456358273
0,0.3483899751515054
0,0.2749937090312778
0,0.3517524456358273
0,0.27074445652323637
0,0.35429083171960135
0,0.2641510661651348
0,0.35697346605045005
0,0.2641510661651348
0,0.2749937090312778
0,0.34731882477802695
0,0.3510443456252513
0,0.2641510661651348
1,0.5402239422022582
0,0.3496197549173816
0,0.2725364026683052
0,0.35096566779911575
0,0.3528090017281303
0,0.3543760210316553
0,0.27074445652323637
0,0.27022668119342635
0,0.3485696740476132
0,0.27074445652323637
1,0.5328238119316181
0,0.27074445652323637
0,0.27074445652323637
0,0.3517524456358273
0,0.3543760210316553
0,0.27022668119342635
0,0.3562598969742324
0,0.3544234140501786
0,0.2725364026683052
0,0.27074445652323637
0,0.3496197549173816
0,0.27074445652323637
0,0.27074445652323637
0,0.44221909977674084
0,0.2725364026683052
0,0.2749937090312778
0,0.2749937090312778
0,0.3464862018355917
0,0.3510443456252513
0,0.2641510661651348
0,0.2701944865083767
0,0.3562598969742324
0,0.2701944865083767
0,0.2701944865083767
0,0.3485696740476132
0,0.35301790016968937
0,0.27575103703633386
0,0.3528090017281303
0,0.43838971718381625
1,0.5326110607235425
0,0.27653209204627777
0,0.2749937090312778
0,0.3510443456252513
0,0.3562598969742324
0,0.3483899751515054
0,0.27074445652323637
0,0.2725364026683052
0,0.2749937090312778
0,0.2843764415613313
0,0.2701944865083767
0,0.2701944865083767
0,0.3543760210316553
0,0.2749937090312778
0,0.27074445652323637
1,0.5380138418361108
0,0.35546716096130465
0,0.3529428086390844
0,0.2749937090312778
0,0.34988234305507027
0,0.27022668119342635
0,0.2701944865083767
0,0.2701944865083767
0,0.3562598969742324
0,0.3496197549173816
0,0.3485696740476132
0,0.27074445652323637
0,0.3562598969742324
0,0.44423583586913745
0,0.44440241999441155
0,0.2701944865083767
0,0.3543760210316553
0,0.27074445652323637
0,0.27074445652323637
0,0.44839706282620434
0,0.3510443456252513
0,0.35429083171960135
0,0.2749937090312778
0,0.2641510661651348
0,0.2701944865083767
0,0.2701944865083767
0,0.27074445652323637
0,0.27074445652323637
0,0.275702196602891
0,0.35429083171960135
0,0.2749937090312778
0,0.2749937090312778
0,0.3543760210316553
1,0.5332912715876754
0,0.27074445652323637
0,0.35429083171960135
0,0.4365804933031078
0,0.27074445652323637
0,0.46277785776980906
0,0.36287687526160645
0,0.35546716096130465
0,0.2749937090312778
0,0.2641510661651348
0,0.2725364026683052
0,0.3528090017281303
0,0.2725364026683052
0,0.35697346605045005
0,0.2725364026683052
0,0.2701944865083767
0,0.2701944865083767
0,0.2701944865083767
0,0.35429083171960135
0,0.2641510661651348
0,0.3464862018355917
0,0.3464862018355917
0,0.2725364026683052
0,0.2641510661651348
0,0.3485696740476132
1,0.5371858379330615
0,0.3528090017281303
0,0.3543760210316553
0,0.3528090017281303
0,0.3528090017281303
0,0.3496197549173816
0,0.2725364026683052
0,0.2641510661651348
0,0.2725364026683052
0,0.44295735400856867
0,0.27074445652323637
0,0.3544234140501786
0,0.3485696740476132
0,0.2701944865083767
0,0.27074445652323637
0,0.2701944865083767
0,0.2701944865083767
0,0.34541304610379603
0,0.36637923365918584
0,0.3521306885678613
0,0.3496197549173816
1,0.5406676187968825
0,0.2781527824047711
0,0.35697346605045005
0,0.2641510661651348
0,0.3492601062869332
0,0.27074445652323637
0,0.27022668119342635
0,0.2641510661651348
0,0.35182811929501656
0,0.2701944865083767
0,0.3496197549173816
0,0.3517524456358273
0,0.3517524456358273
1,0.530647987626655
0,0.2641510661651348
0,0.2749937090312778
0,0.2641510661651348
0,0.2725364026683052
0,0.44350418385043283
0,0.4386531517692159
0,0.3492601062869332
0,0.43879489077513606
0,0.35429083171960135
0,0.27074445652323637
0,0.2701944865083767
0,0.4374507735188162
0,0.2701944865083767
0,0.2641510661651348
0,0.3510443456252513
0,0.2641510661651348
0,0.3497454271042241
0,0.43879489077513606
0,0.45344504415365255
0,0.3483899751515054
0,0.3496197549173816
0,0.2749937090312778
0,0.27022668119342635
0,0.3485696740476132
0,0.2749937090312778
0,0.4240110578600065
0,0.37174790583205647
0,0.2749937090312778
0,0.2725364026683052
0,0.2701944865083767
0,0.27074445652323637
0,0.2749937090312778
0,0.3543760210316553
0,0.2749937090312778
0,0.27022668119342635
0,0.3394317359608211
0,0.3510443456252513
0,0.3485696740476132
0,0.44552696943747017
0,0.27074445652323637
0,0.2749937090312778
0,0.3562598969742324
0,0.2749937090312778
0,0.3483899751515054
0,0.2701944865083767
0,0.44091716877273346
0,0.27074445652323637
0,0.27074445652323637
0,0.3528090017281303
0,0.2725364026683052
0,0.275702196602891
0,0.3464862018355917
0,0.27074445652323637
0,0.2701944865083767
0,0.2641510661651348
0,0.2749937090312778
0,0.35182811929501656
0,0.3581068853605791
0,0.3743149400109996
0,0.3529428086390844
0,0.4411301029668467
1,0.5385267901244583
0,0.3562598969742324
0,0.35096566779911575
0,0.2701944865083767
0,0.27022668119342635
0,0.3528090017281303
0,0.3528090017281303
0,0.2641510661651348
0,0.27074445652323637
0,0.4430302322649259
0,0.2641510661651348
0,0.44839706282620434
0,0.3483899751515054
0,0.27022668119342635
0,0.2641510661651348
0,0.3528090017281303
0,0.2725364026683052
0,0.27074445652323637
0,0.2701944865083767
0,0.2725364026683052
0,0.2725364026683052
0,0.3517524456358273
0,0.2725364026683052
0,0.3521306885678613
0,0.2641510661651348
0,0.3492601062869332
0,0.44091716877273346
0,0.3485696740476132
0,0.35697346605045005
1,0.5380138418361108
0,0.4380696992772447
0,0.35429083171960135
0,0.3485696740476132
0,0.2641510661651348
0,0.2749937090312778
0,0.2749937090312778
0,0.3483899751515054
0,0.35697346605045005
0,0.3529428086390844
0,0.2725364026683052
0,0.2725364026683052
0,0.2701944865083767
0,0.2749937090312778
0,0.44350418385043283
0,0.4422861195264057
0,0.27074445652323637
0,0.44751233892339126
0,0.27575103703633386
0,0.3496197549173816
0,0.27022668119342635
0,0.3485696740476132
0,0.35096566779911575
0,0.3529428086390844
0,0.2701944865083767
0,0.3528090017281303
0,0.27022668119342635
0,0.2725364026683052
0,0.44221909977674084
0,0.2701944865083767
0,0.2725364026683052
0,0.2701944865083767
0,0.2701944865083767
0,0.2725364026683052
0,0.4428209973205336
0,0.280132006081783
0,0.27074445652323637
0,0.2701944865083767
0,0.3485696740476132
0,0.44305340513359953
0,0.2701944865083767
0,0.2725364026683052
0,0.44423583586913745
0,0.44440241999441155
0,0.35697346605045005
0,0.2725364026683052
0,0.2725364026683052
0,0.2749937090312778
0,0.2725364026683052
0,0.3496197549173816
0,0.3544234140501786
0,0.27074445652323637
0,0.36887040779470986
0,0.27074445652323637
0,0.27074445652323637
0,0.27074445652323637
0,0.35697346605045005
0,0.2725364026683052
0,0.3464862018355917
0,0.2701944865083767
0,0.3521306885678613
0,0.2641510661651348
0,0.2701944865083767
0,0.2725364026683052
0,0.2749937090312778
0,0.44839706282620434
0,0.3562598969742324
0,0.2725364026683052
0,0.27074445652323637
0,0.27074445652323637
0,0.3521306885678613
0,0.3543760210316553
0,0.35429083171960135
0,0.2701944865083767
0,0.3529428086390844
0,0.2725364026683052
0,0.27022668119342635
0,0.3621581517994695
0,0.35697346605045005
0,0.44423583586913745
0,0.3562598969742324
0,0.2701944865083767
0,0.43817930636356034
0,0.35182811929501656
0,0.2701944865083767
0,0.3496197549173816
0,0.3528090017281303
0,0.2749937090312778
0,0.2701944865083767
0,0.27022668119342635
0,0.27074445652323637
0,0.2725364026683052
0,0.36805630804016376
0,0.2749937090312778
0,0.2725364026683052
0,0.34731882477802695
0,0.2725364026683052
0,0.3496197549173816
0,0.3464862018355917
0,0.2749937090312778
0,0.2749937090312778
0,0.2749937090312778
0,0.2701944865083767
0,0.3528090017281303
0,0.44305340513359953
0,0.2701944865083767
0,0.3544234140501786
0,0.3517524456358273
0,0.27022668119342635
0,0.35429083171960135
0,0.2701944865083767
0,0.35828570832164286
0,0.2833786431908956
0,0.35429083171960135
0,0.2725364026683052
0,0.3496197549173816
0,0.27074445652323637
0,0.2749937090312778
0,0.35429083171960135
0,0.445729638471146
0,0.2701944865083767
0,0.2701944865083767
0,0.3510443456252513
0,0.2749937090312778
0,0.3543760210316553
0,0.2725364026683052
0,0.2701944865083767
0,0.2725364026683052
0,0.44751233892339126
0,0.3510443456252513
0,0.3496197549173816
0,0.3528090017281303
0,0.2725364026683052
0,0.4429830821069155
0,0.2725364026683052
0,0.2725364026683052
0,0.35354569745818964
0,0.35828570832164286
0,0.2701944865083767
0,0.44751233892339126
0,0.36287687526160645
0,0.3483899751515054
0,0.2641510661651348
0,0.35546716096130465
0,0.3562598969742324
0,0.2701944865083767
0,0.3529428086390844
0,0.35429083171960135
0,0.4364248273522903
0,0.2641510661651348
0,0.2749937090312778
0,0.3544234140501786
0,0.2749937090312778
0,0.27074445652323637
0,0.2641510661651348
0,0.27022668119342635
0,0.27022668119342635
0,0.3496197549173816
1,0.5340553298954441
0,0.2641510661651348
0,0.2701944865083767
0,0.2701944865083767
0,0.35429083171960135
0,0.27074445652323637
0,0.2749937090312778
0,0.27074445652323637
0,0.2641510661651348
0,0.2725364026683052
0,0.2725364026683052
0,0.445729638471146
0,0.3464862018355917
0,0.3492601062869332
0,0.3521306885678613
0,0.3496197549173816
0,0.4422861195264057
0,0.2749937090312778
1,0.5402239422022582
0,0.2641510661651348
0,0.27074445652323637
0,0.35354569745818964
0,0.35429083171960135
0,0.2701944865083767
0,0.3464862018355917
0,0.3486937310357586
0,0.2749937090312778
0,0.3492601062869332
0,0.2725364026683052
0,0.35828570832164286
0,0.35546716096130465
0,0.2725364026683052
0,0.27074445652323637
0,0.2725364026683052
0,0.2701944865083767
0,0.275702196602891
0,0.4267682401378522
0,0.2701944865083767
0,0.2701944865083767
0,0.2725364026683052
0,0.3528090017281303
0,0.2749937090312778
0,0.2749937090312778
0,0.2641510661651348
0,0.3528090017281303
0,0.2725364026683052
1,0.5316788354612724
0,0.2701944865083767
0,0.2749937090312778
0,0.2749937090312778
0,0.3486937310357586
0,0.3562598969742324
0,0.2701944865083767
0,0.2701944865083767
0,0.2701944865083767
0,0.27074445652323637
1,0.5351875463030881
0,0.3529428086390844
1,0.5287409256862724
0,0.3528090017281303
0,0.3485696740476132
0,0.280132006081783
0,0.34731882477802695
0,0.3528090017281303
0,0.2641510661651348
0,0.27074445652323637
0,0.44143276462785724
0,0.3529428086390844
0,0.2749937090312778
0,0.3510443456252513
0,0.34340177880742273
0,0.2725364026683052
0,0.2701944865083767
0,0.3492601062869332
0,0.44627705058369027
0,0.35429083171960135
0,0.3544234140501786
0,0.4412376185728482
0,0.35828570832164286
0,0.27074445652323637
0,0.2781527824047711
0,0.3485696740476132
0,0.3528090017281303
0,0.3483899751515054
0,0.3483899751515054
0,0.4412376185728482
0,0.2749937090312778
0,0.34541304610379603
0,0.3528090017281303
0,0.44143276462785724
0,0.2749937090312778
0,0.34541304610379603
0,0.27074445652323637
0,0.2641510661651348
0,0.3529428086390844
0,0.3521306885678613
0,0.35546716096130465
0,0.44350418385043283
0,0.3510443456252513
0,0.3492601062869332
0,0.3464862018355917
0,0.2725364026683052
0,0.3485696740476132
0,0.35096566779911575
0,0.2725364026683052
0,0.2749937090312778
0,0.2725364026683052
0,0.44305340513359953
0,0.2641510661651348
0,0.27074445652323637
0,0.2749937090312778
0,0.34340177880742273
0,0.3492601062869332
0,0.3492601062869332
0,0.4430302322649259
0,0.3496197549173816
0,0.2641510661651348
0,0.2701944865083767
0,0.3517524456358273
0,0.3510443456252513
0,0.3528090017281303
0,0.2749937090312778
0,0.2725364026683052
0,0.3483899751515054
0,0.4412376185728482
0,0.2701944865083767
0,0.2725364026683052
0,0.2725364026683052
0,0.2641510661651348
0,0.2641510661651348
0,0.4438434997858656
0,0.36537720694447506
0,0.2701944865083767
0,0.2725364026683052
0,0.2749937090312778
0,0.27074445652323637
0,0.4430302322649259
0,0.2725364026683052
0,0.2701944865083767
0,0.27074445652323637
0,0.3521306885678613
0,0.2749937090312778
0,0.2641510661651348
0,0.27074445652323637
0,0.2725364026683052
0,0.27074445652323637
0,0.35828570832164286
0,0.27022668119342635
0,0.3497454271042241
0,0.3529428086390844
0,0.280132006081783
0,0.34731882477802695
0,0.27074445652323637
0,0.27074445652323637
0,0.4410258682640762
0,0.27074445652323637
0,0.3528090017281303
0,0.2641510661651348
0,0.2701944865083767
0,0.4388431241624869
0,0.2725364026683052
0,0.27074445652323637
0,0.2701944865083767
0,0.27074445652323637
0,0.3544234140501786
0,0.34541304610379603
0,0.27074445652323637
0,0.2641510661651348
0,0.2701944865083767
0,0.35429083171960135
0,0.3492601062869332
0,0.2641510661651348
0,0.35182811929501656
0,0.34988234305507027
0,0.27074445652323637
0,0.3496197549173816
0,0.3521306885678613
0,0.4428209973205336
0,0.2749937090312778
0,0.2641510661651348
1,0.5161068471568958
0,0.34541304610379603
0,0.3483899751515054
0,0.2749937090312778
0,0.2701944865083767
0,0.3485696740476132
0,0.3496197549173816
0,0.27074445652323637
0,0.4358091571850618
0,0.2781527824047711
0,0.4454202798556101
0,0.27074445652323637
0,0.34340177880742273
0,0.35697346605045005
0,0.3517524456358273
0,0.3485696740476132
0,0.43953228942062833
0,0.2701944865083767
0,0.3529428086390844
0,0.280132006081783
0,0.2749937090312778
0,0.2725364026683052
0,0.27022668119342635
0,0.3485696740476132
0,0.2749937090312778
0,0.27074445652323637
0,0.27074445652323637
0,0.3543760210316553
0,0.35697346605045005
0,0.43817930636356034
0,0.27074445652323637
0,0.27022668119342635
0,0.44143276462785724
0,0.3543760210316553
0,0.27074445652323637
0,0.44091716877273346
0,0.2749937090312778
0,0.2725364026683052
0,0.3544234140501786
0,0.2641510661651348
0,0.27074445652323637
0,0.44305340513359953
0,0.3521306885678613
0,0.35429083171960135
0,0.3517524456358273
0,0.35354569745818964
0,0.43657158471250335
0,0.2843764415613313
0,0.2749937090312778
0,0.27074445652323637
0,0.2749937090312778
0,0.2701944865083767
0,0.43838971718381625
0,0.2641510661651348
1,0.5322168662517764
0,0.2641510661651348
0,0.275702196602891
0,0.275702196602891
0,0.3483899751515054
0,0.3543760210316553
0,0.2641510661651348
0,0.44423583586913745
0,0.3504321292612712
0,0.35828570832164286
0,0.3483899751515054
0,0.3562598969742324
0,0.2749937090312778
0,0.3529428086390844
0,0.27074445652323637
0,0.2749937090312778
0,0.3521306885678613
0,0.34541304610379603
0,0.27074445652323637
0,0.44440241999441155
0,0.35697346605045005
0,0.27022668119342635
0,0.44305340513359953
0,0.3517524456358273
0,0.2701944865083767
0,0.27074445652323637
0,0.2701944865083767
0,0.36795663654716776
0,0.437818420431016
0,0.2701944865083767
0,0.2641510661651348
0,0.2749937090312778
0,0.3517524456358273
0,0.44423583586913745
0,0.2701944865083767
0,0.2829099621789328
0,0.2749937090312778
0,0.27074445652323637
0,0.35096566779911575
0,0.3521306885678613
0,0.3528090017281303
0,0.27074445652323637
0,0.2701944865083767
0,0.27074445652323637
0,0.2749937090312778
0,0.4411301029668467
0,0.4438434997858656
0,0.2701944865083767
0,0.3528090017281303
0,0.3510443456252513
0,0.2749937090312778
0,0.4378748744661015
0,0.2749937090312778
0,0.2781527824047711
0,0.3510443456252513
0,0.35546716096130465
0,0.27074445652323637
0,0.2725364026683052
0,0.3562598969742324
0,0.44221909977674084
0,0.2749937090312778
0,0.2749937090312778
0,0.2749937090312778
0,0.27653209204627777
0,0.2641510661651348
0,0.44350418385043283
0,0.2749937090312778
0,0.3528090017281303
0,0.27022668119342635
0,0.27074445652323637
0,0.4386531517692159
0,0.27022668119342635
0,0.35354569745818964
0,0.2641510661651348
0,0.27074445652323637
0,0.44751233892339126
0,0.3521306885678613
0,0.4499996179399834
0,0.2641510661651348
0,0.35429083171960135
0,0.2749937090312778
0,0.3483899751515054
0,0.2641510661651348
0,0.2701944865083767
0,0.2749937090312778
0,0.35697346605045005
0,0.2749937090312778
0,0.3529428086390844
0,0.27022668119342635
0,0.2641510661651348
1,0.5328238119316181
0,0.35697346605045005
0,0.2749937090312778
0,0.2781527824047711
0,0.3621581517994695
0,0.445729638471146
0,0.2641510661651348
0,0.43657158471250335
0,0.27074445652323637
0,0.3521306885678613
0,0.2749937090312778
0,0.2749937090312778
0,0.3528090017281303
1,0.5336623040130873
0,0.2749937090312778
0,0.2781527824047711
0,0.2749937090312778
0,0.3544234140501786
0,0.2701944865083767
0,0.3492601062869332
0,0.28789426371913635
0,0.2701944865083767
0,0.3483899751515054
0,0.27022668119342635
0,0.2701944865083767
0,0.3529428086390844
0,0.3544234140501786
0,0.2725364026683052
0,0.27074445652323637
0,0.27074445652323637
0,0.3528090017281303
0,0.34988234305507027
0,0.35546716096130465
0,0.3528090017281303
0,0.2701944865083767
0,0.35697346605045005
0,0.3562598969742324
0,0.2701944865083767
0,0.35182811929501656
0,0.275702196602891
0,0.2701944865083767
0,0.27074445652323637
0,0.34731882477802695
0,0.3464862018355917
0,0.4388431241624869
0,0.27074445652323637
0,0.3529428086390844
0,0.3562598969742324
0,0.2701944865083767
0,0.2725364026683052
0,0.27074445652323637
0,0.2725364026683052
0,0.2701944865083767
0,0.2725364026683052
0,0.44305340513359953
0,0.35626976344139577
0,0.2725364026683052
0,0.36205281195351485
0,0.35429083171960135
0,0.35828570832164286
0,0.2725364026683052
0,0.3528090017281303
0,0.27074445652323637
0,0.35182811929501656
0,0.3485696740476132
0,0.3517524456358273
0,0.2641510661651348
0,0.44126635133683734
0,0.27074445652323637
0,0.2749937090312778
0,0.44143276462785724
0,0.3562598969742324
0,0.27074445652323637
0,0.2701944865083767
0,0.2725364026683052
0,0.4411301029668467
0,0.27074445652323637
0,0.4386531517692159
0,0.36205281195351485
0,0.2725364026683052
0,0.35182811929501656
0,0.3544234140501786
0,0.2725364026683052
0,0.3492601062869332
0,0.2725364026683052
0,0.27074445652323637
0,0.3544234140501786
0,0.2749937090312778
0,0.3521306885678613
0,0.2641510661651348
0,0.3529428086390844
0,0.2749937090312778
0,0.2833786431908956
0,0.27074445652323637
0,0.35626976344139577
0,0.3492601062869332
0,0.3483899751515054
0,0.3496197549173816
1,0.5328882400526409
0,0.2701944865083767
0,0.3464862018355917
0,0.3497454271042241
0,0.2701944865083767
0,0.4454202798556101
0,0.3492601062869332
0,0.2701944865083767
0,0.28789426371913635
0,0.44423583586913745
0,0.2725364026683052
0,0.3483899751515054
0,0.2641510661651348
0,0.35429083171960135
0,0.2701944865083767
0,0.3529428086390844
0,0.2701944865083767
0,0.3543760210316553
0,0.2701944865083767
0,0.2725364026683052
0,0.3529428086390844
0,0.2701944865083767
0,0.2749937090312778
0,0.3497454271042241
0,0.2641510661651348
0,0.2725364026683052
0,0.2641510661651348
0,0.2725364026683052
0,0.3528090017281303
0,0.44305340513359953
0,0.3521306885678613
0,0.35697346605045005
0,0.44350418385043283
0,0.3496197549173816
0,0.2725364026683052
0,0.2725364026683052
0,0.3464862018355917
0,0.2701944865083767
0,0.2749937090312778
1,0.5341113392061653
0,0.2641510661651348
0,0.2749937090312778
0,0.27074445652323637
0,0.44221909977674084
0,0.35429083171960135
0,0.3521306885678613
0,0.3521306885678613
0,0.27074445652323637
0,0.2725364026683052
0,0.3517524456358273
0,0.2749937090312778
0,0.35828570832164286
0,0.2749937090312778
0,0.44143257644395945
0,0.2749937090312778
0,0.43657158471250335
0,0.2725364026683052
0,0.3517524456358273
0,0.2641510661651348
0,0.2641510661651348
0,0.2749937090312778
0,0.3517524456358273
0,0.3562598969742324
0,0.27074445652323637
0,0.2749937090312778
0,0.2641510661651348
0,0.2701944865083767
0,0.27074445652323637
0,0.2701944865083767
0,0.3543760210316553
0,0.27074445652323637
0,0.43657158471250335
0,0.3517524456358273
0,0.2749937090312778
0,0.3562598969742324
0,0.280132006081783
0,0.3529428086390844
0,0.3543760210316553
0,0.2749937090312778
0,0.3536368640902878
0,0.2725364026683052
0,0.2701944865083767
0,0.35697346605045005
0,0.3543760210316553
0,0.35828570832164286
0,0.27022668119342635
0,0.35546716096130465
0,0.2725364026683052
0,0.35301790016968937
0,0.2641510661651348
0,0.34541304610379603
0,0.2725364026683052
0,0.3562598969742324
0,0.2641510661651348
0,0.4374507735188162
0,0.36205281195351485
0,0.44350418385043283
0,0.27074445652323637
0,0.27022668119342635
0,0.2641510661651348
0,0.4388431241624869
0,0.2725364026683052
0,0.2725364026683052
0,0.2749937090312778
0,0.3543760210316553
0,0.35697346605045005
0,0.2749937090312778
0,0.2725364026683052
0,0.43879489077513606
0,0.34340177880742273
0,0.2641510661651348
0,0.3497454271042241
0,0.2641510661651348
0,0.2782665675831691
0,0.2725364026683052
0,0.27074445652323637
0,0.34541304610379603
0,0.2749937090312778
0,0.2725364026683052
0,0.4308867387455362
0,0.3521306885678613
0,0.3543760210316553
0,0.3496197549173816
0,0.2725364026683052
0,0.3483899751515054
0,0.2725364026683052
0,0.2749937090312778
0,0.2725364026683052
0,0.2749937090312778
0,0.2725364026683052
0,0.3492601062869332
0,0.3529428086390844
0,0.28644173573975856
0,0.35429083171960135
0,0.3543760210316553
0,0.27074445652323637
0,0.3528090017281303
0,0.2749937090312778
0,0.2725364026683052
0,0.44627705058369027
0,0.3485696740476132
0,0.2701944865083767
0,0.2749937090312778
0,0.2725364026683052
0,0.2839143671338823
0,0.27022668119342635
0,0.2725364026683052
0,0.3492601062869332
0,0.3528090017281303
0,0.2641510661651348
0,0.3496197549173816
0,0.35096566779911575
0,0.27074445652323637
0,0.3517524456358273
0,0.2725364026683052
0,0.28789426371913635
0,0.2701944865083767
0,0.2749937090312778
0,0.27074445652323637
0,0.2701944865083767
0,0.2749937090312778
0,0.43657158471250335
0,0.3485696740476132
0,0.27074445652323637
0,0.2725364026683052
0,0.4499996179399834
0,0.2725364026683052
0,0.27022668119342635
0,0.2641510661651348
0,0.2701944865083767
0,0.2749937090312778
0,0.2749937090312778
0,0.2749937090312778
0,0.2641510661651348
0,0.35182811929501656
0,0.2725364026683052
0,0.2701944865083767
0,0.2701944865083767
0,0.2725364026683052
0,0.2749937090312778
0,0.3496197549173816
0,0.2749937090312778
0,0.2749937090312778
0,0.3517524456358273
0,0.2641510661651348
0,0.27074445652323637
0,0.27074445652323637
0,0.2749937090312778
0,0.34731882477802695
0,0.2725364026683052
0,0.3517524456358273
0,0.3562598969742324
0,0.27074445652323637
0,0.3496197549173816
0,0.2701944865083767
0,0.2725364026683052
1,0.5372757353173166
0,0.27022668119342635
0,0.2725364026683052
0,0.44143276462785724
0,0.3529428086390844
0,0.2641510661651348
0,0.2725364026683052
0,0.3510443456252513
0,0.2701944865083767
0,0.2641510661651348
0,0.3544234140501786
0,0.2641510661651348
0,0.3485696740476132
0,0.2725364026683052
0,0.2725364026683052
0,0.27074445652323637
0,0.3529428086390844
0,0.35301790016968937
0,0.35546716096130465
0,0.2725364026683052
0,0.2641510661651348
0,0.2725364026683052
0,0.3581068853605791
0,0.2641510661651348
0,0.2641510661651348
0,0.3496197549173816
0,0.2749937090312778
0,0.44305340513359953
0,0.2829099621789328
0,0.3517524456358273
0,0.3529428086390844
0,0.2701944865083767
0,0.4374507735188162
0,0.2701944865083767
0,0.3483899751515054
0,0.2725364026683052
0,0.2749937090312778
0,0.3486937310357586
0,0.3529428086390844
0,0.2725364026683052
0,0.2749937090312778
0,0.2725364026683052
0,0.44143276462785724
0,0.3543760210316553
0,0.2701944865083767
0,0.2641510661651348
0,0.2749937090312778
0,0.2749937090312778
0,0.3528090017281303
0,0.2749937090312778
0,0.3510443456252513
0,0.3496197549173816
0,0.2725364026683052
0,0.27074445652323637
0,0.2725364026683052
0,0.280132006081783
0,0.2749937090312778
0,0.2701944865083767
0,0.3606656146101585
0,0.3562598969742324
0,0.27022668119342635
0,0.44627705058369027
0,0.3485696740476132
0,0.44221909977674084
0,0.3528090017281303
0,0.35182811929501656
0,0.2641510661651348
0,0.3483899751515054
0,0.2782665675831691
0,0.2782665675831691
0,0.2701944865083767
0,0.2725364026683052
0,0.27074445652323637
0,0.2725364026683052
0,0.2725364026683052
0,0.3510443456252513
0,0.2641510661651348
0,0.2641510661651348
0,0.2725364026683052
0,0.27022668119342635
0,0.44627705058369027
0,0.27074445652323637
0,0.2749937090312778
0,0.35429083171960135
0,0.27074445652323637
0,0.3497454271042241
0,0.3521306885678613
0,0.2725364026683052
0,0.2725364026683052
0,0.3543760210316553
0,0.3562598969742324
0,0.2749937090312778
0,0.2725364026683052
0,0.27074445652323637
0,0.35828570832164286
0,0.3485696740476132
0,0.27074445652323637
0,0.27074445652323637
0,0.3510443456252513
0,0.3521306885678613
0,0.35697346605045005
0,0.3496197549173816
0,0.2701944865083767
0,0.27074445652323637
0,0.2641510661651348
0,0.2701944865083767
0,0.27074445652323637
0,0.44091716877273346
0,0.28644173573975856
0,0.44627705058369027
0,0.2725364026683052
0,0.2701944865083767
0,0.35429083171960135
0,0.2641510661651348
1,0.5427013893000635
0,0.27074445652323637
0,0.27022668119342635
0,0.35301790016968937
0,0.2641510661651348
0,0.35429083171960135
0,0.27074445652323637
0,0.2641510661651348
0,0.2725364026683052
0,0.2749937090312778
0,0.3497454271042241
0,0.2725364026683052
0,0.2725364026683052
0,0.3492601062869332
0,0.27074445652323637
0,0.3485696740476132
0,0.35429083171960135
0,0.3521306885678613
0,0.27074445652323637
0,0.27022668119342635
0,0.27022668119342635
0,0.28644173573975856
0,0.2749937090312778
0,0.2641510661651348
0,0.2701944865083767
0,0.3543760210316553
0,0.35182811929501656
0,0.2749937090312778
0,0.2749937090312778
0,0.2701944865083767
0,0.27074445652323637
0,0.3543760210316553
0,0.4386531517692159
0,0.2701944865083767
0,0.3483899751515054
0,0.35096566779911575
0,0.2701944865083767
0,0.2701944865083767
0,0.2725364026683052
0,0.2749937090312778
0,0.3483899751515054
0,0.27074445652323637
0,0.3497454271042241
0,0.4374507735188162
0,0.27074445652323637
0,0.2749937090312778
0,0.35301790016968937
0,0.3543760210316553
0,0.3528090017281303
0,0.44221909977674084
0,0.3517524456358273
0,0.3485696740476132
0,0.2749937090312778
0,0.2749937090312778
0,0.2701944865083767
0,0.2725364026683052
0,0.44627705058369027
0,0.3485696740476132
0,0.2701944865083767
0,0.4422861195264057
0,0.3521306885678613
0,0.27074445652323637
0,0.27074445652323637
0,0.27022668119342635
0,0.2725364026683052
0,0.2641510661651348
0,0.3464862018355917
0,0.3496197549173816
0,0.2701944865083767
0,0.2701944865083767
0,0.44091716877273346
0,0.27074445652323637
0,0.34988234305507027
0,0.27022668119342635
0,0.27074445652323637
0,0.3485696740476132
0,0.3543760210316553
0,0.27074445652323637
0,0.35697346605045005
0,0.27074445652323637
0,0.2641510661651348
0,0.4388431241624869
0,0.2725364026683052
0,0.35697346605045005
0,0.2725364026683052
0,0.2701944865083767
0,0.3464862018355917
0,0.2641510661651348
0,0.2641510661651348
0,0.3510443456252513
0,0.3464862018355917
0,0.44627705058369027
0,0.3517524456358273
0,0.2749937090312778
0,0.2725364026683052
0,0.280132006081783
0,0.35096566779911575
0,0.44091716877273346
0,0.2749937090312778
0,0.27074445652323637
0,0.44890155017260797
0,0.27022668119342635
0,0.2725364026683052
1,0.535184118905085
0,0.3517524456358273
0,0.35354569745818964
0,0.3521306885678613
0,0.3464862018355917
0,0.36805630804016376
0,0.4240110578600065
0,0.3521306885678613
0,0.35828570832164286
0,0.35429083171960135
0,0.28789426371913635
0,0.2641510661651348
0,0.2725364026683052
0,0.3485696740476132
0,0.2701944865083767
0,0.27074445652323637
0,0.2701944865083767
0,0.27022668119342635
0,0.2725364026683052
0,0.3496197549173816
0,0.3647754871879895
0,0.2701944865083767
0,0.3517524456358273
0,0.36795663654716776
0,0.27074445652323637
0,0.3529428086390844
0,0.2725364026683052
0,0.4388431241624869
0,0.2641510661651348
1,0.5403932949538709
0,0.2701944865083767
0,0.27022668119342635
0,0.27074445652323637
0,0.34541304610379603
0,0.27074445652323637
0,0.3521306885678613
0,0.44832087589520775
0,0.4499996179399834
0,0.3517524456358273
0,0.2701944865083767
0,0.3510443456252513
0,0.2641510661651348
0,0.35429083171960135
0,0.275702196602891
0,0.2781527824047711
0,0.2749937090312778
0,0.2725364026683052
0,0.3485696740476132
0,0.3485696740476132
0,0.2725364026683052
0,0.35429083171960135
0,0.45738981792703626
0,0.445729638471146
0,0.3492601062869332
0,0.27074445652323637
0,0.2701944865083767
0,0.27022668119342635
0,0.35132998772878055
0,0.27022668119342635
0,0.35354569745818964
0,0.2725364026683052
0,0.2749937090312778
0,0.35354569745818964
0,0.44627705058369027
0,0.3593975609703767
0,0.2701944865083767
0,0.28644173573975856
0,0.2641510661651348
0,0.2701944865083767
0,0.2725364026683052
0,0.3483899751515054
0,0.2782665675831691
0,0.2749937090312778
0,0.3485696740476132
0,0.2725364026683052
0,0.27022668119342635
0,0.44350418385043283
0,0.3497454271042241
0,0.2725364026683052
0,0.3521306885678613
0,0.280132006081783
0,0.2701944865083767
0,0.3528090017281303
0,0.35546716096130465
0,0.2701944865083767
0,0.44751233892339126
0,0.35697346605045005
0,0.3517524456358273
0,0.2749937090312778
0,0.3528090017281303
0,0.35354569745818964
0,0.44295735400856867
0,0.27074445652323637
0,0.3517524456358273
0,0.27074445652323637
0,0.44839706282620434
0,0.2749937090312778
0,0.44627705058369027
0,0.2725364026683052
1,0.5351875463030881
0,0.2749937090312778
0,0.2641510661651348
0,0.34988234305507027
0,0.3504321292612712
0,0.2749937090312778
0,0.4412376185728482
0,0.37174790583205647
0,0.3521306885678613
0,0.2701944865083767
0,0.2641510661651348
0,0.35697346605045005
0,0.2701944865083767
0,0.3517524456358273
0,0.35546716096130465
0,0.27074445652323637
0,0.2725364026683052
0,0.3485696740476132
1,0.6302920290586645
0,0.2701944865083767
0,0.3497454271042241
0,0.2641510661651348
0,0.2701944865083767
0,0.27074445652323637
0,0.2749937090312778
0,0.2701944865083767
0,0.44143276462785724
0,0.27022668119342635
0,0.2725364026683052
0,0.3497454271042241
0,0.3529428086390844
0,0.2701944865083767
0,0.27074445652323637
0,0.27074445652323637
0,0.27074445652323637
0,0.2701944865083767
0,0.3562598969742324
0,0.445729638471146
0,0.445729638471146
0,0.3496197549173816
0,0.4358091571850618
0,0.27074445652323637
0,0.27074445652323637
0,0.2725364026683052
0,0.2701944865083767
0,0.3492601062869332
0,0.2701944865083767
0,0.27022668119342635
0,0.3529428086390844
0,0.4388431241624869
0,0.3529428086390844
0,0.275702196602891
0,0.2701944865083767
0,0.34988234305507027
0,0.2641510661651348
0,0.4422861195264057
0,0.43753678310611943
0,0.3544234140501786
0,0.34731882477802695
0,0.2749937090312778
0,0.2749937090312778
0,0.36205281195351485
0,0.2641510661651348
0,0.35546716096130465
0,0.2725364026683052
0,0.35096566779911575
0,0.2701944865083767
0,0.4374507735188162
0,0.3543760210316553
0,0.2749937090312778
0,0.3483899751515054
0,0.3492601062869332
0,0.3521306885678613
0,0.3521306885678613
0,0.2701944865083767
0,0.3483899751515054
0,0.44091716877273346
0,0.3517524456358273
0,0.2749937090312778
0,0.2749937090312778
0,0.2701944865083767
0,0.2725364026683052
0,0.3483899751515054
0,0.27074445652323637
0,0.4380696992772447
0,0.3517524456358273
0,0.3483899751515054
0,0.2843764415613313
0,0.3562598969742324
0,0.27074445652323637
0,0.3483899751515054
0,0.2749937090312778
0,0.44839706282620434
0,0.3528090017281303
0,0.2701944865083767
0,0.2749937090312778
0,0.2641510661651348
0,0.2725364026683052
0,0.3543760210316553
0,0.2725364026683052
0,0.27575103703633386
0,0.445729638471146
0,0.2725364026683052
0,0.2749937090312778
0,0.3593975609703767
0,0.2725364026683052
0,0.2641510661651348
0,0.2725364026683052
0,0.2641510661651348
1,0.535184118905085
0,0.3510443456252513
0,0.44143276462785724
0,0.3529428086390844
0,0.28199121265685934
0,0.3521306885678613
0,0.2641510661651348
0,0.2725364026683052
0,0.2725364026683052
0,0.2701944865083767
0,0.2701944865083767
0,0.35546716096130465
0,0.2701944865083767
0,0.2701944865083767
0,0.3492601062869332
0,0.2749937090312778
0,0.3562598969742324
0,0.2749937090312778
0,0.3485696740476132
0,0.2725364026683052
0,0.35429083171960135
0,0.280132006081783
0,0.27022668119342635
0,0.3543760210316553
0,0.2641510661651348
0,0.2641510661651348
0,0.2725364026683052
0,0.3517524456358273
0,0.35697346605045005
0,0.3464862018355917
0,0.2641510661651348
0,0.2725364026683052
0,0.27074445652323637
0,0.2641510661651348
0,0.4411301029668467
0,0.2749937090312778
0,0.2749937090312778
0,0.36287687526160645
0,0.35429083171960135
0,0.2749937090312778
0,0.27074445652323637
0,0.2725364026683052
0,0.27074445652323637
0,0.27074445652323637
0,0.3485696740476132
0,0.4412376185728482
0,0.36287687526160645
0,0.34340177880742273
0,0.44305340513359953
0,0.3497454271042241
0,0.2749937090312778
0,0.27074445652323637
0,0.3521306885678613
0,0.27074445652323637
0,0.3517524456358273
0,0.2701944865083767
0,0.2641510661651348
0,0.3497454271042241
0,0.2725364026683052
0,0.3464862018355917
0,0.280132006081783
0,0.4449622124532546
0,0.3562598969742324
0,0.3517524456358273
0,0.27074445652323637
0,0.2749937090312778
0,0.3485696740476132
0,0.35429083171960135
0,0.2725364026683052
0,0.35546716096130465
0,0.27074445652323637
0,0.27022668119342635
0,0.275702196602891
0,0.2725364026683052
0,0.2725364026683052
0,0.3528090017281303
0,0.37174790583205647
0,0.3562598969742324
0,0.34541304610379603
0,0.35429083171960135
0,0.2641510661651348
0,0.3517524456358273
0,0.3521306885678613
0,0.2701944865083767
0,0.2749937090312778
0,0.2749937090312778
0,0.2701944865083767
0,0.3543760210316553
0,0.27022668119342635
0,0.4412376185728482
0,0.2843764415613313
0,0.2701944865083767
0,0.2725364026683052
0,0.2701944865083767
0,0.2725364026683052
0,0.2701944865083767
0,0.2725364026683052
0,0.2749937090312778
0,0.27022668119342635
0,0.44839706282620434
0,0.2641510661651348
0,0.35429083171960135
0,0.2725364026683052
0,0.44143276462785724
0,0.35429083171960135
0,0.27074445652323637
0,0.3521306885678613
0,0.2749937090312778
0,0.2725364026683052
0,0.2725364026683052
0,0.27074445652323637
0,0.2701944865083767
0,0.3496197549173816
0,0.2641510661651348
0,0.34988234305507027
0,0.44295735400856867
0,0.27074445652323637
0,0.3521306885678613
0,0.4411301029668467
0,0.43879489077513606
0,0.3517524456358273
0,0.2725364026683052
0,0.34988234305507027
0,0.35429083171960135
0,0.3517524456358273
0,0.3568248563142764
0,0.3497454271042241
0,0.3492601062869332
0,0.36772224805871073
0,0.2725364026683052
0,0.27074445652323637
0,0.3497454271042241
0,0.2701944865083767
0,0.3562598969742324
0,0.35429083171960135
0,0.2701944865083767
0,0.3485696740476132
0,0.2641510661651348
0,0.44305340513359953
0,0.2701944865083767
0,0.3544234140501786
0,0.35182811929501656
0,0.2701944865083767
0,0.2749937090312778
0,0.3492601062869332
0,0.3485696740476132
0,0.2701944865083767
0,0.4393271294630261
0,0.3483899751515054
0,0.27022668119342635
0,0.3483899751515054
0,0.27074445652323637
0,0.3485696740476132
0,0.27074445652323637
0,0.35828570832164286
0,0.2641510661651348
0,0.27653209204627777
0,0.35429083171960135
0,0.2725364026683052
0,0.3543760210316553
0,0.43812434568157194
0,0.3543760210316553
0,0.44751233892339126
0,0.2641510661651348
0,0.27074445652323637
0,0.44143276462785724
0,0.27074445652323637
0,0.3562598969742324
0,0.3521306885678613
0,0.27074445652323637
0,0.44350418385043283
0,0.3483899751515054
0,0.2641510661651348
0,0.2725364026683052
0,0.43879489077513606
0,0.27074445652323637
0,0.3517524456358273
0,0.3543760210316553
0,0.27074445652323637
0,0.3544234140501786
0,0.3510443456252513
0,0.2641510661651348
1,0.5291997254518054
0,0.2749937090312778
0,0.3517524456358273
0,0.2725364026683052
0,0.2701944865083767
0,0.2641510661651348
0,0.27022668119342635
0,0.3621581517994695
0,0.34988234305507027
0,0.2749937090312778
0,0.2749937090312778
0,0.2782665675831691
0,0.2725364026683052
0,0.2725364026683052
0,0.3529428086390844
0,0.3529428086390844
0,0.3543760210316553
0,0.35354569745818964
0,0.3497454271042241
0,0.2749937090312778
0,0.44423583586913745
0,0.3517524456358273
0,0.3464862018355917
0,0.2725364026683052
0,0.27074445652323637
0,0.2749937090312778
0,0.2641510661651348
0,0.2749937090312778
0,0.2701944865083767
0,0.2701944865083767
0,0.27074445652323637
0,0.4422861195264057
0,0.3521306885678613
0,0.2641510661651348
0,0.2725364026683052
0,0.3496197549173816
0,0.2749937090312778
0,0.3517524456358273
0,0.34541304610379603
0,0.2749937090312778
0,0.2749937090312778
0,0.2701944865083767
0,0.4378748744661015
0,0.2781527824047711
0,0.27022668119342635
0,0.27074445652323637
0,0.2641510661651348
0,0.4267682401378522
0,0.35429083171960135
0,0.2725364026683052
0,0.2701944865083767
0,0.2641510661651348
0,0.3483899751515054
0,0.3562598969742324
0,0.2701944865083767
0,0.3464862018355917
0,0.2749937090312778
0,0.34988234305507027
0,0.3483899751515054
0,0.3492601062869332
0,0.27074445652323637
0,0.2749937090312778
0,0.2701944865083767
0,0.27074445652323637
0,0.35301790016968937
0,0.2701944865083767
0,0.44295735400856867
0,0.27074445652323637
0,0.2749937090312778
0,0.27074445652323637
0,0.3492601062869332
0,0.2749937090312778
0,0.2749937090312778
0,0.27022668119342635
0,0.2749937090312778
0,0.2641510661651348
0,0.4422861195264057
0,0.35182811929501656
0,0.3492601062869332
0,0.2701944865083767
0,0.27074445652323637
0,0.2701944865083767
0,0.2725364026683052
0,0.3464862018355917
0,0.27022668119342635
0,0.2701944865083767
0,0.3496197549173816
0,0.2641510661651348
0,0.3599332772873426
0,0.34340177880742273
0,0.27022668119342635
0,0.2749937090312778
0,0.2641510661651348
0,0.44143257644395945
0,0.2701944865083767
0,0.44627705058369027
0,0.35182811929501656
0,0.3521306885678613
0,0.27074445652323637
0,0.2749937090312778
0,0.35546716096130465
0,0.3517524456358273
0,0.2749937090312778
0,0.44221909977674084
0,0.2749937090312778
0,0.3529428086390844
0,0.27022668119342635
0,0.2701944865083767
0,0.35429083171960135
0,0.4411301029668467
0,0.2725364026683052
0,0.2701944865083767
0,0.2701944865083767
0,0.2725364026683052
0,0.2749937090312778
0,0.2725364026683052
0,0.2701944865083767
0,0.3543760210316553
0,0.2749937090312778
0,0.44143276462785724
0,0.27074445652323637
0,0.35697346605045005
0,0.2749937090312778
0,0.3496197549173816
0,0.2701944865083767
0,0.35697346605045005
0,0.2749937090312778
0,0.3544234140501786
0,0.2725364026683052
0,0.2701944865083767
0,0.3496197549173816
0,0.35429083171960135
0,0.35697346605045005
0,0.44627705058369027
0,0.2749937090312778
0,0.2641510661651348
1,0.5381520104581312
0,0.35096566779911575
0,0.36478308724718683
0,0.2725364026683052
0,0.2701944865083767
0,0.3496197549173816
0,0.3562598969742324
0,0.2701944865083767
0,0.3510443456252513
0,0.3496197549173816
0,0.27022668119342635
0,0.2781527824047711
0,0.3543760210316553
0,0.3492601062869332
0,0.3528090017281303
0,0.2725364026683052
0,0.2701944865083767
0,0.3544234140501786
0,0.280132006081783
0,0.2701944865083767
0,0.3497454271042241
0,0.2701944865083767
0,0.27022668119342635
0,0.3562598969742324
0,0.3483899751515054
0,0.3492601062869332
0,0.4411301029668467
0,0.3496197549173816
0,0.2725364026683052
0,0.4374507735188162
0,0.3517524456358273
0,0.27074445652323637
0,0.3521306885678613
0,0.2749937090312778
0,0.27074445652323637
0,0.3492601062869332
0,0.3485696740476132
0,0.3486937310357586
0,0.2701944865083767
0,0.27074445652323637
0,0.3562598969742324
0,0.2725364026683052
0,0.3562598969742324
0,0.34731882477802695
0,0.2641510661651348
0,0.2725364026683052
0,0.44305340513359953
0,0.27074445652323637
0,0.2701944865083767
0,0.2749937090312778
0,0.35546716096130465
0,0.2749937090312778
0,0.2725364026683052
0,0.2749937090312778
0,0.280132006081783
0,0.2701944865083767
0,0.2725364026683052
0,0.2701944865083767
0,0.2781527824047711
0,0.2641510661651348
0,0.27074445652323637
0,0.27074445652323637
0,0.2701944865083767
0,0.44350418385043283
0,0.27074445652323637
0,0.27074445652323637
0,0.27074445652323637
0,0.27074445652323637
0,0.2701944865083767
0,0.3464862018355917
0,0.2641510661651348
0,0.35429083171960135
0,0.437818420431016
0,0.3492601062869332
0,0.3529428086390844
0,0.2833786431908956
0,0.3517524456358273
0,0.43879489077513606
0,0.27074445652323637
0,0.4365804933031078
0,0.3528090017281303
0,0.27022668119342635
1,0.5385267901244583
0,0.27074445652323637
0,0.43812434568157194
0,0.3656328425621816
0,0.4386531517692159
0,0.3543760210316553
0,0.2641510661651348
0,0.3510443456252513
0,0.2701944865083767
0,0.27074445652323637
0,0.27074445652323637
0,0.35301790016968937
0,0.2725364026683052
0,0.2701944865083767
0,0.2749937090312778
0,0.2725364026683052
0,0.34731882477802695
0,0.2725364026683052
0,0.3529428086390844
0,0.3485696740476132
0,0.35354569745818964
0,0.2749937090312778
0,0.4388431241624869
0,0.2749937090312778
0,0.3517524456358273
0,0.2701944865083767
0,0.2701944865083767
0,0.2749937090312778
0,0.2725364026683052
0,0.3492601062869332
0,0.3517524456358273
0,0.3510443456252513
0,0.4365804933031078
0,0.2725364026683052
0,0.2701944865083767
0,0.4411301029668467
0,0.280132006081783
0,0.3544234140501786
0,0.3521306885678613
0,0.4430302322649259
0,0.2749937090312778
0,0.2749937090312778
0,0.34988234305507027
0,0.34541304610379603
0,0.2701944865083767
0,0.2701944865083767
0,0.2749937090312778
0,0.3521306885678613
0,0.4422861195264057
0,0.2701944865083767
0,0.2701944865083767
0,0.2749937090312778
0,0.2725364026683052
0,0.27074445652323637
0,0.3496197549173816
0,0.2749937090312778
0,0.3492601062869332
0,0.2701944865083767
0,0.27074445652323637
0,0.2701944865083767
0,0.44507822733844193
0,0.3528090017281303
0,0.27074445652323637
0,0.2725364026683052
0,0.4361080945307062
0,0.2749937090312778
0,0.27074445652323637
0,0.3562598969742324
0,0.2701944865083767
0,0.35429083171960135
0,0.3485696740476132
0,0.2749937090312778
0,0.35828570832164286
0,0.27653209204627777
0,0.3483899751515054
0,0.2701944865083767
0,0.2725364026683052
0,0.27074445652323637
0,0.2725364026683052
0,0.2749937090312778
0,0.437818420431016
0,0.2725364026683052
0,0.3544234140501786
0,0.27074445652323637
0,0.2641510661651348
0,0.3528090017281303
0,0.3485696740476132
0,0.2749937090312778
0,0.27074445652323637
0,0.3529428086390844
0,0.4393271294630261
0,0.44350418385043283
0,0.4409231803460927
0,0.27022668119342635
0,0.3521306885678613
0,0.35429083171960135
0,0.2749937090312778
0,0.35828570832164286
0,0.2725364026683052
0,0.2725364026683052
0,0.3485696740476132
0,0.3485696740476132
0,0.27074445652323637
0,0.27074445652323637
0,0.2701944865083767
0,0.3510443456252513
0,0.3529428086390844
0,0.3485696740476132
0,0.3510443456252513
0,0.44221909977674084
0,0.2725364026683052
0,0.27074445652323637
0,0.35697346605045005
0,0.2641510661651348
0,0.4353495159966192
0,0.36537720694447506
0,0.2749937090312778
0,0.35429083171960135
0,0.280132006081783
0,0.3510443456252513
0,0.4374507735188162
0,0.2641510661651348
0,0.2641510661651348
0,0.2641510661651348
0,0.2701944865083767
0,0.2725364026683052
0,0.3594861422605894
0,0.35546716096130465
0,0.3492601062869332
0,0.27074445652323637
0,0.44305340513359953
0,0.3521306885678613
0,0.280132006081783
0,0.27022668119342635
0,0.3543760210316553
0,0.2749937090312778
0,0.2701944865083767
0,0.3496197549173816
0,0.35182811929501656
0,0.35182811929501656
0,0.2641510661651348
0,0.36187002334657875
0,0.4428209973205336
0,0.27653209204627777
0,0.35546716096130465
0,0.3504321292612712
0,0.3528090017281303
0,0.3562598969742324
0,0.3529428086390844
0,0.44627705058369027
0,0.27074445652323637
0,0.2725364026683052
0,0.2701944865083767
0,0.2641510661651348
0,0.27022668119342635
0,0.35429083171960135
0,0.34731882477802695
0,0.35301790016968937
0,0.2749937090312778
0,0.2641510661651348
0,0.27074445652323637
0,0.3543760210316553
0,0.35182811929501656
0,0.3543760210316553
0,0.4365804933031078
0,0.3528090017281303
1,0.5349906508281417
0,0.2725364026683052
0,0.2725364026683052
0,0.4386531517692159
0,0.27074445652323637
0,0.2701944865083767
0,0.2749937090312778
0,0.3529428086390844
0,0.2701944865083767
0,0.2725364026683052
0,0.2701944865083767
0,0.2725364026683052
0,0.2641510661651348
0,0.2701944865083767
0,0.2725364026683052
0,0.27074445652323637
0,0.27074445652323637
0,0.2749937090312778
0,0.4412376185728482
0,0.2641510661651348
0,0.27074445652323637
0,0.3464862018355917
0,0.2641510661651348
0,0.2749937090312778
0,0.27022668119342635
0,0.35697346605045005
0,0.35096566779911575
0,0.3562598969742324
0,0.2749937090312778
0,0.3529428086390844
0,0.3544234140501786
0,0.3492601062869332
0,0.35354569745818964
0,0.2725364026683052
0,0.3485696740476132
0,0.3496197549173816
0,0.3521306885678613
0,0.35828570832164286
0,0.2725364026683052
0,0.44627705058369027
0,0.35429083171960135
0,0.2749937090312778
0,0.2749937090312778
0,0.34731882477802695
0,0.3528090017281303
0,0.2749937090312778
1,0.5346746500530131
1,0.5277152753518517
0,0.3497454271042241
0,0.3529428086390844
0,0.4364248273522903
0,0.2701944865083767
0,0.4499996179399834
0,0.44440241999441155
0,0.44350418385043283
0,0.3485696740476132
0,0.3521306885678613
0,0.35182811929501656
0,0.3517524456358273
0,0.3521306885678613
0,0.3528090017281303
0,0.3510443456252513
0,0.2701944865083767
0,0.3543760210316553
0,0.2641510661651348
0,0.27074445652323637
0,0.3543760210316553
0,0.2749937090312778
0,0.27074445652323637
0,0.3528090017281303
0,0.37080047175482805
0,0.2725364026683052
0,0.3496197549173816
0,0.2641510661651348
0,0.3497454271042241
0,0.3492601062869332
0,0.2725364026683052
0,0.2701944865083767
0,0.3521306885678613
0,0.27022668119342635
0,0.35429083171960135
0,0.3485696740476132
0,0.35354569745818964
0,0.27074445652323637
0,0.3510443456252513
0,0.3543760210316553
0,0.34541304610379603
0,0.3528090017281303
0,0.35182811929501656
0,0.2701944865083767
0,0.2725364026683052
0,0.3521306885678613
0,0.2641510661651348
0,0.35429083171960135
0,0.2725364026683052
0,0.2725364026683052
0,0.35182811929501656
0,0.2701944865083767
0,0.2701944865083767
0,0.27074445652323637
0,0.2749937090312778
0,0.3562598969742324
0,0.2781527824047711
0,0.27074445652323637
0,0.2749937090312778
0,0.27074445652323637
0,0.2641510661651348
0,0.2749937090312778
0,0.27022668119342635
0,0.35429083171960135
1,0.5402239422022582
0,0.35697346605045005
0,0.3464862018355917
0,0.3496197549173816
0,0.2641510661651348
0,0.2725364026683052
0,0.3543760210316553
0,0.2749937090312778
0,0.3529428086390844
0,0.2701944865083767
0,0.2701944865083767
0,0.3485696740476132
0,0.2749937090312778
0,0.35429083171960135
0,0.3517524456358273
0,0.27022668119342635
0,0.35828570832164286
0,0.27022668119342635
0,0.34541304610379603
0,0.2701944865083767
0,0.27022668119342635
0,0.3510443456252513
0,0.3528090017281303
0,0.44627705058369027
0,0.4422861195264057
0,0.3492601062869332
0,0.35429083171960135
0,0.2725364026683052
0,0.3529428086390844
0,0.27074445652323637
1,0.5336623040130873
0,0.2641510661651348
0,0.35429083171960135
0,0.2725364026683052
0,0.3528090017281303
0,0.27074445652323637
0,0.35697346605045005
0,0.35096566779911575
0,0.3521306885678613
0,0.2641510661651348
0,0.3464862018355917
0,0.3496197549173816
0,0.27074445652323637
0,0.2701944865083767
0,0.2749937090312778
0,0.2641510661651348
0,0.3528090017281303
0,0.3521306885678613
0,0.2701944865083767
0,0.2749937090312778
0,0.27074445652323637
0,0.3496197549173816
0,0.44751233892339126
0,0.35429083171960135
0,0.2782665675831691
0,0.2701944865083767
0,0.3529428086390844
0,0.2725364026683052
0,0.3529428086390844
0,0.44890155017260797
0,0.280132006081783
0,0.3485696740476132
0,0.3529428086390844
0,0.36226928583235385
0,0.2749937090312778
0,0.35429083171960135
0,0.2701944865083767
0,0.2641510661651348
0,0.2701944865083767
0,0.4538562280474568
0,0.27074445652323637
0,0.27074445652323637
0,0.2701944865083767
0,0.2641510661651348
0,0.3483899751515054
0,0.3517524456358273
0,0.44350418385043283
0,0.3496197549173816
0,0.2701944865083767
0,0.3529428086390844
0,0.2725364026683052
0,0.3562598969742324
0,0.27074445652323637
0,0.3528090017281303
0,0.2701944865083767
0,0.280132006081783
0,0.44423583586913745
0,0.35546716096130465
0,0.3483899751515054
0,0.3492601062869332
0,0.2725364026683052
0,0.3485696740476132
0,0.27074445652323637
0,0.2641510661651348
0,0.2725364026683052
0,0.4386531517692159
0,0.2701944865083767
0,0.2749937090312778
0,0.35301790016968937
0,0.2749937090312778
0,0.2749937090312778
0,0.2725364026683052
0,0.3464862018355917
0,0.27074445652323637
0,0.2701944865083767
0,0.35429083171960135
0,0.2641510661651348
0,0.3562598969742324
0,0.44839706282620434
0,0.27074445652323637
0,0.44350418385043283
0,0.2701944865083767
0,0.280132006081783
0,0.3543760210316553
0,0.35828570832164286
0,0.2725364026683052
0,0.2701944865083767
0,0.27074445652323637
0,0.2725364026683052
0,0.2749937090312778
0,0.2749937090312778
0,0.34988234305507027
0,0.2725364026683052
0,0.2725364026683052
0,0.3510443456252513
0,0.3543760210316553
0,0.2725364026683052
0,0.2725364026683052
0,0.27074445652323637
0,0.2701944865083767
0,0.27074445652323637
0,0.3510443456252513
0,0.34340177880742273
0,0.2701944865083767
0,0.2641510661651348
0,0.2701944865083767
0,0.2725364026683052
0,0.2641510661651348
0,0.4409231803460927
0,0.2725364026683052
0,0.34541304610379603
0,0.3529428086390844
0,0.3492601062869332
0,0.3517524456358273
0,0.43131866863344864
0,0.2641510661651348
0,0.3483899751515054
0,0.35182811929501656
0,0.2701944865083767
0,0.2749937090312778
0,0.3528090017281303
0,0.35828570832164286
0,0.35096566779911575
0,0.3464862018355917
1,0.5360473425572727
0,0.3562598969742324
0,0.2701944865083767
0,0.3485696740476132
0,0.3521306885678613
0,0.27074445652323637
0,0.35096566779911575
0,0.2641510661651348
0,0.2749937090312778
0,0.2701944865083767
0,0.3562598969742324
0,0.27074445652323637
0,0.27022668119342635
0,0.3483899751515054
0,0.27074445652323637
0,0.2701944865083767
0,0.3485696740476132
0,0.44350418385043283
0,0.3485696740476132
0,0.27022668119342635
0,0.2641510661651348
0,0.27022668119342635
0,0.2701944865083767
0,0.2725364026683052
0,0.445729638471146
0,0.2701944865083767
0,0.2701944865083767
0,0.3562598969742324
0,0.3510443456252513
0,0.35697346605045005
0,0.3496197549173816
0,0.27074445652323637
0,0.2701944865083767
0,0.44305340513359953
0,0.280132006081783
0,0.2725364026683052
0,0.2701944865083767
0,0.2725364026683052
0,0.2749937090312778
0,0.2725364026683052
0,0.2725364026683052
0,0.2725364026683052
0,0.27022668119342635
0,0.27074445652323637
0,0.27022668119342635
0,0.2725364026683052
0,0.2641510661651348
0,0.3543760210316553
0,0.2701944865083767
0,0.3521306885678613
0,0.2725364026683052
0,0.3483899751515054
0,0.3543760210316553
0,0.3521306885678613
0,0.3492601062869332
0,0.27022668119342635
0,0.27022668119342635
1,0.5371858379330615
0,0.2725364026683052
0,0.2641510661651348
0,0.2701944865083767
0,0.3504321292612712
0,0.2641510661651348
0,0.4422861195264057
0,0.2641510661651348
0,0.2725364026683052
0,0.35697346605045005
0,0.2781527824047711
0,0.2725364026683052
0,0.2641510661651348
0,0.2701944865083767
0,0.27074445652323637
0,0.2749937090312778
0,0.34988234305507027
0,0.4410258682640762
0,0.3521306885678613
0,0.2701944865083767
0,0.4428209973205336
0,0.2749937090312778
0,0.275702196602891
0,0.2749937090312778
0,0.3528090017281303
0,0.2725364026683052
0,0.2701944865083767
0,0.44305340513359953
0,0.2641510661651348
0,0.27074445652323637
0,0.2725364026683052
0,0.27074445652323637
0,0.2701944865083767
0,0.3521306885678613
0,0.2749937090312778
0,0.2701944865083767
0,0.2749937090312778
0,0.3521306885678613
0,0.3528090017281303
0,0.2701944865083767
0,0.3543760210316553
0,0.2641510661651348
0,0.3562598969742324
0,0.27074445652323637
0,0.3544234140501786
0,0.3510443456252513
0,0.44423583586913745
0,0.27074445652323637
0,0.2725364026683052
0,0.2749937090312778
0,0.2749937090312778
0,0.3521306885678613
0,0.27074445652323637
0,0.3464862018355917
0,0.2701944865083767
0,0.3521306885678613
0,0.4361080945307062
0,0.4393271294630261
0,0.2749937090312778
0,0.35828570832164286
0,0.44143276462785724
0,0.3562598969742324
0,0.2749937090312778
0,0.27074445652323637
0,0.34731882477802695
0,0.2749937090312778
0,0.2725364026683052
0,0.2749937090312778
0,0.280132006081783
0,0.2641510661651348
0,0.3528090017281303
0,0.2725364026683052
0,0.27074445652323637
0,0.2725364026683052
0,0.2701944865083767
0,0.35697346605045005
0,0.2725364026683052
0,0.2833786431908956
0,0.27575103703633386
0,0.35697346605045005
0,0.27074445652323637
0,0.27074445652323637
0,0.3528090017281303
0,0.4422861195264057
0,0.3517524456358273
0,0.2701944865083767
0,0.2781527824047711
0,0.27074445652323637
0,0.2749937090312778
0,0.2641510661651348
0,0.2781527824047711
0,0.35429083171960135
0,0.27074445652323637
0,0.27074445652323637
0,0.35429083171960135
0,0.34731882477802695
0,0.27074445652323637
0,0.2749937090312778
0,0.2749937090312778
0,0.34731882477802695
0,0.2749937090312778
0,0.2701944865083767
0,0.3510443456252513
0,0.2749937090312778
0,0.2701944865083767
0,0.2641510661651348
0,0.3544234140501786
0,0.3544234140501786
0,0.2725364026683052
0,0.3544234140501786
0,0.3521306885678613
0,0.2701944865083767
0,0.2701944865083767
0,0.3492601062869332
0,0.3464862018355917
0,0.3492601062869332
0,0.35429083171960135
0,0.3529428086390844
0,0.2725364026683052
0,0.35429083171960135
0,0.27074445652323637
0,0.2641510661651348
0,0.2701944865083767
0,0.2749937090312778
0,0.44627705058369027
0,0.2641510661651348
1,0.5291997254518054
0,0.2701944865083767
0,0.4449622124532546
0,0.27074445652323637
0,0.2701944865083767
0,0.27074445652323637
0,0.3543760210316553
0,0.2701944865083767
0,0.35429083171960135
0,0.35301790016968937
0,0.3510443456252513
0,0.275702196602891
0,0.2749937090312778
0,0.27022668119342635
0,0.2641510661651348
0,0.3485696740476132
0,0.35429083171960135
0,0.4380696992772447
0,0.3492601062869332
1,0.5402239422022582
0,0.2701944865083767
0,0.3543760210316553
0,0.3528090017281303
0,0.2725364026683052
0,0.3562598969742324
0,0.35828570832164286
0,0.2782665675831691
0,0.3529428086390844
0,0.27074445652323637
0,0.2725364026683052
0,0.35096566779911575
0,0.2749937090312778
0,0.2701944865083767
0,0.35354569745818964
0,0.2749937090312778
0,0.27074445652323637
0,0.27074445652323637
0,0.3483899751515054
0,0.3543760210316553
0,0.3485696740476132
0,0.35429083171960135
0,0.27022668119342635
0,0.3485696740476132
0,0.27074445652323637
0,0.2749937090312778
0,0.448457563045445
0,0.2749937090312778
0,0.35182811929501656
0,0.35182811929501656
0,0.34731882477802695
0,0.2701944865083767
0,0.27074445652323637
0,0.3543760210316553
0,0.3562598969742324
0,0.2725364026683052
0,0.3496197549173816
0,0.3483899751515054
0,0.3464862018355917
0,0.2749937090312778
0,0.27074445652323637
0,0.2641510661651348
0,0.4378748744661015
1,0.5385267901244583
0,0.275702196602891
0,0.3529428086390844
0,0.3510443456252513
0,0.3562598969742324
0,0.2725364026683052
0,0.2641510661651348
0,0.35697346605045005
0,0.44350418385043283
0,0.2641510661651348
0,0.2701944865083767
0,0.2749937090312778
0,0.27074445652323637
0,0.3521306885678613
0,0.35697346605045005
0,0.44143276462785724
0,0.2749937090312778
0,0.3529428086390844
0,0.2701944865083767
0,0.35429083171960135
0,0.3485696740476132
0,0.34541304610379603
0,0.27074445652323637
0,0.3510443456252513
0,0.4368701940574864
0,0.2701944865083767
0,0.2725364026683052
0,0.3543760210316553
0,0.3529428086390844
0,0.2701944865083767
0,0.3528090017281303
0,0.3543760210316553
0,0.2749937090312778
0,0.2701944865083767
0,0.27575103703633386
0,0.35697346605045005
0,0.35429083171960135
0,0.3521306885678613
0,0.3517524456358273
0,0.35828570832164286
0,0.2839143671338823
0,0.3543760210316553
0,0.3517524456358273
0,0.4440126997817522
0,0.2749937090312778
0,0.4353495159966192
0,0.27074445652323637
0,0.3510443456252513
0,0.35697346605045005
0,0.35182811929501656
0,0.3485696740476132
0,0.2749937090312778
0,0.27074445652323637
0,0.35697346605045005
0,0.4499996179399834
0,0.35828570832164286
0,0.3464862018355917
0,0.34988234305507027
0,0.4545618595182327
0,0.2641510661651348
0,0.2749937090312778
0,0.27022668119342635
0,0.44143257644395945
0,0.2701944865083767
1,0.5371858379330615
0,0.35301790016968937
0,0.36478308724718683
0,0.3485696740476132
0,0.3496197549173816
0,0.27074445652323637
0,0.2725364026683052
0,0.2701944865083767
0,0.3483899751515054
0,0.2749937090312778
0,0.34340177880742273
0,0.3544234140501786
0,0.27022668119342635
0,0.35828570832164286
0,0.445729638471146
0,0.3496197549173816
0,0.27074445652323637
0,0.2641510661651348
0,0.2749937090312778
0,0.44839706282620434
0,0.2829099621789328
1,0.5406676187968825
0,0.44221909977674084
0,0.3521306885678613
0,0.3504321292612712
0,0.2641510661651348
0,0.27074445652323637
0,0.3517524456358273
0,0.2725364026683052
0,0.2641510661651348
0,0.27074445652323637
0,0.3521306885678613
0,0.2725364026683052
0,0.44552696943747017
0,0.3543760210316553
0,0.2701944865083767
0,0.2749937090312778
0,0.43812434568157194
0,0.2749937090312778
0,0.4410258682640762
1,0.535184118905085
0,0.34541304610379603
0,0.280132006081783
0,0.2749937090312778
0,0.3521306885678613
0,0.437818420431016
0,0.35697346605045005
0,0.2749937090312778
0,0.2701944865083767
0,0.3394317359608211
0,0.2749937090312778
0,0.2749937090312778
0,0.27022668119342635
0,0.27074445652323637
0,0.2749937090312778
0,0.2641510661651348
0,0.35697346605045005
0,0.2749937090312778
0,0.2749937090312778
0,0.45807614108668815
0,0.2701944865083767
0,0.3581068853605791
0,0.2725364026683052
0,0.27022668119342635
0,0.35546716096130465
0,0.3529428086390844
0,0.2701944865083767
0,0.3521306885678613
0,0.2749937090312778
0,0.2725364026683052
0,0.2749937090312778
0,0.4428209973205336
0,0.2701944865083767
0,0.3492601062869332
0,0.35546716096130465
0,0.44627705058369027
0,0.2749937090312778
0,0.3517524456358273
0,0.2641510661651348
0,0.2701944865083767
0,0.4440126997817522
0,0.454065577385054
0,0.2725364026683052
0,0.27074445652323637
0,0.3517524456358273
0,0.3529428086390844
0,0.3496197549173816
0,0.27074445652323637
0,0.27074445652323637
0,0.27074445652323637
0,0.27653209204627777
0,0.2725364026683052
0,0.3529428086390844
0,0.3485696740476132
0,0.2641510661651348
0,0.2725364026683052
0,0.3496197549173816
0,0.28789426371913635
0,0.2749937090312778
0,0.27074445652323637
0,0.2701944865083767
0,0.2641510661651348
0,0.27074445652323637
0,0.3496197549173816
0,0.4430302322649259
0,0.2725364026683052
0,0.2725364026683052
0,0.27074445652323637
0,0.2749937090312778
0,0.3483899751515054
0,0.27074445652323637
0,0.3517524456358273
0,0.27653209204627777
0,0.34340177880742273
0,0.2725364026683052
0,0.4545618595182327
0,0.2781527824047711
0,0.43657158471250335
0,0.3543760210316553
0,0.27074445652323637
0,0.3483899751515054
0,0.2701944865083767
0,0.2641510661651348
0,0.27074445652323637
0,0.3529428086390844
0,0.2749937090312778
0,0.2749937090312778
0,0.3492601062869332
0,0.2749937090312778
0,0.3496197549173816
0,0.2641510661651348
0,0.4422861195264057
0,0.3543760210316553
0,0.27074445652323637
0,0.3485696740476132
0,0.35301790016968937
0,0.2749937090312778
0,0.2749937090312778
0,0.3562598969742324
0,0.27074445652323637
0,0.2749937090312778
0,0.3528090017281303
0,0.27074445652323637
0,0.44350418385043283
0,0.3529428086390844
0,0.2641510661651348
0,0.2701944865083767
0,0.2701944865083767
0,0.35182811929501656
0,0.2701944865083767
0,0.44305340513359953
0,0.2725364026683052
0,0.35546716096130465
0,0.2701944865083767
0,0.3485696740476132
0,0.2725364026683052
0,0.2725364026683052
0,0.2701944865083767
0,0.2701944865083767
0,0.2641510661651348
0,0.3562598969742324
0,0.2725364026683052
0,0.3544234140501786
0,0.3544234140501786
0,0.4411301029668467
0,0.4380696992772447
0,0.2749937090312778
0,0.2749937090312778
0,0.2749937090312778
0,0.27074445652323637
0,0.3510443456252513
0,0.2701944865083767
0,0.2701944865083767
0,0.3521306885678613
0,0.3510443456252513
0,0.3492601062869332
0,0.2641510661651348
0,0.3528090017281303
0,0.445729638471146
0,0.3521306885678613
0,0.2725364026683052
0,0.2725364026683052
1,0.5339233455352601
0,0.27074445652323637
0,0.2725364026683052
0,0.35697346605045005
0,0.3521306885678613
0,0.44143257644395945
0,0.34731882477802695
0,0.35429083171960135
0,0.2701944865083767
0,0.2641510661651348
0,0.35096566779911575
0,0.44143276462785724
0,0.4365804933031078
0,0.3521306885678613
0,0.3521306885678613
0,0.2641510661651348
0,0.3496197549173816
0,0.27074445652323637
0,0.2749937090312778
0,0.3485696740476132
0,0.36187002334657875
0,0.2641510661651348
0,0.27074445652323637
0,0.27074445652323637
0,0.3492601062869332
0,0.2701944865083767
0,0.2641510661651348
0,0.3628320325678134
0,0.43838971718381625
0,0.3562598969742324
0,0.3496197549173816
0,0.35354569745818964
0,0.3517524456358273
0,0.2749937090312778
0,0.2701944865083767
0,0.3529428086390844
0,0.34340177880742273
0,0.2641510661651348
0,0.4499996179399834
0,0.3562598969742324
0,0.2701944865083767
0,0.2701944865083767
0,0.27074445652323637
0,0.27074445652323637
0,0.3496197549173816
0,0.2725364026683052
0,0.2749937090312778
0,0.2749937090312778
0,0.2701944865083767
0,0.3510443456252513
0,0.3492601062869332
0,0.28789426371913635
0,0.2701944865083767
0,0.2701944865083767
0,0.3543760210316553
0,0.27074445652323637
0,0.2701944865083767
0,0.34340177880742273
0,0.2641510661651348
0,0.2701944865083767
0,0.3528090017281303
0,0.27074445652323637
0,0.35429083171960135
0,0.27074445652323637
0,0.3543760210316553
0,0.2749937090312778
0,0.27074445652323637
0,0.2749937090312778
0,0.2749937090312778
0,0.27022668119342635
0,0.3529428086390844
0,0.2833786431908956
0,0.2701944865083767
0,0.27074445652323637
0,0.2749937090312778
0,0.35096566779911575
0,0.3483899751515054
0,0.27074445652323637
0,0.2749937090312778
0,0.3483899751515054
0,0.3510443456252513
0,0.34541304610379603
0,0.4430302322649259
0,0.27074445652323637
0,0.2641510661651348
0,0.35546716096130465
0,0.3510443456252513
0,0.2641510661651348
0,0.27074445652323637
0,0.4365804933031078
0,0.27074445652323637
0,0.2749937090312778
0,0.44305340513359953
0,0.4428209973205336
0,0.2782665675831691
0,0.2749937090312778
0,0.35697346605045005
0,0.2701944865083767
0,0.35301790016968937
0,0.44350418385043283
1,0.543636422373213
0,0.27074445652323637
0,0.27022668119342635
0,0.3599332772873426
0,0.35697346605045005
0,0.3517524456358273
0,0.2833786431908956
0,0.2749937090312778
0,0.27074445652323637
0,0.3544234140501786
0,0.2781527824047711
0,0.2749937090312778
0,0.2749937090312778
0,0.27074445652323637
0,0.3543760210316553
0,0.2701944865083767
0,0.2749937090312778
0,0.2701944865083767
1,0.5403031463510174
0,0.2725364026683052
0,0.280132006081783
0,0.2701944865083767
0,0.2749937090312778
0,0.3497454271042241
0,0.35301790016968937
0,0.4449622124532546
0,0.3483899751515054
0,0.3529428086390844
0,0.27074445652323637
0,0.27074445652323637
0,0.44627705058369027
0,0.2701944865083767
0,0.34541304610379603
0,0.3483899751515054
0,0.2641510661651348
0,0.3528090017281303
0,0.3562598969742324
0,0.27575103703633386
0,0.3486937310357586
0,0.35354569745818964
0,0.3485696740476132
0,0.35182811929501656
0,0.27074445652323637
0,0.2749937090312778
0,0.27074445652323637
0,0.2725364026683052
0,0.44143276462785724
0,0.3486937310357586
0,0.35313125890309677
0,0.443245075013711
0,0.44143276462785724
0,0.44126635133683734
1,0.5372757353173166
0,0.27074445652323637
0,0.2701944865083767
0,0.3528090017281303
0,0.3528090017281303
0,0.3497454271042241
0,0.2749937090312778
0,0.3544234140501786
0,0.2641510661651348
0,0.2701944865083767
0,0.27074445652323637
0,0.3510443456252513
0,0.2701944865083767
0,0.3485696740476132
0,0.4422861195264057
0,0.3485696740476132
0,0.3544234140501786
0,0.3485696740476132
0,0.44751233892339126
0,0.2749937090312778
0,0.27074445652323637
0,0.3464862018355917
0,0.3528090017281303
0,0.27074445652323637
0,0.3483899751515054
0,0.35429083171960135
0,0.4428209973205336
0,0.2641510661651348
0,0.3562598969742324
0,0.3528090017281303
0,0.3544234140501786
0,0.3496197549173816
0,0.2641510661651348
0,0.35182811929501656
0,0.2725364026683052
0,0.2641510661651348
0,0.2725364026683052
0,0.2641510661651348
0,0.44423583586913745
0,0.2725364026683052
0,0.2701944865083767
0,0.3544234140501786
0,0.35697346605045005
0,0.27074445652323637
0,0.3483899751515054
0,0.2749937090312778
0,0.2749937090312778
0,0.36205281195351485
0,0.44507822733844193
0,0.35697346605045005
0,0.2701944865083767
0,0.3521306885678613
0,0.2749937090312778
0,0.2701944865083767
0,0.2725364026683052
0,0.3517524456358273
0,0.27074445652323637
0,0.2749937090312778
0,0.2749937090312778
0,0.27074445652323637
0,0.35429083171960135
0,0.2749937090312778
0,0.2725364026683052
0,0.2725364026683052
0,0.3521306885678613
0,0.4364248273522903
0,0.445729638471146
0,0.2725364026683052
0,0.34731882477802695
0,0.2725364026683052
0,0.4428209973205336
0,0.2725364026683052
0,0.4374146210327727
0,0.2749937090312778
0,0.2725364026683052
0,0.27074445652323637
0,0.44221909977674084
0,0.3543760210316553
0,0.3510443456252513
0,0.27022668119342635
0,0.2641510661651348
0,0.2701944865083767
0,0.3521306885678613
0,0.2749937090312778
0,0.2701944865083767
0,0.3464862018355917
0,0.2701944865083767
0,0.34541304610379603
0,0.3485696740476132
0,0.34541304610379603
0,0.3543760210316553
0,0.2641510661651348
0,0.2701944865083767
1,0.5351875463030881
0,0.2725364026683052
0,0.2641510661651348
0,0.2701944865083767
0,0.27074445652323637
0,0.35429083171960135
0,0.27074445652323637
0,0.35096566779911575
0,0.2781527824047711
0,0.27022668119342635
0,0.2749937090312778
0,0.35301790016968937
0,0.2749937090312778
0,0.4361080945307062
0,0.2641510661651348
0,0.2725364026683052
0,0.2701944865083767
0,0.3485696740476132
0,0.35301790016968937
0,0.4353495159966192
0,0.2749937090312778
0,0.3496197549173816
0,0.2725364026683052
0,0.3543760210316553
0,0.27022668119342635
0,0.3521306885678613
0,0.2725364026683052
0,0.2749937090312778
0,0.2749937090312778
0,0.2701944865083767
0,0.2725364026683052
0,0.4411301029668467
0,0.27022668119342635
0,0.2701944865083767
0,0.2701944865083767
0,0.4499996179399834
0,0.3671128431201293
0,0.4422861195264057
0,0.44627705058369027
0,0.2701944865083767
0,0.2641510661651348
0,0.2749937090312778
0,0.3544234140501786
0,0.3492601062869332
0,0.3492601062869332
0,0.34988234305507027
0,0.35429083171960135
0,0.2641510661651348
1,0.5328882400526409
0,0.44751233892339126
0,0.34340177880742273
0,0.2725364026683052
0,0.35546716096130465
0,0.27074445652323637
0,0.4449622124532546
0,0.44751233892339126
0,0.2749937090312778
0,0.2701944865083767
0,0.3517524456358273
0,0.27575103703633386
0,0.4411301029668467
0,0.2725364026683052
0,0.4430302322649259
0,0.2749937090312778
0,0.35697346605045005
0,0.2781527824047711
0,0.2701944865083767
0,0.27022668119342635
0,0.4412376185728482
0,0.3517524456358273
0,0.2749937090312778
0,0.4438434997858656
0,0.3496197549173816
0,0.44305340513359953
0,0.2701944865083767
0,0.2725364026683052
0,0.3483899751515054
0,0.3510443456252513
0,0.2749937090312778
0,0.2701944865083767
0,0.35631194569271457
0,0.35697346605045005
0,0.2749937090312778
0,0.2749937090312778
0,0.2725364026683052
0,0.2701944865083767
0,0.27074445652323637
0,0.35301790016968937
0,0.3543760210316553
0,0.2701944865083767
0,0.2749937090312778
0,0.2701944865083767
0,0.2641510661651348
0,0.3483899751515054
0,0.2749937090312778
0,0.2749937090312778
0,0.44305340513359953
0,0.280132006081783
0,0.27074445652323637
0,0.3496197549173816
0,0.44890155017260797
0,0.2701944865083767
0,0.2701944865083767
0,0.44627705058369027
0,0.3529428086390844
0,0.2833786431908956
0,0.2725364026683052
0,0.3521306885678613
0,0.27074445652323637
0,0.2641510661651348
0,0.3543760210316553
0,0.2701944865083767
0,0.3543760210316553
0,0.2641510661651348
0,0.3485696740476132
0,0.3521306885678613
0,0.28644173573975856
0,0.2725364026683052
0,0.2749937090312778
0,0.44091716877273346
0,0.2725364026683052
0,0.4364248273522903
0,0.35546716096130465
0,0.3504321292612712
1,0.5366317873001105
0,0.27074445652323637
0,0.27074445652323637
0,0.280132006081783
0,0.3464862018355917
0,0.2641510661651348
0,0.3529428086390844
0,0.2749937090312778
0,0.2641510661651348
0,0.2725364026683052
0,0.2701944865083767
0,0.27074445652323637
0,0.2701944865083767
0,0.4412376185728482
0,0.27074445652323637
0,0.3485696740476132
0,0.3562598969742324
0,0.3562598969742324
0,0.3496197549173816
0,0.3497454271042241
0,0.2701944865083767
0,0.2701944865083767
0,0.3529428086390844
0,0.2749937090312778
0,0.3528090017281303
0,0.3510443456252513
0,0.2749937090312778
0,0.3497454271042241
0,0.27074445652323637
0,0.2725364026683052
0,0.27022668119342635
0,0.35546716096130465
0,0.2725364026683052
0,0.2725364026683052
0,0.3544234140501786
0,0.2749937090312778
0,0.3562598969742324
0,0.2701944865083767
0,0.27074445652323637
0,0.44627705058369027
0,0.2641510661651348
0,0.3543760210316553
0,0.3496197549173816
0,0.3517524456358273
0,0.3464862018355917
0,0.2701944865083767
0,0.2641510661651348
0,0.2749937090312778
0,0.2725364026683052
0,0.2701944865083767
0,0.2701944865083767
0,0.35429083171960135
0,0.3496197549173816
0,0.3562598969742324
0,0.35429083171960135
0,0.35429083171960135
0,0.2701944865083767
0,0.3492601062869332
0,0.27074445652323637
0,0.3521306885678613
0,0.3529428086390844
0,0.44305340513359953
0,0.3529428086390844
0,0.44627705058369027
0,0.2641510661651348
0,0.27074445652323637
0,0.2725364026683052
0,0.2641510661651348
0,0.3510443456252513
0,0.2701944865083767
0,0.2641510661651348
0,0.35828570832164286
0,0.2701944865083767
0,0.2641510661651348
0,0.3485696740476132
0,0.27022668119342635
0,0.3517524456358273
0,0.3562598969742324
0,0.3528090017281303
0,0.27074445652323637
0,0.2701944865083767
0,0.3496197549173816
0,0.275702196602891
0,0.44350418385043283
0,0.2701944865083767
0,0.3528090017281303
0,0.45080247188952155
0,0.44423583586913745
0,0.2749937090312778
0,0.27074445652323637
0,0.3464862018355917
0,0.2701944865083767
0,0.2749937090312778
0,0.2749937090312778
0,0.2749937090312778
0,0.27074445652323637
0,0.2749937090312778
0,0.2725364026683052
0,0.2701944865083767
0,0.2749937090312778
0,0.3562598969742324
0,0.2749937090312778
1,0.543636422373213
0,0.3464862018355917
0,0.2749937090312778
0,0.2749937090312778
0,0.3544234140501786
0,0.3544234140501786
0,0.2701944865083767
0,0.2749937090312778
0,0.27074445652323637
0,0.35429083171960135
0,0.44751233892339126
0,0.3562598969742324
0,0.44627705058369027
0,0.280132006081783
0,0.27074445652323637
0,0.3464862018355917
0,0.27074445652323637
0,0.27074445652323637
0,0.2701944865083767
0,0.3492601062869332
0,0.2701944865083767
0,0.445729638471146
0,0.27074445652323637
0,0.4449622124532546
0,0.36887040779470986
0,0.2781527824047711
0,0.2749937090312778
0,0.3529428086390844
0,0.2641510661651348
0,0.27074445652323637
0,0.3529428086390844
0,0.44350418385043283
0,0.27074445652323637
0,0.27074445652323637
0,0.44091716877273346
0,0.35697346605045005
0,0.2749937090312778
0,0.2701944865083767
0,0.2833786431908956
0,0.3517524456358273
0,0.27074445652323637
0,0.2749937090312778
0,0.3521306885678613
0,0.27074445652323637
0,0.3528090017281303
0,0.34731882477802695
0,0.34541304610379603
0,0.27074445652323637
0,0.27074445652323637
0,0.4365804933031078
0,0.28789426371913635
0,0.2701944865083767
0,0.2641510661651348
0,0.27074445652323637
0,0.2749937090312778
0,0.2701944865083767
0,0.280132006081783
0,0.44350418385043283
0,0.3529428086390844
0,0.3517524456358273
0,0.4419985052252874
0,0.3510443456252513
0,0.27022668119342635
0,0.4428209973205336
0,0.3464862018355917
0,0.4412376185728482
0,0.35301790016968937
0,0.3521306885678613
0,0.3621581517994695
0,0.4430302322649259
0,0.34731882477802695
0,0.35182811929501656
0,0.27074445652323637
0,0.2725364026683052
0,0.2725364026683052
0,0.2725364026683052
0,0.3485696740476132
0,0.2749937090312778
0,0.2749937090312778
1,0.5288691991244348
0,0.4580772766900591
0,0.3485696740476132
0,0.27074445652323637
0,0.2701944865083767
0,0.35546716096130465
0,0.3485696740476132
0,0.2843764415613313
0,0.2701944865083767
0,0.4428209973205336
0,0.3529428086390844
0,0.445729638471146
0,0.34340177880742273
0,0.3517524456358273
0,0.2641510661651348
0,0.2701944865083767
0,0.2641510661651348
0,0.27074445652323637
0,0.2725364026683052
0,0.4358091571850618
0,0.27074445652323637
0,0.3581068853605791
0,0.275702196602891
0,0.2725364026683052
0,0.3544234140501786
0,0.2725364026683052
0,0.3510443456252513
0,0.2701944865083767
0,0.3529428086390844
0,0.27022668119342635
0,0.2701944865083767
0,0.4428209973205336
0,0.27074445652323637
0,0.3528090017281303
0,0.2701944865083767
0,0.280132006081783
0,0.2701944865083767
0,0.27074445652323637
0,0.2725364026683052
0,0.43879489077513606
0,0.2749937090312778
0,0.2701944865083767
0,0.2701944865083767
0,0.2701944865083767
0,0.3485696740476132
0,0.27074445652323637
0,0.35626976344139577
0,0.35828570832164286
0,0.4412376185728482
0,0.2749937090312778
0,0.2641510661651348
0,0.2701944865083767
0,0.27022668119342635
0,0.3543760210316553
0,0.4430302322649259
0,0.3517524456358273
0,0.3529428086390844
0,0.35354569745818964
0,0.2749937090312778
0,0.3529428086390844
0,0.2725364026683052
0,0.27074445652323637
0,0.3486937310357586
0,0.2725364026683052
0,0.2749937090312778
0,0.27074445652323637
0,0.2701944865083767
0,0.35429083171960135
0,0.27074445652323637
0,0.35429083171960135
1,0.538664126105252
0,0.35429083171960135
0,0.36537720694447506
0,0.3483899751515054
0,0.2701944865083767
0,0.2701944865083767
0,0.2749937090312778
0,0.3485696740476132
0,0.445729638471146
0,0.2725364026683052
0,0.35301790016968937
0,0.2749937090312778
0,0.35354569745818964
0,0.3606656146101585
0,0.2725364026683052
0,0.2749937090312778
0,0.44440241999441155
0,0.2701944865083767
0,0.2641510661651348
0,0.27022668119342635
0,0.3464862018355917
0,0.35429083171960135
0,0.3528090017281303
0,0.3543760210316553
0,0.3543760210316553
0,0.2749937090312778
0,0.44143276462785724
0,0.27074445652323637
0,0.28644173573975856
0,0.27074445652323637
0,0.2725364026683052
0,0.2725364026683052
0,0.445729638471146
0,0.27022668119342635
0,0.4449622124532546
0,0.3464862018355917
0,0.27074445652323637
0,0.3528090017281303
0,0.3496197549173816
0,0.2725364026683052
0,0.2641510661651348
0,0.3529428086390844
0,0.27074445652323637
0,0.2641510661651348
0,0.3528090017281303
0,0.27074445652323637
0,0.34988234305507027
0,0.280132006081783
0,0.35546716096130465
0,0.2725364026683052
0,0.3485696740476132
0,0.3543760210316553
0,0.2725364026683052
0,0.3485696740476132
0,0.3562598969742324
0,0.2843764415613313
0,0.4438434997858656
0,0.3562598969742324
0,0.2701944865083767
0,0.3543760210316553
0,0.3496197549173816
0,0.35429083171960135
0,0.3464862018355917
0,0.3599332772873426
0,0.2725364026683052
0,0.2749937090312778
0,0.2749937090312778
0,0.3483899751515054
0,0.27022668119342635
0,0.2749937090312778
0,0.4386531517692159
0,0.27074445652323637
0,0.3543760210316553
0,0.4374507735188162
0,0.3529428086390844
0,0.3517524456358273
0,0.27022668119342635
1,0.5349906508281417
0,0.34541304610379603
0,0.2725364026683052
0,0.3521306885678613
0,0.3606656146101585
0,0.2701944865083767
0,0.2701944865083767
0,0.2725364026683052
0,0.280132006081783
0,0.44350418385043283
0,0.2701944865083767
0,0.2701944865083767
0,0.2725364026683052
0,0.2725364026683052
0,0.3543760210316553
0,0.3521306885678613
0,0.44350418385043283
0,0.280132006081783
0,0.2701944865083767
0,0.2749937090312778
0,0.43838971718381625
0,0.2725364026683052
0,0.2749937090312778
0,0.3485696740476132
0,0.2701944865083767
0,0.3521306885678613
0,0.3521306885678613
0,0.4422861195264057
0,0.3544234140501786
0,0.2725364026683052
0,0.27074445652323637
0,0.34541304610379603
0,0.3529428086390844
0,0.44143276462785724
0,0.2725364026683052
0,0.3485696740476132
0,0.35301790016968937
0,0.2701944865083767
0,0.27074445652323637
0,0.2641510661651348
0,0.3504321292612712
0,0.27022668119342635
0,0.3510443456252513
0,0.2725364026683052
0,0.2641510661651348
0,0.27074445652323637
0,0.28789426371913635
0,0.2701944865083767
0,0.2725364026683052
0,0.2749937090312778
0,0.2701944865083767
0,0.2749937090312778
0,0.35182811929501656
0,0.2749937090312778
0,0.27575103703633386
0,0.2725364026683052
0,0.2749937090312778
0,0.44839706282620434
0,0.3521306885678613
0,0.2749937090312778
0,0.2641510661651348
0,0.27074445652323637
0,0.27074445652323637
0,0.3464862018355917
0,0.2725364026683052
0,0.2641510661651348
0,0.35354569745818964
0,0.44350418385043283
0,0.2749937090312778
0,0.2701944865083767
0,0.2725364026683052
0,0.3496197549173816
0,0.3544234140501786
0,0.2641510661651348
0,0.34541304610379603
0,0.3483899751515054
0,0.3485696740476132
0,0.3464862018355917
0,0.2641510661651348
0,0.27074445652323637
0,0.2701944865083767
0,0.3543760210316553
0,0.2701944865083767
0,0.3485696740476132
0,0.44350418385043283
0,0.2749937090312778
0,0.27074445652323637
0,0.27022668119342635
0,0.3562598969742324
0,0.27074445652323637
0,0.27074445652323637
0,0.2725364026683052
0,0.27653209204627777
0,0.27074445652323637
0,0.2749937090312778
0,0.2725364026683052
0,0.2725364026683052
0,0.27022668119342635
0,0.4380696992772447
0,0.3496197549173816
0,0.27022668119342635
0,0.3521306885678613
0,0.2701944865083767
0,0.2749937090312778
0,0.3496197549173816
0,0.27074445652323637
0,0.2641510661651348
0,0.3485696740476132
0,0.2701944865083767
0,0.27074445652323637
0,0.35182811929501656
0,0.2749937090312778
0,0.3544234140501786
0,0.2725364026683052
0,0.36287687526160645
0,0.2701944865083767
0,0.2701944865083767
0,0.3528090017281303
0,0.3529428086390844
0,0.3517524456358273
0,0.27074445652323637
0,0.2641510661651348
0,0.35132998772878055
0,0.3529428086390844
0,0.2749937090312778
0,0.3492601062869332
0,0.2749937090312778
0,0.35182811929501656
0,0.27575103703633386
0,0.2701944865083767
0,0.35697346605045005
0,0.3544234140501786
0,0.44350418385043283
0,0.280132006081783
0,0.3492601062869332
0,0.35546716096130465
0,0.27653209204627777
0,0.3529428086390844
0,0.3543760210316553
0,0.2781527824047711
0,0.4411301029668467
0,0.35546716096130465
0,0.2749937090312778
0,0.3562598969742324
0,0.2641510661651348
0,0.3521306885678613
0,0.3529428086390844
0,0.3594861422605894
0,0.2725364026683052
0,0.35429083171960135
0,0.2749937090312778
0,0.35096566779911575
0,0.44627211072768974
0,0.2641510661651348
0,0.2725364026683052
0,0.3510443456252513
0,0.35429083171960135
0,0.44350418385043283
0,0.2725364026683052
0,0.35354569745818964
0,0.2701944865083767
0,0.35182811929501656
0,0.35182811929501656
0,0.27653209204627777
0,0.27074445652323637
0,0.27575103703633386
0,0.43817930636356034
0,0.3521306885678613
0,0.3593975609703767
0,0.2701944865083767
0,0.44143276462785724
0,0.2725364026683052
0,0.27074445652323637
0,0.2641510661651348
0,0.2701944865083767
0,0.3517524456358273
0,0.3521306885678613
0,0.2749937090312778
0,0.3483899751515054
0,0.4411301029668467
0,0.3521306885678613
0,0.27074445652323637
0,0.34340177880742273
0,0.2725364026683052
0,0.2701944865083767
0,0.3483899751515054
0,0.44350418385043283
0,0.2701944865083767
0,0.3544234140501786
0,0.35182811929501656
0,0.2641510661651348
0,0.27074445652323637
0,0.3562598969742324
0,0.27074445652323637
0,0.3483899751515054
0,0.2725364026683052
0,0.3464862018355917
0,0.27074445652323637
0,0.2725364026683052
0,0.3483899751515054
0,0.27074445652323637
0,0.3517524456358273
0,0.3543760210316553
0,0.35828570832164286
0,0.3529428086390844
0,0.27074445652323637
0,0.3521306885678613
0,0.35182811929501656
0,0.2641510661651348
0,0.2725364026683052
0,0.2701944865083767
0,0.4380696992772447
0,0.35429083171960135
0,0.3510443456252513
0,0.4422861195264057
0,0.2833786431908956
0,0.27653209204627777
0,0.4449622124532546
0,0.3529428086390844
0,0.34731882477802695
0,0.2701944865083767
0,0.2641510661651348
0,0.4422861195264057
0,0.2641510661651348
0,0.2701944865083767
0,0.2749937090312778
0,0.3562598969742324
0,0.2749937090312778
0,0.27022668119342635
0,0.2749937090312778
0,0.3485696740476132
0,0.27074445652323637
0,0.3496197549173816
0,0.27022668119342635
0,0.2749937090312778
0,0.3517524456358273
0,0.3485696740476132
0,0.4410258682640762
0,0.27074445652323637
0,0.2725364026683052
0,0.2749937090312778
0,0.35354569745818964
0,0.35546716096130465
0,0.2641510661651348
0,0.3594861422605894
0,0.27074445652323637
0,0.2749937090312778
0,0.3543760210316553
0,0.2641510661651348
0,0.3483899751515054
0,0.2749937090312778
0,0.2701944865083767
0,0.2641510661651348
0,0.2701944865083767
0,0.3464862018355917
0,0.27074445652323637
0,0.35182811929501656
0,0.27074445652323637
0,0.3543760210316553
0,0.27022668119342635
0,0.3543760210316553
0,0.4374507735188162
0,0.2701944865083767
0,0.27074445652323637
0,0.3529428086390844
0,0.27074445652323637
0,0.27022668119342635
0,0.2725364026683052
0,0.27022668119342635
0,0.43879489077513606
0,0.3543760210316553
0,0.35429083171960135
0,0.4410258682640762
0,0.44143276462785724
0,0.3517524456358273
0,0.3543760210316553
0,0.27074445652323637
0,0.4411301029668467
0,0.2749937090312778
0,0.4422861195264057
0,0.35354569745818964
0,0.2641510661651348
0,0.443245075013711
0,0.28644173573975856
0,0.43817930636356034
0,0.27074445652323637
0,0.2749937090312778
0,0.3510443456252513
0,0.27022668119342635
0,0.2641510661651348
0,0.2725364026683052
0,0.2725364026683052
0,0.2749937090312778
0,0.4410258682640762
0,0.35429083171960135
0,0.3496197549173816
0,0.2641510661651348
0,0.2725364026683052
0,0.3582737733592752
0,0.2701944865083767
0,0.3529428086390844
0,0.2701944865083767
0,0.3485696740476132
0,0.3483899751515054
0,0.35697346605045005
0,0.35697346605045005
0,0.4588482825991812
0,0.2749937090312778
0,0.35301790016968937
0,0.44143276462785724
0,0.3543760210316553
0,0.27074445652323637
0,0.3510443456252513
0,0.2725364026683052
0,0.2725364026683052
0,0.3528090017281303
0,0.2725364026683052
0,0.2641510661651348
0,0.27074445652323637
0,0.3544234140501786
0,0.35182811929501656
0,0.3510443456252513
0,0.27022668119342635
0,0.2749937090312778
0,0.44440241999441155
0,0.4499996179399834
0,0.2701944865083767
0,0.4380696992772447
0,0.3485696740476132
0,0.27022668119342635
0,0.2725364026683052
0,0.35182811929501656
0,0.3510443456252513
0,0.2749937090312778
0,0.2701944865083767
0,0.3594861422605894
0,0.35182811929501656
0,0.4422861195264057
0,0.280132006081783
0,0.3496197549173816
0,0.3483899751515054
0,0.2641510661651348
0,0.3521306885678613
0,0.27074445652323637
0,0.3496197549173816
0,0.35828570832164286
0,0.35182811929501656
0,0.3464862018355917
0,0.35182811929501656
0,0.2701944865083767
0,0.275702196602891
0,0.2701944865083767
0,0.3521306885678613
0,0.35182811929501656
0,0.2725364026683052
0,0.2749937090312778
0,0.2725364026683052
0,0.2641510661651348
0,0.3517524456358273
0,0.2725364026683052
0,0.4410258682640762
0,0.3529428086390844
0,0.2701944865083767
0,0.2749937090312778
1,0.5336623040130873
0,0.27074445652323637
0,0.2725364026683052
0,0.4374146210327727
0,0.2701944865083767
0,0.2725364026683052
0,0.3562598969742324
0,0.2641510661651348
0,0.3562598969742324
0,0.3594861422605894
0,0.2641510661651348
0,0.3562598969742324
0,0.2701944865083767
0,0.2641510661651348
0,0.3521306885678613
0,0.2701944865083767
1,0.5385267901244583
0,0.3483899751515054
0,0.2725364026683052
0,0.2725364026683052
0,0.2725364026683052
0,0.3528090017281303
0,0.3497454271042241
0,0.2725364026683052
0,0.2749937090312778
0,0.27022668119342635
0,0.3464862018355917
0,0.2749937090312778
0,0.27074445652323637
0,0.27074445652323637
0,0.2701944865083767
0,0.44221909977674084
0,0.3485696740476132
0,0.3544234140501786
0,0.43817930636356034
0,0.2641510661651348
0,0.2641510661651348
0,0.3521306885678613
0,0.3594861422605894
0,0.35096566779911575
0,0.2749937090312778
0,0.3483899751515054
0,0.27074445652323637
0,0.3485696740476132
0,0.27022668119342635
0,0.3464862018355917
0,0.36733398540302425
0,0.2641510661651348
0,0.3492601062869332
0,0.2749937090312778
0,0.280132006081783
0,0.2641510661651348
0,0.44221909977674084
0,0.3543760210316553
1,0.5385267901244583
0,0.3483899751515054
0,0.27074445652323637
0,0.2641510661651348
0,0.2641510661651348
0,0.2725364026683052
0,0.275702196602891
0,0.3485696740476132
0,0.34731882477802695
0,0.2725364026683052
0,0.3492601062869332
0,0.4411301029668467
0,0.3517524456358273
0,0.3464862018355917
0,0.34681740581873693
0,0.2725364026683052
0,0.2701944865083767
0,0.35697346605045005
0,0.27074445652323637
0,0.2701944865083767
0,0.35429083171960135
0,0.3496197549173816
0,0.4440126997817522
0,0.3521306885678613
0,0.275702196602891
0,0.3543760210316553
0,0.3485696740476132
0,0.2641510661651348
0,0.27074445652323637
0,0.27022668119342635
0,0.3492601062869332
0,0.27074445652323637
0,0.27074445652323637
0,0.3492601062869332
0,0.35301790016968937
0,0.2725364026683052
0,0.2725364026683052
0,0.27074445652323637
0,0.2725364026683052
0,0.35429083171960135
0,0.35301790016968937
0,0.3562598969742324
0,0.2641510661651348
0,0.2701944865083767
0,0.27074445652323637
0,0.44143257644395945
0,0.2725364026683052
0,0.28789426371913635
0,0.35429083171960135
0,0.27074445652323637
0,0.27074445652323637
0,0.2749937090312778
0,0.27074445652323637
0,0.3528090017281303
0,0.3529428086390844
0,0.27074445652323637
0,0.4386531517692159
0,0.35546716096130465
0,0.2749937090312778
0,0.2701944865083767
0,0.2749937090312778
0,0.3582737733592752
0,0.445729638471146
0,0.27653209204627777
0,0.3521306885678613
0,0.28789426371913635
0,0.27074445652323637
0,0.27653209204627777
0,0.2641510661651348
0,0.3521306885678613
0,0.3496197549173816
0,0.2701944865083767
0,0.2701944865083767
0,0.2749937090312778
0,0.2725364026683052
0,0.3483899751515054
0,0.27074445652323637
0,0.3543760210316553
0,0.4499996179399834
0,0.3483899751515054
0,0.2725364026683052
0,0.35546716096130465
0,0.35429083171960135
0,0.2701944865083767
0,0.2725364026683052
0,0.2701944865083767
0,0.2725364026683052
0,0.35546716096130465
0,0.3464862018355917
0,0.2749937090312778
0,0.3464862018355917
0,0.44350418385043283
0,0.2725364026683052
0,0.2701944865083767
0,0.4440126997817522
0,0.3593975609703767
0,0.3483899751515054
0,0.3562598969742324
0,0.2749937090312778
0,0.2641510661651348
0,0.27074445652323637
0,0.2701944865083767
0,0.27074445652323637
0,0.2641510661651348
0,0.2725364026683052
0,0.2641510661651348
0,0.3496197549173816
0,0.2725364026683052
0,0.3521306885678613
0,0.3544234140501786
0,0.3528090017281303
0,0.2641510661651348
0,0.3517524456358273
0,0.35182811929501656
0,0.2725364026683052
0,0.2641510661651348
0,0.3528090017281303
0,0.27022668119342635
0,0.27074445652323637
0,0.3528090017281303
0,0.27074445652323637
0,0.3528090017281303
0,0.3517524456358273
0,0.27074445652323637
0,0.2701944865083767
0,0.3562598969742324
0,0.3517524456358273
0,0.3543760210316553
0,0.2641510661651348
0,0.27022668119342635
0,0.3528090017281303
0,0.2725364026683052
0,0.2701944865083767
0,0.3528090017281303
0,0.3543760210316553
0,0.3485696740476132
0,0.2749937090312778
0,0.3485696740476132
0,0.4353495159966192
0,0.2725364026683052
0,0.3485696740476132
0,0.4438434997858656
0,0.3464862018355917
0,0.3510443456252513
0,0.3510443456252513
0,0.2701944865083767
0,0.3517524456358273
0,0.3543760210316553
0,0.2701944865083767
0,0.2641510661651348
0,0.3492601062869332
0,0.44221909977674084
0,0.27022668119342635
0,0.3483899751515054
1,0.5366317873001105
0,0.2749937090312778
0,0.35429083171960135
0,0.34988234305507027
0,0.3496197549173816
0,0.371021843989842
0,0.2749937090312778
0,0.3496197549173816
0,0.27022668119342635
0,0.3544234140501786
0,0.3543760210316553
0,0.2641510661651348
0,0.27575103703633386
0,0.2725364026683052
1,0.5406676187968825
0,0.2641510661651348
0,0.27074445652323637
0,0.2749937090312778
0,0.3485696740476132
0,0.2725364026683052
0,0.3496197549173816
0,0.2725364026683052
0,0.27074445652323637
0,0.2725364026683052
0,0.2725364026683052
0,0.445729638471146
0,0.35429083171960135
0,0.3529428086390844
0,0.3528090017281303
0,0.2641510661651348
0,0.27074445652323637
0,0.2725364026683052
0,0.2641510661651348
0,0.3510443456252513
0,0.35096566779911575
0,0.3485696740476132
0,0.2749937090312778
0,0.3544234140501786
0,0.27074445652323637
0,0.3521306885678613
0,0.35697346605045005
0,0.3485696740476132
0,0.36805630804016376
0,0.34988234305507027
0,0.35096566779911575
0,0.2749937090312778
0,0.35301790016968937
0,0.27074445652323637
0,0.35697346605045005
0,0.3492601062869332
0,0.3543760210316553
0,0.2641510661651348
0,0.3492601062869332
0,0.3485696740476132
0,0.3599332772873426
0,0.4430302322649259
1,0.5402239422022582
0,0.2641510661651348
0,0.2701944865083767
0,0.2749937090312778
0,0.3492601062869332
0,0.27074445652323637
0,0.2641510661651348
0,0.43879489077513606
0,0.44839706282620434
0,0.2725364026683052
0,0.35354569745818964
0,0.3544234140501786
0,0.3544234140501786
0,0.27074445652323637
0,0.275702196602891
0,0.2749937090312778
0,0.4449622124532546
0,0.27074445652323637
0,0.35828570832164286
0,0.3464862018355917
0,0.35697346605045005
0,0.3464862018355917
0,0.2749937090312778
0,0.2641510661651348
0,0.2725364026683052
0,0.27074445652323637
0,0.3464862018355917
0,0.27074445652323637
0,0.34731882477802695
0,0.35697346605045005
0,0.3521306885678613
0,0.2701944865083767
0,0.2782665675831691
0,0.44890155017260797
0,0.3496197549173816
0,0.2725364026683052
0,0.2641510661651348
0,0.35182811929501656
0,0.2781527824047711
0,0.35546716096130465
0,0.2725364026683052
0,0.2749937090312778
0,0.2701944865083767
0,0.2725364026683052
0,0.3485696740476132
0,0.2701944865083767
0,0.3510443456252513
0,0.3562598969742324
0,0.35828570832164286
0,0.44350418385043283
0,0.2701944865083767
0,0.35301790016968937
0,0.35697346605045005
0,0.2725364026683052
0,0.3544234140501786
0,0.36287687526160645
1,0.5340553298954441
0,0.275702196602891
0,0.2701944865083767
0,0.2749937090312778
0,0.3497454271042241
0,0.34541304610379603
0,0.27074445652323637
0,0.2749937090312778
0,0.3621581517994695
0,0.2725364026683052
0,0.2749937090312778
1,0.5334782223575174
0,0.27022668119342635
0,0.2641510661651348
0,0.2725364026683052
0,0.2641510661651348
0,0.3562598969742324
0,0.4422861195264057
0,0.2725364026683052
0,0.2725364026683052
0,0.4380696992772447
0,0.35429083171960135
0,0.27074445652323637
0,0.28789426371913635
0,0.27074445652323637
0,0.3562598969742324
0,0.3528090017281303
0,0.2725364026683052
0,0.3529428086390844
0,0.3485696740476132
0,0.44143276462785724
0,0.3529428086390844
0,0.2749937090312778
0,0.44143257644395945
0,0.2725364026683052
0,0.2701944865083767
0,0.44305340513359953
0,0.2701944865083767
0,0.2749937090312778
1,0.5324639074629789
0,0.3485696740476132
0,0.3483899751515054
0,0.3483899751515054
0,0.35429083171960135
0,0.2701944865083767
0,0.3562598969742324
0,0.27074445652323637
0,0.3483899751515054
0,0.3485696740476132
0,0.27022668119342635
0,0.2701944865083767
0,0.3492601062869332
0,0.3544234140501786
0,0.36470762380067745
0,0.3504321292612712
0,0.4428209973205336
0,0.2749937090312778
0,0.2701944865083767
0,0.2725364026683052
0,0.2701944865083767
0,0.27074445652323637
0,0.2749937090312778
0,0.2725364026683052
0,0.2641510661651348
0,0.2749937090312778
0,0.27653209204627777
0,0.2641510661651348
0,0.3483899751515054
0,0.3496197549173816
0,0.35697346605045005
0,0.2749937090312778
0,0.27022668119342635
0,0.2725364026683052
0,0.2701944865083767
0,0.2749937090312778
0,0.2725364026683052
0,0.2701944865083767
0,0.27074445652323637
0,0.2725364026683052
0,0.27022668119342635
0,0.2701944865083767
0,0.2749937090312778
0,0.371021843989842
0,0.3517524456358273
0,0.2725364026683052
0,0.2749937090312778
0,0.2701944865083767
0,0.27074445652323637
0,0.27074445652323637
0,0.35301790016968937
0,0.27074445652323637
0,0.3528090017281303
0,0.2641510661651348
0,0.2701944865083767
0,0.3521306885678613
0,0.28199121265685934
0,0.2725364026683052
0,0.35429083171960135
0,0.2749937090312778
0,0.27074445652323637
0,0.3544234140501786
0,0.2749937090312778
0,0.437818420431016
0,0.2725364026683052
0,0.2701944865083767
0,0.2701944865083767
0,0.2749937090312778
0,0.35546716096130465
0,0.2701944865083767
0,0.3497454271042241
0,0.44839706282620434
0,0.27074445652323637
0,0.2641510661651348
0,0.35697346605045005
1,0.5334782223575174
0,0.443245075013711
0,0.3496197549173816
0,0.3492601062869332
0,0.44126635133683734
0,0.27022668119342635
0,0.27074445652323637
0,0.27653209204627777
0,0.2641510661651348
0,0.35697346605045005
0,0.2725364026683052
0,0.2641510661651348
0,0.2641510661651348
0,0.3562598969742324
0,0.3496197549173816
0,0.2725364026683052
0,0.3528090017281303
0,0.2781527824047711
0,0.44839706282620434
0,0.2725364026683052
0,0.3496197549173816
0,0.2701944865083767
0,0.2781527824047711
0,0.2839143671338823
0,0.3497454271042241
0,0.27074445652323637
0,0.3529428086390844
0,0.35429083171960135
0,0.2641510661651348
0,0.2749937090312778
0,0.2749937090312778
0,0.3521306885678613
0,0.3521306885678613
1,0.530647987626655
0,0.2749937090312778
0,0.2701944865083767
0,0.35429083171960135
0,0.27022668119342635
0,0.280132006081783
0,0.35301790016968937
0,0.2641510661651348
0,0.2749937090312778
0,0.4374507735188162
0,0.4353495159966192
0,0.2701944865083767
0,0.35697346605045005
0,0.2701944865083767
0,0.2725364026683052
0,0.3517524456358273
0,0.3543760210316553
0,0.2782665675831691
0,0.2833786431908956
0,0.27022668119342635
0,0.3517524456358273
0,0.27022668119342635
0,0.2725364026683052
0,0.3492601062869332
0,0.4374507735188162
0,0.2725364026683052
0,0.27074445652323637
0,0.2641510661651348
0,0.36226928583235385
0,0.3510443456252513
0,0.3517524456358273
0,0.3485696740476132
1,0.6316642541292593
0,0.2641510661651348
0,0.3510443456252513
0,0.2725364026683052
0,0.3483899751515054
0,0.44091716877273346
0,0.2725364026683052
0,0.35182811929501656
0,0.3528090017281303
0,0.3562598969742324
0,0.2641510661651348
0,0.2701944865083767
0,0.280132006081783
0,0.4388431241624869
0,0.3562598969742324
0,0.2749937090312778
0,0.2725364026683052
0,0.2725364026683052
0,0.44143276462785724
0,0.2701944865083767
0,0.27074445652323637
0,0.2749937090312778
0,0.2701944865083767
0,0.2701944865083767
0,0.35697346605045005
0,0.35182811929501656
0,0.4412376185728482
0,0.27074445652323637
0,0.2725364026683052
0,0.2701944865083767
0,0.2749937090312778
1,0.543636422373213
0,0.3485696740476132
0,0.445729638471146
0,0.2725364026683052
0,0.2725364026683052
0,0.280132006081783
0,0.27074445652323637
0,0.27022668119342635
0,0.2701944865083767
0,0.2701944865083767
0,0.2725364026683052
0,0.2725364026683052
0,0.35429083171960135
0,0.2701944865083767
0,0.2641510661651348
0,0.34731882477802695
0,0.2725364026683052
0,0.3543760210316553
0,0.2749937090312778
0,0.35429083171960135
0,0.2749937090312778
0,0.3496197549173816
0,0.2701944865083767
0,0.3483899751515054
0,0.2749937090312778
0,0.35182811929501656
0,0.27022668119342635
0,0.35697346605045005
0,0.4386531517692159
0,0.2749937090312778
0,0.27074445652323637
0,0.3496197549173816
0,0.3497454271042241
0,0.2725364026683052
0,0.2641510661651348
0,0.2641510661651348
0,0.3562598969742324
0,0.3496197549173816
0,0.2782665675831691
0,0.35182811929501656
0,0.27074445652323637
0,0.44751233892339126
0,0.3529428086390844
0,0.3510443456252513
0,0.27074445652323637
0,0.2701944865083767
0,0.2641510661651348
0,0.44507822733844193
0,0.4386531517692159
0,0.2641510661651348
0,0.2725364026683052
0,0.2701944865083767
0,0.35429083171960135
0,0.3485696740476132
0,0.3521306885678613
0,0.4365804933031078
0,0.27074445652323637
0,0.3497454271042241
0,0.2701944865083767
0,0.3517524456358273
0,0.35697346605045005
0,0.2749937090312778
0,0.2749937090312778
0,0.2701944865083767
0,0.2701944865083767
0,0.2725364026683052
0,0.3510443456252513
0,0.2701944865083767
0,0.27074445652323637
0,0.2725364026683052
0,0.2701944865083767
0,0.2749937090312778
0,0.2701944865083767
0,0.35301790016968937
0,0.35429083171960135
0,0.2749937090312778
0,0.34731882477802695
0,0.2725364026683052
0,0.2749937090312778
1,0.5402239422022582
0,0.36287687526160645
0,0.44751233892339126
0,0.2641510661651348
0,0.4419985052252874
0,0.2749937090312778
0,0.34340177880742273
0,0.3521306885678613
0,0.2749937090312778
0,0.34731882477802695
0,0.3529428086390844
0,0.2725364026683052
0,0.2641510661651348
0,0.4412376185728482
0,0.2725364026683052
0,0.27074445652323637
0,0.3606656146101585
0,0.2701944865083767
0,0.2725364026683052
0,0.2725364026683052
0,0.27653209204627777
0,0.2749937090312778
0,0.27074445652323637
0,0.27653209204627777
0,0.4358091571850618
0,0.3496197549173816
0,0.2725364026683052
0,0.3492601062869332
0,0.280132006081783
0,0.27074445652323637
0,0.3496197549173816
0,0.2701944865083767
1,0.5361494278359943
0,0.3492601062869332
0,0.2725364026683052
0,0.3544234140501786
0,0.2725364026683052
0,0.2749937090312778
0,0.2701944865083767
0,0.35429083171960135
1,0.5350805708780432
0,0.2725364026683052
0,0.35354569745818964
0,0.27074445652323637
0,0.2749937090312778
0,0.27022668119342635
0,0.2749937090312778
0,0.4386531517692159
0,0.27653209204627777
0,0.2701944865083767
0,0.3529428086390844
0,0.2781527824047711
0,0.27653209204627777
0,0.3485696740476132
0,0.27074445652323637
0,0.3485696740476132
0,0.4430302322649259
0,0.2749937090312778
0,0.3496197549173816
0,0.2749937090312778
0,0.3543760210316553
0,0.4380696992772447
0,0.3528090017281303
0,0.2641510661651348
0,0.2641510661651348
0,0.2701944865083767
0,0.2701944865083767
0,0.35182811929501656
0,0.2749937090312778
0,0.2749937090312778
0,0.3510443456252513
0,0.2725364026683052
0,0.3529428086390844
0,0.3521306885678613
0,0.27074445652323637
0,0.3543760210316553
0,0.2641510661651348
0,0.2749937090312778
0,0.3497454271042241
0,0.3464862018355917
0,0.34988234305507027
0,0.34988234305507027
0,0.3528090017281303
0,0.27074445652323637
0,0.35697346605045005
0,0.2749937090312778
0,0.2749937090312778
0,0.3492601062869332
0,0.3517524456358273
0,0.2749937090312778
0,0.2701944865083767
0,0.2749937090312778
0,0.3621581517994695
0,0.2701944865083767
0,0.27074445652323637
0,0.35096566779911575
0,0.3543760210316553
0,0.27074445652323637
0,0.34731882477802695
0,0.2725364026683052
0,0.27074445652323637
0,0.3543760210316553
0,0.27074445652323637
0,0.2701944865083767
0,0.44627705058369027
0,0.2641510661651348
0,0.437818420431016
0,0.2782665675831691
0,0.27074445652323637
0,0.27074445652323637
0,0.34340177880742273
0,0.3485696740476132
0,0.35546716096130465
0,0.2641510661651348
0,0.3496197549173816
0,0.2749937090312778
0,0.2701944865083767
0,0.4449622124532546
0,0.2701944865083767
0,0.3464862018355917
0,0.2749937090312778
0,0.3543760210316553
0,0.34731882477802695
0,0.44751233892339126
0,0.3543760210316553
0,0.27074445652323637
0,0.3544234140501786
0,0.27653209204627777
0,0.4438434997858656
0,0.2701944865083767
0,0.27074445652323637
0,0.36574989790821943
0,0.2749937090312778
0,0.3496197549173816
0,0.2641510661651348
0,0.27074445652323637
0,0.3543760210316553
0,0.2641510661651348
0,0.27074445652323637
0,0.2725364026683052
0,0.2701944865083767
0,0.2701944865083767
0,0.35096566779911575
0,0.3492601062869332
0,0.2725364026683052
0,0.2725364026683052
0,0.35354569745818964
0,0.44126635133683734
0,0.44627705058369027
0,0.27074445652323637
0,0.3497454271042241
0,0.3485696740476132
0,0.4388431241624869
0,0.2749937090312778
0,0.2725364026683052
0,0.27074445652323637
0,0.2641510661651348
0,0.27074445652323637
0,0.2701944865083767
0,0.35429083171960135
0,0.27022668119342635
0,0.3510443456252513
0,0.3656328425621816
0,0.35697346605045005
0,0.3485696740476132
0,0.3544234140501786
0,0.2701944865083767
0,0.2701944865083767
0,0.35096566779911575
0,0.3528090017281303
0,0.34988234305507027
0,0.35429083171960135
0,0.3528090017281303
0,0.2749937090312778
0,0.27074445652323637
0,0.2701944865083767
0,0.2725364026683052
0,0.27022668119342635
0,0.27074445652323637
0,0.35828570832164286
0,0.2749937090312778
0,0.3521306885678613
0,0.2725364026683052
0,0.3562598969742324
0,0.27653209204627777
0,0.36187002334657875
0,0.3529428086390844
0,0.3492601062869332
0,0.3521306885678613
0,0.34731882477802695
0,0.3543760210316553
0,0.27074445652323637
0,0.35697346605045005
0,0.3562598969742324
0,0.27074445652323637
0,0.4422861195264057
0,0.3464862018355917
0,0.2641510661651348
0,0.3528090017281303
0,0.4393271294630261
0,0.2749937090312778
0,0.3497454271042241
0,0.27074445652323637
0,0.27074445652323637
0,0.44091716877273346
0,0.2641510661651348
0,0.2749937090312778
0,0.3496197549173816
0,0.2701944865083767
0,0.2641510661651348
0,0.3544234140501786
0,0.443245075013711
0,0.27653209204627777
0,0.35182811929501656
0,0.3496197549173816
0,0.27074445652323637
0,0.3483899751515054
0,0.3642453531776264
0,0.4449622124532546
0,0.44221909977674084
0,0.2749937090312778
0,0.2725364026683052
0,0.2701944865083767
0,0.3529428086390844
0,0.44423583586913745
0,0.27022668119342635
0,0.2641510661651348
0,0.4538562280474568
0,0.27575103703633386
0,0.3517524456358273
0,0.2749937090312778
0,0.3517524456358273
0,0.2749937090312778
0,0.2701944865083767
0,0.2749937090312778
0,0.27074445652323637
0,0.2641510661651348
0,0.3529428086390844
0,0.2701944865083767
0,0.3517524456358273
0,0.2701944865083767
0,0.27074445652323637
0,0.2701944865083767
0,0.27074445652323637
0,0.2641510661651348
0,0.2641510661651348
0,0.2701944865083767
1,0.5324046126997394
0,0.27022668119342635
0,0.2725364026683052
0,0.34541304610379603
0,0.27022668119342635
0,0.2641510661651348
0,0.2701944865083767
0,0.27022668119342635
0,0.44627705058369027
0,0.2725364026683052
0,0.3485696740476132
0,0.27074445652323637
0,0.3485696740476132
0,0.35096566779911575
0,0.27022668119342635
0,0.3497454271042241
0,0.3544234140501786
0,0.3562598969742324
0,0.27074445652323637
0,0.2725364026683052
0,0.3529428086390844
0,0.44832087589520775
0,0.2701944865083767
0,0.27074445652323637
0,0.2749937090312778
0,0.27074445652323637
0,0.44627705058369027
0,0.2749937090312778
0,0.3464862018355917
0,0.2725364026683052
0,0.2725364026683052
0,0.3517524456358273
0,0.2749937090312778
0,0.3543760210316553
0,0.27074445652323637
0,0.35182811929501656
0,0.27653209204627777
0,0.3510443456252513
0,0.27074445652323637
0,0.2701944865083767
0,0.2749937090312778
0,0.27074445652323637
0,0.2725364026683052
0,0.3492601062869332
0,0.2701944865083767
0,0.3464862018355917
0,0.2725364026683052
0,0.35301790016968937
0,0.3496197549173816
0,0.36205281195351485
1,0.5224614438447099
0,0.28789426371913635
0,0.3483899751515054
0,0.3485696740476132
0,0.27074445652323637
0,0.2701944865083767
0,0.34988234305507027
0,0.3529428086390844
0,0.43838971718381625
0,0.2781527824047711
0,0.35546716096130465
0,0.2843764415613313
0,0.43838971718381625
0,0.3464862018355917
0,0.3496197549173816
0,0.2749937090312778
0,0.2749937090312778
0,0.27074445652323637
0,0.2725364026683052
0,0.2701944865083767
0,0.2749937090312778
0,0.3496197549173816
0,0.280132006081783
0,0.2725364026683052
0,0.3521306885678613
0,0.3510443456252513
0,0.2749937090312778
0,0.3496197549173816
0,0.2641510661651348
0,0.27074445652323637
0,0.445729638471146
0,0.275702196602891
0,0.2701944865083767
0,0.3517524456358273
0,0.37037958362785217
0,0.2641510661651348
0,0.3492601062869332
0,0.3543760210316553
0,0.3529428086390844
0,0.2725364026683052
0,0.3485696740476132
0,0.2701944865083767
0,0.27022668119342635
0,0.3483899751515054
0,0.27022668119342635
0,0.27074445652323637
0,0.3656582979000097
0,0.2641510661651348
0,0.3521306885678613
0,0.37080047175482805
0,0.27074445652323637
0,0.2701944865083767
0,0.2701944865083767
0,0.35828570832164286
0,0.2725364026683052
0,0.2725364026683052
0,0.3543760210316553
0,0.35182811929501656
0,0.44751233892339126
0,0.2701944865083767
0,0.3543760210316553
0,0.27074445652323637
0,0.2701944865083767
0,0.35301790016968937
0,0.3543760210316553
0,0.3510443456252513
0,0.3496197549173816
0,0.2701944865083767
0,0.27074445652323637
0,0.4422861195264057
0,0.27074445652323637
0,0.27074445652323637
0,0.2641510661651348
0,0.2749937090312778
0,0.2749937090312778
0,0.2701944865083767
0,0.3562598969742324
0,0.34988234305507027
0,0.2749937090312778
0,0.2725364026683052
0,0.2701944865083767
0,0.2749937090312778
0,0.27074445652323637
0,0.2749937090312778
0,0.2781527824047711
0,0.27074445652323637
0,0.4364248273522903
0,0.3492601062869332
0,0.2641510661651348
0,0.35697346605045005
0,0.27074445652323637
0,0.2725364026683052
0,0.2641510661651348
0,0.27074445652323637
0,0.3496197549173816
0,0.2725364026683052
0,0.35354569745818964
0,0.2843764415613313
0,0.28789426371913635
0,0.3517524456358273
0,0.35301790016968937
0,0.3483899751515054
0,0.3517524456358273
0,0.3496197549173816
0,0.2725364026683052
0,0.2725364026683052
0,0.2725364026683052
0,0.43812434568157194
0,0.2701944865083767
0,0.4240110578600065
0,0.2701944865083767
0,0.2701944865083767
0,0.3496197549173816
0,0.35182811929501656
0,0.436679738710102
0,0.35429083171960135
0,0.2725364026683052
1,0.5406676187968825
0,0.3528090017281303
0,0.2701944865083767
0,0.36478308724718683
0,0.3521306885678613
0,0.3464862018355917
0,0.2701944865083767
0,0.3496197549173816
0,0.3528090017281303
0,0.3492601062869332
0,0.2701944865083767
0,0.44143257644395945
0,0.3510443456252513
0,0.3521306885678613
0,0.35828570832164286
0,0.2725364026683052
0,0.2641510661651348
0,0.27074445652323637
0,0.44440241999441155
0,0.3528090017281303
0,0.2641510661651348
0,0.4449622124532546
0,0.3483899751515054
0,0.28789426371913635
0,0.27074445652323637
0,0.4374507735188162
0,0.27074445652323637
0,0.2725364026683052
0,0.3544234140501786
0,0.3464862018355917
0,0.2725364026683052
0,0.4430302322649259
0,0.27074445652323637
0,0.4386531517692159
0,0.2749937090312778
1,0.5351875463030881
1,0.5385267901244583
0,0.3496197549173816
0,0.2701944865083767
0,0.27074445652323637
0,0.27022668119342635
0,0.2641510661651348
0,0.3483899751515054
0,0.27074445652323637
0,0.3529428086390844
0,0.4386531517692159
0,0.2641510661651348
0,0.3496197549173816
0,0.2725364026683052
0,0.2641510661651348
0,0.27022668119342635
0,0.35429083171960135
0,0.3464862018355917
0,0.3510443456252513
0,0.2725364026683052
0,0.27074445652323637
0,0.27074445652323637
0,0.3521306885678613
0,0.44735225950860763
0,0.2725364026683052
0,0.275702196602891
0,0.2641510661651348
0,0.2749937090312778
0,0.2749937090312778
0,0.3496197549173816
0,0.3510443456252513
0,0.3562598969742324
0,0.34731882477802695
0,0.3529428086390844
0,0.445729638471146
0,0.3528090017281303
0,0.2749937090312778
0,0.27022668119342635
0,0.2749937090312778
0,0.35429083171960135
0,0.27074445652323637
0,0.3496197549173816
0,0.27074445652323637
0,0.2725364026683052
0,0.2725364026683052
0,0.3464862018355917
0,0.2641510661651348
0,0.4422861195264057
0,0.27074445652323637
0,0.27074445652323637
0,0.3562598969742324
0,0.35429083171960135
0,0.2701944865083767
0,0.280132006081783
0,0.35828570832164286
0,0.4449622124532546
0,0.3529428086390844
0,0.44091716877273346
0,0.2701944865083767
0,0.2749937090312778
0,0.35429083171960135
0,0.2641510661651348
0,0.3496197549173816
0,0.27074445652323637
0,0.2725364026683052
0,0.35132998772878055
0,0.3562598969742324
0,0.2701944865083767
0,0.2701944865083767
0,0.27022668119342635
0,0.3528090017281303
0,0.2902419124654812
0,0.3562598969742324
0,0.27074445652323637
0,0.27074445652323637
0,0.44221909977674084
0,0.27022668119342635
0,0.2701944865083767
0,0.3529428086390844
0,0.35697346605045005
0,0.44627705058369027
0,0.27074445652323637
0,0.3483899751515054
1,0.5366317873001105
0,0.3562598969742324
0,0.3521306885678613
0,0.27074445652323637
0,0.2701944865083767
0,0.2701944865083767
0,0.34731882477802695
0,0.3562598969742324
0,0.2701944865083767
0,0.2781527824047711
0,0.2701944865083767
0,0.3492601062869332
0,0.2701944865083767
0,0.3543760210316553
0,0.2641510661651348
0,0.27074445652323637
0,0.35697346605045005
0,0.3521306885678613
0,0.3562598969742324
0,0.3606656146101585
0,0.2641510661651348
0,0.2701944865083767
0,0.2725364026683052
0,0.3485696740476132
0,0.3543760210316553
0,0.2641510661651348
0,0.34541304610379603
0,0.27074445652323637
0,0.27074445652323637
0,0.3485696740476132
0,0.2701944865083767
0,0.3485696740476132
0,0.27074445652323637
0,0.4499996179399834
0,0.3544234140501786
0,0.35546716096130465
0,0.2725364026683052
0,0.4422861195264057
0,0.2701944865083767
0,0.34731882477802695
0,0.2725364026683052
0,0.2641510661651348
0,0.2701944865083767
0,0.44839706282620434
0,0.2701944865083767
0,0.35429083171960135
0,0.2641510661651348
0,0.4361080945307062
0,0.2701944865083767
0,0.3521306885678613
0,0.2725364026683052
0,0.2725364026683052
0,0.3497454271042241
0,0.2725364026683052
0,0.34731882477802695
0,0.2701944865083767
0,0.3528090017281303
0,0.3521306885678613
0,0.2749937090312778
0,0.44751233892339126
0,0.44751233892339126
0,0.4411301029668467
0,0.3483899751515054
0,0.3606656146101585
0,0.2701944865083767
0,0.2641510661651348
0,0.3483899751515054
0,0.2749937090312778
0,0.35354569745818964
0,0.2641510661651348
0,0.4380696992772447
0,0.35182811929501656
0,0.2749937090312778
0,0.4411301029668467
0,0.280132006081783
0,0.437818420431016
0,0.27074445652323637
0,0.3483899751515054
0,0.2641510661651348
0,0.3510443456252513
0,0.2641510661651348
0,0.4422861195264057
0,0.2701944865083767
0,0.3562598969742324
0,0.3544234140501786
0,0.35096566779911575
1,0.6311669292690865
0,0.2701944865083767
0,0.445729638471146
0,0.2725364026683052
0,0.2725364026683052
0,0.35828570832164286
0,0.3529428086390844
0,0.35096566779911575
0,0.3647754871879895
0,0.4386531517692159
0,0.27074445652323637
0,0.2701944865083767
0,0.2839143671338823
0,0.2749937090312778
0,0.3496197549173816
0,0.3529428086390844
0,0.27653209204627777
0,0.3496197549173816
0,0.2641510661651348
0,0.3485696740476132
0,0.2725364026683052
0,0.4412376185728482
0,0.3543760210316553
0,0.2641510661651348
0,0.3562598969742324
0,0.3543760210316553
0,0.3485696740476132
0,0.2701944865083767
0,0.35828570832164286
0,0.27074445652323637
0,0.2843764415613313
0,0.4499996179399834
0,0.2701944865083767
0,0.2641510661651348
0,0.3485696740476132
0,0.27074445652323637
0,0.35096566779911575
0,0.27074445652323637
0,0.35429083171960135
0,0.2749937090312778
0,0.2641510661651348
0,0.2701944865083767
0,0.35429083171960135
0,0.2641510661651348
0,0.4353495159966192
0,0.2725364026683052
0,0.2749937090312778
0,0.3496197549173816
0,0.3485696740476132
0,0.2749937090312778
0,0.35429083171960135
0,0.35096566779911575
0,0.2725364026683052
0,0.3485696740476132
0,0.2749937090312778
0,0.2641510661651348
0,0.4440126997817522
0,0.2725364026683052
0,0.35301790016968937
0,0.27074445652323637
0,0.2701944865083767
0,0.2701944865083767
0,0.27074445652323637
0,0.3485696740476132
0,0.27074445652323637
0,0.2641510661651348
0,0.2725364026683052
0,0.3544234140501786
0,0.35429083171960135
0,0.3543760210316553
0,0.36287687526160645
0,0.4353495159966192
0,0.27653209204627777
0,0.34731882477802695
0,0.2641510661651348
0,0.371021843989842
0,0.3544234140501786
0,0.2701944865083767
0,0.4428209973205336
0,0.27022668119342635
0,0.27074445652323637
0,0.3543760210316553
0,0.3529428086390844
0,0.35828570832164286
0,0.3521306885678613
0,0.2641510661651348
0,0.35429083171960135
0,0.2749937090312778
0,0.2749937090312778
0,0.34988234305507027
0,0.2641510661651348
0,0.2749937090312778
0,0.44221909977674084
0,0.27022668119342635
0,0.3517524456358273
0,0.3544234140501786
0,0.2701944865083767
0,0.2701944865083767
0,0.2701944865083767
0,0.3496197549173816
0,0.3521306885678613
0,0.3528090017281303
0,0.2701944865083767
0,0.2725364026683052
0,0.2725364026683052
0,0.2725364026683052
0,0.2725364026683052
0,0.2749937090312778
0,0.2749937090312778
0,0.27074445652323637
0,0.2749937090312778
0,0.3517524456358273
0,0.27022668119342635
0,0.2725364026683052
0,0.3464862018355917
0,0.27074445652323637
0,0.2749937090312778
0,0.3543760210316553
0,0.44295735400856867
1,0.5385267901244583
0,0.2701944865083767
0,0.2725364026683052
0,0.44143276462785724
0,0.3543760210316553
0,0.3521306885678613
0,0.2725364026683052
0,0.2641510661651348
0,0.3599332772873426
0,0.3496197549173816
0,0.2641510661651348
0,0.3510443456252513
0,0.3464862018355917
0,0.3529428086390844
0,0.2725364026683052
0,0.3483899751515054
0,0.44143276462785724
0,0.2641510661651348
0,0.3543760210316553
0,0.3496197549173816
0,0.4422861195264057
0,0.280132006081783
0,0.2749937090312778
0,0.2725364026683052
0,0.3497454271042241
0,0.2749937090312778
0,0.27074445652323637
0,0.27022668119342635
0,0.27074445652323637
0,0.3529428086390844
0,0.3492601062869332
0,0.2701944865083767
0,0.4374507735188162
0,0.3543760210316553
0,0.4386531517692159
0,0.2782665675831691
0,0.2725364026683052
0,0.2701944865083767
0,0.35429083171960135
0,0.2701944865083767
0,0.2701944865083767
0,0.3492601062869332
0,0.3543760210316553
0,0.2701944865083767
0,0.2725364026683052
0,0.27022668119342635
0,0.44627705058369027
0,0.2781527824047711
0,0.35301790016968937
0,0.2749937090312778
0,0.3528090017281303
0,0.3464862018355917
0,0.3529428086390844
0,0.3510443456252513
0,0.27575103703633386
0,0.2725364026683052
0,0.2749937090312778
0,0.3510443456252513
0,0.27022668119342635
0,0.3543760210316553
0,0.44126635133683734
0,0.3492601062869332
0,0.27022668119342635
0,0.44143276462785724
0,0.27074445652323637
0,0.27074445652323637
0,0.3543760210316553
0,0.2725364026683052
0,0.2749937090312778
0,0.2725364026683052
0,0.3562598969742324
0,0.2701944865083767
0,0.2749937090312778
0,0.35429083171960135
0,0.27074445652323637
0,0.3544234140501786
0,0.2749937090312778
0,0.2701944865083767
0,0.27653209204627777
0,0.3529428086390844
0,0.2749937090312778
0,0.3528090017281303
0,0.4440126997817522
0,0.27653209204627777
0,0.27074445652323637
0,0.445729638471146
0,0.2749937090312778
0,0.3528090017281303
0,0.4374146210327727
0,0.3517524456358273
0,0.27074445652323637
0,0.2701944865083767
0,0.27074445652323637
0,0.3517524456358273
0,0.2749937090312778
0,0.2725364026683052
0,0.2725364026683052
0,0.3543760210316553
0,0.2749937090312778
0,0.445729638471146
0,0.2725364026683052
0,0.27074445652323637
0,0.2725364026683052
0,0.3528090017281303
0,0.3543760210316553
0,0.35697346605045005
0,0.2749937090312778
0,0.27022668119342635
0,0.3485696740476132
0,0.2701944865083767
0,0.35182811929501656
0,0.2701944865083767
0,0.3544234140501786
0,0.2701944865083767
0,0.2725364026683052
0,0.2725364026683052
0,0.2641510661651348
0,0.35429083171960135
0,0.3517524456358273
0,0.27074445652323637
0,0.2641510661651348
0,0.2701944865083767
0,0.4380696992772447
0,0.44627705058369027
0,0.35354569745818964
0,0.3528090017281303
0,0.3483899751515054
0,0.437818420431016
0,0.445729638471146
0,0.3464862018355917
0,0.3485696740476132
0,0.2749937090312778
0,0.2701944865083767
0,0.2701944865083767
0,0.2725364026683052
0,0.275702196602891
0,0.2641510661651348
0,0.3485696740476132
0,0.2701944865083767
0,0.35301790016968937
0,0.2749937090312778
0,0.3521306885678613
0,0.44143276462785724
0,0.2725364026683052
0,0.2725364026683052
0,0.3521306885678613
0,0.3521306885678613
0,0.2749937090312778
0,0.2749937090312778
0,0.2725364026683052
0,0.280132006081783
0,0.2641510661651348
0,0.2641510661651348
0,0.3517524456358273
0,0.3517524456358273
0,0.34541304610379603
0,0.44143276462785724
0,0.27074445652323637
0,0.3517524456358273
0,0.3497454271042241
0,0.2749937090312778
0,0.2749937090312778
0,0.3543760210316553
0,0.27074445652323637
0,0.2749937090312778
0,0.275702196602891
0,0.2725364026683052
0,0.3510443456252513
0,0.2701944865083767
0,0.27074445652323637
0,0.3562598969742324
0,0.2749937090312778
0,0.4422861195264057
0,0.2701944865083767
0,0.27022668119342635
0,0.2725364026683052
0,0.2641510661651348
0,0.3529428086390844
0,0.2725364026683052
0,0.3593975609703767
0,0.27022668119342635
0,0.27074445652323637
0,0.3528090017281303
0,0.445729638471146
0,0.2701944865083767
0,0.43817930636356034
0,0.27022668119342635
0,0.3562598969742324
0,0.2701944865083767
0,0.2641510661651348
0,0.3496197549173816
0,0.2725364026683052
1,0.5271768944289399
0,0.2749937090312778
0,0.35631194569271457
0,0.3496197549173816
0,0.2725364026683052
0,0.2701944865083767
0,0.4386531517692159
0,0.27074445652323637
0,0.3510443456252513
0,0.35301790016968937
0,0.2641510661651348
0,0.3528090017281303
0,0.2701944865083767
0,0.27074445652323637
0,0.2701944865083767
0,0.4412376185728482
0,0.27074445652323637
0,0.2701944865083767
0,0.44221909977674084
0,0.2749937090312778
0,0.35697346605045005
0,0.2725364026683052
0,0.2725364026683052
0,0.3485696740476132
0,0.2725364026683052
0,0.2641510661651348
0,0.27074445652323637
0,0.2641510661651348
0,0.27074445652323637
0,0.3497454271042241
0,0.35639651611975964
0,0.35697346605045005
0,0.3529428086390844
0,0.35828570832164286
0,0.27074445652323637
0,0.44126635133683734
0,0.2701944865083767
0,0.27022668119342635
0,0.44751233892339126
1,0.5361494278359943
0,0.2701944865083767
0,0.27074445652323637
0,0.3528090017281303
0,0.4378748744661015
0,0.34988234305507027
0,0.3492601062869332
0,0.3521306885678613
0,0.35429083171960135
0,0.3528090017281303
0,0.44143276462785724
0,0.3543760210316553
0,0.4412376185728482
0,0.35354569745818964
0,0.35429083171960135
0,0.34340177880742273
0,0.2749937090312778
0,0.3483899751515054
0,0.2781527824047711
0,0.35354569745818964
0,0.35301790016968937
0,0.2725364026683052
0,0.44751233892339126
0,0.27022668119342635
0,0.2749937090312778
0,0.4422861195264057
0,0.27074445652323637
0,0.280132006081783
0,0.2782665675831691
0,0.27074445652323637
0,0.27074445652323637
0,0.27022668119342635
0,0.35697346605045005
0,0.3483899751515054
0,0.27074445652323637
0,0.2749937090312778
0,0.2725364026683052
0,0.2701944865083767
0,0.3504321292612712
0,0.27074445652323637
0,0.2749937090312778
0,0.2701944865083767
0,0.3485696740476132
0,0.2749937090312778
0,0.3521306885678613
0,0.2701944865083767
0,0.2749937090312778
0,0.35354569745818964
0,0.2701944865083767
0,0.2725364026683052
0,0.4374146210327727
0,0.27074445652323637
0,0.2641510661651348
0,0.2725364026683052
0,0.2749937090312778
0,0.3517524456358273
0,0.27074445652323637
0,0.2749937090312778
0,0.3485696740476132
0,0.35182811929501656
0,0.2725364026683052
0,0.2641510661651348
0,0.35096566779911575
0,0.27653209204627777
0,0.280132006081783
0,0.35429083171960135
0,0.2749937090312778
0,0.2641510661651348
0,0.4449622124532546
0,0.2701944865083767
0,0.2749937090312778
0,0.2641510661651348
0,0.2725364026683052
0,0.3521306885678613
0,0.4440716005254782
0,0.2749937090312778
0,0.2749937090312778
0,0.34541304610379603
0,0.3485696740476132
0,0.2781527824047711
0,0.43817930636356034
0,0.35546716096130465
0,0.2725364026683052
0,0.2725364026683052
0,0.3543760210316553
0,0.2725364026683052
0,0.3529428086390844
0,0.275702196602891
0,0.2701944865083767
0,0.27074445652323637
0,0.2701944865083767
0,0.3543760210316553
0,0.27022668119342635
0,0.2749937090312778
0,0.3496197549173816
0,0.34988234305507027
0,0.3562598969742324
0,0.2641510661651348
0,0.2725364026683052
0,0.35828570832164286
0,0.3485696740476132
0,0.3517524456358273
0,0.27074445652323637
1,0.5363619704674498
0,0.2725364026683052
0,0.2725364026683052
0,0.4430302322649259
0,0.27074445652323637
0,0.2725364026683052
0,0.35429083171960135
0,0.2701944865083767
0,0.2725364026683052
0,0.44350418385043283
0,0.3543760210316553
0,0.2749937090312778
0,0.3543760210316553
0,0.3492601062869332
0,0.3562598969742324
1,0.5326110607235425
0,0.3497454271042241
0,0.3562598969742324
0,0.35182811929501656
0,0.2749937090312778
0,0.27074445652323637
0,0.35182811929501656
0,0.2725364026683052
0,0.2749937090312778
0,0.2701944865083767
0,0.35096566779911575
0,0.3528090017281303
0,0.2701944865083767
0,0.2781527824047711
0,0.2749937090312778
0,0.27022668119342635
0,0.2749937090312778
0,0.3521306885678613
0,0.2701944865083767
0,0.3464862018355917
0,0.3517524456358273
0,0.2781527824047711
0,0.2725364026683052
0,0.2701944865083767
0,0.2701944865083767
0,0.34541304610379603
0,0.2749937090312778
0,0.27074445652323637
0,0.2701944865083767
0,0.443245075013711
0,0.27074445652323637
0,0.2749937090312778
0,0.34541304610379603
0,0.3543760210316553
0,0.27074445652323637
0,0.3464862018355917
0,0.3543760210316553
0,0.27074445652323637
0,0.27074445652323637
0,0.2725364026683052
0,0.3464862018355917
0,0.43131866863344864
0,0.27653209204627777
0,0.2641510661651348
0,0.2749937090312778
0,0.3517524456358273
0,0.2749937090312778
0,0.27074445652323637
0,0.2641510661651348
0,0.27074445652323637
0,0.3521306885678613
0,0.3486937310357586
0,0.2725364026683052
0,0.3544234140501786
0,0.34340177880742273
0,0.2725364026683052
0,0.3464862018355917
0,0.3517524456358273
0,0.2749937090312778
0,0.2725364026683052
0,0.3496197549173816
0,0.2749937090312778
0,0.44143276462785724
0,0.27074445652323637
1,0.622477584909217
0,0.3543760210316553
0,0.3529428086390844
0,0.27022668119342635
0,0.2725364026683052
0,0.3492601062869332
0,0.2725364026683052
0,0.2641510661651348
0,0.2725364026683052
0,0.2701944865083767
0,0.2749937090312778
0,0.3517524456358273
0,0.27074445652323637
0,0.4449622124532546
0,0.27653209204627777
0,0.27074445652323637
0,0.35429083171960135
0,0.2701944865083767
0,0.3510443456252513
0,0.4430302322649259
0,0.43879489077513606
0,0.2749937090312778
0,0.2701944865083767
0,0.2641510661651348
0,0.3517524456358273
0,0.3521306885678613
0,0.3606656146101585
0,0.2725364026683052
0,0.3543760210316553
0,0.2641510661651348
1,0.5402239422022582
0,0.2749937090312778
0,0.27074445652323637
0,0.2725364026683052
0,0.3496197549173816
0,0.2749937090312778
0,0.443245075013711
0,0.4499996179399834
0,0.2781527824047711
0,0.35546716096130465
0,0.2725364026683052
0,0.3562598969742324
0,0.2701944865083767
0,0.27074445652323637
0,0.2701944865083767
0,0.34988234305507027
0,0.35182811929501656
0,0.2749937090312778
0,0.2829099621789328
0,0.2725364026683052
0,0.2725364026683052
0,0.27074445652323637
0,0.27022668119342635
0,0.3510443456252513
0,0.2701944865083767
0,0.2749937090312778
0,0.35182811929501656
0,0.2725364026683052
0,0.2701944865083767
0,0.2701944865083767
0,0.4374146210327727
0,0.27022668119342635
0,0.3521306885678613
1,0.5406676187968825
0,0.2641510661651348
0,0.2701944865083767
0,0.44221909977674084
0,0.27074445652323637
0,0.3521306885678613
0,0.35182811929501656
0,0.3464862018355917
0,0.2701944865083767
0,0.2701944865083767
0,0.3521306885678613
0,0.27074445652323637
0,0.28644173573975856
0,0.2701944865083767
0,0.3521306885678613
0,0.27074445652323637
0,0.2641510661651348
0,0.3528090017281303
0,0.3606656146101585
0,0.45807614108668815
0,0.35096566779911575
0,0.2725364026683052
1,0.5385267901244583
0,0.3517524456358273
0,0.275702196602891
0,0.44221909977674084
0,0.27074445652323637
0,0.27074445652323637
0,0.27074445652323637
0,0.280132006081783
1,0.5371858379330615
0,0.27074445652323637
0,0.27653209204627777
0,0.35429083171960135
0,0.2725364026683052
0,0.44440241999441155
0,0.27074445652323637
0,0.44221909977674084
0,0.4422861195264057
0,0.27022668119342635
0,0.3529428086390844
0,0.2725364026683052
0,0.27074445652323637
0,0.2749937090312778
0,0.35697346605045005
0,0.2749937090312778
0,0.2749937090312778
0,0.3496197549173816
0,0.2701944865083767
0,0.3529428086390844
0,0.35429083171960135
1,0.5371858379330615
0,0.3485696740476132
0,0.2749937090312778
0,0.3528090017281303
0,0.3464862018355917
0,0.27022668119342635
0,0.2749937090312778
0,0.34541304610379603
0,0.2701944865083767
0,0.2641510661651348
0,0.3492601062869332
0,0.2749937090312778
0,0.2641510661651348
0,0.2833786431908956
0,0.2749937090312778
0,0.2641510661651348
0,0.35301790016968937
0,0.2641510661651348
0,0.35828570832164286
0,0.27074445652323637
0,0.3517524456358273
0,0.3521306885678613
0,0.2701944865083767
0,0.2641510661651348
0,0.3594861422605894
0,0.44221909977674084
0,0.3528090017281303
0,0.2701944865083767
0,0.2641510661651348
0,0.34541304610379603
0,0.2725364026683052
0,0.27074445652323637
0,0.2725364026683052
0,0.28789426371913635
0,0.27074445652323637
0,0.2749937090312778
0,0.3517524456358273
0,0.3510443456252513
0,0.2641510661651348
0,0.3510443456252513
0,0.27074445652323637
0,0.2701944865083767
1,0.5363619704674498
0,0.3562598969742324
0,0.3528090017281303
0,0.3529428086390844
0,0.34541304610379603
0,0.44423583586913745
0,0.2749937090312778
0,0.44839706282620434
0,0.3517524456358273
0,0.28199121265685934
0,0.3521306885678613
1,0.5358102786490184
0,0.3517524456358273
0,0.3517524456358273
0,0.2749937090312778
0,0.2641510661651348
0,0.3543760210316553
0,0.27074445652323637
0,0.2701944865083767
0,0.35429083171960135
0,0.27074445652323637
0,0.2641510661651348
0,0.2725364026683052
0,0.27074445652323637
0,0.3517524456358273
0,0.2749937090312778
0,0.2641510661651348
0,0.3483899751515054
0,0.2749937090312778
0,0.3510443456252513
0,0.35697346605045005
0,0.4409231803460927
0,0.2701944865083767
0,0.3485696740476132
0,0.35546716096130465
0,0.3485696740476132
0,0.2749937090312778
0,0.2749937090312778
0,0.2641510661651348
0,0.3483899751515054
0,0.2725364026683052
0,0.2749937090312778
0,0.35182811929501656
0,0.2725364026683052
0,0.2701944865083767
0,0.2749937090312778
0,0.2641510661651348
0,0.4428209973205336
0,0.2725364026683052
1,0.5288691991244348
0,0.2641510661651348
0,0.2701944865083767
0,0.2749937090312778
0,0.3562598969742324
0,0.2701944865083767
0,0.2641510661651348
0,0.28644173573975856
0,0.3581068853605791
0,0.27074445652323637
0,0.2725364026683052
0,0.2641510661651348
0,0.27074445652323637
0,0.35301790016968937
0,0.2725364026683052
0,0.27074445652323637
0,0.27074445652323637
0,0.2725364026683052
0,0.44751233892339126
0,0.2641510661651348
0,0.2725364026683052
0,0.4364248273522903
0,0.27074445652323637
0,0.2749937090312778
0,0.35546716096130465
0,0.2749937090312778
0,0.2701944865083767
0,0.2701944865083767
0,0.27022668119342635
0,0.2749937090312778
0,0.3496197549173816
0,0.2749937090312778
0,0.3528090017281303
0,0.4428209973205336
0,0.2641510661651348
0,0.3543760210316553
1,0.5358102786490184
0,0.44627705058369027
0,0.2641510661651348
0,0.27074445652323637
0,0.35429083171960135
0,0.3521306885678613
0,0.27074445652323637
0,0.2701944865083767
0,0.27022668119342635
0,0.3544234140501786
0,0.2725364026683052
0,0.2725364026683052
0,0.27575103703633386
0,0.2749937090312778
0,0.2641510661651348
0,0.2749937090312778
0,0.27074445652323637
0,0.35182811929501656
0,0.3594861422605894
0,0.3543760210316553
0,0.2749937090312778
0,0.4412376185728482
0,0.27074445652323637
1,0.5334782223575174
0,0.2641510661651348
0,0.3543760210316553
0,0.2749937090312778
0,0.3543760210316553
0,0.3528090017281303
0,0.34340177880742273
0,0.2641510661651348
0,0.2749937090312778
0,0.27074445652323637
0,0.34541304610379603
0,0.2749937090312778
0,0.3529428086390844
0,0.2725364026683052
0,0.2725364026683052
0,0.44350418385043283
0,0.2749937090312778
0,0.2701944865083767
0,0.2701944865083767
0,0.3496197549173816
0,0.3521306885678613
0,0.3521306885678613
0,0.2701944865083767
0,0.27074445652323637
0,0.2641510661651348
0,0.3521306885678613
0,0.27074445652323637
0,0.44890155017260797
1,0.5406676187968825
0,0.35697346605045005
0,0.27653209204627777
0,0.3529428086390844
0,0.4393271294630261
0,0.35429083171960135
0,0.447769756737171
0,0.2725364026683052
0,0.2701944865083767
0,0.2641510661651348
0,0.44221909977674084
0,0.35429083171960135
0,0.27074445652323637
0,0.2725364026683052
0,0.3517524456358273
0,0.2701944865083767
0,0.34731882477802695
0,0.27022668119342635
0,0.3562598969742324
0,0.2749937090312778
