is_fraud,prediction_prob
0,7.439652730852671e-08
0,1.0618212409695274e-12
0,0.1408264293567674
0,3.574110543356446e-16
0,2.6247727914836864e-10
0,1.1267700258361659e-13
0,7.244189927072801e-14
0,1.1098564602604889e-10
0,1.8616731187670964e-15
0,9.808080542148434e-16
0,8.617085510737694e-15
0,2.726868817497777e-18
0,1.9052261760101496e-13
0,9.827120275694493e-13
0,2.5250291056717566e-15
0,9.915994313648077e-15
0,7.916870469507082e-19
0,8.989186282610588e-05
0,1.65337604045386e-14
0,1.3977156054757217e-15
0,7.138343935689365e-09
0,1.3676044587432083e-10
0,5.764464305648508e-11
0,4.286415552903181e-09
0,7.202063380501629e-17
0,5.239321458689416e-13
0,6.011023336679248e-10
0,3.8181795944854276e-09
0,3.0569593101577908e-12
0,5.653608034442857e-10
0,2.5831642089411115e-16
0,1.3478041606399541e-11
0,2.4587675033047527e-14
0,1.674678650914488e-13
0,4.303637873107492e-12
0,2.3776942464403974e-09
0,0.6359782430046605
0,1.156500599576134e-12
0,2.3033425272374382e-17
0,3.314370243561859e-16
0,1.2056962275204275e-08
0,1.0265333420048542e-16
0,9.719280519779263e-14
0,0.0010946060496774502
0,1.430468101321771e-18
0,1.7154485518531082e-06
0,3.1594724106287572e-16
0,2.5814721478549433e-12
0,6.212540473664423e-07
0,1.5287262407541938e-17
0,1.0483913048005647e-11
0,0.0013386422881614057
0,2.529698158781127e-10
0,7.870507166415087e-15
0,3.1613104809643593e-10
0,2.1863361227128006e-18
0,0.5966334933635165
0,5.596465423871517e-17
0,8.674452718770239e-10
0,1.0226233149687944e-11
0,1.167731560727933e-09
0,3.984896078461926e-14
0,1.4928453566913765e-05
0,9.815959154390702e-17
0,4.654130026795689e-06
0,6.071175046131056e-13
0,1.7440511849340369e-13
0,1.6503758049381796e-16
0,4.035280158678266e-14
0,2.259131186897128e-09
0,4.0721346637853166e-10
0,4.988159908166911e-07
0,8.264868459336293e-13
0,4.674618033417332e-17
0,2.0143852650913915e-18
0,1.0513127064299516e-09
0,0.0010444362316773747
0,7.41074618360179e-07
0,1.1297472388738057e-09
0,3.7076056209135137e-13
0,2.1185534696579743e-16
0,3.535351543871026e-15
0,9.866342396876013e-14
0,1.1671609183891503e-10
0,2.676273071106097e-09
0,3.0746457466424976e-18
0,4.648368472917886e-16
0,1.8562718903959653e-13
0,1.571750177059407e-09
0,7.228064162058211e-05
0,5.561251499156797e-13
0,6.222519829844315e-14
0,2.1721631042048715e-16
0,5.7036382654146374e-11
0,7.935721930749739e-15
0,1.3777187161292526e-14
0,8.171061141626704e-17
0,3.0798119153458247e-08
0,3.648043242104434e-15
0,2.226001126489561e-12
0,1.0028217614009676e-08
0,7.025343727566337e-16
0,4.1797027483931985e-11
0,3.1999012737161006e-11
0,1.031296094267484e-09
0,3.627365091993554e-06
0,2.677697221706931e-07
0,2.1525589636391793e-13
0,3.5764129454580314e-06
0,0.37709331359802084
0,2.726244522078718e-13
0,1.2498278810691969e-17
0,1.8175756074345418e-14
0,1.0990972866220589e-09
0,1.0354232295419557e-12
0,1.0434629055999559e-07
0,1.6665258305458843e-16
0,2.596377936164654e-07
0,1.0925206597850661e-17
0,5.555149693261773e-15
0,1.6025305391108417e-15
0,1.1625796239634027e-14
0,7.809278352725386e-10
0,1.8321248516753784e-06
0,3.5970323193102346e-11
0,1.6782444949412038e-09
0,3.004806382970979e-11
0,4.861866527831006e-14
0,3.82365203195522e-12
0,1.1635471651068023e-10
0,1.0593562158786267e-05
0,2.161037844768847e-08
0,6.287452739376738e-14
0,3.447766281604593e-11
0,5.557085558526113e-12
0,3.909128613419597e-10
0,8.24925439223164e-12
0,9.631994900602024e-06
0,6.17288604765258e-08
0,0.0020812503656841837
0,4.73909129742448e-15
0,2.7895037184497434e-16
0,9.744990343581003e-15
0,4.449474197318914e-16
0,4.336087419246006e-05
0,5.065443498883076e-08
0,1.2249561865681116e-16
0,2.469351076883632e-11
0,4.5641707094124313e-11
0,3.1499150901964226e-10
0,4.8794087445144185e-05
0,8.547736088929413e-10
0,1.5024110118052332e-18
0,0.14291801692856435
0,8.318570742741367e-05
0,1.7900148932429843e-09
0,1.012469954918474e-14
0,1.794184286576027e-15
1,0.9987698301112269
0,5.278857449940202e-09
0,1.1902333015865078e-08
0,1.3917901898910137e-10
0,1.807812491943875e-15
0,1.7085757618999156e-05
0,1.2107728478091228e-11
0,6.761271565612922e-19
0,1.2751743249114418e-14
0,0.9910890919267202
0,3.55742439418065e-14
0,0.27861776175064284
0,4.145679044562878e-13
0,2.6798913141709928e-08
0,0.0002719167254466018
0,1.1101103211508072e-09
0,0.03732835169511925
0,8.58119227732944e-15
0,1.4316386107411102e-09
0,4.637651213764572e-17
0,1.0353182612307622e-07
0,0.003344938389073846
0,5.2421642103720626e-11
0,0.015562130512977605
0,1.3238998259815298e-16
0,2.7685930982149573e-13
0,7.208092163121272e-14
0,0.050488079065873125
0,0.03592243486415774
0,1.5354211134849658e-14
0,5.181003484386934e-08
0,5.509922041210091e-12
0,8.090440296005456e-12
0,1.423306698732472e-19
0,4.1332543205573494e-07
0,1.1893012813326905e-09
0,5.376335342617308e-15
0,7.428806848076229e-17
0,4.380408711051765e-14
0,2.0836979772050308e-14
0,3.085170623645316e-10
0,1.7818796487122004e-08
0,4.218323394723053e-17
0,8.663465743672427e-14
0,5.431821963785879e-10
0,2.3234272682265297e-12
0,0.00018169803663561546
0,2.0286540994822748e-07
0,4.242148335573559e-17
0,1.326824941927311e-13
0,2.536262175677247e-13
0,3.283798825786598e-17
0,6.554298178819317e-12
0,0.0018242203300723868
0,0.5070117026926794
0,6.966930798928572e-06
1,0.9943030301630251
0,1.5427951826845847e-16
0,1.8524438532273752e-16
0,3.3744424029000077e-15
0,6.533770845978482e-10
0,0.00045826837666897104
0,0.0006629794179252518
0,1.565092819091115e-06
0,5.061136993000674e-18
0,1.9422886139289478e-10
0,7.013893583222629e-09
1,0.9999873586917826
0,1.8470293546458657e-09
0,9.711921389956993e-14
0,4.5803417034585686e-05
0,1.139717328906401e-13
0,8.973546849825503e-19
0,1.4582287608676394e-09
0,8.565459743781172e-17
0,9.778934557167058e-09
0,0.35138566921500203
0,0.0281118202135926
0,6.778047969993856e-11
0,3.3464180568997636e-09
0,0.010983516365544725
0,1.1491639946866535e-13
0,4.77800730933765e-08
0,4.7460381529581184e-14
0,1.830242908857304e-12
0,7.638072105941474e-13
0,6.217769294692108e-11
0,1.865873088664313e-17
0,3.4976802366950815e-07
0,5.277150466825305e-14
0,1.7279901351483785e-14
0,1.7374560385698784e-15
0,1.998752696921656e-13
0,1.5076733451648107e-14
0,5.1724451041608197e-14
1,0.9999845633151314
0,1.8676545148066656e-16
0,9.378731682185874e-16
0,2.5045071590714515e-17
0,1.2748484762850074e-05
0,2.6595585480644213e-05
0,2.2198433900418555e-16
0,5.519951674187562e-16
0,4.307146083493891e-18
0,0.039756217073272454
0,1.2248840488650196e-16
0,1.602753643311789e-12
0,2.411239012789297e-18
0,0.0012998473724708727
0,4.289138683262225e-10
0,2.4499952047677746e-10
0,2.233332172880331e-14
0,4.2294528352797953e-14
0,1.7436339981118137e-14
0,4.3368034404611153e-16
0,2.644906684878046e-14
0,4.960862320946423e-08
0,2.7598513853818067e-09
0,2.0118276201190574e-12
0,1.9629806903933593e-13
0,3.6920548432429295e-15
0,1.9798200179902862e-13
0,1.8873318363008442e-13
0,2.496611555308297e-20
0,2.967477854688064e-10
0,4.644316330478918e-14
0,6.0154213332501345e-15
0,0.001228419001980549
0,5.321804317384428e-14
0,1.4872969524066195e-17
0,1.3725856622706675e-10
0,4.773095036527518e-17
0,4.270715799262838e-13
0,0.020945671473689666
0,7.647877608104833e-17
0,2.5908418756749906e-20
0,1.0366364450921226e-13
0,6.584076326579728e-13
0,9.351760130789491e-10
0,0.06577610904011473
0,3.891565226397339e-05
0,2.474633663062983e-10
0,8.778116139691452e-10
0,1.0361872868439993e-09
0,1.702293247127351e-07
0,5.577964653936902e-11
0,4.525818811065099e-17
0,6.0016952530330554e-05
0,1.3642325730095552e-14
0,6.354063527035684e-15
0,1.177085385220698e-10
0,1.3542153539684498e-15
0,6.458530825229535e-11
0,7.287176736974508e-12
0,0.0009641876258223892
0,4.7186953207961845e-21
0,1.6078815389307668e-15
0,8.093105874156407e-15
0,2.078479967112497e-12
0,4.792104242237526e-12
0,6.722391866386873e-12
0,1.7778915912863643e-19
0,1.0782076795953982e-10
0,5.001461278219687e-17
0,7.304491930186162e-08
0,2.6500798518329626e-10
0,4.1716297568568724e-17
0,0.00046013819404740484
0,1.520450783581831e-13
0,0.37244466745007615
0,4.122346616458432e-06
0,1.2319383226611015e-12
0,2.5984994182278217e-05
0,2.928856906728871e-09
0,6.29838722971055e-12
0,0.027915653678637676
0,3.109608462148896e-18
0,3.203162971400152e-11
0,2.003107436834619e-07
0,8.862978323399923e-12
0,0.44953033842839607
0,1.8403094362909644e-13
0,1.3131467448283882e-09
0,2.107710909014492e-08
0,1.9831107580542093e-13
0,9.053658785313132e-14
0,3.9821030545981535e-16
0,3.990830854140588e-05
0,7.342568848148071e-09
0,2.2962644700556655e-12
0,4.2095591791185516e-10
0,1.0081329198173262e-15
0,1.6927571011295208e-07
0,6.31256588259646e-11
0,2.756671849916994e-20
1,0.9999999879523968
0,1.7523410033928576e-06
0,1.691460155703996e-08
0,1.2087920509788026e-12
0,1.041057049344849e-12
0,6.644429883747659e-14
0,5.726758588977664e-16
0,8.875276788348775e-14
0,3.683543007330602e-11
0,2.0602043981421286e-17
0,8.259794214849652e-09
0,0.0003608556686974501
0,2.3999854150744923e-05
0,9.898757074948638e-13
0,4.14087772920263e-16
0,6.385757978683926e-11
0,6.889992582662377e-14
0,1.5146772058039848e-13
0,8.634441844789148e-08
0,6.977902567013575e-07
0,3.0022430247590962e-18
0,5.383390833712042e-13
0,0.00016149882940425702
0,8.038621667199514e-10
1,0.823463702870043
0,6.040435012954067e-18
0,5.2395108468431014e-14
0,4.620545728798463e-08
0,2.3465453359011415e-12
0,5.233724090427364e-08
0,3.0794345821255186e-10
0,1.078025344029872e-11
0,4.738964766103295e-14
0,7.622526983743234e-13
0,4.905111972578589e-09
0,2.660508655320836e-12
0,6.050971704229849e-15
0,1.499730651363237e-10
1,0.9999994992241122
0,3.1233832282108013e-07
0,4.3674080662941036e-10
0,1.998467937609748e-18
0,6.79673146790718e-18
0,1.0800382461611448e-08
0,3.791157795000195e-11
0,4.946311472683054e-13
0,0.1528923732822554
0,2.2016368015348427e-15
0,8.99506089541415e-18
0,1.7032607185387648e-10
0,8.730292502996903e-17
0,6.310512771463978e-12
0,6.611675154681174e-09
0,6.591258393976915e-11
1,0.9992235109526445
0,7.514698992654566e-18
0,2.0500602124750533e-07
0,0.38921705235007953
0,0.00030726904173263025
0,1.5490701203471806e-13
0,4.6371806945807504e-15
0,1.7537375266529297e-13
0,3.6885764195064917e-06
0,2.0572375015401586e-07
0,2.0019756648412294e-07
0,7.002928075292725e-15
0,2.2248841980661965e-16
0,7.250993671742609e-08
0,2.3156544628155197e-10
0,5.378819989291057e-15
0,8.765840075783465e-13
0,2.539477880360818e-05
0,0.02627284720847678
0,1.0415262298786443e-05
0,0.0009797744195367034
0,0.015236326233298798
0,2.8545147020015495e-14
0,1.7611498623912708e-13
0,5.6053043883113025e-05
0,0.00017093989214683048
0,1.9697787485416753e-14
0,2.5838227392079634e-07
0,1.4867309727875176e-11
0,3.267589547943572e-08
0,5.313089686080265e-16
0,1.3751286432547661e-13
0,5.184791715524595e-13
0,2.3640425850233346e-14
0,9.62569209300472e-16
0,2.880195465458278e-14
0,6.071892432088124e-14
0,2.5411353216465866e-09
0,7.336687700552009e-17
0,3.138713951866518e-05
0,6.058905774860304e-08
0,3.2916332063410925e-10
0,2.2170716480823963e-05
0,3.8955256248546255e-16
0,5.08273657225403e-10
0,1.440566533795617e-15
0,1.1977602294834041e-14
0,7.063859786269102e-14
0,1.4305791315549048e-15
0,9.501015307638605e-12
0,0.5902352840179776
0,1.247770909653147e-17
0,2.0379266218142865e-10
0,1.3235735360951372e-09
0,2.5545006056424916e-16
0,1.4517839204555082e-19
0,5.799990345040036e-17
0,9.937067516546776e-13
0,9.122702687371653e-08
0,8.779852857685767e-09
0,1.1373041307860999e-14
0,1.0098839615527083e-14
0,1.702331875909291e-15
0,2.9258312443028987e-07
0,1.6315590208213484e-13
0,4.103361881070122e-16
0,1.5705218509991064e-08
0,2.858775766092636e-16
0,4.1504909059002296e-14
0,4.1365512519290123e-16
0,7.035626920756957e-09
0,1.199202712624975e-16
0,7.740124484193573e-05
0,3.96122297327729e-15
0,5.125761662435314e-15
0,4.069937618588654e-17
0,1.7283512698395472e-09
0,0.00036116380097708746
0,3.943152595595988e-17
0,2.2718648180872035e-12
0,0.11862009982985089
0,1.256828670701349e-13
0,8.831990458504061e-11
0,1.1053009783226041e-11
0,5.764790134360435e-16
0,3.358609039270431e-11
0,8.375962614110291e-15
0,8.197760539736612e-15
0,1.0898394253498991e-18
0,4.633305043153174e-08
0,1.316475858500234e-07
0,1.591843244379075e-12
0,3.620044171829738e-06
0,1.0246328084241079e-10
0,4.291569796728171e-15
0,5.248719249556897e-07
0,1.0747681456876684e-14
0,1.7281649771842407e-17
0,8.302298943983831e-13
0,1.6093438912037342e-15
0,8.772594532023267e-14
0,2.622018682683801e-05
0,3.1824445868515796e-17
0,7.756259016996333e-19
0,1.3293025420482066e-12
0,2.310113029340729e-10
0,2.2037197181543937e-10
0,2.5039011164362624e-17
0,5.916996521023665e-12
0,7.564722513694014e-11
0,3.829831603490314e-13
0,1.6158348273552028e-19
0,1.0883148229219922e-08
0,2.180836010938038e-12
0,3.683924670791536e-07
0,2.8489573901716898e-18
0,3.5905446474539196e-09
0,2.4940031188321157e-10
0,6.893281253125602e-07
0,2.381889804776238e-14
0,1.1304112822701106e-11
0,0.010974310149126738
0,1.7618878611299686e-16
0,2.370490292740855e-06
0,3.812290045719385e-17
0,2.885621179892932e-09
0,1.5281917858190594e-14
0,2.930903050914378e-10
0,4.808338319539024e-16
0,1.2291881827567035e-13
0,3.493693554906255e-08
0,2.89833162357935e-14
0,8.974943834154992e-17
0,1.1168785819520278e-05
0,3.209040070597048e-06
0,3.4058404744000954e-07
0,2.9781200475017064e-12
0,1.3355479872227599e-14
0,7.840861111805506e-11
0,3.888174259001798e-10
0,4.284184902479423e-06
0,2.6097110685299773e-14
0,3.0245517233644914e-10
0,7.97771365947718e-12
0,1.039026717968191e-12
0,4.9977743614204474e-12
0,4.747082896670946e-20
0,3.816449016988525e-11
0,2.2981436162386026e-09
0,0.019194338125594183
0,1.2230198605370528e-09
0,6.696936797310804e-16
0,9.575277030529483e-14
0,3.330298682357546e-05
0,8.521997235199023e-10
0,4.655172770586755e-16
0,1.4504143148970997e-17
0,5.869576030729294e-06
0,4.450420277399578e-09
0,3.229884157835345e-14
0,7.750332686132023e-19
0,1.7962541869190646e-19
0,1.5788156916190974e-10
0,1.6543450255402247e-09
0,7.787317351348811e-06
0,6.72526488593964e-16
0,1.5504531605982321e-12
0,0.890420944920574
0,9.178098691017429e-05
0,2.646124400310321e-07
0,1.0438625762256896e-07
0,1.0667519207777672e-14
0,1.135394463206502e-09
0,2.181325013907608e-15
0,5.71148050029861e-10
0,3.4331603060489847e-09
0,4.944870452691311e-11
0,4.723604250203594e-08
0,1.5792198080835855e-08
0,1.460681144460626e-19
0,1.6024618829669676e-09
0,6.950067561663022e-07
0,0.00017017533140098335
0,8.454200745867992e-09
0,1.2088235424345352e-11
0,2.258233063691481e-15
0,3.3945181992785506e-16
0,4.238132707075691e-09
0,3.2689283701145623e-15
0,1.8628092069469847e-17
0,0.29185058450471385
0,6.590457840944969e-05
0,9.054726764131109e-08
0,0.008168918830252706
0,2.78875549610214e-07
0,9.064875947703111e-09
0,7.586054859129657e-12
0,5.16275529653713e-14
0,3.013020670711258e-14
0,4.319346517481614e-16
0,4.5137181542097096e-10
0,1.2633808335960856e-10
0,1.3796956293795072e-14
1,0.7163086929163826
0,4.3007780647818676e-13
0,7.872123011853638e-09
0,3.267502878873899e-14
0,0.14750355374843835
0,3.3816991123441787e-16
0,2.330557411095376e-16
0,4.6630927913293265e-11
0,1.5135164315052802e-07
0,1.3578915785228067e-19
0,6.011809342259408e-18
0,4.773080729833708e-12
0,2.0513791442943944e-16
0,8.759375684582061e-06
0,1.2441182296057752e-14
0,0.3662231403824077
0,1.521776836618908e-06
0,2.9352258090065404e-14
0,8.443264468458993e-14
0,1.2987250289019824e-08
0,1.385612516084104e-10
0,2.7247500322091004e-15
0,1.2255224002198686e-15
0,1.9127921021631802e-11
0,3.2464979933109334e-15
0,4.3448951070756597e-13
0,3.8319543102336913e-10
0,9.030475517804448e-14
0,0.00015258190147280658
0,7.379583067688442e-15
0,0.03612548846089954
0,6.469634563233611e-18
0,9.433581239786546e-16
0,8.863372269884641e-16
0,3.210226102214701e-13
0,1.179559620247174e-17
0,1.9540667460526217e-15
0,3.753066602216164e-16
0,1.399870270337019e-10
0,1.2741591832932572e-18
0,3.09579737772395e-09
0,1.5729045751062542e-12
0,7.401959205988808e-07
0,0.0017176794817823078
0,1.0145536199766359e-14
0,8.608157167430126e-11
0,9.868764250171565e-10
0,7.772063021438841e-12
0,4.719263099301248e-16
0,9.131149893209615e-14
0,4.744973681941946e-06
0,3.2954530848367107e-19
0,3.640693290517053e-14
0,5.336377574320569e-17
0,1.2787231331804762e-10
0,2.8640653388307267e-10
0,0.00017760122955638028
0,7.977412171925816e-11
0,1.1988530676828165e-09
0,6.830669266617347e-15
0,4.2482983603818944e-16
0,2.9877442520117674e-12
0,3.753093045378563e-08
0,1.8540625952740635e-10
0,9.215572943394559e-09
0,1.735111457560778e-11
0,1.0970165205937748e-05
0,8.508816800740891e-07
0,5.15217896585716e-10
0,4.063527898501105e-13
0,9.005068446258906e-12
0,1.8455726510187502e-13
0,0.002539092022473819
0,6.169049188519139e-09
0,5.003426533499777e-07
0,3.076517757728713e-12
0,1.081880706975215e-08
0,2.0500306153012845e-11
0,3.8348078107534356e-16
0,3.584989246555094e-10
0,9.54815803371987e-18
0,3.9161104572935966e-14
0,1.633064781699096e-11
0,9.991516884868044e-16
0,1.4656242186732734e-08
0,3.835750814449545e-14
0,4.001525405590276e-20
0,2.3207196324363137e-09
0,1.0696833609620091e-11
0,6.233748868122316e-11
0,1.34866793630001e-13
0,7.393690999660474e-10
0,9.668433823706813e-10
0,4.571390560981418e-15
0,1.3329769565689425e-16
0,2.072982902953522e-12
0,1.0969201342730906e-10
0,0.013780096860387291
0,8.893562845950663e-15
0,1.1310667681822474e-09
0,3.269856588402619e-11
0,1.3242656511551497e-09
0,0.019342092826436872
0,6.440710377146823e-10
0,4.769678422491444e-16
0,8.09239608640587e-12
0,4.871214363257635e-16
0,8.574963350446299e-15
0,1.7683064017195761e-15
0,1.8693675123572452e-06
0,0.6306663929460256
0,1.0612502970250086e-10
0,6.109292187975143e-16
0,1.0779037640608994e-05
0,4.302085143778985e-08
0,2.4954976663201283e-09
0,0.001779094587740104
0,1.8135411466638403e-11
0,4.527648775268394e-10
0,3.6451268550861656e-15
0,6.837964106464683e-12
0,5.5989665463517174e-12
0,1.3521398587387264e-13
0,7.487254182487371e-17
0,2.5483633661308534e-15
0,1.2664968307673416e-06
0,0.2378724212841815
0,3.834679500210322e-14
0,9.696896594464369e-14
0,3.629612617534287e-14
0,5.661863536676371e-12
0,1.356348567306156e-07
0,7.843257704689936e-09
0,1.5252072683761805e-07
0,1.135691504795598e-07
0,1.428477928557572e-07
0,1.9621528910596455e-14
0,5.768672660577621e-13
0,1.7806453918502535e-06
0,3.312472491349696e-07
0,3.181531725538256e-12
0,5.8499512099367484e-08
0,1.8106868630805592e-13
0,9.711041814930123e-19
0,3.8709056710066804e-11
0,1.7425095093141845e-09
0,1.658461240381062e-15
0,2.3350359860350875e-07
0,1.0966509488582394e-17
1,0.9970285145328219
0,1.6020668575591892e-18
0,7.655818869959653e-13
0,4.488916320042414e-08
0,8.697833177302254e-08
0,3.271458878264952e-15
0,6.856487624425645e-15
0,1.3804874642501303e-15
0,6.154257345287445e-13
0,2.2665047751623182e-08
0,4.664162251484111e-05
0,4.144731060919409e-14
0,5.267098286396951e-17
0,1.316832440554795e-13
0,0.00013735212893477663
0,1.3677827404543911e-14
0,1.4722468187340715e-15
0,1.9677206509157084e-16
0,8.559304692009282e-09
0,3.4425805316655756e-15
0,2.9555658188580503e-13
0,9.786732305885781e-17
0,5.452512374219146e-14
0,1.4473702257815513e-08
0,6.031859067776306e-16
0,1.9402147727185134e-10
0,1.2691187436162872e-10
0,1.452972324066218e-11
0,1.9072099056672886e-11
0,7.989757924778334e-09
0,3.470059067569077e-10
0,9.70563709532477e-07
0,5.0555164305925316e-08
0,1.2324980781375662e-15
0,2.7437806668131687e-14
0,2.2406621434348213e-10
0,1.1188392415767272e-10
0,3.906126524291624e-17
0,4.4493133208876367e-10
0,4.973486099257663e-14
0,6.654050883473089e-10
0,7.717047162136911e-07
0,2.0533393228962558e-17
0,0.006240207829518589
0,4.554555730367086e-14
0,1.2815001941650828e-18
0,1.9449541652176234e-14
0,2.488983864029323e-09
0,1.9615793011989805e-16
0,1.3575933364460324e-10
0,4.473917663064175e-08
0,4.372248204633069e-07
0,2.495456986637421e-10
0,3.909837848944023e-11
0,6.532941424977041e-09
0,2.2949578864176865e-07
0,3.62147102750022e-10
0,0.05811968043650785
0,4.137927238196392e-11
0,5.491644528497485e-07
0,2.272226011662799e-19
0,7.695313643871172e-16
0,0.0718245149343221
0,5.776792854774475e-16
0,4.8482262612864265e-11
0,4.414465959492865e-08
0,7.2100126090002535e-12
0,8.540188444379383e-09
0,1.5866243024868882e-17
0,4.196892494435932e-09
0,4.6020365103579204e-08
0,5.644520209529669e-17
0,6.133568730181776e-05
0,1.0631148304290354e-16
0,3.488259707102911e-16
0,1.6295869396028022e-11
1,0.8182454643535254
0,1.6743409033938932e-09
0,1.1267657019093184e-16
0,1.837478948869057e-16
0,6.460448238602617e-07
0,0.41275918515824833
0,1.3773158564702015e-11
0,1.0253090754849734e-13
0,3.136232929823519e-16
0,2.7951130452542965e-10
0,2.26956322924189e-16
0,0.40857166372258025
0,0.35898010312440654
0,2.261297545449424e-11
0,0.45242338468815796
0,6.014673906065521e-14
0,1.0908097472640127e-17
0,4.238352387495379e-13
0,1.7912485857340617e-12
0,1.108243017974819e-09
0,9.700382919288596e-10
0,0.00014976964537627524
0,4.81379681720492e-07
0,1.6659756033852039e-13
0,2.430575467250389e-12
0,2.1705968478805386e-13
0,3.2025857496027886e-15
0,1.2616961729845304e-10
0,3.122931028532324e-08
0,3.9844565544655116e-08
0,9.363695995525664e-18
0,1.879065508914443e-16
0,0.12401643545021891
0,4.639691872883142e-09
0,1.0333939026055055e-13
0,8.77165094301162e-15
0,1.7865466194040494e-13
0,4.502764964717085e-16
0,6.441408075728972e-08
0,5.977990016524596e-09
0,6.1761957236818e-13
0,0.024534396750287023
0,0.0004052289052865529
0,8.22565205749047e-07
0,2.2789309279877802e-05
0,2.9220507292718195e-06
0,4.862230704189603e-12
0,2.6653706529582755e-10
0,2.1935451046468274e-16
0,0.00023805485843721752
0,5.102418160626509e-16
0,2.4944222324063366e-09
0,1.962946634093183e-18
0,7.397575558242106e-06
0,9.877557920171897e-10
0,0.015168221651195362
0,1.8854395478323817e-17
0,1.402794890498095e-14
0,5.090215186164833e-05
0,9.629146443324992e-10
0,7.421270100557838e-10
0,9.755255926957936e-17
0,7.531437317158944e-16
0,4.0733706011339007e-10
0,5.549776419979372e-13
0,3.497387738207997e-10
0,3.822683313797393e-07
0,2.9701159956605346e-12
0,7.354819812083956e-13
0,6.25096206642717e-16
0,4.5609459315398053e-10
0,1.0665391693686815e-10
0,1.6470019063018137e-12
0,2.400467627286462e-18
0,1.251388533479989e-08
0,4.1244318539118575e-10
0,8.531855830369902e-09
0,6.834543921469763e-14
0,2.69362220959958e-09
0,1.3656130477713872e-08
0,2.2348310922544927e-19
0,5.272176225156821e-08
0,7.987881841043784e-06
0,3.2566850293657327e-16
0,5.16397052461892e-09
0,2.743707624690452e-11
0,4.562399572651233e-16
0,2.549154488772993e-07
0,5.977349103408683e-08
0,2.2579493028769896e-12
0,0.0010849914981226896
0,2.965386422053082e-11
0,5.138131431932191e-16
0,4.307200886021921e-17
0,4.1360077053945633e-13
0,1.2008082595703224e-10
0,3.962855440471827e-10
0,2.738409619477645e-05
0,5.586126611719891e-16
0,2.9503917595332185e-16
0,1.8238965564978265e-15
0,6.683463131009554e-07
0,1.5219636108516298e-07
0,1.374288464882701e-17
0,0.0011030354100201327
0,1.510799701364463e-09
0,3.563354077053766e-18
0,9.299457571254577e-09
0,1.1599409024277377e-12
0,9.575124794624e-15
0,4.9586987661418526e-08
0,6.55404634751715e-15
0,4.781399307469936e-16
0,6.632460905571916e-16
0,4.18972895850186e-10
0,1.6367254232772786e-16
0,1.1839660153998637e-10
0,1.1659793474329723e-11
0,0.0016531840252854248
0,4.636394324797987e-17
0,2.5177324803564736e-17
0,1.0392664109184762e-14
0,0.0015809066098642064
0,3.589468719932933e-19
0,3.6397908913818305e-05
0,3.9806179836624626e-08
0,7.585936266583966e-11
0,1.2779903202875092e-14
0,6.780985760282322e-11
0,3.3579219149996556e-05
0,1.142379013837308e-15
0,5.50993782470053e-15
0,1.2549790223995336e-06
0,9.839517690229445e-19
0,2.3674422447582887e-11
0,3.7375815805426004e-10
0,8.706426374991832e-16
0,1.0284243887875729e-07
0,2.265732732396862e-16
0,3.8075243065471336e-17
0,2.3691644922594664e-13
0,6.145904861779671e-08
0,3.0092759936896105e-13
0,4.19824860403684e-05
0,9.030362183135115e-16
0,0.00014203793567599808
0,0.00034233237589371897
0,5.183540178526303e-07
0,5.117601333530793e-10
0,0.0030845768314655673
0,0.006260559149145336
0,1.7282761380246107e-05
0,1.2753657870137179e-17
0,1.5637078181343393e-08
0,1.7194818807891263e-17
0,1.8393572691083072e-15
0,1.654871247590205e-19
0,6.58249264248668e-12
0,3.040518463185815e-05
0,8.518704862223182e-13
0,3.993439738732712e-17
0,3.7459598467808535e-09
0,8.002372405140817e-09
0,9.120993503181991e-15
0,8.185822014631901e-13
0,1.2623752283502574e-15
0,5.060747229455132e-13
0,0.01628625861757888
0,3.0957407029331227e-13
0,2.019407812321396e-15
0,7.747689778574743e-11
0,8.852514610935528e-16
0,3.256326178980853e-14
0,0.00018320115004241854
0,6.689363840231587e-17
0,6.107078935993797e-10
0,4.0487816377796354e-08
0,7.125731140458927e-16
0,2.2345410495305888e-11
0,1.2876669164591206e-08
0,9.493889407845749e-05
0,3.742077813936349e-07
0,9.046119861083049e-11
0,2.1015565744527912e-13
0,1.1037167307839026e-06
0,3.7099842106287677e-16
0,5.3065561108045555e-17
0,0.0001616932001434921
0,1.015468577063766e-09
0,3.482223984062004e-08
0,1.1321556335231524e-08
0,6.535342547778935e-15
0,9.541859102679882e-14
0,5.649526637538216e-15
0,2.703779975752308e-11
0,0.003931960912999757
0,4.436625031579405e-08
0,1.555393047780008e-11
0,5.574540779771585e-21
0,2.0398142235421545e-20
0,3.2138277814443015e-10
0,4.603957289019008e-06
0,1.534599615081161e-10
0,2.321106219516088e-13
0,7.49184879245586e-10
0,9.406485385745929e-07
0,0.3234558087779004
0,1.090282906702728e-18
0,5.361564190485472e-11
0,4.7812092053257727e-11
0,6.2194757115372914e-12
0,1.5149005338192083e-10
1,0.9989830346608543
0,3.60672065225886e-05
0,1.3480891752275177e-05
0,2.67635239240823e-10
0,1.2512509357805113e-12
0,3.6695255503526325e-14
0,8.350509124517823e-18
0,1.9537089185728169e-16
0,8.876207937379933e-15
0,1.4816022012947e-14
0,0.023104828921305935
0,3.421762870836715e-15
0,0.00017854738993247827
0,3.879680952204902e-06
0,2.1694409978108897e-08
0,7.529597579699015e-15
0,5.382949196162544e-07
0,6.36417600235812e-08
0,1.1535937983340822e-12
0,3.1214522568626364e-12
0,8.721158896403391e-13
0,1.651912742113031e-07
0,4.3541294271815867e-16
0,2.6136616549112836e-12
0,0.007883521605400316
0,1.8369107320411708e-11
0,1.154733475070272e-15
0,3.079532753054242e-19
0,1.7399939101897522e-15
0,4.002146932935216e-16
0,1.4784384835203426e-08
0,1.0543026610056003e-16
0,7.3144337211295415e-06
0,6.456759930794514e-13
0,3.2831517061552404e-11
0,1.3832469039231507e-15
0,1.982795687692704e-09
0,1.9639242521485204e-11
0,1.686081944146964e-12
0,1.1975399487812422e-15
0,1.310417030133688e-11
0,1.5744578481884277e-14
0,1.2233637842976314e-16
0,3.4638553684067104e-11
0,9.866610245898806e-11
0,5.161171466006436e-10
0,0.00019662697679219009
1,0.4014478490694526
0,1.4748185598291306e-13
0,4.629700330247549e-15
0,3.2851784938810932e-15
0,8.650261018652935e-13
0,6.412527174443913e-05
0,2.335094173432345e-16
0,6.478200512521896e-18
0,1.0573086026832183e-17
0,2.9155113512787024e-07
0,3.1449256109452926e-17
0,1.0891020168786246e-11
0,2.725222737142302e-11
0,1.0480521530853767e-10
0,0.17718570456380714
0,1.0542582071591453e-09
0,4.156449272594677e-10
0,1.1753869803505085e-10
0,0.00108980896426927
0,1.6637842964751932e-12
0,5.523181181570644e-07
0,4.399042263143934e-14
0,6.608471008356981e-10
0,7.924843244834224e-11
0,1.7783848637556094e-16
0,2.1186515668706393e-09
0,1.119804612929631e-12
0,0.07152860354498639
1,0.9079300241623136
0,1.337930416649046e-19
0,0.00012245901981904764
0,1.0153461624928126e-10
0,1.4041934347655323e-10
0,1.872967076420429e-12
0,1.2776647738562817e-17
0,8.822895050582207e-13
0,1.6517731688196904e-09
0,1.4100326694451368e-09
0,1.7701775191043353e-13
0,4.5606915194956765e-08
0,1.1752088778307672e-16
0,2.0698042078350397e-07
0,3.9459182907693684e-13
0,9.834022940456998e-11
0,3.4627664732636376e-09
0,1.514215922600262e-09
0,8.170938617363578e-18
0,1.2303710095231579e-18
0,1.5089325157338329e-13
0,1.3120081118600144e-08
0,7.814363288411557e-14
0,5.832011664127883e-11
0,2.0777008574669542e-11
0,8.817193582086582e-16
0,8.1619037752428e-16
0,8.267008368480547e-11
0,1.3779474771665002e-16
0,7.029135550982544e-14
0,1.3139298142476813e-12
0,9.262271417002604e-10
0,9.166489657280965e-13
0,1.923472372503188e-11
0,1.4500606792500012e-14
0,8.033763081472523e-06
0,1.950544095366479e-16
0,1.2757747762223398e-12
0,2.693821181445514e-16
0,3.0610367782429184e-15
0,6.834856384186183e-08
0,6.664681765516415e-15
0,3.6823349594471774e-07
0,1.1518422764505766e-08
0,3.224013981098609e-07
0,5.002011173238396e-09
0,8.036009298644093e-07
0,1.4385324097468214e-07
0,1.5233197697268186e-15
0,7.825644107474297e-12
0,1.1130110523221196e-11
0,4.387473344747193e-14
0,2.1396419154018024e-12
0,0.00029438096678998093
0,4.6166766160513095e-09
0,0.00018373313431381842
0,3.69573186440974e-13
0,8.204068625141942e-18
0,1.0645307135861365e-10
0,6.077851375676642e-10
0,2.731756134589785e-12
0,7.371707787157673e-16
0,1.0040041589823782e-18
0,2.6763246946117103e-12
0,1.5232539724010815e-10
0,3.5706799377626237e-09
0,4.1496756430940525e-12
0,3.454180073046968e-09
0,1.3811581906697574e-09
0,4.350662693098319e-12
0,4.65380696381359e-13
0,1.2602176912871535e-13
0,1.5880946812906634e-16
0,7.370350117776747e-11
0,8.551078515523963e-12
0,1.055007243625535e-09
0,0.660505920846892
0,5.266852950123258e-11
0,2.024821580712246e-13
0,8.657667239332799e-10
0,3.2376912748920705e-10
0,1.2151872166817141e-13
0,0.03891943463696585
0,3.184481690023868e-06
0,2.5748462711863707e-06
0,7.258063017257091e-10
0,0.2867451197689422
1,0.9999999079595672
0,1.0788171754235796e-13
0,2.1047352804663695e-15
0,5.1865297982694925e-12
0,1.6258069480803366e-07
0,1.33659134318306e-13
0,1.3583679353503612e-09
0,1.9439797131024418e-16
0,7.677175250869326e-12
0,5.472759049848059e-14
0,1.7528058023024927e-13
0,8.920679363479072e-17
0,2.430865764253381e-06
0,3.7899141629008333e-06
0,8.216262145998277e-08
0,8.51059599208932e-06
0,7.70175836098976e-06
0,0.0004343368208259807
0,2.8929427059177865e-06
0,6.379102121716087e-14
0,4.076863814850484e-11
0,0.8247677432422496
0,2.443269519455234e-15
0,0.0010129197634073234
0,7.826359596984428e-15
0,1.2963770899892404e-13
0,2.7302307440555955e-13
0,2.6461486428975157e-18
0,1.464947951157765e-16
0,2.6607298243322217e-12
0,0.0021803857623829423
0,1.9565870262644052e-13
0,1.3502578183457374e-15
0,2.118070899212868e-11
0,1.925690855737002e-14
0,3.5581659166581445e-15
0,4.9097602042709254e-08
0,4.047291121763758e-07
0,1.016843254038845e-12
0,0.960300453175595
0,5.7684255259981435e-06
0,2.0637573590647577e-13
0,1.1101630461082163e-16
1,0.4104643097295497
0,8.701265165551325e-13
0,1.444323290237575e-10
0,8.54021765890207e-11
0,1.2864652820409459e-16
0,4.327463373161512e-12
0,7.609493729233915e-13
0,2.3291786487152107e-09
0,8.493239411801648e-09
0,3.1051345592735788e-06
0,4.234303691256184e-10
1,0.9957858145864412
0,4.7909998966434554e-11
0,1.3996495955425142e-14
0,3.8822412487098624e-10
0,8.084268126506399e-08
0,1.6381290639550528e-16
0,3.7059868785501185e-15
0,1.1050790142058017e-16
0,3.324115839080128e-05
0,2.146910869144523e-09
0,7.144346144840065e-19
0,4.640303323408602e-15
0,4.0125216646818764e-20
0,9.759116003945291e-14
0,4.0846286576090986e-17
0,2.0263259800179603e-15
0,3.1483751034300065e-14
0,8.669555064314217e-13
0,5.236353248328033e-07
0,5.96484963012841e-17
0,2.7980510607545815e-05
0,6.7996944057880736e-18
0,4.5289258780731804e-14
0,6.075842945169603e-13
0,2.4641522225242994e-07
0,5.1946245988585005e-09
0,4.263622560864793e-09
0,4.6776563512385237e-14
0,1.1304928524289456e-12
0,6.254097499779797e-15
0,1.0245268960887855e-16
0,1.3804933606302114e-10
0,2.0933606611527907e-09
0,1.8767452079609846e-17
0,1.6946148618923476e-16
0,1.3312242088527355e-07
0,7.212584549975598e-13
0,1.9905163271267752e-17
0,3.453116287536773e-14
0,5.588133475614523e-15
0,3.2400877507730206e-13
0,0.012565952622252572
0,1.1951563620085957e-08
0,1.447613627652775e-10
0,1.0009660062846978e-15
0,3.482213898303399e-15
0,0.04135212148993173
0,4.5231896090125174e-15
0,4.44489171872443e-14
0,5.596349452160502e-14
0,3.4359831222474247e-14
0,6.758731627049301e-07
0,1.660200623601796e-07
0,2.2124952710984837e-10
0,3.7218593172378726e-13
0,2.724441242096412e-17
0,3.8648356600408747e-16
0,2.4918572677319435e-12
0,3.2716167582070492e-15
0,1.1942353368823858e-16
0,4.3787211144539565e-10
0,4.483578688951804e-15
0,1.0104443087382161e-10
0,6.1000428364331345e-12
0,3.8622381814663726e-18
0,9.692667063180013e-10
0,2.1355736766950358e-19
0,3.32481011824113e-11
0,1.6878092784875918e-07
0,3.896073544230129e-09
0,0.0004658511353284819
0,5.14056644325438e-16
0,9.019553227716535e-13
0,2.9063214390173445e-13
0,8.822334432769491e-14
0,4.5378608938716365e-10
0,1.6468245154200877e-16
0,4.986756130163869e-13
0,2.2009334477539155e-07
0,7.44150651517845e-15
0,4.5199071937813377e-17
0,1.065906049149015e-11
0,1.9987865864133806e-18
0,9.924344631902053e-17
0,1.14731735548387e-05
0,4.8426897606643e-09
0,1.343822567462778e-13
0,8.839820276249988e-09
0,2.5815446421481315e-08
0,2.7745254319907345e-14
0,3.6982983864664467e-06
0,2.3344061669607113e-05
0,1.60369385185254e-17
0,4.079206859012753e-12
0,1.3213931260864659e-12
0,6.735279428088973e-17
0,1.6595762558003807e-11
0,1.9332860782965654e-09
0,1.3350827915106398e-06
0,2.5161575932662024e-09
0,5.162441024017956e-07
0,0.3137406411634774
0,1.2324223232821531e-08
0,1.7190728898552013e-16
0,1.1837809773934072e-13
0,0.0002869539401647785
0,1.0918479905513401e-09
0,2.25053292059806e-14
0,3.2168620312865023e-07
0,1.1393984613727767e-07
0,5.5310171403313304e-17
0,3.901680312530732e-15
0,3.482446439311166e-18
0,8.93792855246513e-10
0,8.85776103441452e-11
0,4.028826843153382e-15
0,4.852025216919193e-13
0,6.519432417382262e-11
0,3.16022899270349e-16
0,2.2588618265007876e-15
0,1.793647701499514e-07
0,8.186257269174252e-16
0,1.1418890251167199e-20
0,1.6778513891090122e-11
0,4.8107092498419e-08
0,0.011440718902109426
0,7.206151620873246e-14
0,8.752460179397187e-12
0,5.022885522982702e-07
0,1.8892788811703613e-07
0,6.003674637383666e-17
0,4.420087052896213e-12
0,3.796360625556403e-08
0,1.464765126894023e-18
0,1.0020944018553963e-12
0,2.7688841736257613e-16
0,7.498603338318047e-19
0,1.6927235737740698e-13
0,5.935207244105877e-09
0,7.950879191891917e-19
0,0.9822286734152534
0,9.618083517263479e-06
0,5.13673042409683e-12
0,1.1014593248606934e-10
0,7.739302400222803e-13
0,4.452640039930589e-13
0,4.5642551368563996e-10
0,2.823530286954629e-15
0,4.5250635485525663e-08
0,2.8699009905434788e-15
0,2.8824490956682315e-06
0,6.500875115281355e-08
0,2.9562939840723613e-10
0,3.0845142535868976e-13
0,3.234513965643409e-17
0,3.456683416993115e-16
0,3.622931445223556e-12
0,0.5035146281341745
0,2.446283152497275e-09
0,2.1656439319749275e-13
0,3.9678274139493885e-09
0,2.7480185814141e-19
0,1.1215627311322676e-05
0,2.3875705613405925e-17
0,0.1534920129114225
0,5.0637993081492275e-09
0,1.6094705432051428e-11
0,2.0007237474206903e-10
0,7.441069535743525e-14
0,3.51601938250675e-10
0,3.2281934795968146e-14
0,9.168577940385462e-15
0,2.8330982217241173e-10
0,4.480824264000497e-16
0,5.846979311688052e-09
0,0.047005942383073235
0,7.688503171603702e-14
0,3.4981059560532603e-07
0,7.455979257345038e-07
0,9.054790765167189e-12
0,4.857100734592617e-10
0,3.672548711962115e-11
0,1.5874064661630819e-12
0,1.6956367320863854e-17
0,5.97682858452545e-06
0,2.0039729030173607e-10
0,3.9246899108161103e-13
0,1.0735095917464657e-09
0,1.810672878698494e-08
1,0.9144620261509065
0,3.220667165973279e-05
0,1.0071916892219485e-17
0,1.4813856840706831e-05
0,2.6993223033720003e-17
0,5.2667832858907484e-14
0,1.0783569774142367e-10
0,5.847871745761453e-11
0,1.4366562502323176e-18
0,1.728586942724722e-05
0,3.913019162150186e-18
0,9.24310263772026e-13
0,3.833091461874772e-14
0,1.176492703985588e-09
0,1.1462360735102525e-11
0,1.8118766392511961e-06
0,8.180303441357866e-14
0,4.0327837240696164e-08
0,1.746144483823313e-10
0,2.0081303368771724e-09
0,4.350704757077305e-14
0,2.985355442008359e-11
0,4.566451020968448e-16
0,0.9961364857843816
0,6.017363224137912e-08
0,6.945718115230456e-12
0,1.6050743654926462e-10
0,0.00290454526567265
0,5.998717529585926e-08
0,6.853653604447465e-07
0,1.3372822088626937e-10
0,2.2836093920509976e-14
0,6.1788517402063844e-15
0,1.5813352941163294e-13
0,3.7633055413584827e-17
0,2.201622205572414e-15
0,7.623919813779508e-06
0,1.060156692195636e-14
0,3.2994524560142705e-11
0,3.88300454189554e-13
0,6.071851599221321e-13
0,3.0300706086186213e-10
0,2.859008879034882e-17
0,2.1829786991603468e-11
0,1.2213001469153894e-16
0,3.6062116954861494e-05
0,3.859059706233184e-11
0,0.5063309531051885
1,0.9931946205585361
0,3.498194577572827e-10
0,3.499790241971599e-12
0,8.453356773623429e-15
0,1.0380809389888649e-17
0,5.464157074507851e-14
0,4.8496519476312525e-15
0,3.1267502838627062e-12
0,4.447368450724339e-12
0,4.9497128083703496e-08
0,4.81174509666767e-06
0,9.294220482315466e-17
0,0.08387479874016339
0,6.596622926310015e-17
0,4.6314013088393616e-14
0,4.164134226573939e-09
0,1.4035678849599512e-08
0,9.955148990974523e-11
0,3.618515655517211e-10
0,0.0004652021345125495
0,1.955563157412477e-10
0,3.729963309799873e-09
0,0.036203636475631844
0,2.4477302047816197e-10
0,6.913425996590672e-11
0,4.33503201269309e-16
0,2.026640416265543e-06
0,1.6643301820871069e-06
0,4.2940604160296477e-11
0,1.6370899102108281e-12
0,0.021039266477749268
0,1.4355448645388282e-07
0,1.5745123848342334e-09
0,1.537578735516512e-10
0,8.015546184776906e-10
0,1.6471656853263417e-08
0,5.771487819998671e-19
0,4.269005085086662e-18
0,0.0018307463259523383
0,7.024545212450785e-12
0,5.3043525467579795e-15
0,9.55647153492833e-09
0,4.519146781127375e-10
0,6.748137617838485e-11
0,5.711535975780087e-12
0,4.874582203076507e-10
0,0.8777219273291231
0,2.663256158123071e-10
0,4.308326187311828e-17
0,2.0846924950502812e-13
0,2.42414911713078e-18
0,0.00034147239378582974
0,1.7461901916762182e-16
0,7.775193078462684e-18
0,7.294752165885477e-10
0,8.081044535209711e-17
0,4.0868670949718e-14
0,4.209560248079922e-14
0,0.0004328945860951268
0,9.922045767354632e-16
0,6.748010510388211e-16
0,0.051029690034800276
0,6.217491953746781e-17
0,6.628698502045215e-08
0,0.05844527929347749
0,2.7252068738067946e-18
0,1.0903809555750779e-10
0,2.692880569700686e-12
0,1.7562020892777381e-15
0,1.5234605954398847e-12
0,2.2607799677802453e-09
0,6.942481511501769e-16
0,8.792266425285053e-12
0,8.333581789009876e-16
0,4.88600639910443e-12
0,0.00748294480869946
0,6.691982024465398e-08
0,1.1609222872450656e-12
0,7.268813600522289e-10
0,6.727087325965249e-10
0,6.34319158095675e-14
0,1.8660483014417918e-06
0,1.2028976937132713e-18
0,0.09174380593745811
0,2.8645705607911178e-08
0,1.6693213564185234e-14
0,7.689936025736159e-08
0,4.780396186477583e-12
0,2.4426779580035176e-12
0,0.0001512069131144592
0,6.462376862603901e-14
0,6.341147071732669e-09
0,3.7788890351917744e-16
0,9.39072013404725e-12
0,1.1500800928937987e-09
0,1.2675504071756695e-13
0,7.967400047107929e-18
0,3.019958190106703e-09
0,5.081192721226815e-15
0,4.398129605858781e-17
0,6.660676372939962e-18
0,4.617861152608282e-17
0,9.370449794735583e-07
0,2.3351181779914993e-08
0,1.3070690223648262e-06
0,4.102340870774069e-07
0,3.4331194258522436e-05
0,3.0678651294920588e-15
0,4.508035329729654e-10
0,5.315809955080023e-16
0,2.7128614081881674e-14
0,2.7096297043786476e-11
0,3.199119439245473e-16
0,6.0632313243368325e-15
0,1.4250996063692864e-10
0,1.685923550636938e-14
0,3.11194248831226e-09
0,2.7419884651616584e-09
0,6.737135517330895e-11
0,2.088447103971515e-07
0,3.0891347252989594e-08
0,3.1402212999744896e-15
0,8.80632802093157e-16
0,5.5847238577035644e-12
0,1.17724123062376e-06
0,1.6283303510610926e-09
0,6.466695541247091e-18
0,2.1497876038764007e-14
0,2.7951422625103668e-14
0,1.0606772648780288e-10
0,6.683010232527976e-17
0,7.225334234850887e-17
0,1.894605155269954e-13
0,2.4646507243195028e-08
0,1.2338096690449055e-09
0,5.897330879435113e-12
0,7.09189373020661e-18
0,2.6653650720546648e-08
0,7.995159507407918e-11
0,5.409565471726278e-09
0,6.448078518162647e-17
0,0.026188470246641674
0,9.523951277145681e-13
1,0.9999855037420384
0,1.2849655351477625e-10
0,4.820020445137848e-12
0,2.074325461381451e-09
0,2.3253744365550883e-14
0,1.9519937721405416e-13
0,0.3934766907810357
0,6.317154078620082e-16
0,5.764910371152471e-17
0,3.600446430123994e-14
0,2.770574412101725e-11
0,6.664383524041769e-11
0,2.1328947075506422e-20
0,1.2371465542140854e-12
0,5.090505675771822e-14
0,2.5586162636958016e-12
0,8.245721557231981e-07
0,2.8438448924772137e-11
0,2.6180084447625054e-07
0,6.360218551094693e-10
0,0.0006299042045855673
0,1.1102012708769394e-07
0,7.416394637120226e-13
0,0.10708726594843058
0,7.010703494504832e-17
0,2.8641443988149254e-09
0,8.743108486841077e-12
0,1.767821702162158e-15
0,1.6184780725516728e-10
0,3.4571555856743523e-12
0,1.0109999439821897e-13
0,1.0918729856260866e-08
0,2.8496541622542388e-15
0,1.0474149290659878e-07
0,5.2012088202603645e-14
0,0.01578713436721456
0,2.5465048041180005e-16
0,3.428699486806545e-18
0,2.6123753148736915e-10
0,7.3468695063959e-18
0,9.65190995035051e-10
0,1.6670570579517803e-21
0,3.1698205964706104e-18
0,0.015301946881973389
0,2.5162759038574824e-10
0,5.553663242080734e-12
0,1.0218429840722004e-13
0,1.1009117792739813e-05
0,1.6243820293939204e-18
0,0.00060618150961149
0,1.225574077144146e-13
0,0.019193669677470326
0,2.5037174936456996e-13
0,1.5665188588652947e-06
0,9.801303954742662e-17
0,1.5192050638705244e-08
0,2.8047352026803493e-07
0,8.03568254588251e-07
0,3.352993919791205e-08
0,2.806023643999643e-16
0,4.525739115392689e-05
0,0.04963626016584169
0,1.2217364864203174e-11
0,0.0006134501256494735
0,3.381041412016711e-06
0,4.2272902634061254e-13
0,8.088251672014707e-15
0,2.6221343978910595e-10
0,5.020760525378025e-11
0,8.379117003032482e-10
0,6.57592661308313e-11
0,0.00011848503191260719
0,1.901687128360764e-09
0,6.606083699176393e-10
0,1.2948514960697534e-15
0,1.776263059906638e-08
0,9.552625803967608e-14
0,1.3698744694290567e-08
0,1.1862212447744076e-13
0,1.5874562556191716e-06
0,2.2493250409958568e-13
0,3.698128959704271e-15
0,1.5480554245202544e-12
0,0.047919814128799455
0,2.4693210311587644e-14
0,4.554707319437154e-15
0,1.253367572858493e-16
0,2.8850657309246506e-16
0,9.0709368366714e-15
0,2.4729056646407496e-10
0,9.921869902440004e-07
0,6.684778047100391e-10
0,6.881374217294783e-15
0,1.8058096583965759e-12
0,3.597325199823916e-09
0,7.481408702070766e-14
0,7.867100161719625e-17
0,1.166717982681249e-12
0,1.632906968018722e-17
0,6.245424989261317e-13
0,5.5031953201789024e-17
0,4.9093595423733715e-09
0,4.6988020799872535e-11
0,0.0029950344476911586
0,9.781743530380574e-17
0,7.706936873942644e-06
0,6.658816008873184e-19
0,8.480388927213464e-12
0,2.0634115950033553e-13
0,1.765684616534029e-16
1,0.9999823082799335
0,1.9042931378816456e-05
0,4.766975799918999e-15
0,2.3376154601533084e-10
0,4.567510921887604e-14
0,1.6681475598882702e-07
0,1.7294086727642736e-13
0,2.8636262444525597e-07
0,5.156890551543632e-16
0,3.363721952628466e-18
0,1.9096556565643625e-11
0,7.018878716095734e-13
0,6.739364182498627e-11
0,8.466759951214546e-12
0,0.00010710895609367873
0,2.418204702396787e-13
0,1.667187433084655e-12
0,1.1966912533736165e-12
0,1.5808530824207545e-06
0,5.88130809750609e-13
0,1.74993384765331e-15
0,1.4063441880571994e-09
0,0.029057483081255914
0,2.1588917513889037e-14
0,0.008696464967349358
0,1.1174912781973945e-09
0,8.295503836474724e-13
0,1.7797757033007963e-14
0,8.583344443344644e-14
0,5.227585917233707e-13
0,2.7119875557273824e-16
0,0.0004150862822427132
0,3.9485842913209094e-17
0,3.4426368347271828e-15
0,5.757868261573083e-16
0,9.248535800208488e-12
0,7.13049411326489e-09
0,2.5663637282110835e-13
0,1.40014267896175e-15
0,6.315285277066044e-11
0,1.6848384387346847e-11
0,0.2055184182154537
0,3.1267754448958174e-08
0,1.4342260841192457e-18
1,0.9999129616160988
0,2.2359614849509652e-17
0,7.058524551536479e-15
0,1.4066283341739644e-14
0,7.4376042306858505e-19
0,1.193134527215511e-15
0,0.37060202736408754
0,3.371718238027388e-10
0,2.273470910630285e-07
0,6.1984689907403106e-15
0,1.5843970784462097e-14
0,1.236964240582023e-12
0,4.3091646328660115e-07
0,1.8106433380909217e-08
0,1.5990395453493323e-18
0,1.8020026923840827e-11
0,1.073624743353581e-05
0,9.88337579564093e-06
0,6.547107587967962e-06
0,3.162799088622748e-10
0,9.729197248657173e-17
0,5.716434242051306e-07
0,1.84968921884438e-10
1,0.9910236705804252
0,1.1575340685392858e-07
0,4.41583777781627e-14
0,1.23349465748271e-10
0,1.129459219579104e-08
0,0.021239481537788544
0,2.0746747372623294e-18
0,9.546854473700128e-14
0,1.7811212826348927e-15
0,8.072586435680857e-09
0,1.2377880966822574e-16
0,0.004545662668553229
0,1.8015301543261712e-16
0,3.10177189206052e-12
0,1.615969575066089e-14
0,2.135744371851254e-15
0,0.00021373835705173404
0,3.634129644812266e-13
0,9.086017014998392e-10
0,1.2031887984449214e-12
0,1.1236433756614674e-13
0,4.577639920535895e-16
0,8.754873053000086e-11
0,5.153072368935709e-19
0,5.670839139435444e-08
0,0.0014809990261717052
0,1.5797839923047786e-13
0,8.205534305272808e-15
0,4.7637577718839646e-08
0,0.00021083037959315036
0,1.972243960806954e-11
0,7.068342131391509e-11
0,1.5564193246708438e-10
0,9.610120479485511e-15
0,5.6269628770847387e-14
0,3.0679722250734195e-14
0,2.8220296558129754e-12
0,4.691643052141295e-16
0,3.6534764547507426e-08
0,4.826821102992015e-16
0,5.6447211650488515e-15
0,2.5482193034849664e-10
0,1.1941373745710843e-15
0,1.9339395323156634e-09
0,1.0091153366271851e-15
0,0.3260630870617618
0,2.135973908369804e-14
0,0.9036651556904958
0,0.15605415293270325
0,0.0009741495942584495
0,1.69381970824525e-16
0,1.2902546959171806e-09
0,8.250503086237167e-13
0,6.497752632140608e-12
0,1.3387445231400993e-06
0,2.2232770209539394e-12
0,3.3787900110368836e-05
0,1.0228320976302148e-11
0,7.582019921965902e-13
0,2.160318842268751e-12
0,3.3145691289621094e-06
0,2.283140627789912e-14
0,1.9491717564406394e-17
0,8.250627049306626e-19
0,7.414125926527777e-17
0,3.058151798206708e-06
0,1.0119371089704421e-07
0,1.767205190399641e-08
0,1.5178471045334103e-14
0,1.0234113280346468e-16
0,8.593029438447438e-12
0,1.0572902254525984e-16
0,4.3102786470885455e-07
0,2.03624226908382e-06
0,2.5050758587549273e-09
0,1.2658993829543053e-14
0,1.1321417365914087e-15
0,6.033229324341922e-14
0,0.3580782925278947
0,7.896916650542819e-11
0,1.064106234650456e-16
0,8.245028970382529e-08
0,1.3846466599301141e-14
1,0.999999923658957
0,6.872450006373589e-10
0,1.632855312487718e-15
0,1.2936172423843451e-15
0,9.786603200271514e-10
0,1.3194116994706445e-13
0,2.7053362598535464e-09
0,8.597970057891027e-09
0,6.008847788502632e-10
0,0.1465048696862573
0,4.4867989704335316e-15
0,0.004871477898232302
0,8.740215246190685e-09
0,0.5713888874154022
0,2.2970077379452033e-13
0,2.3122162336961362e-15
0,1.2016814476854014e-08
0,7.948688652330726e-05
0,3.1715298978307603e-14
0,1.0783516199115785e-10
0,0.5336424231008701
0,8.505486844267717e-11
0,5.4100959408830115e-15
0,2.868537624705061e-08
0,3.1820945941543067e-09
0,0.00032025092149300246
0,1.6993348576017516e-12
0,1.2388387867504182e-10
0,1.6226296612400797e-06
0,7.869453292215026e-08
0,1.2897356113017735e-15
0,4.918287945530909e-05
0,2.1123473740531887e-18
0,8.081548153450303e-15
0,4.8787944892767156e-14
0,2.4307567522847362e-18
0,4.2981667013156046e-16
0,7.760175191814294e-11
0,1.2470897503119678e-15
0,0.919037664939112
0,2.177086097625169e-17
0,0.3291741392977555
0,1.3735005413840194e-10
0,3.7513888870677044e-15
0,7.973638993626703e-14
0,1.7412892728970497e-07
0,3.9682600009471314e-09
0,0.002356818354114894
0,6.02220300787984e-05
0,9.146954200523314e-09
0,1.862944830191161e-06
0,2.5041430686471506e-07
0,9.75962981732996e-09
0,2.40364357531164e-16
0,6.007559883241639e-20
0,8.263188275122467e-10
0,1.3688218706547519e-06
0,8.599309549939306e-12
0,4.6042444351994264e-15
0,3.9698675450657867e-14
0,8.980966649751103e-15
0,2.457846075297693e-13
0,2.580816673031789e-15
0,8.433740951958075e-19
0,2.7183143697097212e-11
0,1.3725092434222482e-07
0,2.210443418118747e-08
0,4.728115669094819e-10
0,1.0136167032759103e-11
0,9.593375055858405e-14
0,1.6328916051578764e-15
0,1.2888364522645936e-10
0,4.529488272882169e-17
0,5.103654054693864e-09
0,1.1433994839513654e-06
0,1.3228073798659138e-10
0,4.691316856426295e-19
0,3.537196492891237e-05
0,3.498075541785405e-16
0,6.078789379860468e-13
0,0.4968385682754153
0,2.0845229641214392e-16
0,6.830803599746323e-14
0,1.1945770405801807e-14
0,2.4174420368924396e-08
0,2.400192777738702e-15
0,2.472262056931336e-13
0,4.8583978720363564e-12
0,8.569868038826808e-09
0,2.2197218462510497e-13
0,2.4806546677156477e-09
0,4.630683863527502e-15
0,6.725022475769779e-05
0,1.2089412515897598e-05
0,0.9762006481218182
0,9.94567430237636e-18
0,1.5275774800568073e-10
0,1.2000771532635367e-06
0,3.0381816576271197e-07
0,0.0019449681739315025
0,0.5216466949167682
0,1.7361659811647634e-14
0,0.0007437756371094166
0,3.3477798455584817e-15
0,2.385279065282671e-07
0,8.708383984929631e-08
0,2.9891481051435206e-15
0,2.54165728905756e-15
0,1.5991037103352264e-06
0,6.633482553567413e-17
0,5.003849221632593e-13
0,1.2521475008954487e-06
0,0.08598779091340533
0,1.8880277616125923e-15
0,2.2890012652677616e-15
1,0.9997940528810847
0,2.552857899064759e-07
0,8.585573388171532e-15
0,1.3798775871355686e-12
0,9.704623733289356e-15
0,1.9203294339085884e-07
0,9.02044051890153e-13
0,5.828894922355529e-10
0,6.1498804326676345e-15
0,8.732049958349726e-18
0,4.298686921904292e-12
0,9.788698031972959e-07
0,5.620106427827862e-12
0,2.27480218784676e-12
0,1.260427025659471e-08
0,5.426707463532963e-16
0,7.164446665441833e-15
0,1.8361465281145112e-14
0,5.465123757405731e-11
1,0.9999640376340957
0,1.8728044741512245e-11
0,3.563306824532165e-16
0,0.1427507706821302
0,1.4004531807453001e-15
0,1.2091848692306922e-14
0,2.4560958344379283e-16
0,1.2581250024886752e-10
0,1.3029307689394987e-11
0,1.2051986562117716e-16
0,9.884172344990845e-07
0,9.175430090093683e-11
0,6.835048931755415e-14
0,2.492673168541468e-18
0,5.49099295996847e-17
0,3.238024288482875e-19
0,1.1003048537494698e-14
0,3.5570249590290942e-09
0,2.553175848451296e-18
0,2.968219999046208e-13
0,6.648173577592692e-17
0,7.697321998424465e-09
0,1.1902618350666497e-09
0,1.7429170074184497e-17
0,5.236623539895628e-17
0,0.009282918567760713
0,8.2273692538262e-18
0,6.002232562869855e-13
0,8.958555612603421e-16
0,2.6244177260985056e-11
0,3.908882559561209e-06
0,3.893826601706682e-15
0,3.9502071355488463e-10
0,9.787613781321921e-07
0,1.7237239649543547e-18
0,0.0003943321040837976
0,9.56558998087333e-10
0,6.321586489232231e-11
0,3.631646702598588e-18
0,2.8605188926868815e-15
0,1.3965090899997823e-16
0,2.7267714101285573e-12
0,1.2663967566959566e-09
0,6.508071495936276e-05
0,1.0533172425458163e-11
0,5.028312845649451e-13
0,7.739578490015095e-05
0,4.170440669063706e-12
0,7.836326257738836e-13
0,7.997507578113581e-07
0,3.0571890759522594e-08
0,0.035565250221904855
0,6.75620758114743e-15
0,0.18665454109186388
0,9.220567623623404e-19
0,0.0017542524695439833
0,1.0634762458504337e-09
0,2.2261065746572672e-09
0,8.456756397771725e-09
0,8.126251842233449e-05
0,6.86366133380866e-12
0,1.5610700644522316e-16
0,2.936394521720896e-09
0,1.277589953697345e-16
0,1.6167524310133664e-06
0,2.2761132508347826e-18
0,3.4572822573835334e-05
0,5.383287725573696e-16
0,1.148670820047123e-08
0,0.0006250805503986138
0,5.210732768415001e-06
0,1.1381000018959427e-10
1,0.999757925590224
0,1.3885874245400672e-10
0,1.9402200381729524e-17
0,1.9552832563449667e-09
0,1.5611596862899725e-08
0,6.19937083833212e-05
0,5.35370885453994e-14
0,4.329716976490004e-18
0,4.836297952066555e-09
0,7.800850892361425e-13
1,0.9998612944687275
0,1.6976153002248177e-12
0,1.517568398581151e-15
0,3.343366051576929e-09
0,1.3137099780664186e-08
0,5.771648882513067e-15
0,1.1815601847932885e-07
0,1.193290568197868e-11
0,7.41391131825293e-12
0,1.454393827270555e-11
0,1.6228190720520749e-10
0,5.982747305060268e-17
0,1.545478666693571e-13
0,0.020278617546642935
0,5.664565749457383e-15
0,6.156826842193609e-12
0,1.658732923894144e-14
0,4.2239188801261293e-10
0,2.239559127436964e-09
0,1.7955059382237734e-09
0,8.32114427747052e-13
0,4.0761295249022725e-10
0,4.497964831828859e-19
0,3.412884254602111e-16
0,4.538961200833396e-09
0,4.76394939978295e-10
0,1.1390065453302074e-12
0,1.2250236932246926e-07
0,0.0021911791718704624
1,0.9987007031938788
0,6.017477442210334e-13
0,6.263913476076002e-16
0,2.7432157188670105e-07
0,3.4947816589092334e-08
0,2.0220450568451413e-10
0,1.2755859712824747e-14
0,3.04977082234194e-17
0,6.539090643707491e-13
0,1.8192765036172172e-14
0,4.487305785206806e-14
0,7.915048469920064e-13
0,3.076837032383625e-08
0,3.575484005068479e-11
0,1.2252874052661018e-13
1,0.9999856250696755
0,3.6686429145208575e-08
0,8.763997556706138e-08
0,1.2653699416161501e-12
0,1.7285304098164388e-12
0,4.761320183138854e-13
0,1.0254402167800134e-17
0,8.939527814169553e-16
0,1.4147640435577677e-06
0,1.80724384053214e-07
0,1.2320695928075985e-12
0,2.343671409745145e-13
0,2.6105125717243407e-08
0,0.00037612097961881334
0,0.005230108135097728
0,6.703535537368176e-12
0,0.0007954692204453991
0,1.0552563954169121e-13
0,2.4491598572050824e-12
0,5.9803189480797544e-05
0,2.1297880399268904e-09
0,3.3525324257258098e-09
0,1.8034888708252065e-16
0,1.141026812267733e-12
0,6.292466191821436e-14
0,4.728299538828676e-15
0,4.848353807061086e-13
0,2.451943883591324e-18
0,6.489158270887782e-09
0,1.5743955994665985e-09
0,1.5331556207122374e-10
0,6.382886810468269e-11
0,4.4102841583139356e-08
1,0.976473907059786
0,4.693442649276146e-11
0,1.6925509077944623e-07
0,0.003957344148714392
0,3.920778141643514e-17
0,0.9999709053631177
0,0.0002028097552006204
0,6.259896456827941e-08
0,1.4065557688656894e-10
0,1.2211334014690556e-16
0,2.9308015578229004e-15
0,1.2747881024029253e-12
0,2.38167555095142e-15
0,1.4215602010314132e-09
0,4.2136941045284705e-17
0,5.831853257459247e-12
0,2.667063986868115e-14
0,1.1703800201044995e-15
0,1.398033018185299e-07
0,3.678835543741081e-15
0,5.243309869543077e-08
0,2.42404858708595e-10
0,1.2781270913445033e-14
0,1.6539673286819327e-13
0,2.464325456827607e-12
1,0.9996263426649219
0,5.933537097712789e-09
0,5.159942645290007e-08
0,8.285729677037122e-09
0,1.128625914584945e-07
0,4.765541436322019e-12
0,7.769806308189138e-20
0,1.709283313765196e-16
0,5.419221603369079e-13
0,5.198757447509787e-06
0,2.2010628896414728e-15
0,7.137967890820187e-11
0,5.128540596303642e-06
0,9.22479220902778e-14
0,1.408689787708813e-15
0,1.8657093855556778e-14
0,9.328027101157178e-16
0,6.045549047574818e-10
0,0.00013628874088277772
0,1.2628103206970094e-05
0,4.502627028115994e-14
1,0.9999985688157677
0,4.9271167144365925e-15
0,1.6007577686263216e-08
0,7.516944144457279e-17
0,3.6334875086515375e-09
0,8.981093981096911e-19
0,1.6307644187103453e-14
0,3.3903292208741598e-15
0,2.24548175180055e-07
0,7.97944169568044e-14
0,1.2714562629835046e-08
0,7.899748767722458e-12
0,1.9110308889503073e-06
1,0.9996181775080017
0,4.837170120157628e-16
0,6.749629877447886e-15
0,3.8984485057337557e-13
0,4.7240682529632187e-14
0,1.0440908353548732e-05
0,0.6001155045399942
0,1.9719583103048288e-08
0,0.18054217124060004
0,1.4478563648416508e-07
0,4.898812018081095e-15
0,7.651134027485327e-14
0,0.0506475533186662
0,5.473438896607965e-14
0,1.1065599456164636e-15
0,3.042454287930781e-07
0,2.83600725000272e-17
0,7.666527285011719e-09
0,9.118513866142733e-05
0,5.8105533894015784e-06
0,8.618733818877981e-09
0,2.823875488604295e-13
0,2.2688224699216913e-18
0,1.172380422502973e-16
0,0.001979420703075933
0,2.0319853873914478e-15
0,7.120536895969429e-08
0,1.5987266563802682e-06
0,2.1085262207996056e-13
0,2.9375349159260415e-11
0,2.6444222265006413e-14
0,8.514914968528019e-15
0,1.3677680984399681e-09
0,1.822962113769945e-08
0,5.260165913879669e-19
0,1.3724610015262272e-10
0,2.7816489707633125e-08
0,1.6132905430543533e-05
0,1.4554889780087452e-13
0,0.00016479577607693709
0,5.917712524176913e-18
0,3.1498828343413257e-15
0,3.5477447076682167e-10
0,1.534182781467811e-14
0,6.050293348802947e-08
0,1.423558682778979e-17
0,0.0002994668680247396
0,2.0665115069924138e-16
0,3.064282359748674e-16
0,3.8886713396971613e-07
0,2.6676292275549993e-14
0,1.880473310363447e-11
0,8.76370105932261e-06
0,4.921544687868385e-16
0,1.7473903552912566e-17
0,6.645090584625732e-08
0,3.665102091616994e-17
0,3.082742067741312e-08
0,0.00010068896676011578
0,4.388241234261345e-07
0,9.3203009566824e-09
0,2.61660591459628e-05
1,0.9960856325497348
0,1.5725247866554477e-05
0,6.322944592918888e-11
0,7.531512996928108e-14
0,1.8524649758518175e-11
0,3.9951948381186874e-07
0,2.545003000005798e-06
0,1.2786959517146431e-14
0,6.248108198846969e-18
0,0.0005315378722639784
0,1.1672075699761657e-15
0,0.000597272670411925
0,5.308018750010579e-11
0,5.3610040026958945e-15
0,9.249740309220576e-20
0,4.4774345472990405e-06
0,3.1447815161602483e-15
0,1.3228918620723736e-18
0,2.9928712688986406e-17
0,2.943548134573896e-16
0,2.5486344822218393e-12
0,5.629378178959582e-06
0,1.703672338972941e-14
0,4.222920146816442e-11
0,2.8081372715465725e-15
0,1.1681698230352712e-11
0,0.001306243496858322
0,8.682802103314301e-10
0,2.9454283014089177e-05
1,0.9652260863697325
0,0.021239764258056487
0,7.1277509263420805e-09
0,1.3834299829350204e-05
0,5.433680415473227e-21
0,1.8147970674995587e-17
0,1.1961011580685782e-18
0,4.934664066933227e-09
0,3.222633737380905e-08
0,1.8334939535126926e-10
0,2.6499183787593497e-13
0,4.093822774166649e-16
0,1.8183947300091396e-15
0,5.0281750933571645e-17
0,0.006201983987943471
0,0.39839954001717504
0,6.162129598560238e-19
0,1.137737928533768e-06
0,6.826946989548076e-13
0,2.6641512348975374e-10
0,9.729944647893305e-14
0,6.466666979112743e-10
0,2.0164076749467791e-10
0,2.335712262452066e-06
0,8.883046594493237e-17
0,7.949267262757496e-06
0,2.891463193080723e-14
0,1.8155791010488204e-14
0,0.011866790075634279
0,1.2611347190274944e-13
0,3.886281377127324e-17
0,3.7910158413546385e-17
0,6.348577998608363e-16
0,2.4908111906789984e-17
0,7.299920339897155e-06
0,7.185692336445081e-13
0,3.982859109767837e-16
0,8.561906771737841e-15
0,2.655023867414746e-09
0,0.057547628493827455
0,1.0040044255825065e-12
0,4.543176002119641e-16
0,0.0010807143967843317
0,0.9156383435116546
0,4.7270727426219405e-08
0,1.209931871372208e-13
0,1.3443253660569692e-16
0,3.8625338210394217e-16
0,1.7307781437446848e-14
0,1.8656612378154567e-11
0,3.3753236125772726e-08
0,2.1371893884954616e-10
0,1.945387479277757e-05
0,6.2935832976923485e-12
0,7.020385219922506e-16
0,4.225790630764254e-14
0,2.0278207894869913e-10
0,5.557690540366969e-15
0,1.43047407569529e-10
0,1.830431813565633e-17
0,2.304113673424467e-12
0,2.0678368100269027e-14
0,3.69320317189967e-15
0,1.5076110630674814e-15
0,5.316753769408186e-15
0,0.0002636456487777362
0,2.963501713657386e-08
0,2.1340487327576851e-16
0,3.312192959870986e-11
0,3.980721244469683e-12
0,1.1016585619115143e-06
0,2.9734011626340955e-07
0,5.805444086773853e-09
0,8.718603770830648e-17
0,0.0005168932180059012
0,3.237969318206114e-14
0,2.928459533748103e-12
0,1.6915625340679965e-09
0,2.406969338257516e-10
0,0.0002538990748594696
0,4.506672092894721e-12
0,2.319341473770346e-09
0,0.00012459890473395173
0,5.4779645892418695e-06
0,1.767024235180542e-12
0,3.0629916619970964e-09
0,1.4859475217270456e-08
0,6.278276634901544e-13
0,3.4499850643362936e-12
0,1.1139434931415636e-12
0,1.1327731953398283e-15
0,2.3684198941050522e-15
0,1.9875355411373585e-05
0,1.2664603210084774e-16
0,3.5821463870944044e-13
0,3.990463633268077e-09
0,6.464766413983575e-18
0,8.7200781792388e-08
0,1.209537932602109e-12
0,9.52194810372318e-17
0,1.2293701445979774e-15
0,3.689055018251478e-16
0,3.882272539068272e-13
0,2.969514556152136e-11
0,0.39176999591952677
0,1.7732732975464644e-16
0,1.2965691409714672e-07
0,1.5732147004434362e-07
0,4.591061926318899e-16
0,1.2183725320507459e-09
0,4.572557877889073e-18
0,2.2452737932790588e-08
0,7.650629903176075e-13
0,1.498246182708566e-08
0,9.256151653365866e-15
0,9.205016096315245e-06
0,5.604093463137969e-15
0,8.372125060833387e-13
0,6.69593675899534e-08
0,0.003758340018339395
0,1.494339084040027e-12
0,3.9003831989855365e-16
0,2.523083145005818e-10
0,2.330080823450141e-12
0,1.260251303458523e-05
0,1.2669647816346795e-08
0,9.456932653874477e-17
0,6.04873629774877e-17
0,0.9601817611076164
0,1.0205921751749475e-08
0,2.3128977701611687e-05
0,2.0098866615081533e-09
0,1.7952323963886965e-16
0,0.0001397982912315031
0,1.1019654020527861e-08
0,3.529379910898166e-15
0,1.8548181183859473e-05
0,1.7597265500126406e-10
0,1.7788072727236918e-13
0,0.8911456183963472
0,4.2195346686626077e-07
0,2.378781333383257e-09
0,1.3261215124822585e-13
0,3.7119511476531767e-07
0,1.8731236137632412e-09
0,2.3021629909097282e-17
0,2.702488100776086e-08
0,5.801000325808449e-12
0,3.441434442494255e-07
0,1.487415312508216e-15
0,5.770719589499578e-17
0,6.590894332593483e-06
0,1.0222712607231538e-12
0,3.0983421444155497e-13
0,1.7486443608099783e-11
0,4.304027199832904e-13
0,1.8937126250775083e-16
0,1.0777214554393059e-06
1,0.9999722424926767
0,9.18203161138416e-17
0,1.6610337329041465e-16
0,2.5357086265298258e-17
0,5.851552147990127e-09
0,1.6114813252829578e-14
0,2.3708875163948354e-14
0,1.6709584350329765e-12
0,7.1234104885244965e-09
0,4.972103075137184e-15
0,2.9900217824896706e-16
0,0.7369762050544709
0,6.648891173643054e-13
0,7.993244555841508e-09
0,5.753779516896547e-05
0,1.5209851430667333e-12
0,0.0012340062463954517
0,9.102939134409351e-11
1,0.9997995358570116
0,5.694413316018921e-19
0,4.349926453118056e-19
0,1.0666825809790804e-08
0,2.1312381861402354e-10
0,3.290516141623581e-15
0,2.47534819663666e-09
0,1.1047097390925113e-08
0,3.9858998403780376e-10
0,0.0007169145394882539
0,9.668535254174553e-15
0,2.7092568948072127e-05
0,1.1918433779464913e-12
0,6.669685027795532e-17
0,1.091399801500375e-12
0,1.095111953754191e-08
0,6.668793404177996e-17
0,9.904844575083592e-11
0,2.9378321075276276e-07
0,6.048548181963724e-12
0,1.045337314098395e-14
0,4.798610961825833e-15
0,2.0819913186818553e-07
0,2.322375966539576e-13
0,2.727418661447119e-13
0,7.237273881082994e-17
0,7.928290592514197e-12
0,3.255319117563382e-16
1,0.998351789827235
0,9.145565147200782e-15
0,1.2560416008019789e-08
0,2.3155163316961544e-12
0,2.958989188411696e-08
0,1.173661882952987e-09
0,1.0375729755125838e-17
0,4.5584012448673384e-11
0,1.3020948090428014e-13
0,1.5602022771735865e-15
1,0.9998524796863554
0,6.87170726603468e-05
1,0.9963731212780521
0,3.90585397237115e-12
0,1.7535040891111067e-10
0,2.0510263756475403e-16
0,7.551975894258156e-13
0,5.794692983493794e-09
0,4.157888078945353e-17
0,7.521338787200975e-16
0,3.4316967734158205e-08
0,1.1116818726175008e-11
0,1.266522293564518e-12
0,2.0680170151993977e-11
0,2.0985855463547073e-11
0,8.14693099463695e-16
0,3.120606611885541e-14
0,2.764699377111416e-09
0,0.010299867487458132
0,8.614986289300766e-11
0,8.168266141521388e-08
0,0.0012135008847346945
0,6.426142538309231e-11
0,2.5102463650127314e-14
0,2.633448508961099e-10
0,5.446866144314034e-05
0,1.494216042297647e-06
0,4.078692350350254e-11
0,1.2224796538030867e-10
0,0.00887442394711794
0,1.1089054876279648e-12
0,1.2548755178926818e-08
0,1.4133894727058237e-06
0,0.10711202010824009
0,2.5101298909406413e-15
0,1.1363137270361651e-07
0,1.747853288624067e-16
0,1.981322015055145e-13
0,6.401689452984299e-05
0,0.001964360756166161
0,3.385600170187438e-11
0,1.154614251968716e-05
0,1.0128802333810405e-05
0,4.2734420150411906e-10
0,4.913087510422771e-08
0,4.833135957729232e-13
0,9.048380088924316e-07
0,1.1702177391400621e-07
0,1.0545406508046741e-14
0,3.145132325449388e-15
0,1.0167382551330986e-13
0,0.6725912109825185
0,3.0279729256973674e-16
0,2.0840371481273169e-13
0,2.499117415164697e-10
0,6.660225779217471e-13
0,3.7093920181545834e-10
0,4.5560641072537006e-06
0,0.01122716195949049
0,8.328267928986057e-12
0,7.270506120919052e-15
0,4.058045900554294e-15
0,1.9947715282046992e-08
0,3.965074889946458e-11
0,3.372918309588113e-08
0,6.956045313504177e-18
0,4.941267343760436e-12
0,6.498422528635691e-10
0,4.283814454109251e-06
0,3.88728149737337e-12
0,9.281843934509776e-16
0,8.418624267399394e-15
0,2.5513212183045353e-17
0,6.27832813366329e-17
0,0.0010812408273961792
0,2.257361219183068e-08
0,4.736844926890319e-13
0,1.2834317811300861e-15
0,5.833377093166801e-15
0,1.0748166543764688e-14
0,0.004833656329346511
0,1.4466794988218826e-17
0,1.6013599640144892e-13
0,5.4946124022174595e-15
0,4.0725272058895746e-11
0,6.564599983073388e-12
0,2.0801861443057975e-10
0,1.430620830200751e-13
0,5.247723230831639e-11
0,1.4529686186632798e-13
0,4.55932723462801e-09
0,5.908383132611754e-17
0,1.5763942233480813e-12
0,3.0029775329181416e-12
0,6.87173845907153e-13
0,6.455460068594314e-05
0,1.9794633579442645e-16
0,7.002514541450042e-17
0,0.00012963169384180747
0,1.5337661449714819e-15
0,6.5413962693620286e-09
0,1.0836597255152683e-13
0,1.4180243353629899e-14
0,0.0001704910520234068
0,5.836014007777908e-11
0,1.2394422224849233e-12
0,2.5125879915453076e-15
0,1.7294976368647716e-17
0,3.1385694240112514e-13
0,1.7821638469277345e-09
0,7.636639285837628e-13
0,2.6789911135285513e-12
0,3.4404069227595876e-17
0,1.7063378428507383e-11
0,5.288553695011438e-08
0,9.973716650092401e-19
0,8.344430658169287e-11
0,1.0761842671806703e-10
0,6.750776819868156e-16
0,5.1164946899649354e-05
0,3.095822277988182e-11
0,0.1494025632843542
0,1.507208501246501e-15
0,7.52539046481649e-18
1,0.9989651305764714
0,2.022139380070615e-08
0,5.7396742936646176e-11
0,6.596506119128104e-17
0,2.8063268095196866e-09
0,1.1298727077009036e-09
0,3.110104884233087e-08
0,2.539341778200804e-18
0,4.6442557090326225e-06
0,1.1642902030944268e-16
0,6.430874047694849e-06
0,1.7472221355772864e-11
0,9.57911845285968e-07
0,1.178157510090813e-09
0,3.325581110345495e-11
0,3.7868270490793013e-07
0,0.0017241026581220852
0,5.517712034913875e-16
0,5.1609374699247e-07
0,4.319113822713949e-13
0,3.1297566829341894e-09
0,9.427297214974138e-18
0,2.859734195593347e-15
0,0.00038058181081379583
0,4.889988680872348e-12
0,1.8079770774399064e-13
0,1.0726253147086265e-18
0,7.024354548488179e-11
0,6.821489758523728e-11
0,0.00016880672855208134
0,1.6081512781531013e-14
0,5.927377798259824e-14
0,0.002336894230899655
0,1.1532820755505312e-07
0,3.8679288579956313e-19
0,0.00047909629454404186
0,4.4668623128685915e-15
0,7.693487634163521e-08
0,1.4994236903806367e-07
0,9.617701140497043e-14
0,4.898219442020007e-12
0,0.009240430045973278
0,1.451449133027151e-10
0,3.374683387127451e-11
0,3.192693785679664e-06
0,8.255641223685202e-10
0,5.385365655540155e-08
0,4.9488364465786826e-11
0,1.6356234356845452e-16
0,2.898499004051754e-14
0,1.4613063728582055e-16
0,3.5130620726041116e-17
0,0.00011995094180531546
0,7.038377901112678e-19
1,0.9998718218953574
0,3.378348948929709e-14
0,1.7758622208071048e-11
0,3.018468279015877e-10
0,5.240011568888419e-07
0,3.087179110003114e-06
0,6.058764991255788e-17
0,1.4421838706596616e-05
0,4.1015964936884935e-06
0,4.046974753481502e-11
0,2.648067073007397e-13
0,3.02718226166652e-09
0,4.463142912239111e-16
0,3.08302549790979e-09
0,1.0251811661741602e-17
0,3.6485341954938495e-17
0,2.4899042710460635e-10
0,3.761907612179342e-11
0,2.5044978924441094e-14
0,0.10195128767845994
0,8.826967182353672e-08
0,2.836389062721345e-11
0,0.01581682795168242
0,1.2153441418515816e-13
0,1.2460989323724575e-16
0,1.1693019905250058e-13
0,1.236309494214353e-17
0,4.3286677657333404e-07
0,0.028862089968958
0,3.633394435427355e-17
0,3.726814459806875e-12
0,3.948327908393065e-16
0,4.354887321475317e-12
0,0.009667894385799654
0,3.5947137500672317e-16
0,1.0411294548132432e-15
0,2.65587744793875e-16
0,7.56675806072244e-15
0,1.1671253631052018e-10
0,2.563841178886088e-06
0,2.5579642114790597e-11
0,1.9658999645040613e-16
0,5.7357730137480984e-18
0,3.2563640951452075e-17
0,1.0123675969055135e-16
0,0.0004387593293303326
0,0.9590974805070436
0,1.541447015496703e-16
0,5.057707356973612e-08
0,1.1647191854189535e-11
0,8.968413781042874e-15
0,0.00021430719981123085
0,4.5939285603587455e-20
0,9.88948926554176e-15
0,6.756027830115288e-07
0,2.0929486965970868e-13
0,4.891351181967164e-15
0,5.929772087084349e-16
0,3.892673335236717e-13
0,2.465770429617924e-05
0,2.913469397326001e-12
0,1.3597850436087942e-17
0,3.449272259566851e-15
0,1.1406088879950029e-12
0,1.5284973287281052e-07
0,0.2477941962532298
0,1.1947484105775645e-17
0,0.00017647059589621008
0,8.079417346713897e-12
0,6.478067111576109e-19
0,0.002024325181976788
0,2.976293557931961e-18
0,5.253516915301037e-10
0,1.6054273922343996e-17
0,1.6192850092248098e-13
0,1.221530793470746e-07
0,1.0168387954987628e-11
0,0.2078042834225131
0,2.1762804169499496e-11
0,6.3302556180838265e-09
0,1.1980447449479344e-12
0,1.7486351269039954e-11
0,8.465671938151875e-14
0,1.7161054331919447e-16
0,1.0887299358707637e-13
0,1.16262104431303e-08
0,1.4666474750726433e-16
0,4.271415040695194e-10
0,3.1258484437692627e-19
0,8.470646383103714e-20
1,0.9997718314396976
0,0.00018056135572786205
0,3.4845020815847803e-15
0,1.2519304915035913e-10
0,6.037767606753728e-10
0,0.0020188396348425515
0,1.0928264833598932e-09
0,0.00022912244173315505
0,6.874156703439117e-16
0,1.0349550928821987e-10
0,2.8864109094970164e-14
0,5.43846491089511e-16
0,1.6850735509288836e-07
1,0.9983269042129458
0,1.2648547134206914e-15
0,6.81998345586952e-13
0,4.723341528341207e-15
0,5.218601941785522e-10
0,1.058156677262641e-09
0,2.271730003828368e-07
0,1.0083269172198405e-14
0,4.460305021636885e-16
0,7.205862049108059e-09
0,6.4632558142555824e-18
0,5.680089479861043e-10
0,9.739294922491727e-08
0,4.697857379718845e-12
0,5.6761834883510165e-15
0,1.3324826021770002e-11
0,1.5588943700459524e-18
0,8.457552342279533e-10
0,6.39301313988299e-08
0,0.0043597402991596155
0,8.012911492444658e-08
0,1.4893144252443436e-12
0,2.43268596042209e-09
0,9.814944285140958e-07
0,8.37748143045633e-15
0,4.7601586660608387e-07
0,5.199843333976287e-09
0,7.366703285845726e-16
0,1.4355686043556909e-12
0,1.223342752297638e-08
0,1.2104666128848838e-10
0,0.030596858033772732
0,8.458429618771515e-19
0,5.374097966524044e-09
0,1.093494382640069e-06
0,6.897908193856377e-17
0,5.720882983902727e-16
0,1.1398935625510602e-14
0,3.917703826067466e-14
0,1.767807430707629e-15
0,1.4863948065969544e-12
0,0.1413717268661907
0,1.2829956741795928e-08
0,1.7296003119631762e-17
0,3.720124558855167e-07
0,1.3551356796874775e-11
0,6.831407132775487e-05
0,3.11940417145892e-16
0,6.640179203824482e-11
0,2.9247048146885785e-15
0,6.976171658822907e-07
0,6.400340136828078e-11
0,6.192895855736376e-09
0,6.171485507955819e-18
0,5.453148389674824e-05
0,3.4074519752676635e-15
0,6.698751101222507e-17
0,9.417523758848315e-06
0,1.195996834573144e-13
0,1.1087016226876528e-20
0,2.435725911463746e-15
0,3.779617713251139e-14
0,0.004699850896727381
0,1.9645891853347118e-16
0,6.404862603133915e-06
0,1.1395637161408013e-05
0,3.232934725285906e-12
0,2.2450400579972483e-11
0,6.0318995058595755e-09
0,9.834306154026093e-12
0,4.3604205059265094e-11
0,7.165202856565728e-11
0,5.950134362484738e-16
0,6.289947895398886e-07
0,3.8681717190838894e-14
0,8.467376947006145e-13
0,1.114080196702538e-13
0,1.4104461651216962e-11
0,7.223532668319408e-16
0,4.966875991874279e-16
0,2.3483434745799084e-18
0,8.223411178683321e-11
0,4.477771453692015e-05
0,1.1049416661167168e-09
0,2.45028745616848e-09
1,0.9997919376014787
0,4.291154034794015e-19
0,1.2247794703728177e-07
0,4.557743529793381e-08
0,9.696259245951327e-13
0,1.6987502104876017e-06
0,6.099521950591824e-09
0,8.62917997023533e-16
0,9.44585960878287e-14
0,0.044066637603133924
0,3.130798725067228e-13
0,5.817481006593351e-10
0,4.202005368510369e-17
0,2.1696954800226483e-11
0,9.084462043485119e-18
0,3.3526008943737155e-11
0,2.6434206681671035e-15
0,8.047351582171019e-07
0,2.222875748552308e-13
0,3.013569491179471e-12
0,2.7850825176129823e-09
0,3.3234469090383196e-15
0,2.655568182239636e-13
0,4.0969213053200306e-08
0,1.423247692501119e-11
0,1.8316157611316347e-13
0,6.665662861934338e-17
0,5.281103423644137e-16
0,7.979358995278469e-10
0,0.0006801979122270622
0,7.562604352830239e-07
0,3.384188334438938e-05
0,0.039806968313377836
0,2.0505372056094122e-08
0,1.7771700798459774e-14
0,2.7014381489606195e-16
0,1.1721000891486294e-11
0,2.7059333515049478e-15
0,9.615681029006297e-17
1,0.9993684612795657
0,8.475120665185372e-18
0,4.8732765548846e-09
0,5.630676161752869e-19
0,0.9903760807695783
0,2.234009473364262e-12
0,1.1510124442675954e-06
0,1.0768057136862128e-11
0,5.929394907831056e-17
0,5.753981048973807e-14
0,3.843219717467182e-09
0,9.774383879456386e-11
0,1.6128575042285976e-07
0,7.707011620837653e-12
0,0.0019925185589888803
0,2.7137522181843636e-12
0,9.415651744156091e-06
0,6.557869434219996e-13
0,1.0275145277958011e-05
0,1.1500403218033335e-13
0,1.157112340606044e-18
0,3.725228228756808e-13
0,1.1183048488882876e-12
0,2.2107024386297442e-05
0,6.405072362390043e-14
0,6.326855940838916e-12
0,1.3562123370541344e-13
0,6.1740755490110535e-15
0,1.2160674820174133e-15
0,2.041888974477831e-16
0,6.237803253387596e-05
0,2.4672082933102504e-16
0,0.00012778123405921744
0,3.1832388695071764e-08
0,7.66887097335555e-17
0,1.727355410195991e-10
0,3.973870651963464e-15
0,1.5136293735158524e-08
0,8.716399983809233e-11
0,9.502652866340695e-08
0,0.003407313556302883
0,9.847497110983119e-10
0,1.5306162569493423e-14
0,1.8637725089918964e-06
0,2.495350012455341e-07
0,3.0138417753154875e-08
0,7.049068267516316e-19
0,8.48368358759023e-09
0,6.990616691156805e-14
0,1.3212572730091752e-07
0,1.056400412991961e-12
0,1.0584069862391061e-12
0,8.137182769282465e-12
0,3.485074177567494e-11
0,3.063952269357797e-15
0,0.03939721894086621
0,0.27449860542421073
0,0.802867891297779
0,8.059840052168746e-17
0,3.610093650822197e-17
0,5.605689441557124e-17
0,2.2971628893313484e-06
0,2.7092390598298074e-12
0,6.780713402541959e-17
0,1.3287204811439417e-15
0,3.3687229856347343e-10
0,8.303715013018101e-12
0,2.1649439627372733e-15
0,9.862235696614718e-11
0,0.002542926872669005
0,3.2222143354351666e-08
0,6.357703282225692e-18
0,6.392830891302617e-09
0,1.2137949956290533e-15
0,1.869386487928009e-09
0,2.375907237820169e-14
0,2.1522614196013534e-17
0,3.366466541180884e-08
0,7.228350935299819e-13
0,1.3602269303227917e-12
0,2.5059650864895635e-05
0,0.0007396230574862695
0,1.0785179248433231e-08
0,8.905184708037941e-08
0,2.2319824819084477e-16
0,8.170623777454215e-08
0,1.919908134672361e-15
0,2.7075881785139965e-15
0,2.2149297464078337e-16
0,1.962502767470364e-17
0,1.4329647127575838e-18
0,1.1219136821117945e-07
0,7.292744636301592e-13
0,1.6353564634965832e-12
0,2.6790754406753315e-09
0,5.791244481442945e-10
0,8.545732658128789e-17
0,9.488616655259235e-10
0,4.633549050398266e-13
0,4.806662422713801e-16
0,0.022345920037943806
0,8.354216301136136e-12
0,2.93935720545146e-14
0,1.0465590295051944e-18
0,3.179248041761387e-14
0,6.350092244032753e-14
0,6.3688791368522295e-18
0,3.747063010267231e-15
0,2.0382312121561887e-09
0,0.0004096175097445227
0,3.0335434045876124e-17
0,1.3580106352252561e-05
0,2.252886131687976e-10
0,4.8051084334038e-16
0,9.578562906598118e-10
0,1.23828228723677e-16
0,6.542539353645206e-12
0,3.8693319596578135e-17
0,1.3892396927515393e-14
0,1.2515691093946412e-12
0,1.5388016204692043e-11
0,1.6063650321546827e-16
0,3.885264158779887e-05
0,5.871895785885306e-08
0,9.793128539611586e-17
0,3.9104681686738085e-14
0,0.00037619476910342195
0,1.2311493800428483e-14
0,7.029908790004238e-17
0,8.203196828386837e-15
0,4.38534625972955e-16
0,3.6804814040033214e-16
0,7.761798096400321e-17
0,1.645208986559667e-14
0,1.3169997882117982e-13
0,5.988006371091726e-11
0,5.0745459520856575e-17
0,5.555153989702946e-15
0,8.164754778143161e-15
0,7.464056793468311e-13
0,5.014306988137915e-15
0,2.1128848752585387e-08
0,3.346827836073663e-15
0,1.5805984017442213e-16
0,4.358490962312633e-07
0,6.292786171840158e-17
0,1.759340528665298e-13
0,5.372604754154796e-19
0,7.737930963313358e-17
0,5.204950734671925e-11
0,1.483798243283573e-13
0,3.932119216611875e-11
0,5.3755117721146244e-08
0,8.054099541762905e-14
0,2.4375128758079455e-06
0,1.2315410504476372e-14
0,5.491783472946369e-13
1,0.705880401389967
0,1.247201145956446e-12
0,1.7535717087267494e-11
0,0.017241422139819676
0,5.739119798321809e-09
0,1.199385574022704e-12
0,6.568118039491853e-17
0,9.185747322981652e-11
0,2.1103472797972875e-12
0,1.9105516600047596e-14
0,2.342237424534704e-10
0,2.507202116903986e-20
0,1.1507154741173564e-09
0,2.220280951232371e-17
0,1.85713841672802e-18
0,3.735165785021465e-17
0,6.42333214901952e-06
0,7.15785245671e-06
0,2.1229164624104884e-12
0,2.829733039781687e-13
0,1.3138546265184165e-16
0,1.4371568684710358e-11
0,0.0001399229654204543
0,1.0615668444308405e-19
0,2.9046320367960244e-14
0,1.2367256302771996e-08
0,4.744769447900609e-14
0,0.221690078132548
0,1.4949883311665374e-11
0,2.4956938074234095e-05
0,3.139889448734724e-09
0,4.687949016236065e-11
0,0.5266918847166685
0,6.027502940708358e-16
0,2.0302962476247232e-11
0,5.498905242448529e-13
0,6.371454178237211e-16
0,9.113010920221657e-12
0,7.475878889155344e-08
0,2.9985260796866917e-16
0,2.3149183573956e-18
0,3.6609405720191114e-14
0,0.023223829652956135
0,4.525248520360296e-09
0,5.485864388536911e-16
0,1.6845932193594744e-12
0,4.861797073971579e-10
0,1.9153544050048174e-14
0,1.004869993973701e-10
0,3.5497588177524885e-19
0,2.57431582709215e-09
0,1.5759490972645605e-10
0,1.1172140495857337e-12
0,3.6503010866369515e-12
0,4.691376225479296e-16
0,2.9873270427851514e-08
0,2.278152152096435e-20
0,5.488383033779187e-13
0,0.00014260527771802433
0,7.222649311777015e-07
0,3.0132686006257115e-14
0,0.00011803047116854954
0,6.0544459737414996e-09
0,0.005948826153465485
0,1.6842197796641188e-10
0,2.4448077788909737e-09
0,3.70491181199095e-18
0,5.313315366513004e-08
0,8.597750142439335e-14
0,4.593500060258343e-13
0,2.2619306834940623e-13
0,5.0464472241668276e-11
0,6.536666612906357e-17
0,1.2645429777794995e-11
0,2.687208684871273e-15
0,3.0082185498507424e-08
0,9.739068815702856e-13
0,1.8953111226346498e-16
0,7.008129599723738e-14
0,3.6059109148558434e-16
0,7.710445727506799e-05
0,9.771094667283665e-16
0,4.030517705243824e-15
0,4.373627000225246e-08
0,1.3507089794094319e-12
0,7.213953580003066e-09
0,5.515396510686475e-09
0,2.484996887802189e-16
0,1.1382892966363293e-11
0,3.6055707741644458e-12
0,7.291937135075846e-10
0,3.707046117710453e-15
0,6.285252108843839e-13
0,3.187212813258956e-12
0,5.4266871283166185e-08
0,1.2317922644834451e-11
0,3.273409910971292e-18
0,7.014529058673227e-17
0,3.4120800727570543e-12
0,1.5894387650019997e-09
0,9.052483333878144e-09
0,1.3625300675792266e-08
0,7.366235221099474e-15
0,9.878210715291437e-10
0,4.665350374971216e-17
0,2.691442419230606e-16
0,1.3496803864683351e-14
0,0.00017595661695581348
0,3.377714196304365e-13
0,0.0012374439840991814
0,1.632857635809575e-16
0,2.2536101157027714e-17
0,1.328297595860581e-09
0,8.646657153794146e-16
1,0.9991574095940119
0,1.5345544194997957e-16
0,1.68139263673628e-16
0,7.314046624094228e-09
0,3.0957182773374476e-11
0,3.0705198799255934e-08
0,2.5117959587113367e-16
0,2.5634083250248944e-16
0,2.443919882050498e-14
0,2.447979135793608e-15
0,2.0066847390794202e-08
0,2.416613079077218e-11
0,1.7127211177664958e-12
0,1.116537220255054e-11
0,1.6876522582337773e-17
0,4.224756905902362e-09
0,1.8224366226667263e-08
0,1.0418357021703378e-10
0,1.7040901233075909e-16
0,2.3623373147544104e-12
0,1.7606641611651045e-09
0,2.1229825043904404e-07
0,1.883291355326542e-12
0,1.2798096122845204e-14
0,4.2950527923756826e-18
0,9.66919529575633e-08
0,9.198907986545605e-08
0,7.272836896263835e-14
0,2.7354618825435992e-17
0,3.303302977719717e-11
0,1.599474327539711e-13
0,2.1513815738456013e-10
0,0.0014712769765302324
0,2.2679154947344644e-12
0,6.478624786901435e-09
0,3.605223050988883e-08
0,1.9547598852215363e-13
0,2.2911972987445275e-12
0,8.390241457012354e-16
0,2.075306930240334e-15
0,2.533020160705968e-10
0,5.882811778086188e-11
0,1.8317495063228136e-09
0,0.0021285229790961725
0,9.772199860914476e-16
0,4.813574416907067e-12
0,3.881424962080373e-11
0,9.012591885723383e-08
0,9.533352685370148e-09
0,0.00143319405017461
0,6.286404572063366e-07
0,1.6462338907491824e-09
0,1.086054240276752e-15
0,3.384829347669843e-17
0,9.490736104151708e-14
0,5.7913448710501005e-12
0,0.6447573382969379
0,1.304616926628009e-11
0,6.429027226846819e-12
0,3.0385588219741722e-05
0,1.8987240978475458e-07
0,1.4835146575959106e-13
0,1.6871344907216164e-14
0,1.4289463035380962e-12
0,4.681688561356655e-14
0,9.111741098637919e-18
0,3.722866897967298e-12
0,1.468610675419576e-11
0,9.132695668378234e-19
0,2.0603540016622826e-16
0,4.5034233787711544e-05
0,2.047981610345036e-17
0,8.105209269583185e-11
0,5.672854847131772e-16
0,5.958681442733859e-18
0,2.326682590817697e-06
0,0.11296454684069869
0,6.997952893160458e-13
0,2.5876448674490574e-05
0,5.266689272191654e-13
0,2.2015078184712946e-15
0,0.0002217821597507602
0,4.6454027549208396e-14
0,3.575132752724564e-05
0,3.949978882721857e-12
0,3.981080517838573e-15
0,4.719877990982894e-07
0,1.158826424772142e-17
0,1.882998083443507e-14
0,3.714057391304595e-09
0,1.0099823774505286e-10
0,0.001050158478932583
0,1.5733354070463761e-09
0,3.735767631459097e-13
0,2.0991190411828465e-13
0,6.408885699568624e-16
0,9.210512142515245e-12
0,0.0005857800157268916
0,2.893514009527069e-16
0,8.050778448862331e-18
0,0.014337592345324463
0,1.4684448105291212e-13
0,1.9788639017091662e-15
1,0.9996390747283732
0,1.1522092989726535e-06
0,5.838249925914787e-05
0,2.0597732335774307e-07
0,3.988022502209538e-12
0,2.883154855518108e-07
0,4.0773542760962894e-07
0,0.0012807290542546938
0,4.686523289829026e-08
0,3.79968091194207e-10
0,2.1229974026598165e-12
0,4.7111927208839366e-17
0,3.3467143546426735e-17
0,8.433862687737278e-06
0,2.3204265842737135e-15
0,1.0030304578973401e-15
0,4.4869514931474925e-15
0,2.7689716015704148e-14
0,9.599784091584101e-11
0,9.950484489221308e-10
0,5.1944595969301335e-09
0,1.765106690991751e-16
0,1.3809423152748288e-12
0,1.3983175337087787e-10
0,9.511670689561527e-18
0,8.32312093578656e-08
0,1.1526839303736282e-19
0,5.524295763158292e-07
0,5.866933277359599e-20
1,0.9994799429400756
0,4.38042156006602e-15
0,1.1792363616120705e-11
0,3.6451702758088245e-09
0,2.01951230684586e-06
0,1.527197237305635e-15
0,9.216843756800182e-07
0,0.5748693948727744
0,0.0005342132877354485
0,8.901470871632743e-07
0,2.1526503790922987e-12
0,3.672772103686711e-09
0,3.3011106931063186e-14
0,1.234563411739528e-06
0,9.135207305983436e-07
0,1.1992419359629557e-14
0,2.1268760909533253e-12
0,1.6950484499974865e-14
0,8.717633724121762e-07
0,2.176014604772648e-12
0,6.3121888284566346e-15
0,2.6391717671622356e-10
0,0.0018614973808313128
0,0.003107193015114695
0,4.452449584385036e-07
0,1.5810672125872228e-16
0,1.2052410084045062e-12
0,7.617748945474751e-10
0,5.513612227946848e-10
0,1.5602894921804607e-16
0,5.718997862340086e-09
0,7.700098583417802e-13
0,1.6747025822978316e-15
0,4.878287698189054e-08
0,0.2282033288052304
0,8.723403451365227e-05
0,1.263116437081761e-15
0,3.1391841368399856e-13
0,3.431345140465537e-17
0,4.366123463178277e-17
0,9.607121539864186e-14
0,8.359739252519171e-12
0,7.05165978184046e-12
0,3.864850958629411e-16
0,1.3526901620083409e-09
0,1.537249242615935e-14
0,3.778691948592718e-15
0,0.034939165332755394
0,2.53576349325364e-10
0,2.8749584651163226e-15
0,2.0802143678370075e-11
0,9.136764702672897e-17
0,2.1648108478195556e-17
0,1.2610783400331084e-10
0,2.646880235815162e-07
0,4.222333289355392e-15
0,0.9262211105690364
0,5.9547735177350484e-09
0,9.042157263712342e-08
0,1.7458078530546196e-11
0,2.911423193077379e-10
0,1.765797053438973e-10
0,3.072462714926724e-05
0,2.479657237709169e-15
0,1.676980958951485e-08
0,2.269214967605215e-16
0,0.0005071954896516359
0,1.3103264485368021e-17
0,0.1144791216865825
0,1.2481339976383937e-10
1,0.9972879357999567
0,2.430230945093252e-16
0,5.698864913246142e-22
0,7.130587851475183e-10
0,1.0247977637807381e-09
0,9.594529666774628e-20
0,6.675079360732121e-05
0,2.843302510799221e-05
0,1.9304035445894373e-07
0,1.4623826991834688e-15
0,9.63206595443396e-12
0,9.650386767832183e-07
0,8.218564013366952e-19
0,3.063864667166294e-07
0,1.6051480611483267e-07
0,7.318329113214768e-17
0,2.8350450466005358e-12
0,4.078283062348096e-10
1,0.9999999999347744
0,2.275261346601646e-17
0,3.3240611356750364e-07
0,4.717908459151287e-13
0,3.7776886446381746e-17
0,3.0634329098686165e-16
0,6.481439318143605e-14
0,4.5205822471550304e-17
0,0.004242991714552931
0,4.454795451351331e-09
0,2.6761300532596153e-12
0,3.386088643486942e-10
0,2.665377597169979e-10
0,5.227303879412287e-12
0,3.210534154227995e-18
0,4.8569277746745874e-17
0,2.262453907797982e-14
0,3.64548677163495e-09
0,1.2955965743431567e-10
0,0.9268699502348722
0,0.05496327694206069
0,4.602343628739524e-08
0,5.216970556646906e-05
0,7.435162708282033e-16
0,2.1065685960958434e-17
0,1.99672395718398e-11
0,1.1267657666354372e-14
0,4.1349540818271274e-11
0,2.83484325827782e-15
0,1.6585160961802044e-16
0,5.504999927761036e-09
0,0.0006039438269285438
0,9.557377647254453e-08
0,1.9447747676024558e-11
0,1.6751852006102478e-13
0,9.644010410971273e-05
0,6.08485671754977e-17
0,0.9877366013754687
0,7.134805871068182e-05
0,2.616504833682648e-09
0,4.353036184332949e-13
0,1.7487890612234016e-14
0,1.6708513928501546e-16
0,3.06879480159853e-06
0,9.193568631929888e-14
0,1.152832954848794e-06
0,5.782031892949993e-16
0,7.364657702096454e-11
0,1.8293532033803242e-16
0,0.17474521040706872
0,9.36105755444106e-06
0,3.937230211572156e-15
0,3.938186735623942e-13
0,2.2107654410341016e-11
0,3.347015976352818e-10
0,1.6705416013559304e-06
0,4.094541899269998e-16
0,6.481253284091635e-08
0,4.4401271909421286e-05
0,1.5430902215031423e-08
0,2.878429850620965e-16
0,6.5523809540130176e-18
0,6.604062347398103e-15
0,1.6677260891488348e-17
0,7.528345192328645e-10
0,1.7881562770336214e-13
0,0.0013813122420341546
0,5.06524951625036e-12
0,3.6626523420264057e-13
0,2.317129779666411e-13
0,3.5262359817511835e-11
0,1.6756988295381123e-09
0,1.9583369121080742e-10
0,9.193396059004602e-16
0,0.0024182302134024
0,5.703331825508022e-10
0,5.974178746323712e-18
0,1.771777081506536e-13
0,8.360602809997344e-16
0,2.8311273586825583e-14
0,3.23934628994645e-10
0,3.97289262029731e-12
0,3.0893413564257084e-14
0,0.4126004496241502
0,2.9475532040393463e-13
0,1.4737663817752754e-15
0,0.01128133159697621
0,2.1096454689879566e-18
0,1.3299058686548603e-12
0,3.314181131347716e-15
0,1.8223985987666672e-13
1,0.9999999811425585
0,1.4237116861390624e-09
0,0.001282562814555657
0,1.2106343160329215e-10
0,1.2358012532366467e-15
0,2.2853179316869418e-08
0,1.039840611265589e-08
0,4.3681142821469724e-15
0,5.792032724939618e-15
0,7.522016468946379e-20
0,5.698048244561765e-17
0,6.249920439665761e-10
0,1.6122512755399334e-18
0,8.913314964239533e-17
0,1.9523692575260587e-09
0,5.3177737771852333e-11
0,5.859510702281278e-09
0,4.107210854683064e-19
0,2.6188978831640655e-08
0,5.762067385983499e-08
0,9.488613821224261e-12
0,7.917279196965855e-15
0,2.2307656526251594e-08
0,9.126340109744254e-12
0,1.804796762746317e-15
0,2.501493063458759e-15
0,2.829174396316427e-15
0,1.3065822093472853e-07
0,4.083510750619661e-11
0,1.6410111509811472e-10
0,5.463504039681971e-17
0,7.018028479800608e-17
0,2.883048837349038e-13
0,4.954461980688343e-16
0,1.0309610186849562e-06
0,1.7070920388611005e-14
0,1.0397546781916651e-11
0,8.093766309450907e-08
0,4.099502441404029e-07
0,6.04208986634186e-18
0,3.632476839477577e-15
0,3.5367983009437164e-14
0,5.35102654807871e-15
0,8.629082203500912e-15
0,8.665885936071108e-10
0,0.006228302558473619
0,1.4146619073845998e-08
0,7.219956656504321e-11
0,7.234678237283031e-05
0,3.590270198770239e-11
0,2.3031799145065655e-08
0,1.780917543811737e-16
0,2.71510691294133e-07
0,1.1905314909806779e-12
0,1.5414426277088692e-08
0,2.1954243864318146e-11
0,8.750221449470952e-13
0,2.1889563296775537e-09
0,1.7816524394971667e-15
0,2.748280768991323e-11
0,2.2142540140640842e-10
0,0.00017272400100296312
0,4.4100944272468346e-12
0,1.8163227864112662e-07
0,1.4156843067743902e-14
0,1.2982850605908169e-13
0,3.447998409745533e-09
0,5.438484525011751e-05
0,6.63976690698921e-16
0,4.303301018774218e-07
0,2.4496724434799114e-12
0,1.7349279257645503e-14
0,2.0441856689354636e-08
0,2.953895868219588e-13
0,1.8477173521109433e-15
0,2.1495984660299716e-09
0,5.698728872202473e-06
0,4.213769106612581e-10
0,1.094788273884952e-10
0,2.669961100183156e-12
0,1.133108575623833e-18
0,7.838245502161272e-09
0,0.00012416834558656145
0,1.1597075790459177e-13
0,4.497298873656511e-15
0,2.780302286509736e-13
0,1.2823653122387191e-16
0,9.771371534664185e-08
0,4.310545469383327e-15
0,0.006129743104299496
0,1.7373796092637793e-13
0,4.77060890752287e-15
0,8.424967642825438e-15
0,5.179161972077218e-15
0,3.5253198327551753e-13
0,8.550432021377939e-17
0,8.411812047978671e-15
0,1.7048026150232548e-15
0,9.512984429141677e-12
0,0.05956926953663468
0,1.4813351229570128e-12
0,3.151488680791204e-10
0,4.4750937245466723e-10
0,0.15382291111083446
0,9.469603753035163e-15
0,6.294114023532093e-17
0,1.5582554932392012e-06
0,1.112158668840422e-13
0,3.8672629089324236e-14
0,4.634855298449759e-13
0,2.8644922794502946e-18
0,5.3755404945511244e-15
0,2.80400346576806e-08
0,2.1961305320938227e-13
0,5.341652074377528e-09
0,3.0914879702288918e-06
0,5.1802904684878e-12
0,1.6147912399958626e-06
0,0.1641947394226833
0,6.897382723447354e-05
0,8.900731904664459e-13
0,4.21849060507878e-09
0,6.334263745694478e-09
0,1.8797104559039293e-08
0,7.534402834481742e-05
0,6.482661850681637e-10
0,6.28787899175988e-11
0,6.30555070011184e-08
0,1.4788686315187423e-08
0,5.751773933248263e-14
0,8.022710868061652e-15
0,2.2629763509252962e-07
0,1.1270090390122029e-18
0,1.2212573587024816e-08
0,2.7948007064696267e-10
0,1.186713561531648e-16
0,1.3344860210992472e-06
0,1.7419110890985718e-17
0,0.033697759014696724
0,2.318383328602402e-13
0,4.1269837614704214e-05
0,7.886436239768729e-08
0,4.224200702699212e-18
0,6.3723214350517594e-15
0,4.4198583297938795e-11
0,6.798705554359194e-09
0,1.806482194700692e-11
0,1.8295893334161464e-06
0,2.992330405805369e-11
0,4.038641928442947e-18
0,1.4141817265916635e-05
0,2.1694270274225557e-16
0,1.1611368308343993e-09
0,4.2219754441648973e-13
0,5.899044382562763e-07
0,1.2222025055573287e-14
0,4.193790355964612e-15
0,1.312969566643874e-08
0,8.29333570498071e-16
0,3.924563840318681e-10
0,0.00039313226999420595
0,5.923030394054646e-09
0,6.863202297231348e-07
0,1.0902378923689227e-17
0,2.262948826851763e-13
0,0.008555373652724064
0,3.560907638841511e-16
0,2.3786510783215464e-06
0,2.4243945930213597e-11
0,1.8967620092337425e-11
0,0.14040554932243124
0,6.496487005945085e-12
0,2.2833579177533847e-16
0,2.9601028907153586e-16
0,0.00018109505511116242
0,2.784392210224459e-15
0,5.62079577883866e-14
0,1.8312125935375914e-12
0,2.7726841703096323e-16
0,8.471905267581057e-11
0,6.016993331735666e-11
0,1.1189582891446615e-11
1,0.9759426055280076
0,1.9071338112616357e-17
0,3.3562685267460214e-07
0,9.187052348529422e-14
0,7.0771149173814775e-12
0,1.5975944525932376e-16
0,1.1916237351678277e-14
0,2.391898939185734e-09
0,3.3542030831679325e-12
0,3.0535784771931442e-15
0,5.016591855972468e-13
0,4.747216293809203e-16
0,1.2096337001921836e-16
0,1.2712275046969153e-15
0,7.039449913962061e-08
0,1.3831977006542273e-10
0,9.770009353151208e-10
0,3.6492665886763463e-10
0,1.5072287196502287e-06
0,4.981762930951333e-15
0,8.304984762957873e-05
0,4.90862520269408e-13
0,4.312843752529726e-14
0,1.1467789850471061e-14
0,1.5447412322565152e-13
0,3.6168715905343695e-18
0,4.321851923352937e-17
0,3.240816738163625e-13
0,6.225991073258638e-15
0,1.1354341753256397e-13
0,1.8937717317104972e-14
0,7.057192153906632e-06
0,3.311837011674883e-12
0,2.4538674788499743e-14
0,1.3781943251520149e-10
0,2.836402846016002e-09
0,4.804943825863293e-13
0,1.461185552613709e-09
0,1.939363419869935e-10
0,4.485156937058832e-13
0,2.7156303736998005e-12
0,1.4367619971437936e-14
0,0.00037710373739255684
0,1.646377172820903e-12
0,1.9771066620101108e-17
0,1.7864062489014787e-14
0,9.389504469066614e-17
0,0.45842712992256557
0,6.707201613655101e-11
0,5.365198563949481e-13
0,8.948260037898448e-13
0,8.536397267640674e-15
0,8.036440848073491e-12
0,1.658258881764056e-09
0,2.5378165710576843e-15
0,3.7834517572266906e-11
0,2.0974863392979393e-16
0,4.920570879927994e-10
0,4.834275389342305e-06
0,6.134835643488028e-10
0,1.284823019608238e-16
0,7.208485611527993e-17
0,5.613939627829563e-19
0,2.8238911348756465e-14
0,7.8992483614529e-13
0,1.1816893871562564e-17
0,4.379666318249681e-05
0,3.0946280133778154e-14
0,6.058430661364618e-16
0,2.486583286674545e-15
0,1.512866247653271e-11
0,3.719905002746428e-13
0,1.3118620948787075e-13
0,2.39679033590615e-12
0,8.452738090210576e-11
0,4.3242936398035753e-13
0,0.04885698638079981
0,1.2655824270860231e-10
0,1.961005885818327e-11
0,5.416672163697545e-13
0,2.4502685148534864e-10
0,1.2852995471372454e-12
0,4.908271765386857e-15
0,8.843129752193492e-10
0,2.3344980653449546e-14
0,9.751918059434746e-14
0,8.429649511195869e-13
0,2.9178705149234826e-17
0,5.40795508704378e-08
0,2.177596050102783e-10
0,9.77034720530355e-16
0,1.8430456066759804e-16
0,2.5817230317270827e-15
0,0.00012416101861329886
0,2.107915105547711e-09
0,0.0014540625576865607
0,1.8569036900773646e-07
0,2.76776575200018e-09
0,6.393669257751152e-19
0,2.8070612828108004e-08
0,1.1535463250516157e-06
0,1.2115966464714572e-12
0,2.1920328698931853e-13
0,0.13172686579921256
0,4.678142555202553e-19
0,2.4155203964075344e-10
0,2.489328052655005e-14
0,1.75932222659531e-13
0,2.2425960875692504e-06
0,0.04763633415356956
0,3.005538030968295e-15
0,6.038658873939482e-10
0,5.2431221517262575e-14
0,3.811688615545821e-14
0,8.309140452217179e-17
0,1.882424016059684e-17
0,2.2505207867212654e-19
0,0.07642418914871345
0,4.0627595125787306e-17
0,0.10298759374967892
0,1.971785452008385e-15
0,2.0190714085439566e-09
0,1.9272394326888422e-16
0,2.5113876950665605e-08
0,1.1078155524471895e-17
0,7.911501393504855e-08
0,4.352126967677987e-15
0,2.8362024047730384e-11
0,4.014285267887215e-15
0,2.3074283641073868e-17
0,1.707566451594515e-08
0,1.1569271143796954e-07
0,9.613921112254936e-13
0,4.616305627889502e-06
0,5.993880959451667e-15
0,5.5784415843181154e-15
1,0.9999988321699882
0,1.5059312869236275e-13
0,7.939213658048864e-06
0,5.577244539933127e-16
0,3.41365081998498e-14
0,8.399250431547955e-07
0,1.4471610764280784e-10
0,2.5142962242713725e-16
0,9.016437533842686e-08
0,5.379460064433668e-10
0,7.213136674266458e-14
0,1.1758004136712316e-16
0,1.1873470015572623e-09
0,2.710750160680854e-09
0,6.959920918350681e-08
0,2.4611976621283155e-12
0,1.213272288973691e-11
0,1.214167821779456e-07
0,2.90987788236839e-17
0,2.9749545656322e-14
0,6.410667234233329e-13
0,8.21949621487625e-16
0,4.2177126838126314e-13
0,0.02801812341821204
0,3.2358895329866854e-07
0,0.00038985258005136273
0,0.004599382912640801
0,3.797791889672139e-07
0,3.7498698795615625e-15
0,1.954139547656855e-05
0,1.86951009030308e-09
0,2.343173905310205e-18
0,5.0338927717989904e-05
0,4.432325800481605e-11
0,1.1185904915889193e-13
0,1.644013738379038e-09
0,3.7276931371036125e-09
0,9.163188988905186e-07
0,7.089467986562297e-12
0,4.639308143580571e-17
0,2.941001088721844e-06
0,8.326118134678262e-14
0,3.879883971725403e-12
0,1.0477641236009548e-10
0,6.820381616968276e-11
0,5.8362976995131125e-12
0,0.9861801975850716
0,2.0632719478524407e-17
0,1.0773075493579204e-12
0,3.189780788495423e-18
0,7.218623377577082e-07
0,6.075208407377132e-14
0,3.0700006441884844e-14
0,6.112737328011323e-11
0,8.497641471901171e-15
0,1.5694622403371544e-13
0,8.260113667191705e-11
0,6.627270671131547e-13
0,9.46884314435741e-13
0,6.203059956127826e-15
0,7.774428616685181e-14
0,6.754372647120311e-17
0,4.446690852102257e-14
0,0.07527445957071326
0,5.952222478465862e-15
0,1.742602939238597e-14
0,2.694624966298965e-17
0,1.047686825079666e-08
0,2.71433770900705e-15
0,3.257094297967104e-11
0,3.661787228102212e-15
0,1.286284737060683e-07
0,0.4484653024070605
0,3.7107660489222245e-07
0,9.331806753842081e-10
0,4.3858378144180125e-16
0,2.6363230911398882e-11
0,0.025869386038244766
0,3.4566663982183538e-15
0,0.03862116006764058
0,7.487874407112493e-14
0,1.732675755839269e-16
1,0.9999911073522847
0,5.893766383531468e-17
0,0.011234831999229535
0,5.3251149149815064e-08
0,2.55497361915393e-05
0,2.134342322675727e-09
0,3.039342986475538e-15
0,6.054122727928393e-08
0,9.24264851353691e-15
0,9.888042391297961e-16
0,1.1483998763439435e-17
0,2.570026684450441e-10
0,1.3764917613417108e-17
0,7.835703266745264e-17
0,8.863076619036151e-19
0,9.469561041918434e-15
0,9.939931024054772e-10
0,1.158420901527944e-13
0,8.473116636567834e-11
0,3.4515743218085536e-09
0,0.00018160509341256793
0,2.899975693595332e-16
0,0.000580986152204332
0,8.969533125971095e-16
0,1.758435112753065e-08
0,7.903809664709206e-13
0,2.432037528058118e-16
0,8.59548592293223e-18
0,4.151172470654649e-15
0,6.43125730123422e-14
0,1.4675446028091251e-07
0,2.926040340081597e-09
0,0.017394598169075643
0,1.5554007764269957e-14
0,8.476452801750973e-16
0,2.446639247996214e-08
0,6.371396989511802e-07
0,9.49857504947222e-05
0,6.071267657558413e-11
0,0.00030367324406594987
0,2.2279137310888384e-17
0,1.2073833162328098e-12
0,2.8001289173490703e-09
0,2.141825821285135e-10
0,3.5532584298381875e-19
0,1.8710395047656458e-12
0,4.1601405243875434e-12
0,4.10539204007675e-07
0,8.082874652760424e-05
0,1.0417288803171117e-15
0,6.432727357960869e-16
0,3.463716116984394e-17
0,7.114909941144353e-15
0,2.7903963644075915e-16
0,4.704373465000485e-10
0,3.53701749633332e-18
0,8.681616241508898e-10
0,9.063371685489027e-14
0,6.55774687004281e-14
0,4.277269977962251e-15
0,0.0012952535779174248
0,9.9927071858573e-10
0,2.4581886485212803e-15
0,8.535475196669538e-16
0,0.00014172481647922944
0,5.075038710555988e-13
0,5.502358979771886e-20
0,4.87338821959802e-11
0,1.0033228888308947e-14
0,1.48323021049866e-09
0,3.3185547485752836e-14
0,9.759980595403279e-12
0,1.5232874847732672e-06
0,1.1641054160086576e-16
0,1.5062577062605564e-12
0,1.8664443437325394e-11
0,7.343168098082659e-17
0,4.0243460759974013e-19
0,7.760778586597305e-18
0,2.7700642505574696e-17
0,0.0002233308544939376
0,6.029467970331941e-11
0,4.42720922941183e-11
0,1.9831514715408982e-14
0,6.603675166509928e-16
0,4.2329567408519223e-11
0,1.983409528042619e-09
0,1.2694144451667948e-10
0,1.165237685245618e-13
0,3.417873259048487e-09
0,0.04001558785190676
0,0.5725286175162129
0,1.2489936245925705e-05
0,1.0742610980228344e-14
0,5.0716215739667535e-06
0,4.694149512652219e-09
0,9.553065008848296e-17
0,1.2663894135307111e-06
0,5.888837098891061e-17
0,1.786170644547692e-15
0,1.4590430104476465e-07
0,8.064367151668137e-11
0,1.4425654624251605e-14
0,4.305635440366846e-17
0,1.2330412474148856e-11
0,1.52856032290719e-07
0,8.731262789730204e-09
0,1.934542849647797e-07
0,4.671832128934528e-06
0,0.40063418120039634
0,1.8427251860785814e-10
0,1.5364483939556409e-15
0,3.6550711579468897e-07
0,1.7194001603435468e-15
0,6.556818993820712e-06
0,2.358695937939488e-09
0,2.863039333870178e-09
0,8.955113444164376e-08
0,6.34209424881282e-10
0,9.96510074788236e-08
0,3.297528947507028e-06
0,1.5176075517464899e-21
0,2.364998772836651e-14
0,1.4770332938888865e-17
0,3.505820176985864e-16
0,1.1295486317178323e-16
0,7.49911536745423e-09
0,1.3031197943141635e-11
0,5.8657609501783396e-08
0,2.2154934969671245e-18
0,0.000507951678711506
0,0.0002944230958000933
0,1.6655688417761537e-08
0,4.203762075698767e-17
0,1.448988462940754e-10
0,1.4717118438672405e-14
0,2.077984503991505e-14
0,9.331107717019013e-12
0,2.9735540136637584e-10
0,4.807047533135505e-10
0,8.83172794694326e-17
0,4.967013527740531e-06
0,0.0017677432390142747
0,1.5966415302246773e-09
0,4.255628710352022e-10
0,6.881171002533514e-10
0,1.7390376753206343e-11
0,1.4458267347920798e-10
0,0.000251226360995605
0,0.0002796767565258886
0,1.3574404145272628e-16
0,8.691889068236113e-15
0,8.238307301629086e-12
0,1.0443565211493632e-12
0,6.673314614089401e-16
0,9.217206361314336e-12
0,1.919023974661355e-09
0,1.0750525288282323e-09
0,2.532273444482758e-14
0,1.954338080478102e-19
0,8.527796653223946e-16
0,1.3307021538171687e-05
0,2.214873138574081e-06
0,4.485571761519323e-08
0,0.018423190917888466
0,1.3777558836788315e-10
1,0.8752090031092149
0,5.663697979162547e-17
0,2.0034653186475645e-15
0,0.04720009972978522
0,1.8805369688740113e-14
0,5.572004877613202e-19
0,1.4421565419352534e-14
0,1.4082618307741634e-11
0,1.2098053626737425e-15
0,2.4862127691278735e-13
0,8.177576993430475e-11
0,1.4984754142250617e-13
0,4.456392110946411e-15
0,1.6387948521026807e-13
0,1.0250828641604389e-17
0,4.1946513591777757e-16
0,3.5089637877713925e-13
0,1.9457322087523396e-12
0,0.0001549652461190966
0,5.403556174604851e-16
0,4.3130546679931454e-16
0,1.650959742727278e-10
0,1.777044208625641e-15
0,1.1662862428568946e-15
0,4.72452321717457e-14
0,1.1415929774426709e-08
0,2.4754855655443795e-12
0,5.53171195338495e-09
0,1.2509016803525438e-13
0,1.6701448058456734e-11
0,2.23420567207186e-09
0,3.860913179270296e-10
0,1.5213907124194497e-10
0,9.664007266059637e-13
0,2.1655626357811976e-09
0,0.016241338730671805
0,1.3072694965998576e-07
0,0.00019884947937662777
0,7.263271264932005e-13
0,0.0009519915233770983
0,5.252504106165657e-11
0,1.3265857904572786e-12
0,4.68425526585597e-12
0,1.134108839769288e-09
0,6.510234071874012e-12
0,7.468427405752136e-14
1,0.9999962818625391
1,0.9999471165130104
0,3.005787443902838e-09
0,0.0021622033051078527
0,1.4409113123580114e-05
0,4.708674137704879e-12
0,0.5782683028706463
0,0.8272691347118669
0,0.7268424063077458
0,1.1457387924848093e-12
0,1.206130967304697e-05
0,3.682678440558496e-08
0,5.034697204254854e-07
0,2.9297968222871356e-09
0,1.2963768352640438e-05
0,1.2330308106378877e-09
0,4.507363034933733e-16
0,1.6917508384469828e-09
0,5.356762598203351e-15
0,1.7841293249107346e-18
0,8.375566283306932e-11
0,1.4977350904174292e-19
0,1.6190630403151772e-14
0,4.674413847854687e-11
0,1.5095726743819687e-05
0,1.2267832956287284e-15
0,5.060763114614924e-08
0,4.0293681337796037e-19
0,4.2031844970812054e-13
0,2.136864313101092e-09
0,1.9836035856282415e-12
0,9.643903128673049e-12
0,6.922485242115391e-11
0,1.3494799382941718e-14
0,1.92384285358619e-10
0,4.877613556438067e-10
0,1.343352285712504e-10
0,1.3524141516593734e-12
0,4.593453019641267e-08
0,3.4401697478580556e-07
0,4.2552589625657426e-09
0,2.9134115499272147e-08
0,6.984214582626674e-11
0,3.2996004146842076e-14
0,2.073993016217109e-15
0,0.00010968147680377056
0,7.383178208746482e-15
0,8.207181255164805e-07
0,8.868315814791102e-15
0,6.045156297705404e-12
0,2.3848052068904682e-11
0,4.332340554199631e-14
0,1.8485987883030326e-17
0,4.361231868025721e-15
0,9.008722944485235e-16
0,4.107632420669759e-09
0,2.883584451372641e-13
0,1.7974530790699568e-11
0,3.4306932171307905e-11
0,1.3352197797893483e-19
0,1.8784513328575807e-13
0,2.2597692044376233e-14
0,1.067860993937431e-16
0,5.864079507060143e-08
1,0.9999997743734889
0,1.7293586013833343e-11
0,2.7757739051588953e-10
0,1.4109855737281126e-10
0,1.3634641858122206e-14
0,1.0355387595216941e-17
0,9.333689620354063e-05
0,4.811325664133633e-14
0,3.1311939098614566e-13
0,3.613841500248146e-18
0,7.609701537089465e-11
0,1.4236017803453936e-09
0,2.68694161693863e-16
0,1.966005469566376e-08
0,1.9116516075866004e-07
0,2.1142548985122056e-12
0,9.802439746159507e-10
0,6.943465454875193e-18
0,6.818947941656473e-10
0,7.51470417896588e-18
0,2.5188998354550676e-17
0,5.180800476204662e-10
0,1.5899500182865522e-07
0,0.004047916272033833
0,0.08740151874944949
0,2.9752670258446005e-06
0,4.5014010003520244e-11
0,1.5216781949656863e-12
0,2.9125219772339172e-05
0,1.0241853157418339e-11
1,0.9976981394750883
0,1.6923924093421515e-14
0,1.1201429856435123e-10
0,9.031086563293561e-15
0,5.561732564893229e-09
0,1.19983548323194e-18
0,0.000276796980071862
0,2.1132383798337556e-06
0,4.44562986009561e-07
0,9.409307929435628e-17
0,5.204876024343135e-11
0,3.516182201266903e-10
0,1.063263055564174e-18
0,1.6051932104185306e-14
0,8.054483230945071e-10
0,6.528247934140816e-18
0,6.954177191861749e-12
0,3.0579331597713975e-09
0,6.884775222765655e-13
0,2.461808550220961e-13
0,6.070866502707735e-19
0,5.4568378272670544e-08
0,0.14696996662435757
0,8.383772517139886e-11
0,5.847484957457311e-18
0,1.394742211597054e-18
0,4.99183778896205e-10
0,1.1616650253225101e-15
0,4.983743925041721e-13
0,0.8153723729551597
0,1.5723124555316514e-14
0,2.2743722833888156e-11
0,0.0014594738796255796
0,1.9055323589770394e-08
0,3.342294415249948e-15
0,2.7366110998900473e-06
0,1.707773328187989e-12
0,7.776654255911013e-16
0,1.2511033464699414e-13
0,0.0001364871906993282
0,9.662624770245166e-16
0,1.5567730613062344e-16
0,7.245031333081031e-14
0,1.1280806290158084e-17
0,4.284066576252219e-10
0,7.929736923796373e-08
0,0.04303923992306775
0,1.886472103518468e-07
0,6.992555234394095e-16
0,0.14906295976900505
0,4.162613399020202e-16
0,7.944191471443352e-10
0,3.5977983375207864e-13
0,1.4760632967661483e-11
0,1.7711922481433053e-14
0,7.471281231876642e-13
0,0.007650746907128501
0,1.753145900104691e-06
0,1.357115847953305e-10
0,1.080793210549542e-11
0,2.7467311642004005e-15
0,6.31470744804508e-11
0,4.736001041993313e-12
0,4.187206309201204e-15
0,6.296236156876234e-10
0,2.1528906513066085e-07
0,2.622398156732443e-13
0,1.1400478780078219e-18
0,7.995847311011405e-09
0,2.1764323552358893e-17
0,9.260480264244314e-13
0,2.1114045338453096e-14
0,2.0044258675545442e-09
0,2.1586370919495793e-19
0,4.046370668189629e-17
0,0.028089928249092674
0,1.4859166284309644e-15
0,1.3113975529218603e-07
0,0.0012386473820511748
0,2.7431019959041492e-17
0,8.976502551320249e-05
0,2.391930691997883e-10
0,1.9719598138689646e-13
0,2.0577737507223733e-08
0,2.460910734598879e-09
0,3.370860721724493e-16
0,3.770950502966619e-12
0,7.120367240726932e-17
0,1.4700759976328238e-12
0,6.739243958237038e-13
0,7.82096498700262e-17
0,1.7101050235382262e-07
0,1.8838418415588812e-16
0,1.9909109995983906e-14
0,6.93017659252914e-12
0,2.780756563541739e-07
0,1.6631211223674046e-13
0,5.038673223161799e-15
0,8.0393343732689e-16
0,1.2675976834356096e-13
0,7.277042292897285e-15
0,7.05645735479444e-05
0,2.4442516821418006e-12
0,2.6541736972002766e-16
0,8.198232483598745e-19
0,8.277018966518583e-16
0,5.3845908561842326e-17
0,3.3457126011624516e-15
0,0.0032704625973853712
0,8.99156174453972e-16
0,1.0470275025528076e-07
0,7.009434067965866e-11
0,5.660085971082845e-10
0,8.002605966057242e-13
0,1.9707023765477833e-05
0,5.371036897692219e-10
0,2.8506162240818285e-05
0,5.399294198024086e-10
0,2.0172459128860533e-17
0,3.648322494396639e-14
0,1.378882355750166e-10
0,3.90929261724045e-05
0,1.1483814613996134e-11
0,6.878909971928456e-10
1,0.9992746053409916
0,5.119737641219082e-09
0,5.300275460951047e-19
0,3.2041071504740075e-07
0,2.9845766496491793e-09
0,9.889584720028062e-17
0,1.4419529798194044e-10
0,1.933148364020553e-15
0,9.295499022276754e-18
0,1.7280284120710156e-15
0,3.8051066008461935e-06
0,3.4404121715239654e-19
0,7.88677283823722e-15
0,2.523908918393026e-10
0,8.755441414441497e-16
0,2.2276722247731906e-12
0,1.072415189668421e-07
0,8.913352914147753e-05
0,9.752925892793969e-09
0,4.086188673926244e-12
0,4.680184726830324e-18
0,4.3503832523237507e-13
0,6.583260480810565e-16
0,1.548715057643729e-14
0,1.3439134022015847e-07
0,1.856687470706712e-12
0,4.90302601927656e-16
0,2.0177038634275348e-11
0,2.0972980751336505e-10
0,7.923685312544441e-09
0,1.4480927948112487e-07
0,5.8773299206479364e-18
0,2.95762798675667e-14
0,0.7916456137357564
0,6.727252228772932e-11
0,1.0836234266904585e-18
0,3.0024397642771506e-13
0,5.785969255809191e-15
0,2.055151125201918e-11
0,3.143029496514078e-11
0,9.423756669153591e-14
0,8.944132634579427e-13
0,1.117886219767639e-07
0,2.16498426959964e-16
0,1.2715466936037666e-13
0,3.577117448407551e-16
0,8.440439492350892e-16
0,1.0334453562102528e-06
0,7.341083709049334e-16
0,2.0776808246136328e-10
0,3.678834495156679e-15
0,6.313093637689783e-11
0,1.9849739328078528e-07
0,8.198787396099965e-10
0,2.6927504141582747e-08
0,4.700002394554262e-13
0,2.921490179305742e-10
1,0.9999981820914857
0,1.555431356485796e-16
0,2.4238248783905656e-16
0,1.151286642933805e-14
0,8.889269044189868e-09
0,6.662175294937164e-19
0,0.0009518300878680028
0,1.3924848926603025e-16
0,2.2410769750340422e-13
0,6.296494730525797e-06
0,4.0003505398651223e-16
0,1.4570598648446632e-11
0,2.2938518235828423e-19
0,2.253962242777137e-16
0,3.175011243377289e-16
0,1.2079905939592162e-15
0,5.098095804894424e-09
0,2.187955498511642e-06
0,0.07518866122344613
0,1.7618056877073844e-16
0,0.003072124139051374
0,3.4563065457981017e-19
0,8.332675641067708e-12
0,1.3239608563475953e-15
0,4.489536171491287e-09
0,1.727190570602213e-14
0,2.69394438685872e-15
0,0.19048716206175703
0,6.589106777443869e-14
0,2.8879543181045013e-15
0,9.781045294645794e-17
0,1.0555405359093657e-16
0,1.2002077763021557e-14
0,2.544210020642041e-10
0,1.6690156972279405e-12
0,1.656325995292403e-11
0,2.027670727207342e-12
0,5.779617668862542e-11
0,3.102651463470912e-11
0,1.3934209873668628e-17
0,1.5009727276566712e-08
0,8.153408129020244e-20
0,2.120355527926385e-06
0,6.91869339158582e-14
0,4.022179371793069e-10
0,3.5717298777121365e-06
0,0.0052424316950417105
0,1.4579440232117502e-17
0,1.9241290990567453e-15
0,2.4349999701317595e-14
0,2.017957246410879e-12
0,9.124891331032532e-07
0,8.271208400784275e-14
0,1.038465056484265e-09
0,2.1709584995822953e-15
0,1.3925724150832811e-09
0,9.341627636202253e-07
0,0.0004722646636287793
0,3.1058975286956936e-14
0,9.59853595328431e-09
0,6.363554670875125e-05
0,1.694346545913721e-10
0,4.1104360894946294e-17
0,2.8193075526149016e-13
0,1.0010117164390164e-07
0,1.60297122637692e-20
0,3.829408769236228e-16
0,1.7068761576030462e-12
0,1.771489891510685e-15
0,1.5777628260551696e-19
0,1.2422146009712066e-09
0,2.1478486725163668e-16
0,3.516201906241244e-11
0,7.263793955367368e-16
0,3.9005827541455004e-16
0,1.1227129298282805e-06
0,1.7418945203939593e-16
0,2.5947268916877945e-16
0,6.105384702642651e-15
0,1.7039393009813156e-09
0,2.4587636265807725e-17
0,2.585280488096352e-20
0,3.163248996984734e-08
0,0.988321691146894
0,1.2906638932369482e-08
0,4.502538000383827e-19
0,3.2773685689282687e-15
0,2.3645937033424373e-15
0,5.121842180594552e-13
0,9.797753175928958e-12
0,1.0524043031487004e-10
0,2.2131495346738344e-08
0,4.732717056927286e-13
0,1.3102839615741783e-14
0,7.029120839206573e-09
0,8.727376030678223e-08
0,6.564329675540723e-15
0,1.956321847927207e-14
0,3.209263864401998e-17
0,1.4387844622569586e-10
0,2.350298334900448e-14
0,1.2340396185629379e-16
0,7.310061785629048e-11
0,1.708523658520352e-09
0,8.174279787041055e-18
0,2.1228735142647024e-18
0,4.003020523023026e-10
0,1.325272472871486e-06
0,1.4988722864275022e-15
0,1.3142736681954452e-12
0,5.764553919656976e-07
0,2.3792019244012137e-15
0,2.2120395897528192e-14
0,1.214205740490535e-07
0,2.349208151818461e-06
0,2.894402325713599e-09
0,2.5878533647363516e-14
0,2.5251509908982043e-07
0,1.2221604512943928e-15
0,5.970713176430673e-09
0,2.6331243879173562e-11
0,3.4829405723973005e-12
0,2.0480138802080387e-18
0,2.3628053166691535e-20
0,0.9931137635704871
0,3.6760436912784316e-18
1,0.8971516213869086
0,6.825587510795359e-13
0,0.0019500790955597398
0,4.025937208588004e-17
0,7.77881761765138e-19
0,5.2945601248273365e-11
0,9.652297627602347e-10
0,2.3281168863496535e-14
0,4.3337761611522745e-11
0,3.1473339215038186e-11
0,1.799419612881226e-07
0,2.542855333209897e-10
0,1.0830302773458443e-13
0,1.0892901248542416e-15
0,1.5806644028993799e-15
0,3.063262273653372e-07
0,4.545001506256566e-11
0,0.003162060607264273
0,1.2765654371294033e-07
1,0.999876865377964
0,1.4280889090344807e-14
0,1.7667536863098705e-07
0,1.708832337121729e-08
0,1.904403331865801e-14
0,3.715693510823319e-11
0,4.094201119448088e-09
0,4.708044473626024e-09
0,0.0016606867593667472
0,2.695733075355978e-10
0,2.023234836425127e-17
0,1.0694653272082223e-05
0,1.1186510257403877e-14
0,2.1570669724751387e-17
0,5.61909210659072e-08
0,2.6185323828764452e-14
0,4.3919385357536704e-14
0,8.05973427930024e-16
0,1.8353647523023918e-07
0,1.5001083257178317e-09
0,7.39314251942333e-11
0,5.808056657305329e-11
0,4.490589340054601e-19
0,0.00012659748396608807
0,5.842873975211717e-17
0,3.880698065738499e-12
0,0.0020372857632381045
0,5.920400661580649e-10
0,2.0740429712825822e-09
0,7.950027663333979e-10
0,1.2203805690008545e-05
0,8.339897301403007e-16
0,8.507091704626023e-17
0,3.701737258671436e-08
0,4.1673893990742293e-07
0,3.1286632334349934e-14
0,0.0022979407376055735
0,4.51934185146062e-11
0,3.375615174209804e-10
0,5.705382915763705e-13
0,1.683830340761752e-15
0,2.0279163500792812e-16
0,1.124940580069794e-07
1,0.9999998310939521
0,6.631193967856962e-13
0,7.332219983394534e-11
0,6.2982795568984464e-06
0,2.394638253734942e-10
0,3.7322424144016326e-14
0,1.2908302583918243e-18
0,2.1873699883714574e-06
0,0.9877977826490821
0,8.713631095068241e-15
0,5.167708813814812e-14
0,9.721892785825559e-13
0,1.8329448543855735e-13
0,1.585119474473149e-09
0,2.689083561593608e-06
0,1.0515064063088302e-05
0,3.7729694246251994e-17
0,9.598651926252767e-11
0,2.0997913870438087e-15
0,4.057182734347435e-07
0,1.6782473093026552e-09
0,1.0898866390453496e-08
0,2.2896771150450722e-15
0,5.0704365758818206e-05
0,0.000209468820792671
0,2.4573791614194227e-13
0,3.9237105556381396e-19
0,2.0919266890772626e-12
0,2.7978581449235338e-09
0,1.0702704985264552e-20
0,3.0590402325686146e-07
0,4.908535526431065e-09
0,1.1897141707685094e-13
0,7.35841515842098e-12
0,1.807058757807298e-12
0,7.425535731071056e-11
0,6.332091148253295e-12
0,5.405874579456004e-07
0,9.540438485556833e-13
0,7.195378761839041e-08
0,4.4005926804349377e-10
0,1.0430934710600763e-09
0,1.2035427375951281e-08
0,0.02210915243891619
0,1.0383284849563888e-20
0,0.010485764024791965
0,3.393175605724167e-16
0,4.847837310676453e-08
0,1.4893341717427777e-08
0,4.655995169510884e-11
0,1.2076200438130872e-08
0,2.0233097754290513e-13
0,2.827477470896185e-17
0,3.7529327649524057e-07
0,0.00024033520277553857
0,1.4020464245602104e-09
0,1.4910119912855172e-12
0,3.1450813933966356e-11
0,0.014590825022046141
0,5.7604430163056445e-11
0,8.729493586831757e-16
0,1.7665246068589494e-10
0,3.777468640121558e-05
0,1.3226178704995736e-14
1,0.9999964714312831
0,1.7358056089718715e-09
0,4.952173844156278e-07
0,7.702955886356392e-10
0,3.96536731758406e-11
0,5.002987710985762e-14
0,2.4840298030964537e-14
0,6.55827589751262e-13
0,9.153579605442806e-07
0,6.084114895118035e-10
0,2.4297993789460505e-11
0,7.327600170421125e-13
0,3.82441044660545e-14
0,2.0133311843306394e-07
0,0.0408362916433931
0,1.8480972842213959e-07
0,9.85575340497181e-17
0,1.0316969879581826e-17
0,8.595619242594657e-14
0,0.760712377895014
0,2.933366506194505e-13
1,0.9973598426846046
0,0.03020528437045283
0,7.739172545324859e-10
0,3.3603010925670207e-10
0,3.3031447041649644e-16
0,1.30007168538306e-19
0,1.1083843048569957e-13
0,1.0208285587968796e-16
0,4.367444072957412e-19
0,1.3921785204305554e-16
0,6.763403008212801e-08
0,8.807601607235281e-16
0,0.05670916982769451
0,9.177105176408527e-12
0,2.7105587140685924e-14
0,3.1417307155699087e-17
0,9.017640729571251e-05
0,3.894268471946638e-16
0,1.310384934362987e-05
1,0.9958419805410942
0,3.025532020417933e-08
0,1.3698759705610715e-13
0,8.233047599442519e-16
0,5.690322806799159e-06
0,0.0004214503255963086
0,4.784243037910621e-10
0,2.695294619140251e-15
0,6.921178738560873e-16
0,3.365854833466911e-09
0,7.34915442326179e-11
0,6.353914946055907e-14
0,6.023746591033974e-14
0,4.9347851581015155e-15
0,2.022435107748012e-14
0,6.997248655872694e-16
0,5.237346935824052e-13
0,1.6092137539871332e-08
0,1.2532982467179907e-16
0,0.00268738463617568
0,1.0013816734606766e-15
0,0.00031261217745112317
0,9.820787710027314e-16
0,2.1751362211834936e-14
0,5.526407692999595e-09
0,3.1002999112998843e-07
0,4.8291750525282985e-14
0,7.606544106981343e-06
0,6.108602958987254e-17
0,2.5221872312105977e-13
0,2.3977689571873255e-17
0,0.21972476180222403
0,1.0011163691660894e-11
0,1.5740344377790966e-08
0,0.18941478622522406
0,0.001338639173518017
0,3.650599938112188e-14
0,2.0350204319720246e-09
0,1.6383347675524762e-14
0,7.860604544409268e-11
0,9.30795141074987e-06
0,2.0952042021696505e-05
0,1.5535963723357517e-13
0,2.5945655171215067e-12
0,1.903450509659553e-13
0,9.279611411820572e-13
0,6.390285377254316e-10
0,3.836206793269501e-15
0,3.268306853908222e-14
0,4.8239053137228004e-17
0,7.997593970969513e-15
0,8.805126007009921e-13
0,6.338002830039857e-11
0,1.1043126645158879e-08
0,3.129679865684001e-20
0,1.1658676301037004e-14
0,4.7026081253808324e-08
0,1.0007485351856418e-13
0,7.791223490763989e-16
0,1.0203366125012947e-18
0,3.565796662247445e-19
0,2.2072525212231983e-16
0,4.134851737288151e-14
0,4.655639328478717e-08
0,0.0014772099084025664
0,7.263794147083072e-18
0,2.015229818619822e-14
0,1.5068313259461344e-14
0,9.007629223779484e-16
0,1.6674899962653397e-11
0,3.013889695501271e-17
0,3.0717121891199985e-09
0,5.277989781882342e-13
0,1.7158055247950888e-12
0,1.7785437320892868e-16
0,0.001259636702784805
0,7.76868272430661e-16
0,0.000893038690157138
0,9.534336034648152e-12
0,4.124670635536974e-11
0,1.6626531391484488e-07
0,2.540350117329598e-10
0,2.004745256812327e-14
0,2.598519321441697e-14
0,1.699022363284189e-07
0,5.508066803440902e-13
0,3.049379189130614e-17
0,6.34966427575504e-08
0,4.751040795579106e-16
0,1.2683790467742579e-11
0,1.649859094620286e-10
0,0.0015332938122962691
0,1.3254532783856712e-09
0,1.0849140546647154e-15
0,2.3036627819934048e-11
0,1.3191789515150827e-09
0,5.565923527909237e-15
0,5.073134940325234e-09
0,4.178315089622641e-07
0,3.052641285225163e-14
0,1.6839477671782706e-17
0,3.317323310786414e-07
0,1.4591376031716357e-16
0,0.04467390205097666
0,1.6796217032310187e-10
0,1.14124807301091e-10
0,1.4188970241623042e-19
0,2.4892117282266896e-16
0,8.377413374675751e-13
0,2.2098847109215687e-12
0,0.5781369090562335
0,7.233691753030842e-12
0,5.09101353492555e-09
0,3.580996089604275e-15
0,5.362055135036772e-14
0,1.1794784677755363e-13
0,8.953998256516203e-15
0,2.9419502557528357e-13
0,1.1332879532925181e-17
0,7.615161634082112e-18
0,2.553966664664905e-09
0,2.0231668319273807e-12
0,3.506719682376295e-12
0,0.00014413095264823768
0,0.006065657137102678
0,0.00023223519268208094
0,9.808349969278084e-13
0,2.089294053624846e-15
0,1.1806210455144647e-13
0,1.0412169733266573e-18
0,1.2212444906266978e-05
0,6.010982990649335e-14
0,2.0066619936231074e-13
0,2.704362585295412e-09
0,6.061091835532895e-09
0,3.59258764699122e-12
0,9.98923331305599e-15
0,1.2137595460890205e-07
0,0.007786275569145012
0,1.0214125127034884e-10
0,1.503693724302274e-14
0,2.7954418082688185e-14
1,0.9999448588772654
0,5.609152303742656e-14
0,1.3189650304287665e-08
0,1.5157461395578312e-07
0,3.137428070617039e-07
0,0.009887258381916545
0,3.012668548574324e-08
0,4.296033292204133e-06
0,4.592021736185306e-14
0,1.3999161544584127e-16
0,2.4849665674350033e-12
0,0.0009122764741757289
0,7.487695569262787e-05
0,1.6116139085431217e-10
0,1.9255720877532238e-11
0,2.579578215231381e-14
0,9.078880273903658e-12
0,5.028457040443975e-14
0,2.3544940585177034e-18
0,2.72663486608694e-09
0,3.9577283980060816e-07
0,3.232780955499079e-15
0,1.459779460129415e-14
0,9.259250156794005e-12
0,8.166198380877546e-12
0,7.196058082956418e-13
0,4.899398060359814e-16
0,3.65818764188681e-11
0,1.5232435167563758e-05
0,7.123567675975527e-08
0,4.797148412780044e-10
0,3.074039113773586e-12
0,1.0279023174396318e-11
0,1.992932235283505e-16
0,2.7296235979516573e-16
0,3.2027083898326126e-12
0,2.1126330128721492e-08
0,4.293906546914462e-14
0,1.266468526561815e-05
0,6.388698032544159e-12
0,5.810973053317911e-19
0,5.745828432434897e-13
0,1.0291820691081353e-15
0,1.0206260860767537e-14
0,1.9591225771544118e-07
0,8.618189546828032e-12
0,1.655415601127534e-13
0,2.7434037896031362e-14
0,2.245616126635992e-17
0,1.2943020060363572e-10
0,7.040780185702626e-05
0,1.4069138874664393e-13
0,9.330801093376475e-13
0,1.889324149305588e-13
0,0.0005111594599517001
0,8.408470765072137e-11
0,1.0828009587874314e-15
0,3.1251088971774424e-12
0,6.930407236434946e-14
0,8.443745246982659e-16
0,1.2765373168922484e-09
0,3.4726842004331016e-17
0,0.00018479961705217035
0,2.5146069570979374e-16
0,3.785646624608788e-09
0,1.35427812663975e-10
0,7.297382557127987e-15
0,6.63519448128058e-15
0,1.4235511317080457e-13
0,2.310795856485532e-16
0,3.685673650008294e-10
0,1.0782321942178529e-13
0,2.7854814411469656e-16
0,5.0904035113968515e-11
0,2.028325856075749e-11
0,1.702355965135332e-11
0,5.897500038616572e-09
0,1.2629396161305455e-13
0,4.1693779922310807e-16
0,2.849524505916485e-10
0,1.983322147032962e-06
0,9.519558561301262e-08
0,2.9458417172302397e-05
0,2.963459798044732e-15
0,2.8491537448761848e-18
0,2.453095177029525e-08
0,2.095984591461545e-10
0,1.5898002250265005e-17
0,7.858293489950894e-13
0,0.23104239993751446
0,4.0898638491462935e-09
0,6.855590410159793e-19
0,0.17415763227636566
0,0.1804377726711264
0,8.495307625164185e-17
0,1.2520142037360181e-17
0,5.445044907711369e-09
0,1.2881140035472411e-19
0,2.7846334203249844e-09
0,0.027983226869789993
1,0.9936249201988413
0,1.0417361288325703e-14
0,1.4041268039943739e-13
0,6.115901311054899e-06
0,5.9032294871936965e-06
0,2.444092195937579e-11
0,5.9126110048973166e-15
0,2.6734887889919044e-13
0,7.90560669521734e-12
0,1.2926082131454393e-05
0,1.9239673904013584e-13
0,3.0057129312008304e-15
0,1.3345445917330822e-12
0,2.1224913046759558e-17
0,5.883861241726489e-07
0,7.108197848867862e-13
0,3.7507763648954585e-16
0,1.2785384998537787e-11
1,0.9986933662190002
0,8.47596742722501e-15
0,4.8618494103042135e-18
0,1.141219524637108e-15
0,2.897131989655134e-15
0,4.039084061549192e-06
0,1.4960190089870452e-06
0,0.02316282453783433
0,1.7684879076085731e-12
0,0.002564873581540456
0,1.0481489623999824e-20
0,1.1206023643514318e-15
0,0.0005028532741288265
0,2.791101876453806e-18
0,1.1984731383846895e-08
0,3.238915218169407e-05
0,1.0936975917659965e-12
0,1.2456741816285585e-10
0,2.8121677594444817e-12
0,4.483781895681328e-15
0,2.075752441399369e-08
0,2.1961828875220053e-08
0,2.934902346468412e-14
0,3.127939548102986e-10
0,1.7296894669684722e-12
0,2.984484106673006e-14
0,4.201346284036641e-15
0,7.680084354510256e-09
0,0.000691530092767123
0,6.968941573275932e-09
0,9.723869263218836e-08
0,7.6042340503754105e-06
0,6.003250946660805e-07
0,0.0043336509781049335
1,0.9980170980212372
0,2.328694441441125e-15
0,5.533819019388864e-18
0,8.508540296717495e-08
0,5.269540158633206e-12
0,8.237353303591437e-11
0,3.968342214738252e-13
0,1.1836900431984613e-07
0,8.305419640565213e-13
0,3.916134823092632e-14
0,4.2098964972909415e-16
0,1.1649614434559395e-07
0,9.863241251098173e-13
0,6.714493110806124e-06
0,0.9984112828873304
0,2.9080778962216134e-05
0,0.0012330012982669442
0,5.347199493330273e-10
0,0.0021506083491659145
0,1.6403228513334553e-13
0,7.862078803199751e-15
0,9.071603897339315e-07
0,8.474899156927898e-14
0,4.2101606104031574e-14
0,3.505441379658515e-06
0,1.9778873951123755e-09
0,0.9992373687849856
0,2.054910041968525e-17
0,4.719941229755206e-10
0,3.5934858660679974e-07
0,2.598472212583748e-08
0,5.49978473949087e-09
0,4.570997516404015e-16
0,3.218930932928041e-07
0,1.3381633704222153e-15
0,9.397840420271032e-16
0,8.344096220246888e-12
0,3.305186567379406e-17
0,0.747974272917564
0,1.832274291529348e-14
0,6.252355251359908e-13
0,8.136257255575625e-11
0,1.8530416420299674e-10
0,1.0792361692736754e-18
0,1.0845071191953659e-09
0,1.6342256383104457e-13
0,3.467335209013837e-16
0,0.0019343022182809453
0,0.0008381624073097397
0,6.91673074158622e-10
0,3.0052081839494404e-09
0,3.880654404425571e-06
0,4.211446886192578e-15
0,1.658900316299015e-19
0,7.303463183563804e-16
0,1.5673414812158274e-09
0,9.046932448154316e-15
0,5.827449611529225e-17
0,1.6699979725037043e-17
0,2.2691676331044926e-16
0,1.89249850453398e-11
0,4.208566967783783e-16
0,6.390844557353206e-18
0,1.500355702108341e-10
0,5.163041777831779e-10
0,7.562191716888033e-06
0,0.7864545815260241
0,6.906126350951646e-09
0,5.1345794052073594e-12
0,1.506798715958354e-12
0,0.00034614345821987023
0,2.0501924380537847e-14
0,7.455371728632818e-05
0,6.642122035912485e-15
0,7.740993278373752e-11
0,3.8969033737013847e-16
0,1.9193539333075407e-05
0,2.034090797873189e-09
0,2.343832179295363e-07
0,9.008757767612196e-10
0,5.365331609818397e-17
0,2.7557718838441657e-17
0,4.694981187207802e-10
0,1.737672509534199e-12
0,1.021739197078255e-13
0,6.98639570172102e-13
0,4.0513605385173994e-14
0,3.124561399564158e-10
0,1.1630881118081026e-12
0,1.3446496270498996e-10
0,8.127265889000917e-07
0,8.474715693292159e-14
0,6.871507589056712e-20
1,0.8453818793560376
0,4.088436754176198e-13
0,2.398927590486207e-18
0,1.5324182302658974e-11
0,4.465371400029561e-16
0,9.396997068414152e-09
0,2.40571110733418e-12
0,1.9329918542363673e-10
0,2.089260633677062e-12
0,4.217472033964438e-16
0,4.595690049116778e-13
0,1.3449537883505722e-06
0,7.910963824178634e-14
0,0.12738951716840172
0,3.7573727752406056e-17
0,2.738530445181157e-12
0,1.6966932793058294e-16
0,2.7116912410258875e-09
0,5.167979734681608e-10
0,0.000361651488840457
0,8.66579824008603e-09
0,1.0466000688365579e-11
0,3.075933104957343e-12
0,2.080055868608544e-09
0,1.0494774785809756e-11
0,1.1383578996604274e-08
0,2.9175347312604662e-15
0,5.293373208832509e-12
0,7.053660048627584e-13
0,2.064116450980051e-10
0,2.4516225076094447e-12
0,7.385531640970149e-07
0,8.130257555228932e-13
0,2.627041108450571e-15
0,2.363924247340909e-17
0,0.008694814985236516
0,9.463680272198495e-07
0,0.007538350686761948
0,0.0003471571791949283
0,7.611240801448284e-16
0,2.9452354027867696e-15
0,8.393670587123761e-17
0,2.6156476199486915e-09
0,1.9496003220448963e-10
0,1.3359931469339842e-09
0,9.062601331591932e-13
0,1.853928616332096e-07
0,9.625309168984477e-14
1,0.9999996178639631
0,0.7316348620750864
0,8.321826986432906e-12
0,6.713372863387615e-14
0,6.492221380831589e-06
0,1.0085232027841633e-11
0,0.04794785001337836
0,0.10924998766495451
0,7.22327056584769e-14
0,1.4135042795878034e-16
0,0.0008631831599368905
0,3.318217322975388e-15
0,6.6290302488321785e-06
0,5.3093560019536815e-12
0,0.00019773765133579728
0,3.207701146630192e-16
0,3.1763056165034684e-08
0,1.544362945944631e-13
0,3.0824086957378003e-18
0,2.086878361318553e-15
0,0.021210775441678858
0,0.008230970670383692
0,2.1605474680455355e-13
0,1.0273763192042639e-05
0,7.012453076149859e-05
0,0.013629460929069963
0,1.8580855503460583e-10
0,1.6105776477110835e-11
0,1.4790984086711216e-12
0,1.0307945533931135e-06
0,2.1833682875880723e-20
0,4.91993641191233e-18
0,2.1602947968079118e-08
0,8.907209761636424e-08
0,2.5523383608488264e-15
0,1.2723111146111417e-14
0,3.0883411252298923e-14
0,2.819905647320378e-16
0,1.059448053239891e-16
0,1.9945630260773247e-07
0,2.8103956705189055e-10
0,1.8795641703850286e-15
0,5.746394940945423e-14
0,3.2363427190367317e-12
0,1.1943043913256823e-17
0,6.507416879652287e-05
0,1.360302094106763e-15
0,3.5659364917919397e-13
0,0.00340925281462759
0,1.3629367617178268e-14
0,1.2753277549650684e-11
0,5.853405757181571e-10
0,9.962749666002687e-05
0,1.0662255144339282e-16
0,6.09547879416845e-13
0,0.0021703248937109394
0,3.9180378621572906e-06
0,6.95555529884592e-16
0,2.9991661023685037e-13
0,7.542232131605802e-09
0,4.3921259443566983e-16
0,1.048956901040384e-14
0,7.555482454481848e-10
0,5.151513023022187e-15
0,3.517679565492329e-10
0,9.18547894336744e-17
0,3.358206861328929e-11
0,3.3630565094765023e-06
0,3.384048292497992e-12
0,1.3202940381388344e-16
0,4.251521140334144e-12
0,1.043974188559004e-06
0,1.1632112532304967e-13
0,0.00022616592445345374
0,6.186420985490848e-05
0,4.556917458098745e-10
1,0.9994592684431147
0,3.497465087983612e-13
0,7.845920683185752e-12
0,2.6691607761507167e-13
0,1.2646247791113332e-10
0,5.502565292282801e-13
0,4.2504492862628327e-10
0,8.97721871809485e-13
0,1.0739551340168445e-15
0,2.215306836496094e-11
0,7.437301191722009e-11
0,5.675244792599243e-16
0,6.114411054903671e-13
0,0.00019488518887462766
0,1.937324147944252e-15
0,1.4153738327373023e-08
0,2.6874544779852393e-08
0,1.9651376066389906e-09
0,9.768420261549595e-10
0,2.3218655535564417e-08
0,1.5660511758551663e-14
0,2.6532068890250245e-15
0,7.497874652107372e-08
0,4.959697737509142e-16
0,4.28152951801574e-09
0,1.6929782982038468e-08
0,4.462940085165967e-12
0,6.705730602170181e-07
0,1.5815302225757605e-17
0,3.3443231057552216e-11
0,3.1609692358515793e-13
0,3.6787385914306086e-09
0,5.401432190857387e-16
0,1.113714038528989e-14
0,0.0004930973755555907
0,2.0606671867901776e-14
0,1.3086819512903838e-11
0,1.678752251583816e-10
0,4.157792084056645e-15
0,0.11948879660183266
0,2.5332340788775755e-16
0,0.001181348252340237
0,2.6977988582151325e-07
0,3.0709084772052504e-13
0,1.3088773666565807e-14
0,5.429727131335171e-16
0,1.446001245008322e-13
0,1.2941704502948149e-14
0,2.8562871027750535e-16
0,3.683858427045223e-15
0,9.374436075155041e-19
0,1.74461603757639e-10
0,0.0004042493648782546
0,1.1616409633989772e-10
0,2.4477997950961972e-08
0,2.182038427638378e-11
0,1.9763293847670635e-12
0,1.578622703495724e-09
0,3.657464878630459e-18
0,7.2582359236233055e-06
0,3.555513962405918e-09
0,0.22543674818785803
0,2.7813059951791094e-11
0,0.005654818887439409
0,1.0840615432809774e-16
0,3.245000946507601e-14
0,1.211191986255112e-13
0,1.0817117360920771e-17
0,5.5869623782846904e-11
0,5.903765038650143e-16
0,2.4203291912529463e-13
0,1.2798850619777614e-10
0,4.522292342345332e-15
0,2.5877545990096134e-15
0,0.00020637633171583167
0,3.81777896636204e-17
0,6.784456402273295e-09
0,9.32602642196924e-09
0,4.574433857145731e-09
0,2.845782161561566e-17
0,2.614946106537728e-15
0,2.096454341690053e-06
0,3.9816217631450537e-11
0,0.0002724163228639781
0,2.3673377340986904e-17
0,1.579517961024652e-11
0,0.005357021673585878
0,4.988562163359564e-06
0,6.6626887911678865e-16
0,4.168784277578503e-13
0,3.371184173659693e-08
0,1.9686381126081054e-15
0,3.1910046145785636e-15
0,2.870528856228787e-14
0,1.3371726092565744e-13
0,3.514137674687623e-12
0,5.268346407327659e-13
0,4.508958423048874e-14
0,1.3416179495025483e-19
0,9.989813704751235e-16
0,0.0021584258588992285
0,7.762203304873602e-14
1,0.9999547393200819
0,2.030637076059693e-11
0,1.0985823235311868e-16
0,1.3565859763423426e-12
0,2.5969616774395904e-05
0,1.991739374743211e-06
0,6.204037777535855e-15
0,8.838193223820403e-18
0,6.331967236078594e-18
0,1.7032611383686283e-11
0,1.7997821933530014e-07
0,2.044802004707423e-08
0,0.9806876411681311
0,9.087103111620432e-15
0,2.611368464489452e-16
0,1.84805796587544e-09
0,7.274495238521543e-18
0,1.8563166012041924e-16
0,2.338571086041528e-13
0,1.9303246448657837e-06
0,1.595740904535996e-12
0,0.0012649756241421258
0,1.2545570689821605e-14
0,0.0026613526943267403
0,5.797441901920443e-09
0,8.356482233383551e-12
0,5.6065753897703644e-18
0,1.7072925767266117e-09
0,1.6660372533516678e-17
0,1.71791861764038e-16
0,8.908861086728294e-10
0,0.21909710006475688
0,2.5766921684904286e-08
0,2.8345113329360775e-14
0,1.9695956628455996e-05
0,3.663951297502244e-09
0,7.679040666219083e-16
0,3.0913398105501483e-15
0,2.1793935805985373e-11
0,5.214199716009849e-10
0,4.119675899469925e-12
0,7.991637548264393e-14
0,4.060483298252013e-08
0,4.012224370493836e-10
0,1.2922702041155172e-09
0,1.2545236716331842e-11
0,5.25990478567511e-12
0,1.5688045976829865e-18
0,3.9212140209292993e-14
0,8.862248786602861e-05
0,1.5637884325794315e-13
0,5.192062326599364e-13
0,1.4734775768253492e-18
0,2.902844601635641e-17
0,4.2771697696005126e-16
0,1.5689100640239505e-16
0,1.8936768630209864e-11
0,0.815498408770583
0,2.9039291258411514e-08
0,4.5351280378677494e-11
0,1.1336159733940243e-06
0,7.81638549779963e-11
0,3.80775186178599e-11
0,0.5348044498605681
0,1.2894987265260279e-11
0,4.955851318940848e-05
0,6.059311075964377e-12
0,8.02194327357116e-09
0,7.5625764443884e-09
0,0.0003128160053679118
0,7.207264485989009e-11
0,4.55674461194011e-08
0,2.6068106187485283e-14
0,2.322805430367037e-16
0,9.047110932300622e-14
0,1.6549274825765567e-13
0,9.737689981032972e-06
0,6.122557972314977e-16
0,3.6768198117347606e-12
1,0.9992339529815005
0,0.08349918139888642
0,7.959639204970142e-08
0,1.2583646500826542e-17
0,2.1867694657722067e-14
0,7.758796069562855e-11
0,0.0026516569793991994
0,5.540826856928719e-14
0,4.144445560674229e-19
0,0.07579594877592442
0,2.2157864441731437e-09
0,0.9899736877326353
0,7.062294902772152e-11
0,1.7977216925104518e-10
0,3.463045194534305e-16
0,5.067668050721566e-18
0,3.837226194353314e-15
0,3.500406967538455e-17
0,2.0573634658096365e-15
0,0.00012253464629778953
0,1.2877107094675662e-16
0,0.00031688813277462634
0,1.8576648258537889e-10
0,1.2921707838612186e-15
0,5.590782948577232e-10
0,1.3803117773841295e-16
0,1.5651214472065128e-09
0,2.025398133663384e-14
0,2.4461321438197263e-06
0,8.214367225718709e-13
0,6.953048247689771e-15
0,0.9635884685197715
0,5.120128888874248e-16
0,4.5275170813103183e-13
0,3.5387641142255046e-15
0,2.0575374440978784e-15
0,1.0953106805643213e-17
0,1.0718107144291773e-20
0,4.639566717131614e-15
0,0.0004864213778605085
0,6.282561299991829e-18
0,2.3209371018840706e-16
0,7.469127404912336e-20
0,1.55435583714679e-12
0,3.8108786989561556e-07
0,1.6056467119354536e-19
0,4.997998333010152e-08
0,5.604603458969856e-11
0,8.037879903065087e-05
0,1.0784761237864663e-18
0,4.9601535905229286e-14
0,3.0345799999036053e-16
0,9.167389931745489e-12
0,1.1848255174117275e-08
0,0.00031018036191775094
0,5.0328120634249805e-08
0,7.381393932345082e-10
0,1.4212262157653921e-09
0,7.67397013645323e-15
0,3.03354881876556e-05
0,5.598403746554889e-17
0,1.2088826539006148e-14
0,7.917105577622889e-13
0,1.7914335479251388e-14
0,1.8093025288102553e-17
0,3.8993614059929545e-16
0,3.006251063010965e-17
0,7.669094600904138e-10
0,1.1980907733023384e-13
0,1.1713502551730188e-06
1,0.9952413084630398
0,1.6961018045887426e-11
0,1.5561491983658922e-07
0,4.706603810963846e-07
0,4.103626625249334e-18
0,4.542875430906585e-16
0,5.518597895821414e-17
0,1.1452744172536673e-05
0,0.0010378948879672207
0,1.053210252973235e-13
0,9.011686213489055e-13
0,3.040289838922178e-14
0,3.377169887574801e-08
0,3.716314876723282e-05
0,4.691536548921734e-13
0,1.4059333769014632e-15
0,0.033447585095002515
0,3.631009603082522e-15
0,1.5967462523985967e-17
0,3.6067499385160283e-14
0,5.389133023306285e-12
0,4.926031586517042e-11
0,0.0001221165740460791
0,6.078249337131309e-10
0,6.869843727115289e-12
0,1.7909394268625943e-14
0,0.24063487252855667
0,1.1313442945545117e-09
0,2.3319303506469194e-12
0,1.659120847390394e-14
0,3.344858339963213e-11
0,1.8488231072898344e-16
0,0.9754700828785834
0,2.774134138451701e-16
0,0.00201496501319723
0,8.761294136981228e-08
0,4.19085011692077e-20
0,4.31993463424866e-10
0,1.8343531317238143e-09
0,2.02485372553605e-09
0,1.8485824705376466e-17
0,4.49758742676941e-09
0,4.190040286057901e-09
0,4.02492893544844e-13
0,2.155187630911694e-09
0,1.0999691857111708e-13
0,1.2423948302844706e-09
0,8.231327528813673e-19
0,0.48751160738479793
0,1.561804942239897e-16
0,0.0008429456791790205
0,3.2653637997149564e-09
0,2.005092657893497e-15
0,3.452373784821775e-09
0,1.186317466805907e-09
0,1.550163702651767e-12
0,0.1454943288297485
0,3.7595652879961775e-12
0,4.2890412751035915e-11
0,1.7125003101277544e-10
0,2.7418970088968013e-06
0,1.602571162320873e-08
0,9.522549216244783e-12
0,1.5051334066236434e-05
0,4.1922068802172015e-17
0,7.852737213426441e-11
0,1.1112674868669883e-08
0,2.3438690569017897e-09
0,2.5117281271408737e-16
0,6.008555250542839e-15
0,0.9995288082836361
0,9.687749820461744e-17
0,3.511869275230627e-11
0,8.24432817525027e-07
0,6.442699884491179e-09
0,3.5019455889898735e-10
0,1.4368469342124252e-20
1,0.9490924566154413
0,4.1486278225712167e-10
0,3.207708032126099e-07
0,5.017654942988173e-09
0,3.134162331717002e-06
0,3.1390532058234847e-12
0,7.74737332051552e-15
0,7.89862005603077e-09
0,3.9326796275961973e-11
0,0.0006540311686870382
0,1.6034033602782275e-17
0,4.9238081607262304e-11
0,3.889586608628305e-15
0,3.326543565293535e-17
0,4.7351605879439574e-12
0,5.848159568816141e-10
0,1.982430709079892e-05
0,9.567551710903885e-18
0,8.014999238979016e-17
0,2.354138303083928e-18
0,0.7317211175528532
0,3.4281894832436646e-16
0,1.6990364599589757e-13
0,3.692524441110903e-08
0,8.086812004061053e-15
0,1.0480579697181104e-06
0,2.5446446539041063e-07
0,0.004835096464732089
0,7.663706424390806e-09
0,1.0100032655100174e-15
0,2.5154793364527154e-10
0,2.130472685097043e-08
0,1.713934289744897e-10
0,0.003849989400031235
0,1.1720396138932027e-12
0,3.024938588760891e-08
0,1.0569049803959393e-10
0,1.823159913508125e-15
0,6.880246723786492e-11
0,5.204440797548518e-18
0,1.5351048750399386e-07
0,4.682019073953038e-19
0,9.203959987702898e-10
0,6.647904574616982e-14
0,3.2024166981946755e-16
0,6.400730686893025e-17
0,1.1091499411076044e-12
0,1.9268117431689247e-10
0,3.1329272526811515e-16
0,1.3933870515710635e-20
0,8.254421893088837e-12
0,7.515234534031692e-13
0,8.633582881655573e-08
0,2.5844897000136626e-15
0,8.032241426002123e-14
0,8.703527425722056e-15
0,4.696153301807616e-17
0,0.05930643942688257
0,3.278368188234785e-10
0,4.0309699288422614e-13
0,7.488994764770198e-14
0,1.3667679604904015e-21
0,2.326439957102694e-16
0,1.9010978109657568e-07
0,2.1356452542409542e-14
0,1.42867200590304e-14
0,1.2969010240013536e-09
0,1.654919029550522e-05
0,4.0668130296014483e-16
0,2.6614047123066934e-16
0,7.130441580801664e-13
0,5.620061582291933e-13
0,9.697995584829248e-05
0,1.0809779842336956e-15
0,2.6549202822929017e-08
0,3.4922788286396074e-09
0,2.601958610413439e-11
0,2.2229107511420953e-05
0,1.042847030613534e-15
0,2.12060272083041e-13
0,8.796826416416212e-15
0,8.45726494109598e-09
0,1.0337863464261339e-13
0,1.674324516106188e-07
0,0.5559941011304546
0,2.365068407126186e-14
0,1.0471058775551446e-13
0,5.999714700864356e-15
0,2.868674605185379e-06
0,7.013700474473673e-13
0,2.545795921810665e-15
0,4.361369156929635e-16
0,3.244277325826753e-13
0,2.9933078840879505e-19
0,6.307811155394141e-12
0,7.958585700176442e-17
0,1.6571507483459932e-16
0,2.241728348408011e-12
0,0.0014251493698958853
0,1.2556901015312089e-07
0,1.4236994767118114e-11
0,8.640912513675776e-07
0,5.863484439692144e-18
0,9.92072838217916e-16
0,1.3741903421398544e-07
0,7.010410462041945e-14
0,6.861155460493783e-14
0,0.0003147643436540521
0,8.21674904156642e-17
0,6.501406026595046e-15
0,6.156066487835051e-08
0,1.4564484097115135e-13
0,1.8900685587956135e-08
0,2.5681073684095794e-14
0,6.266947018569313e-10
0,1.1785773368252219e-11
0,1.6647228485931307e-16
0,3.7399571093306694e-10
0,5.5552356196723895e-06
0,4.803271116507909e-10
0,3.268772612758718e-17
0,5.3542008509673813e-14
0,8.239763485907716e-12
0,1.3478247159567596e-10
0,7.249124697107756e-12
0,1.4395234651277945e-05
0,2.0624277408764098e-17
0,2.553225536241149e-09
0,6.630755214992077e-08
0,7.984392110157299e-16
0,6.515318785670306e-10
0,3.481575572836228e-07
0,0.005740316138404948
0,3.9532786901268424e-12
0,1.2986554299407834e-09
0,0.0015390615031518247
0,1.9562253976884324e-09
0,0.00023076979255413265
0,4.71390920162896e-09
0,1.805769882456658e-16
0,0.00022048416346564224
0,0.00011664491243178944
0,2.3987671709469795e-10
0,6.214329499847951e-11
0,2.7502910434640127e-18
0,8.870225305356583e-09
0,2.3374997785095317e-05
0,4.056875520380435e-10
0,2.557001387998719e-11
0,1.88267451712631e-09
0,3.341501595338165e-14
0,3.461177831600465e-08
0,2.374424172763603e-06
0,4.599092100620819e-16
0,3.714875260383379e-15
0,8.064080718823198e-07
0,2.6203943606776237e-08
0,0.0007862122923963213
0,4.2484051249500614e-17
0,8.91151289710124e-11
0,4.4758096463070356e-13
0,1.8141522954683857e-12
0,2.2319006079068552e-10
0,8.8825903450262e-16
0,7.793784065453985e-14
0,8.931143016998126e-15
0,0.0010344631933087592
0,2.4623314879902602e-11
0,4.6820687323415656e-09
0,1.678152993570138e-14
0,1.934666241847279e-05
0,2.911583030933903e-14
0,2.2339068911940293e-14
0,7.208534748187254e-18
0,7.195171137573766e-11
0,6.745875490367222e-08
0,1.125758415203859e-09
0,2.019982094389822e-13
0,3.4251062312178993e-09
0,0.002039142927601656
0,1.007763500834748e-11
0,6.474094748112091e-13
0,1.1816261224575714e-12
0,3.9355768244591165e-14
0,3.670583235060232e-16
0,1.8934440328133538e-10
0,9.061875322899405e-08
0,1.201120498853502e-13
0,4.462951505808798e-09
0,2.3088157158123e-11
0,2.088849475612176e-17
0,1.443144914964839e-11
0,2.0165883637886763e-07
0,4.0837348905287747e-19
0,4.381459830545841e-12
0,5.196249734509094e-13
0,6.258113322462405e-09
0,1.4023354147265877e-11
0,5.0741582703562845e-12
0,3.4783600248213064e-13
0,9.80809164837671e-15
0,1.7612303223030833e-09
0,4.4448390629930674e-10
0,1.1397187155375836e-08
0,6.350822135406961e-09
0,3.9006469462269504e-11
0,6.2234620870922285e-09
0,2.5166394538449235e-06
0,8.725678574929562e-13
0,3.559146901671366e-17
0,1.0218041624717574e-12
0,0.34903897132835937
0,4.2306051093708253e-13
0,2.1102062088338992e-07
0,0.003056741262725413
0,1.0540730571065676e-13
0,1.2931100689046236e-12
0,0.11808491146031269
0,1.0697561620660558e-10
0,9.979359779838385e-10
0,1.5191116110124943e-16
0,5.422643269751374e-15
0,0.008775509293730522
0,2.0113488750120262e-13
0,9.943570561715064e-14
0,8.725409756652534e-13
0,5.874107945347215e-10
0,8.639941091459239e-15
0,5.4302054206843596e-12
0,1.4558591230589582e-17
0,4.203254149097601e-08
0,1.0262124578928541e-12
0,2.7302703869622167e-12
0,1.2017214091134091e-13
0,2.1049977125176016e-16
0,9.913316146168621e-05
0,2.883484160681829e-07
0,0.0012977260574773691
0,1.888030227314444e-15
0,1.7846186147687585e-13
0,3.535903977213268e-11
0,3.241545192211428e-05
0,0.10252165023299759
0,8.504356115160484e-16
0,2.4359051057773367e-07
0,1.3002182770052856e-15
0,4.912615714972254e-15
0,0.006020290412602346
0,1.8072287615768516e-16
0,2.979967107013069e-09
0,1.1911578208141114e-13
0,4.9709992362809076e-17
0,1.9544082685625054e-19
0,7.132689019858616e-16
0,3.417943921540314e-12
0,6.312185917666721e-15
0,2.3507297240725386e-08
0,5.6274896188211755e-18
0,1.862489123831848e-12
0,2.68386950295154e-18
0,2.4114213630225397e-05
0,0.0038057448043098546
0,3.259735645872057e-14
0,1.2236369229786151e-18
0,6.537742854981036e-11
0,8.126231105857011e-17
0,2.2544453871329305e-13
0,7.098478457496693e-17
0,3.7020383818545875e-15
0,1.0442636870555618e-06
0,2.6595591330253744e-07
0,0.02295361986070049
0,0.003996028407798616
0,0.08620343346406749
0,4.633590434883684e-09
0,3.476381388649991e-08
0,1.771231922516171e-14
0,0.00010010889387443152
0,9.488867967606464e-13
0,3.15791824870029e-05
0,9.245321998512728e-06
0,8.169951637830113e-17
0,4.1979282037315546e-05
0,1.5220498776760546e-08
0,0.004872992005836336
0,7.243538498037384e-13
0,2.0300939964252822e-17
0,8.477367167056242e-08
0,5.846826407080543e-18
0,3.6135418450838926e-16
0,5.657368337281792e-16
0,1.736475657242202e-11
0,8.453957566620189e-16
0,0.015128095432129875
0,1.9188018817050143e-08
0,4.536387274431078e-06
0,5.57260949457298e-15
0,3.0102613720532925e-14
0,4.902234962581077e-12
0,1.5776376972996062e-15
0,1.6563185092253972e-10
0,2.3800123543483857e-18
0,3.691279492537875e-08
0,7.245861961518859e-09
0,7.550478114508115e-06
0,5.6619568880038814e-11
0,0.7823363409009395
0,7.769761467658558e-18
0,1.765082703181991e-11
0,0.00024305391730885674
0,1.3478700077734369e-09
0,1.181545448004641e-08
0,1.207082295152713e-08
0,2.882524646807475e-14
0,6.098504917459096e-14
0,5.3602847339543196e-06
0,2.200810629841693e-15
0,8.11022847534697e-15
0,2.2669298167105223e-17
0,1.8109734200681673e-07
0,2.765166895332871e-09
0,2.173375531070052e-07
0,8.25384804704604e-16
0,4.49634787123539e-16
0,0.040541979205425197
0,0.06575532440946047
0,4.946916180436895e-13
0,4.143197600291247e-06
0,4.102118711728801e-06
0,5.852939633012206e-09
0,5.585126440145685e-16
0,1.0082627146084961e-11
0,2.885547142795653e-09
0,2.5681565195291144e-14
0,6.537932326314186e-16
0,3.89545197878366e-09
0,1.9193090368577677e-07
0,0.025414436505383515
0,6.844524989872503e-13
0,6.917745012917285e-10
0,1.063700440155537e-05
0,2.2011055735387475e-10
0,1.235439144731467e-10
0,4.603894388067662e-13
0,2.515426403406672e-11
0,2.075335572901443e-05
0,1.5584408995255952e-07
0,9.842566282810258e-11
0,1.8212979092389687e-09
0,2.7116594150822463e-15
0,9.120077974070998e-12
0,4.584919157124363e-15
0,2.2960753605331057e-10
0,2.3764690786132554e-08
0,6.9863441377574695e-12
0,7.571833933568519e-16
0,1.1669015667242807e-13
0,3.956690937189061e-14
0,1.5235722615398954e-15
0,2.1471147785262817e-10
0,0.00015630841884104366
0,4.883428900478378e-10
0,4.14826896822039e-16
0,1.764041671710954e-10
1,0.9999981886929407
0,3.494139579002482e-17
0,3.5959556433534494e-15
0,0.014220166525500033
0,7.616743692022678e-17
0,8.679559037030856e-17
0,1.19430994929466e-11
0,1.1174920816890349e-17
0,2.1829593372296568e-06
0,6.653749677150882e-11
0,7.558387839818019e-16
0,3.198603110318932e-07
0,7.165762725993634e-19
0,1.345685521393347e-14
0,1.0620496095805639e-07
0,5.169465038346601e-16
1,0.9999016051688283
0,3.542060633062509e-10
0,3.4762999605523074e-13
0,7.785728168745241e-13
0,1.7601746685469515e-18
0,1.7506883085484498e-07
0,1.8432926404171014e-09
0,8.618682611673083e-16
0,1.817837891923515e-17
0,7.3871280974223296e-09
0,1.4685742059431495e-09
0,4.30572031378025e-15
0,4.0818767549849254e-15
0,6.921740176234541e-14
0,2.9835661222752605e-14
0,0.0012356124309649606
0,2.166972877771575e-07
0,7.891756717473215e-09
0,3.707099793832266e-05
0,5.05528455656962e-15
0,5.5287248893983064e-11
0,3.823196510614095e-09
0,2.71100962002039e-11
0,3.4093931512124777e-09
0,3.3520152495377156e-17
0,6.841900940523236e-12
0,8.295709348709485e-16
0,3.266293041289371e-09
0,5.4686743632680574e-14
0,1.0945480526070475e-07
0,2.778286957802866e-06
0,9.524322894051366e-17
0,1.2671152775089021e-10
0,7.901729243783299e-18
0,1.03610477457456e-15
0,2.064121505699095e-16
0,0.015960243362169474
0,5.1638305486253116e-12
1,0.9584805742833732
0,2.2400129833312594e-09
0,1.3752320594128095e-14
0,3.0114192688618606e-18
0,1.4901925821275534e-20
0,1.4613593103512996e-16
0,3.337767913149823e-10
0,1.8306663447897411e-06
0,4.562971716157582e-11
0,2.6729620626274633e-15
0,5.85660276796052e-09
0,0.00855734349329459
0,8.723196804989753e-05
0,1.3403359917100103e-05
0,1.209838338205063e-11
0,1.1730916049139612e-10
0,6.205330632052337e-14
0,1.4425208503485227e-05
0,3.29464204616607e-15
0,3.9900178246208784e-17
0,2.8243306295699287e-11
0,1.7485377767350267e-08
0,0.0006331535975191107
0,2.064605043698366e-11
0,7.299997857737136e-12
0,3.1712571879660276e-05
0,0.00041512366046363635
0,2.434803372640977e-18
0,4.002055957639781e-16
0,3.440342561657693e-15
0,1.8070963652670366e-11
0,2.577917905114704e-17
0,5.574078024314096e-16
0,3.443249382087478e-06
0,4.342583096448931e-07
0,1.6084117619711687e-14
0,6.847326807273851e-15
0,1.3491069492020767e-17
0,7.378065406750406e-13
0,9.6618489816148e-10
0,6.083470151277436e-13
0,8.986871226533407e-11
0,1.456819259196054e-16
0,1.1786225679100352e-14
0,4.526001137247972e-17
0,0.0010664534838444757
0,2.2562864065775642e-13
0,3.6000618637386e-14
0,1.3892997285080554e-11
0,5.984698143411148e-13
0,1.8708753775507725e-14
0,1.6082844254344714e-15
0,3.3017680875061286e-17
0,6.841381418275229e-07
0,8.39053694547793e-09
0,7.861628819343561e-14
0,0.5837951295664375
0,1.0990644875889485e-08
0,2.860926549309323e-13
0,1.5903223729376437e-19
0,4.909024379438817e-11
0,1.310858095274392e-07
0,0.08187033210416449
0,1.762353654247831e-12
0,4.0937985718475674e-11
0,3.162910935694963e-11
0,3.1474969749798903e-12
0,2.0020614479562264e-15
0,6.269577626619836e-18
0,2.809565830026383e-09
0,1.4478100322317096e-07
0,1.5500253383344831e-18
0,1.0113324835315657e-13
0,4.339909933284748e-16
0,1.6155218222884916e-16
0,5.543835318721153e-10
0,7.13116180516248e-15
0,1.691352500179371e-08
0,0.003201590086439267
0,8.050192522625364e-10
0,1.2681111107060902e-17
0,7.593431239797995e-06
0,1.2647717703015373e-11
0,3.992548028584627e-13
0,1.6508238267493157e-13
0,1.885845153548573e-18
0,3.6308743002137606e-15
0,5.650687926696007e-05
0,1.2688223283251438e-08
0,2.4814463526688083e-10
0,1.1789205889803506e-09
0,0.013482294792515519
0,5.030146916924377e-13
0,6.293256555408725e-17
0,6.17351271596786e-06
0,6.070625877961722e-07
0,2.6727754845646883e-12
0,7.279216744700524e-07
0,7.158900731311292e-15
0,3.814673671771412e-18
0,1.7435170298107329e-15
0,6.259666593254546e-11
0,4.967071488771786e-12
0,3.189380537435354e-15
0,4.240409654905512e-12
0,1.7438757482897088e-11
0,3.407401814835789e-07
0,1.2609498562979747e-13
0,7.638217508335794e-09
0,3.0866605566564075e-09
0,2.9804589326184613e-07
0,1.1967626851509533e-19
0,3.8767993453186606e-11
0,3.3649044985706455e-08
0,9.875608658541677e-15
0,2.964783151511916e-13
0,3.291017183910909e-09
0,2.4130384796380835e-16
0,1.6520832617942843e-14
0,8.611698188099436e-12
0,1.2866417554183318e-13
0,2.377291022935732e-11
0,2.993690582682646e-11
0,1.9495607912673154e-12
0,2.4962125154396885e-10
0,5.2294139231302117e-11
0,1.5032289933892793e-09
0,2.2249415226225818e-07
0,1.5150198412100668e-18
0,9.963739227880448e-17
0,7.117618685442024e-09
0,7.194327550222186e-16
0,5.628612967524705e-12
0,3.5296039933718603e-10
0,3.1377889765539455e-09
0,5.781217455582077e-09
0,6.363303631241047e-17
0,1.7349807513974955e-08
0,4.292997323198165e-05
0,4.116033334888698e-14
0,1.1669067805622335e-07
0,0.9996963663075669
0,6.378348187820298e-09
0,8.824887250095209e-07
0,2.863107162270146e-10
0,8.731524747295914e-18
0,2.8007983740843313e-09
0,1.0110903361503208e-09
0,2.2483570761589192e-11
0,1.2477950163852457e-17
0,6.312325259659728e-08
0,0.0006106957766539232
0,6.668251375597564e-09
0,0.022914171320738506
1,0.999903848440649
0,2.4108812024893453e-13
0,1.348800863582574e-09
0,1.5602644880670528e-08
0,1.124490341293162e-11
0,8.211653893695762e-07
0,1.3819276644446553e-18
0,3.544777926033758e-13
0,5.489444815102957e-18
0,1.379993212255132e-12
0,4.030517485124702e-10
0,1.4364116973381637e-15
0,1.2927576012378201e-08
0,4.1011324117999065e-14
1,0.9999926559581083
0,5.1718870458841376e-17
0,1.0847555372179033e-07
0,2.610778242799643e-14
0,2.0738799111120515e-08
0,1.1093436846776749e-17
0,9.010217368553361e-08
0,9.540798864724238e-13
0,3.321863467668508e-13
0,3.361312446655093e-12
0,1.1969752903114372e-13
0,3.614610967322594e-05
0,6.310975574303325e-07
0,3.821799803075357e-09
0,1.1550701788718504e-06
0,3.843595006492199e-18
0,2.5269397851772614e-15
0,9.856350810778345e-15
0,1.3873353789745932e-09
0,2.178343513822936e-08
0,1.33606703307897e-11
0,0.0001062057364610326
0,3.2036096955050446e-15
0,9.921889167274662e-11
0,3.687848275938479e-16
0,2.0129270690069883e-09
0,6.908073759133834e-07
0,3.5225185464198203e-09
0,2.452394225030498e-07
0,4.961737283348578e-10
0,7.742181606194007e-09
0,2.4151243285969567e-10
0,7.427548697111103e-08
0,4.942190412279468e-15
0,1.0573513906114859e-06
0,1.189236331559184e-09
0,1.4762308576215602e-06
0,5.890196624810993e-12
0,4.757404323901599e-07
0,2.0595936520629207e-07
0,1.1725221993615348e-06
0,4.180622270087359e-05
1,0.9998337946587901
0,6.048714126364948e-17
0,1.0302258459461584e-11
0,1.125051081683477e-17
0,6.189156342744687e-09
0,3.6387822531144685e-16
0,4.606998070985753e-16
0,0.06430439247655832
0,0.018586447321301987
0,1.00960671079578e-15
0,1.8717117557819016e-09
0,2.3193621673211682e-09
0,0.049089132629270185
0,2.542493321531101e-15
0,8.670925187689357e-10
0,1.8581676305273215e-16
0,1.2006669209824032e-05
0,5.947695459591033e-16
0,1.0094126505240467e-08
0,1.7338014450231642e-09
0,3.529579655466925e-07
0,3.155571845631263e-10
0,2.1648864724381357e-13
0,2.426498989677789e-15
0,9.23981955386927e-19
0,2.893612858177018e-14
0,3.0216679862242895e-11
0,1.3465047692119359e-15
0,5.9552359482285555e-06
0,5.702130276308858e-08
0,1.1291975663059174e-11
0,7.291293856986247e-13
0,9.861405865485184e-17
0,0.004243390105384368
0,9.276381347115493e-13
0,2.647256918603258e-16
0,7.265873490641392e-19
0,1.342376406771029e-06
0,4.163350401567838e-12
0,2.9585515854282283e-07
0,9.583703452095053e-18
0,1.7609736507364427e-14
0,2.0525661857494755e-15
0,7.22291376075912e-15
0,4.949136994550635e-10
0,5.831778337213508e-11
0,3.0637470112522625e-09
0,1.1850123466109174e-06
0,1.159952202848882e-08
0,0.0005738923763383069
0,6.964773878567075e-17
0,9.634439456836517e-11
0,3.7565042002105035e-08
0,1.8612492534870036e-12
0,5.389913476461969e-09
0,3.2537487729791455e-09
1,0.7875630184854996
0,1.7173211618964265e-10
0,1.9980480183915828e-13
0,1.3003172879687478e-11
0,8.399962277033523e-06
0,3.078818594676943e-09
0,7.824530629092533e-16
0,6.0121853580422e-10
0,1.4604080242782606e-10
0,2.1935487273150335e-12
0,6.250565068557061e-15
1,0.9658596075539605
0,1.4256854185452855e-12
0,1.6297220646133535e-18
0,1.1921156457317684e-15
0,2.1468554503714665e-18
0,1.166147928566633e-09
0,5.257502635696239e-07
0,1.683693923363249e-10
0,1.2997905101986609e-15
0,2.4165054364633116e-05
0,1.1722750099350872e-10
0,1.4357844899289935e-15
0,1.2689147503458282e-14
0,2.2927475198367556e-15
0,6.193256783674508e-12
0,8.009615325011668e-12
0,1.3077965884057147e-12
0,2.563246363224388e-12
0,2.84767293787095e-06
0,0.01205026344934906
0,1.455160166013699e-11
0,6.379331759357552e-17
0,0.019448779157532705
0,2.295563716066639e-17
0,5.1341916356211645e-15
0,0.0016168420247494042
0,4.457506698419334e-14
0,7.622452045478336e-13
1,0.9956763494589792
0,2.9729779354183084e-12
0,8.81927856138707e-13
0,1.4269377113821556e-06
0,1.1016166125521924e-11
0,3.6512783837602454e-19
0,3.9490364266156315e-10
0,3.2518016084825257e-15
0,3.300249170297124e-07
0,1.7519915734359496e-06
0,1.1096084244923228e-14
0,1.5628740450408307e-13
0,2.684842659541275e-10
0,3.1562868585278505e-11
0,9.753016184684758e-08
0,1.2875359780443085e-08
0,0.9917075240488912
0,9.787857589320007e-16
0,6.366150078293333e-14
0,3.149107180381827e-14
0,1.5829214297975701e-12
0,3.6716026257754205e-18
0,7.62815700555736e-14
0,2.91040526022013e-14
0,1.9431025901514714e-14
0,2.2268326468365418e-17
0,8.065760253783585e-11
0,3.174270114038225e-10
0,1.918873519625017e-15
0,5.818821120012961e-09
0,7.970001336004482e-09
0,9.644288824949985e-18
0,3.974706867383691e-14
0,7.595507890912248e-15
0,7.273457319318101e-16
0,2.7146667961978307e-11
0,3.6064243055188573e-12
0,1.8221017423237214e-13
0,4.422477256735751e-21
0,1.7001101368596388e-14
0,4.004168386337927e-17
0,2.0922738201480432e-13
0,1.5411104197082292e-16
0,0.0005104370163509868
0,5.973321182822499e-07
0,2.5569506424305023e-15
0,9.062961871466789e-12
0,4.4513665744467e-15
0,6.955449289110809e-14
0,5.984020258920356e-15
0,5.328055352618955e-09
0,4.286202217535475e-18
0,5.9933383218231254e-12
0,1.94915481385546e-16
0,8.287774301907501e-18
0,7.305962004975128e-12
0,4.5373183490885136e-13
0,6.577878934060595e-15
0,6.862374570711017e-08
0,2.1581354592308458e-16
0,6.332677777034242e-19
0,5.772846052174357e-08
0,2.5625011343098804e-11
0,8.30134152225213e-07
0,6.152568981854214e-14
0,5.957121098757885e-15
0,8.356371265656863e-16
0,9.126894835776857e-17
0,0.006757894250354115
0,1.202798694421992e-10
0,2.9626277441202896e-09
0,0.00401201959967023
0,2.2208776652185747e-13
0,2.5477432437827673e-14
0,5.529532164572856e-07
1,0.9999762153350071
0,0.004682481188464867
0,3.750021264780652e-09
0,1.1167525200545894e-07
0,0.9857293338276365
0,1.217847523843146e-15
0,6.085666276337506e-13
0,1.556711835062604e-17
0,1.705216770687625e-17
0,1.1025092823077616e-05
0,7.690010919543633e-17
0,1.435935476164948e-13
0,8.385354156125134e-16
0,6.4183870188100095e-12
0,7.00666094006089e-10
0,7.399780485302164e-13
0,1.0754793196430742e-07
0,2.991827226260905e-15
0,0.007635081286748716
0,1.2983749653717255e-14
0,1.1082902152228186e-06
0,6.33542793624703e-15
0,1.1033334838127904e-11
0,2.1995183309274924e-15
0,1.1401238152569037e-10
0,3.0608214739871863e-15
0,2.4956690023130366e-08
0,9.973184381532115e-12
0,3.2749044423382745e-15
0,2.8806655846236963e-12
0,5.231066804924251e-16
0,0.00026584723465864087
0,2.4930093345004043e-10
1,0.99992012142123
0,4.0310195702885265e-15
0,1.5916071905996187e-12
0,1.4162184800471522e-13
0,7.256329637109442e-15
0,1.3723210452697535e-13
0,7.356048552613822e-12
0,7.791524757289248e-14
0,3.542930528137417e-12
0,0.002658528428510457
0,0.3432906006327669
0,1.1713668043661924e-18
0,2.6371610672626575e-06
0,2.339761431263162e-13
0,5.759988375651214e-16
0,3.4505526903738725e-08
0,3.767848256530874e-05
0,2.9807810399223784e-14
0,2.7314182820239495e-16
0,3.0858024027297626e-17
0,5.916520786795192e-10
0,7.2619726230722175e-12
0,1.7679786977094842e-15
0,1.692508108716299e-12
0,0.0002154562087796947
0,2.814617832381664e-15
0,1.1319782301841292e-10
0,1.933299131145601e-16
0,2.9516551803807878e-09
0,7.696941373285439e-07
0,1.5511004420391108e-08
0,5.646881611419808e-10
1,0.9999999934956854
0,6.843221054531951e-16
0,2.834610345794795e-11
0,2.9888074143473526e-13
0,1.1697073489066664e-09
0,3.6586559290373066e-06
0,1.2728098460198564e-14
0,1.0879129603001688e-07
0,1.3376063169158018e-06
0,7.355562562165234e-12
0,7.335567167385361e-12
0,1.1383105819949112e-08
0,3.6099107512171876e-13
0,0.04685980385995858
0,3.5584260861041634e-08
0,1.732751055714549e-15
0,1.5529602531040498e-12
0,1.5457586706400628e-13
0,0.9514672899309107
0,1.171435775765984e-13
0,3.25248625952329e-16
0,2.139358200287377e-14
0,1.750478903902042e-12
0,5.57882132056257e-15
0,2.8380129457739257e-10
0,1.2006912160931598e-08
0,1.5214692249007466e-07
0,1.488811479380324e-11
0,8.416089751371996e-16
0,2.1267934746952587e-12
0,1.422834836823899e-17
1,0.9999956314111563
0,3.907119858476715e-12
0,0.025904545641392867
0,2.7954167909681144e-11
0,3.2812885574084315e-14
0,1.2776861711114557e-07
0,2.906654570430068e-15
0,4.7253925456306107e-17
0,4.860446570726916e-16
0,4.371483863837396e-19
0,7.749862862715713e-16
0,3.625245190091335e-17
0,1.656114859381737e-11
0,3.731233967213562e-17
0,2.5959086198852066e-12
0,3.533421320792881e-13
0,2.4613297771849135e-13
0,4.8296135106927253e-08
0,5.116114486665358e-14
0,5.167612819714134e-12
0,2.8734553412996402e-11
0,3.2802642842476573e-09
0,1.937826433220976e-16
0,2.3623235055937627e-06
0,4.407126766912232e-18
0,9.043550006654173e-13
0,5.908512921515516e-16
0,2.708649722806005e-07
0,7.499216942977942e-06
0,4.300543259588647e-17
0,8.598516791101457e-16
0,2.5238710493028147e-10
0,7.940080131396438e-14
0,3.3045188969376764e-14
0,2.8557773032453727e-15
0,5.770186008271433e-16
0,2.469047961302191e-07
0,1.908493095270519e-08
0,6.270348235932362e-16
0,6.41901246841642e-11
0,1.3820565275734728e-17
0,0.5241201850937861
0,8.556950169368043e-08
0,1.6131432869152708e-10
0,5.936317523513887e-21
0,5.517382854916413e-12
0,1.3805257733504983e-14
0,0.005885833183277562
0,0.08747125450779838
0,9.028063759343845e-19
0,4.0381130162183295e-14
0,1.1091774170918277e-17
0,8.164064024962342e-13
0,2.8004002950899275e-07
0,2.1548076712727575e-13
0,1.394180107183764e-06
0,2.844155805920791e-14
0,7.240661268677971e-10
0,1.6730286860986733e-08
0,5.011417790201448e-11
0,3.7744605344977874e-09
0,1.3864075831621569e-11
0,2.4189863484689875e-12
0,8.306856692208278e-13
0,3.388942960654443e-11
0,1.2969179719278218e-08
0,0.000199655076336202
0,1.9805587427692757e-16
0,9.966576273622403e-14
0,1.1964879610080991e-12
0,5.534760168916015e-16
0,2.0804220216732305e-11
0,2.4754607816464093e-18
0,3.8664115218324134e-11
0,1.4382322334043e-09
0,1.8368002028805307e-17
0,1.3261801766676826e-12
0,5.464928536880525e-14
0,1.550646021084905e-16
1,0.9986682273230378
0,4.55502482991256e-05
0,0.0012672304081218636
0,8.849166465180678e-15
0,5.527911275045092e-06
0,1.0096267236918494e-11
0,1.6638379631850269e-12
0,2.3319119676651715e-06
0,2.2869728393546226e-18
0,1.062493553320556e-09
0,1.1745135231369419e-11
0,2.315660638987752e-14
0,6.708572096826139e-17
0,3.753906362204083e-06
0,9.143478981570047e-13
0,1.999895757565755e-14
0,1.3658161964272947e-06
0,5.188960801169492e-20
0,3.530536217575162e-13
0,8.040649535865193e-14
0,5.6276521678421624e-12
0,5.489904319145206e-14
0,5.297886882672343e-16
0,1.963168011261519e-16
0,0.0008575105845334612
0,9.713049352090614e-07
0,1.8106116670129373e-13
0,5.297256000300897e-09
0,1.058873924990652e-12
0,1.5463411866561138e-14
0,1.4143383615206774e-08
0,7.664360967002232e-14
1,0.837748454048925
0,1.4001613265115736e-09
0,2.799631112687349e-17
0,3.449230260397155e-08
0,2.750594412848095e-12
0,8.683658855678111e-16
0,3.924939044116822e-14
0,1.084316594524969e-06
1,0.9876462116456329
0,6.862298360166082e-17
0,1.0807894238620295e-10
0,2.3378383314101883e-15
0,1.9353472121591722e-17
0,8.79480667909631e-12
0,1.5666820040496647e-15
0,0.029784993279491568
0,7.44848140780058e-13
0,5.593017597017201e-11
0,1.9119337870305625e-07
0,5.194654916030607e-10
0,1.714066470625099e-12
0,7.022597138780907e-07
0,3.017826528452373e-16
0,6.89827616874048e-08
0,0.008613629462143127
0,4.2448286279995453e-11
0,1.4421007620566537e-12
0,1.0488875069663133e-14
0,6.215174963760765e-09
0,9.82501468357564e-06
0,1.164432725091924e-11
0,2.298843290390818e-17
0,1.2447179282957751e-18
0,1.6866978078893686e-17
0,9.910427970852708e-18
0,4.048591731075335e-10
0,2.4111276106976297e-16
0,1.779401459007471e-10
0,6.055273061804479e-09
0,3.0495651360967056e-15
0,2.2911209714320616e-09
0,7.231153536818226e-12
0,1.5285373750005385e-17
0,2.4859257854454865e-07
0,4.638967537283984e-15
0,7.491079274107783e-15
0,8.485478401465967e-07
0,4.383069508254105e-11
0,1.914004769185183e-06
0,6.371351337281302e-08
0,6.68026382048651e-11
0,6.979551874012517e-16
0,8.840347837646834e-09
0,4.493440696937383e-16
0,1.0379646675418733e-13
0,1.0003884461939746e-11
0,4.095063026696606e-06
0,3.036780959258151e-09
0,4.255342518212405e-13
0,3.958133867902957e-12
0,5.572583391797548e-10
0,8.990655808278977e-18
0,2.2277906476014343e-11
0,2.2691687906465244e-07
0,5.3535407298045177e-11
0,5.244419687664859e-12
0,6.263901444517086e-09
0,7.853842734556561e-16
0,2.9951677200001406e-13
0,1.3217790893673655e-11
0,7.629091522045574e-19
0,8.494459538025729e-13
0,0.941893354687912
0,1.1570916032330088e-18
0,8.779951403146014e-05
0,8.638830370058918e-13
0,1.4058921837269073e-17
0,1.6993164701306965e-16
0,4.270459614862502e-09
0,8.387334423779035e-09
0,4.8814275055234245e-06
0,2.2754129518198944e-20
0,1.812926016731535e-11
0,3.042800376354113e-16
0,5.0491977680580695e-14
0,0.002021553050251382
0,1.7062352831259544e-18
0,6.2572638786655925e-09
0,1.6217275530344494e-09
0,1.6677745888486896e-12
0,5.595402361563713e-10
0,0.08171149923812464
0,4.729602839187816e-09
0,2.370815776955265e-12
0,1.1300943246515883e-08
0,1.5572964444699184e-12
0,0.618894597631904
0,1.417017644086862e-11
0,1.8294003697139276e-13
0,2.968261738444378e-09
0,2.2186083101902836e-17
0,2.674268216330733e-12
0,4.190544042748103e-18
0,1.4345338677193453e-15
0,8.116292418048861e-10
0,8.740387118264135e-17
0,1.1472897479545891e-13
0,2.90307793874296e-17
0,3.1671120932859733e-16
0,2.989761244523709e-11
0,3.736341411798685e-09
0,3.1726487690094424e-12
0,3.907777449448306e-17
0,5.160175717433546e-14
0,9.503983186605276e-09
0,0.03557537182943414
0,0.10335589994825022
0,8.038701279103e-17
0,2.27123170572617e-09
0,1.7883868209710855e-06
0,5.585036818485445e-05
0,1.3404274704984953e-17
0,5.547568521803271e-15
0,4.715638387628853e-19
0,6.129855624859378e-19
0,4.5163737886396977e-14
0,1.2911868282291728e-12
0,2.118250330582509e-08
0,4.551983917439574e-18
0,2.2616794187184958e-08
0,1.018541675462384e-07
0,2.7653318895940726e-09
0,4.269906719400699e-05
0,2.3377445574882717e-10
0,9.69131844188282e-12
0,1.0570449097244692e-16
0,4.520810809583396e-09
0,2.716557746985642e-07
0,4.0006788571738354e-11
0,4.0762485941300203e-07
0,4.6384516172942836e-09
0,1.3002697104375934e-13
0,2.165093740727094e-09
0,2.592519438686581e-15
0,1.9364609204015925e-17
0,3.7181484601220066e-12
0,1.3438861722706074e-18
0,6.661367291758814e-08
0,8.250238013292167e-19
0,5.027858401883007e-06
0,5.835180094623938e-11
0,9.168904378838544e-07
0,1.5300796668165433e-14
0,4.5432150471811885e-05
0,6.52477664974077e-08
0,1.3120081887328135e-08
0,2.1072557329865693e-11
0,4.329724763621138e-09
0,3.2702773825975174e-09
0,1.092675644870529e-11
0,1.217527294803311e-07
0,9.126682169310712e-09
0,5.5726034793184455e-15
0,0.004030449713933211
0,6.042346389884098e-12
0,7.933816032933625e-14
0,1.815930280150802e-07
0,2.149115691236946e-05
0,4.555754286210504e-17
0,1.1320382650950835e-07
0,2.7835670601504324e-14
0,2.6296702296004122e-17
0,0.0128197497527052
0,1.1919400128326147e-17
0,4.077876866426761e-14
0,6.011230197629142e-16
0,7.473432408478627e-15
0,3.195525971000572e-13
0,4.72973112562114e-09
0,2.469044622986715e-05
0,2.038095852102426e-14
0,2.1891184237516503e-09
0,5.07102378040079e-08
0,6.247069337155221e-17
0,1.615077985089634e-06
0,3.908711549599486e-09
0,0.0018940403969107762
0,0.06595159508228685
0,2.576103933220262e-15
0,8.544559080306436e-13
0,3.3957030666940237e-15
0,2.2470292086035725e-07
0,0.001369332922932432
0,9.07621777322754e-16
0,3.131442061987058e-13
0,0.016525286251934834
0,2.0157859395123516e-10
0,9.606610997721409e-05
0,6.682472684756102e-14
0,8.488198771509042e-08
0,4.323517961911464e-16
0,3.8931316324003474e-16
0,2.0680663910358194e-13
0,3.7806027950327333e-19
0,2.199129702499513e-18
0,0.0006179041278919079
0,2.5419453506808424e-17
0,3.7612988276441926e-10
0,6.2262147004917426e-15
0,7.370761483789094e-15
0,1.9176345900093085e-15
0,2.268544308891996e-14
0,4.450862799460728e-16
0,2.001580015181169e-10
0,3.971066305944151e-16
1,0.028428281542612746
0,5.859762918939651e-17
0,3.114037308006792e-14
0,3.497123356826731e-10
0,4.5526519505488596e-11
0,9.383039629148183e-22
0,1.2987333316733747e-16
0,3.692386008938012e-16
0,2.2838971911488814e-05
0,1.3988835431838813e-17
0,1.832882921213097e-08
0,3.477518271979915e-15
0,0.0007218138232583433
0,1.0014527642520302e-10
0,6.312437286188352e-14
0,1.9681624377682073e-07
0,0.0002331219216354742
0,2.231561942193888e-14
0,2.2059849964311565e-15
0,1.2554701581822355e-11
0,2.0013571816173902e-12
0,3.208257733691716e-05
0,5.334441384749889e-18
0,2.850168356249255e-14
0,7.768692394182743e-14
0,2.752563313639001e-11
0,0.020942985143476124
0,2.4171592481325317e-15
0,1.977388410383496e-09
0,4.9475609598503975e-14
0,1.3243794397631194e-15
0,9.356727768234997e-07
0,8.745331643466918e-12
0,4.532559113078598e-10
0,5.89976206181752e-17
0,9.586274468966387e-09
0,1.4606747403345746e-13
0,1.099830241582443e-09
0,1.8988929596544165e-17
0,2.7193031955254418e-15
0,5.035755012456857e-17
0,1.1066324871734703e-16
0,1.7014206520968002e-15
0,1.2503045690542512e-08
0,2.2737758881628547e-16
0,5.335794625240103e-12
0,4.373645962205295e-13
0,8.983075424686427e-12
0,2.2702096230177393e-10
0,1.2204847956883148e-08
1,0.9997949014356835
0,3.4781565984733505e-07
0,3.4625115585755753e-12
0,2.355564372161048e-08
0,2.842060716458061e-13
0,6.357560637708498e-16
0,8.674534395063467e-11
0,1.4986649042309624e-08
0,0.015507586189484661
0,1.4417295670256247e-10
0,1.3291780966607649e-08
0,2.1227620101361905e-12
0,5.3044079553406643e-05
0,6.672423454470213e-10
0,1.4427904454840958e-09
0,2.899951109281515e-17
0,3.8942097139239936e-15
0,1.969987382553066e-14
0,1.216202378486266e-15
0,1.7997579042831442e-14
0,2.700710008817042e-13
0,1.3394933812978725e-09
0,4.2415794086679336e-16
0,1.5477223678691555e-17
0,6.015057844021663e-08
0,2.379520948525117e-09
0,9.794868408295542e-18
0,6.406259754427745e-14
0,5.3843154143679207e-17
0,6.913551289480993e-14
0,0.21768117785672203
0,1.553827268734894e-11
0,1.9175519881383177e-13
0,1.620230011616704e-08
0,1.845673216389491e-06
0,1.163753916056284e-15
0,1.5989135584730863e-08
0,4.157121164888579e-09
0,2.5483478335008543e-08
0,7.282195468976143e-15
0,1.448156094139012e-08
0,6.5793030752269236e-12
0,3.671398015338845e-13
0,0.00043746460730030427
0,2.4999476341736153e-15
0,8.466550620111131e-09
0,1.0281906684958726e-05
0,7.585751295097624e-16
0,7.860263566987689e-08
0,0.00012359071756679982
0,4.2273324466604726e-20
0,2.6837335863597754e-11
0,1.5518042583025446e-15
0,1.1267215907477574e-06
0,6.350765190865513e-14
0,2.1227619173149458e-13
0,2.8371653662382137e-09
0,2.4494906509524865e-10
0,0.005040228049172201
0,1.666056637041251e-12
0,3.839062101176588e-09
0,1.5808104159748992e-13
0,2.672080579430502e-15
0,6.190144485253656e-10
0,4.143686806325555e-08
0,6.761189225882515e-07
0,7.218959416955099e-12
0,6.716121043820938e-16
0,3.0232730446365117e-16
0,0.0006122237562568951
0,1.0756643382670346e-19
0,1.7603291126952166e-19
0,2.817055109652697e-11
0,4.3904223435669873e-17
0,4.3146982267922823e-16
0,2.346584484488155e-17
0,6.063973928176125e-07
0,3.12332807273068e-10
0,1.414741599776604e-16
0,2.325884880746671e-15
0,6.266214069138912e-12
0,1.1035466963111028e-12
0,8.5128806462943e-18
0,4.892143711581417e-14
0,1.9862175241700844e-13
0,3.847026337679658e-13
0,0.0010466068701830966
0,1.2142675795564948e-07
0,1.947584129740084e-17
0,1.772986429141861e-08
0,1.1574531937181893e-17
0,7.714397370137754e-12
0,2.526933035227408e-16
0,1.1511391474293796e-13
0,1.7275048950004234e-09
0,5.255228157843852e-19
0,2.23200363236991e-06
0,6.604986154173354e-11
0,3.1178310283562147e-12
0,1.2806509787730342e-13
0,9.090050327060307e-12
0,1.201427005401391e-10
0,9.020324143155301e-12
0,2.335472556291086e-09
0,1.9823679468753317e-15
0,4.3901588076791434e-17
0,4.383250886181744e-14
0,3.966835987529587e-06
0,1.3207435018481012e-13
0,7.622436047412718e-07
0,1.2148529511787022e-17
0,1.3833190727132334e-13
0,1.943924497278678e-10
0,2.1582063634656788e-09
0,0.07645216640911355
0,1.2741301895844585e-10
0,3.0122482758674636e-13
1,0.9997803344102165
0,2.2319599756313788e-08
0,2.945610456960235e-15
0,1.326130575479087e-05
0,7.901574225814966e-08
0,1.3316731710468742e-10
0,4.637141983595909e-15
0,9.317539888854083e-07
0,6.917799627075538e-12
0,1.043001232364115e-06
0,4.8127982783311395e-15
0,9.350117396838543e-05
0,2.1918675233648307e-10
0,1.1086273671425096e-11
0,2.5783817963413955e-05
0,6.788457429517225e-18
0,6.997012505954634e-17
0,3.097827507103203e-15
0,0.036558049168566684
0,1.753635469377615e-08
0,2.9685072735766227e-15
0,0.35395361914383056
0,2.281446817832719e-12
0,5.628663707769489e-14
0,1.4379771936648306e-10
0,0.01720898814052797
0,1.4226533548558987e-18
0,1.7516814385196245e-16
0,3.891136427655695e-09
0,8.160871095392777e-10
0,4.898019819858044e-15
0,0.015167840311716693
0,8.987112746687663e-14
0,6.661143394699726e-05
0,9.775364844499958e-17
1,0.9999306065090371
1,0.9970321380383362
0,2.813052479280447e-08
0,1.0746345754930583e-16
0,4.353315615464026e-17
0,1.9739080352216532e-18
0,1.8328936088840833e-16
0,7.876173039189543e-12
0,5.810623447350501e-17
0,6.967053453764753e-07
0,2.6566697753260814e-07
0,3.6966567216184935e-15
0,6.232469334208104e-10
0,5.2860088930444983e-14
0,7.969631366715759e-15
0,1.923290032038207e-14
0,1.4539234318546526e-08
0,3.878842161313318e-12
0,1.5658966435401326e-07
0,3.273332637358822e-13
0,8.822541695521073e-17
0,2.4436628483443212e-17
0,1.4004401341740037e-11
0,0.038166677047776314
0,5.0345487005412445e-15
0,1.0233832991838607e-10
0,7.749015858879127e-18
0,1.5115580706988658e-13
0,1.411299544949197e-16
0,1.0732166485710607e-06
0,3.6108733965354957e-09
0,3.36573937786485e-11
0,3.541270857151662e-08
0,4.4149813084483654e-10
0,0.0002360154055004214
0,2.0065945381765463e-09
0,4.342276690721962e-15
0,1.774663070658975e-11
0,2.54694802145231e-12
0,1.538709000401536e-10
0,2.044490834194411e-14
0,8.096482021068002e-11
0,1.5224139577380498e-16
0,1.1229861062883807e-14
0,2.3508766860002242e-15
0,4.577977868380713e-09
0,1.6135161386355404e-13
0,0.998527499871429
0,4.296120901918536e-15
0,3.916814921061397e-13
0,1.831819571522982e-11
0,4.901114814167912e-10
0,5.545553278343488e-18
0,1.1115882203592283e-12
0,5.058589277090525e-06
0,0.48743691050294224
0,0.00031846658394009067
0,0.009965866888063082
0,1.1886157095052005e-17
0,1.1840451052984931e-18
0,1.359277035460848e-06
0,2.708490624855685e-12
0,9.524328499798067e-09
0,1.4002249777695287e-16
0,1.9961843482472845e-10
0,3.047946880770831e-09
0,9.29924709720905e-07
0,2.0827097907428066e-14
0,3.38165573879395e-13
0,1.859729136711557e-14
0,3.8375193376362483e-08
0,5.780587562419707e-10
0,3.731657665792063e-10
0,1.5048579034110636e-14
0,8.124389237835793e-14
0,0.12654052232958912
0,3.86971604621741e-15
0,1.725086122151814e-17
0,0.04890495753806605
0,8.72934152721111e-10
0,0.00017651258308525936
0,7.299183251009698e-20
0,2.841786976960144e-10
1,0.9999943246943653
0,9.406009825300308e-08
0,2.1317479552419178e-10
0,8.698591345198633e-15
0,2.8667371804999174e-12
0,6.132438469619251e-17
0,3.827416418758067e-06
0,2.3961653945390212e-09
0,5.961003681090239e-19
0,1.697292772338192e-16
0,6.580799812849535e-14
0,1.1259912297877521e-09
0,4.0603845342391545e-13
0,2.946158164928702e-09
0,1.0204071798105836e-12
0,1.666627153208093e-10
0,2.3377729619352815e-09
0,2.6120607143677904e-08
0,1.3639179573135845e-13
0,3.0017911602138573e-07
0,2.3151483053012996e-15
0,1.8654013361507092e-14
0,6.323965262501616e-15
0,1.5516091015680413e-07
0,4.143688435320791e-08
0,5.148486440210534e-15
0,3.112546885219764e-07
0,1.0937969384946998e-16
0,6.956564991714934e-16
0,9.996937582445095e-09
0,7.480955254370982e-15
0,5.243227768997118e-11
0,9.149501275938374e-14
0,0.09002317757510014
0,0.0001351706276606467
0,4.234158491507388e-11
0,1.4197191811419498e-12
0,0.001059455071689045
0,3.45959710908438e-14
0,1.0796483308763842e-10
0,2.794574825659469e-10
0,6.106987228092277e-20
0,1.7677180236040995e-13
0,0.001715333827515378
0,9.959152648767347e-18
0,0.0014896794508381592
0,1.8711382714719782e-17
0,5.4432098060449224e-06
0,1.4898177128509933e-14
0,1.4855190777238972e-09
0,1.6860523096090457e-10
0,1.2279739529600601e-15
0,1.4018047234051183e-09
0,7.405425672456558e-16
0,6.200767431653744e-09
0,3.4368314064667492e-15
0,7.003472367173467e-12
0,2.5753124525852866e-07
0,5.809548323606069e-12
0,0.004185087888319182
0,0.0015564670475725264
0,0.7960709295756525
0,5.959135590985601e-11
0,5.265473162726943e-06
0,7.786805754108828e-12
0,2.3761440287574335e-16
0,1.2996696881391639e-05
0,2.9756526851456057e-09
0,3.528482024827006e-10
0,4.956896615770037e-12
0,0.00010435162306910269
0,1.3795566396794164e-11
0,5.932627896932349e-14
0,0.7959613715408538
0,6.452102126293357e-09
0,0.038740495695569255
0,1.1179556227314499e-18
0,2.440334649066441e-09
0,9.612024792347882e-16
0,6.9531421804875315e-06
0,3.8655865223065185e-15
0,5.6024278758424805e-06
0,9.515948688275327e-17
0,2.1987346278485252e-10
0,9.950097888671995e-07
0,7.172640222759576e-10
1,0.9999999947360467
0,6.761910728434591e-14
0,1.0943177857647045e-05
0,7.343586501543531e-16
0,2.0243661299002695e-13
0,2.434481263364831e-07
0,1.6795695812543584e-10
0,5.626774031402897e-09
0,3.271907300406025e-10
0,0.0003281642720983063
0,1.0415434047811988e-18
0,1.3853197267440524e-15
0,1.0142379490691861e-11
0,9.871797950572389e-17
0,9.505699519855306e-10
0,2.4331685162641666e-10
0,1.0013676276745932e-16
0,8.99038066923517e-09
0,7.154200902300858e-14
0,7.1597188784791e-11
0,3.838974733110242e-18
0,0.0029423748655990553
0,8.309976277860033e-09
0,8.821951755082157e-15
0,1.6593903283906083e-07
0,5.557240149900231e-09
0,1.577272697178963e-11
0,3.3375375079216476e-18
0,6.789070146500953e-10
0,1.175459141306164e-12
0,2.0140872675229298e-14
0,0.7188345115828799
0,1.4287455223036568e-14
0,6.177261727522093e-12
0,3.411503150603243e-09
0,7.652059724507347e-17
0,9.69403097204644e-10
0,1.6554300916256646e-17
0,1.6088864857781516e-08
0,3.5802709450678865e-13
0,1.2428119420109726e-20
0,2.099286976311608e-15
0,1.8598534245119258e-09
0,1.4935596495594979e-18
0,2.932862308273883e-07
0,7.102542081126048e-14
0,7.610086273489115e-17
0,5.877012162345487e-08
0,3.974791223734579e-12
0,2.844266746681202e-15
0,2.894540162908466e-14
0,8.181761171263238e-08
0,3.1612537449056703e-15
0,6.433855798566725e-07
0,7.636806796783656e-15
0,1.6688704520508174e-14
0,0.0009323485591411039
0,1.5961314236110128e-13
0,1.281517424972001e-09
0,1.1237792665231035e-11
0,5.819702905695622e-19
0,1.9260613730363925e-17
0,6.021215478882812e-15
0,1.952960048975392e-12
0,4.534521424893641e-12
0,8.983619696777307e-15
0,7.550537528052518e-15
0,4.578070620433908e-08
0,3.279017173744458e-11
0,6.118781324388073e-08
0,2.2413399512193311e-07
0,2.6527103458457494e-05
0,8.206040449178987e-16
0,3.139566086150824e-11
0,1.3101008352875387e-16
0,0.0021017677474899927
0,8.174531829411732e-06
0,5.315983449180517e-14
0,0.0002969662870394376
0,2.269091995810393e-18
0,6.201722090609705e-16
0,2.3039273062507591e-10
0,1.253252340746171e-11
0,4.10356568511757e-10
0,9.99779729071426e-08
0,1.769256836989729e-18
0,6.145284919734111e-12
0,5.385454182582163e-17
0,5.9537266907999606e-15
0,1.375340231205214e-09
0,5.585764284936482e-13
0,1.1133928131210276e-16
0,0.0050755855079882995
0,3.9847830432738093e-16
0,2.2543685399686743e-09
0,6.289270728718433e-08
0,2.1402546783199708e-15
0,6.519175314490272e-10
0,1.0918110573579854e-13
0,6.545092313018744e-12
0,1.0914362300238703e-08
0,1.4412724926943434e-09
0,9.431065391995936e-18
0,9.23147638435842e-16
0,1.234905183441323e-12
0,5.052206684203895e-10
0,7.876030494178854e-13
0,3.694577732229274e-15
0,3.309217976931804e-11
0,1.7730898783447269e-16
0,3.280838545046943e-14
0,1.4378228576608046e-07
0,3.711385523537413e-15
0,3.62445644070847e-14
0,1.578322316528327e-07
0,9.27313542063037e-17
0,1.487149703464856e-13
0,4.2027497916249655e-07
0,2.017483577806114e-05
1,0.9140661595497246
0,2.3200693545160288e-10
0,3.598066900101816e-15
0,0.005100275864016238
0,1.9556236108511123e-10
0,1.969012352279542e-08
0,1.248733109060008e-11
0,6.091194855600778e-14
0,2.889752604704599e-07
0,5.407458911525124e-09
0,4.742293940770775e-12
0,2.2874178527049563e-08
0,4.601726729941053e-08
0,5.1232328547122685e-08
0,1.3660724897003672e-16
0,1.3661208824042311e-12
0,0.0006281008357944617
0,3.556131960116247e-12
0,2.931135063233859e-09
0,7.95122099892402e-07
0,0.0011460256084403204
0,9.818868663310296e-13
0,8.45005145875926e-12
0,2.1054519565929143e-13
0,4.574219649026839e-11
0,9.124371462426637e-10
0,6.720897034311742e-14
0,1.790719507166752e-11
0,2.702144792022298e-14
0,1.0134199865982182e-07
0,4.3238351515645523e-08
0,2.0297649413616304e-14
0,0.024584273437620315
0,1.4246840173657257e-10
0,2.0107114126866307e-06
0,1.3617887318216313e-13
0,3.1324569922142677e-16
0,3.954714446335899e-14
0,7.156045097640235e-09
0,1.7956540105064758e-12
0,5.237807599714388e-15
0,0.00021426682714925803
0,9.708769524881257e-09
0,3.7542639534231464e-15
0,3.2059637603239284e-13
0,5.4214508808112744e-15
0,1.8178442550432665e-05
0,1.57203728705614e-11
0,8.9810415659086e-10
0,1.2239043012330644e-13
0,1.4171656231479021e-11
0,2.1288814108542124e-07
0,2.3012955291476132e-08
0,5.155925438801523e-10
0,1.3164955015563576e-10
0,2.6765906496170445e-13
0,2.0599442274837422e-16
0,1.0646549356650681e-11
0,4.898709551694937e-12
0,4.812814893361702e-10
0,0.0001462683751353633
0,0.016411691375578474
0,2.885277126282139e-17
0,6.8663446108747865e-06
0,1.6975664539371408e-17
0,1.1510041024912509e-11
0,2.274899567108803e-10
0,2.1271177175303857e-13
0,4.3557925874600265e-16
0,2.447944813735148e-11
0,3.254223021679194e-08
0,8.593579274659945e-16
0,1.154601296501268e-13
0,1.3325008921457017e-11
0,8.347754845377546e-17
0,5.886000960952418e-11
0,5.294768211635749e-15
0,2.1366360016899881e-10
0,9.315116330926623e-15
0,8.497654829779508e-12
0,1.3044446775404826e-12
0,1.049190855386358e-10
0,0.004580390688984358
0,1.9777923317219895e-18
0,1.5473502568493098e-18
0,0.00038744506324542933
0,9.642077779276235e-12
0,3.950509368434147e-08
0,1.0143601897322552e-06
0,1.0303278674031583e-07
0,5.712142838220539e-17
0,4.0994231767296105e-19
0,1.226650138750334e-15
0,5.817944390331751e-07
0,2.2072481256332668e-16
0,4.849446328266756e-16
0,6.510139178973971e-19
0,4.204808053834542e-07
0,3.4905615659457634e-11
0,5.095582295787473e-05
0,3.403245761588514e-14
0,2.039496366737757e-12
0,2.937435066170585e-14
0,1.904462516056171e-09
0,6.074072920600311e-09
0,1.1041336112259693e-06
0,6.387509694369291e-14
0,1.0611929158154393e-19
0,6.181293817385284e-09
0,3.825874255749299e-16
0,1.2839631557448714e-07
0,3.9995356610836084e-17
0,5.305623230987968e-09
0,2.9550440225197727e-16
0,1.1590501217215715e-14
0,6.858704306574638e-16
0,2.4749675216893173e-14
0,3.602051840119521e-10
0,3.291618858876208e-10
0,1.3802131312576208e-14
0,1.943592551210666e-12
0,4.694617312927882e-17
0,5.440331188855009e-06
0,1.1435792745401655e-05
0,1.7001595893794692e-10
0,2.64021735818022e-06
0,1.7636890322858989e-12
0,0.12341213112058651
0,0.9801571918598688
0,9.504883143468472e-11
0,5.935917922003372e-12
0,3.78662043748857e-15
0,4.284254072136223e-14
0,1.443403088069008e-17
0,2.2474114676440535e-13
0,1.4023407032591191e-12
0,3.6144009037698276e-11
0,3.3773555779116703e-07
0,1.2368531571327518e-14
0,2.500687951744296e-10
0,1.159973413234819e-11
0,4.56562653645132e-13
0,0.007551116754734457
0,1.5684023526782704e-17
0,9.469854159695143e-14
0,6.025905579432364e-11
0,0.0002006803130064474
0,1.2224463821641505e-17
0,5.454855319435656e-13
0,9.299776504756175e-14
0,1.9618658880736252e-19
0,6.102486389578561e-16
0,7.76236430244409e-15
0,0.00014518536065192007
0,4.7752986480414086e-05
0,3.125671430711583e-09
0,0.0041893612041509634
0,2.5111832384613427e-12
0,6.98239504465424e-10
0,4.157945056528568e-07
0,1.1803627286188344e-17
0,7.459673115269544e-17
0,4.978134767428048e-11
0,5.200211938488795e-11
0,1.342623909074355e-14
0,1.9192423605831333e-12
0,1.4109306262898226e-15
0,4.484670252804095e-12
0,4.920302838307264e-14
0,3.913017907750436e-14
0,3.970065711891862e-09
0,1.7630233296533354e-16
0,0.031119268470388945
0,1.5032430738492852e-15
0,5.098268072874922e-15
0,2.0038679051394344e-13
0,2.3025707942150428e-17
0,1.7966142494939095e-08
0,3.687302054779247e-12
0,2.105796219727308e-05
0,1.2271452214726425e-15
0,8.200939766113258e-19
0,7.35144240622655e-11
0,0.002290322900012407
0,3.917291461687336e-14
0,2.2867968095737343e-05
0,1.0804538304116272e-11
0,3.381619553878472e-09
0,1.360736608025454e-16
0,1.1615227758802482e-13
0,4.266095772932544e-09
0,9.447446231650801e-18
1,0.9978665895770077
0,1.593442865329396e-14
0,1.1772649856618173e-08
0,3.2720869840257636e-07
0,7.507115769560341e-16
0,5.959935390283851e-19
0,0.2066877999758747
0,5.0508024147564e-15
0,4.824403909190426e-12
0,1.1568354556048322e-11
0,6.068811037717647e-18
0,1.4136458106995374e-07
0,4.015441681217181e-20
0,1.5237779524405724e-15
0,3.246180814202696e-10
0,4.228760980834572e-05
0,5.159835146790792e-07
0,2.1676425909783152e-13
0,3.3962299489496946e-06
0,5.963953980262476e-12
0,3.5750014734977574e-06
0,2.339778793439561e-13
0,2.1220493838764186e-13
0,1.98556274255382e-12
0,7.485473386343142e-16
0,8.079242774207676e-15
0,5.327006411593399e-15
0,2.6333255000253427e-15
0,2.093511038065086e-11
0,3.3923780936493397e-10
0,5.86882767174023e-09
0,2.1010978973193257e-11
0,3.611496805520107e-07
0,1.0860820447601494e-08
0,3.3533126690608427e-14
0,1.69054675128082e-05
0,2.7426673319500115e-18
0,1.036267476964151e-13
0,0.8601515828349071
1,0.9985094284245196
0,1.3391653572697509e-16
0,1.332657089009846e-15
0,5.399418061618653e-07
0,0.0002975288947999632
0,1.7816627200082206e-07
0,6.205477141983826e-07
0,2.1061345968132502e-10
0,8.612213249056873e-12
0,1.3003728729381731e-08
0,0.0001859656743886188
0,1.2786769500099958e-11
0,4.4707841051659895e-06
0,9.260763127215241e-09
0,1.3357928988986544e-09
0,3.8940365640949965e-10
0,5.127855764454789e-19
0,1.6833832972618355e-11
0,5.245018107331073e-17
0,9.957009075198156e-08
0,7.563488576845417e-10
0,1.2154545510469878e-16
0,0.027881937974270365
0,3.1655370618904627e-17
0,5.217138529629376e-16
0,0.5793681458017291
0,6.811102209613322e-14
0,7.412741048148403e-15
0,2.3545582520700746e-12
0,2.2316205024837925e-16
0,2.9767829413125904e-12
0,3.52940931384403e-13
0,7.21347726484821e-10
0,3.2469588693576042e-12
0,8.502957607905763e-14
0,6.810421464827949e-20
0,1.4939671599103226e-14
0,1.3589500801195038e-16
0,3.2361907247050534e-10
0,6.097369026360939e-12
0,1.1347156476879308e-17
0,4.024725451977876e-14
0,0.00013719286486661624
0,1.6977337712048208e-16
0,2.7428811455510844e-06
0,8.418836738606652e-14
0,2.2931505422814303e-09
0,2.1131085017761685e-10
0,3.5212742184712444e-12
0,2.037546440480557e-15
0,0.0016501099008240851
0,1.833977235113108e-10
0,2.2743855632885484e-18
0,2.0718692641556974e-12
0,3.2453946197559593e-12
0,1.3398722671922322e-06
0,2.2532602248219125e-15
0,1.1030026215076837e-14
0,2.136515027514741e-10
0,6.778389393564789e-11
0,3.5527467203114814e-13
0,3.244696427056478e-14
0,8.673668402183334e-12
0,3.991403098518517e-13
0,3.052771429990506e-13
0,4.050926808840606e-10
0,7.0953545192653595e-15
0,3.925324764841906e-12
0,0.3139700487768522
0,3.7220464563392417e-13
0,1.2446398208347494e-16
0,1.1171662509663808e-19
0,1.616575089884812e-16
0,6.735260449338375e-07
0,0.0001969885927292643
0,1.8884793161008103e-14
0,1.4634194875434296e-14
0,2.1256371917259113e-11
0,9.899994466664093e-07
0,3.53834263524517e-14
0,0.001562785123792822
0,1.6973582198835626e-07
0,4.013726418641732e-13
0,1.048151913049979e-10
0,1.9919389765957788e-10
0,1.8016608744268063e-14
0,6.660944243524644e-11
0,8.193007784253282e-07
0,9.12579868813013e-16
0,8.074279334658738e-15
0,3.283824775304207e-15
0,2.1868613805168656e-07
0,3.9712473206294364e-14
0,2.1605622914252087e-15
0,2.6452199026798983e-10
0,3.355979990435659e-08
0,1.2260237636654836e-12
0,4.2006482367689035e-15
0,2.5565303970135664e-15
0,4.588226083998772e-09
0,1.7133512554156508e-11
0,1.2246198020722116e-08
0,2.940273274916878e-12
1,0.99944997576766
0,3.262506695225544e-13
0,1.6849895571360007e-15
0,1.3461380880276871e-05
0,2.759540360618753e-16
0,1.1642787354677815e-14
0,8.553262086678121e-11
0,4.72249709631081e-14
0,1.3036286452647588e-15
0,0.9999750396377929
0,3.799414267249435e-09
0,9.085042683371813e-13
0,1.777580500233018e-12
0,2.198864750628925e-10
0,9.43122019655317e-07
1,0.9790539413316813
0,2.1937309755880995e-12
0,3.7399561607267704e-13
0,3.0474768665255877e-09
0,1.474080995302527e-15
0,2.142083800384778e-14
0,1.276474082078317e-09
0,1.0125234301052539e-11
0,2.001660834621767e-15
0,1.2816097857146508e-11
0,5.4024449620308926e-09
0,6.604813688597233e-10
0,3.569602263424175e-18
0,1.410185206592125e-13
0,1.9593308956457198e-19
0,7.363344707180092e-18
0,1.2780350920705393e-17
0,3.7021861873124565e-09
0,1.991041423942504e-17
0,3.3660848541018834e-08
0,9.530046532632034e-12
0,1.227463530389716e-14
0,2.8891705910753086e-18
0,2.156147496544325e-16
0,1.9165586336527325e-14
0,1.4283346927654482e-09
0,1.0569582589638091e-13
0,2.6489016001744237e-11
0,3.014855139781997e-16
0,0.02286844188565268
0,1.3126602729976556e-11
0,3.427220325286806e-16
0,3.180012584831811e-09
0,3.2064350176939764e-08
0,8.330402234195213e-16
0,2.030527096235183e-06
0,6.666275395399721e-10
0,9.526861848061274e-17
0,4.968114567325269e-16
0,7.228748018280997e-12
0,5.903699919341636e-10
0,0.0056965057328509806
0,3.481365633518059e-12
0,3.048867065412837e-15
0,1.08090286523932e-16
0,5.158118566157193e-06
0,1.6816222540823336e-10
0,2.4847144954244767e-16
0,2.3138526224586344e-10
0,6.808081051617259e-13
0,3.714544869609812e-08
0,5.217481348836766e-09
0,6.332783548725174e-13
0,3.7200220292384034e-08
0,1.6159937157764142e-13
0,1.0251190461429716e-11
0,8.356703210588308e-11
0,2.84738094461424e-06
0,4.987938531473478e-16
0,1.4793712741472922e-15
0,1.080177588254073e-10
0,1.1641434088302621e-10
0,3.397024573885656e-05
0,7.145280652243922e-18
1,0.9999998398897952
0,8.371672442945068e-10
0,3.542227914209318e-09
0,2.450499819520448e-15
0,2.4782733031392685e-14
0,1.7630864292722514e-09
0,1.0336257536517188e-13
0,1.4036665728176414e-14
0,5.6056540969476947e-14
0,9.804832939481888e-17
0,2.0678277646266973e-13
0,2.847046636102458e-10
0,1.7344978027829228e-17
0,0.00737066435043313
0,7.801649744850139e-16
0,5.0363402765834786e-11
0,2.1726153509523982e-08
0,9.791812707354432e-17
0,1.9279600508552824e-08
0,0.32724092395337373
0,0.006499400584105855
0,1.9576185339060908e-14
0,1.5662171664635306e-14
0,4.2907235189485794e-19
0,3.4318349608584754e-08
0,1.0339044072067749e-06
0,8.745731025537803e-05
0,3.046898765872047e-15
0,1.010120448038156e-10
0,4.810290126344392e-12
1,0.9999425247551834
0,7.741811021996146e-17
0,1.6119254812781772e-13
0,4.176692104380858e-12
0,7.165519778042182e-10
0,2.0696524931719144e-16
0,4.146870852739829e-06
0,0.20764962177020746
0,1.140983938442838e-14
0,1.1489146200056538e-05
0,6.798653818807401e-11
0,1.0240191575034833e-08
0,1.2458305195848752e-14
0,5.850112785902022e-14
0,5.399218505627643e-15
0,6.9604298118058185e-12
0,1.1781778520495259e-05
0,1.9924018575400366e-13
0,6.571410201538245e-12
0,9.677754921633214e-17
0,2.300923677068865e-15
0,3.731430546701145e-17
0,2.082576286412508e-10
0,4.208994473046645e-10
0,1.9604126531438302e-14
0,1.585922319228066e-13
0,2.8627656852970537e-10
0,2.776501924137574e-11
0,1.4320373190177992e-14
0,6.5844008049622136e-18
0,0.03889797956969758
0,7.808113274713155e-16
0,6.138173984318608e-10
1,0.9999969146341532
0,1.373900901950125e-19
0,3.1446494709763986e-13
0,0.0010411800872539344
0,1.899690093763343e-16
0,1.4078401115854867e-11
0,1.98724052585175e-10
0,6.385949982478016e-12
0,5.270611103096511e-18
0,9.990414820492611e-16
0,3.1250761135788473e-08
0,3.475371701720129e-14
0,2.5203217125144204e-14
0,1.5458859515097545e-18
0,2.959358419394187e-07
0,2.327650113037652e-13
0,8.851915211011862e-16
0,3.081536826887312e-07
0,2.7135939340206208e-05
0,0.0018887123476030593
0,6.927764846626248e-10
0,5.654803930474593e-13
1,0.9972767415570023
0,1.6021324348483321e-12
0,5.079135861356792e-11
0,2.0095660277904234e-05
0,9.917533478418371e-19
0,1.3893517685362907e-16
0,2.2514422088137873e-16
0,2.4243138296387935e-13
1,0.999645478439932
0,1.0113390393476456e-19
0,6.671119154911212e-14
0,3.147885674200966e-05
0,1.112303161901293e-16
0,0.028760202133806093
0,1.5883009796067259e-18
0,0.6926238009173308
0,0.3108889648707007
0,6.851129191852079e-12
0,4.481997510699685e-05
0,2.4028654006642694e-15
0,6.872301860732702e-10
0,6.88708959834597e-13
0,2.5015757586496914e-09
0,2.6355413658039138e-14
0,1.9065834332172165e-16
0,2.7152366421541495e-10
0,4.5864655433018145e-11
0,1.8760408041281184e-09
0,1.32769506994428e-08
1,0.9999988452429268
0,0.05512547307617259
0,1.1874903627945112e-17
0,5.436456378647913e-06
0,1.9503527330563656e-12
0,9.95115242222701e-15
0,1.0889407888424986e-12
0,2.4364279292583323e-10
0,3.784137740844008e-20
0,5.4737334851664314e-14
0,3.632461705251508e-09
0,5.520918361964273e-13
0,6.389276719718715e-14
0,6.87377254221146e-12
0,4.91683188941387e-16
0,2.0053738521959618e-14
0,9.87605068527999e-06
0,2.2802855613858158e-14
0,5.7102854984356455e-09
0,1.1995161366042277e-15
0,3.221184189214354e-09
0,9.69963119651529e-10
0,1.5311658474655352e-13
0,5.633673522523513e-12
0,3.5011383754937e-08
0,0.0069819178060401745
0,1.728724070933993e-09
0,2.0581030046301127e-18
0,5.552885647316777e-16
0,2.05713034668358e-10
0,3.1228780570936454e-14
0,7.441980474149603e-12
0,1.2368966763638948e-10
0,3.162415217325838e-14
0,4.829742476044699e-10
0,1.2312733578182943e-15
0,4.320327952223324e-11
0,7.533551491448937e-09
0,2.34399786444724e-15
0,8.439780986581684e-11
0,4.3895966529743707e-13
0,2.1533674173984966e-20
1,0.9999823427477158
0,5.5796481425335355e-11
0,1.5900237056803713e-11
0,4.98581104478894e-10
0,1.3892698964897444e-09
0,0.009264681565064374
0,4.242783922351556e-12
0,1.3356392570184915e-05
0,8.089004054126694e-07
0,1.9012177298333978e-09
0,1.4208565511722201e-09
1,0.9983840635339994
0,1.0307970085226649e-11
0,7.792894166847719e-08
0,3.2673921183308784e-14
0,4.39454223415501e-15
0,5.425726531934037e-12
0,6.867225307930566e-10
0,1.459196259471295e-17
0,2.0084131267602727e-10
0,6.513107397387597e-15
0,7.86108338861288e-14
0,2.2061429363078247e-14
0,1.9579967087657966e-17
0,6.149593633721618e-08
0,5.5102513242170164e-11
0,9.729491799829788e-14
0,1.2193202286727654e-09
0,1.8328140307732971e-16
0,8.180370045508588e-11
0,7.152271965239521e-10
0,0.0023524932924643316
0,1.6080435006745848e-17
0,2.083007662356919e-11
0,1.1613056726892693e-05
0,9.352067056877847e-09
0,2.220033830843349e-12
0,1.2719465950684204e-14
0,2.6389203726052256e-15
0,0.014356948631702832
0,1.9272669678062537e-16
0,5.865687622396043e-14
0,5.725281035529364e-10
0,3.846243804955828e-11
0,2.1350475884301313e-16
0,3.3273010543015226e-14
0,2.0500205421602443e-15
0,0.8729328927945872
0,4.797374249590279e-16
1,0.9998580785859075
0,3.543959171259215e-18
0,4.6283450902542533e-17
0,6.277905659652421e-16
0,0.025852658091212913
0,6.657556649803766e-13
0,5.380104534943471e-19
0,5.422889809362476e-10
0,3.497812731008936e-06
0,3.973561015515687e-17
0,9.501125339296135e-16
0,2.176214678015239e-16
0,2.708985299671066e-09
0,1.6390183570590338e-07
0,7.203063933547369e-17
0,1.6107793823475848e-15
0,1.1996101162325995e-14
0,8.531366777835452e-16
0,0.0005808618228871903
0,2.6761256905853272e-15
0,1.949720956877182e-17
0,6.206883287570914e-07
0,1.0905974510233608e-10
0,2.3887690363614804e-12
0,9.265794701717883e-05
0,7.191756376371111e-16
0,6.8269658175554965e-16
0,1.788780774469458e-15
0,3.9309398225967715e-15
0,1.2642477722838004e-14
0,1.8205591946072705e-06
0,9.721985411986246e-18
0,1.7333457919189415e-08
0,0.5887089265053984
0,9.734659257502169e-12
0,3.8627486539768425e-10
1,0.9999647910007491
0,0.2630662743245387
0,2.8288215843065277e-16
0,6.973138337749789e-15
0,1.4903541140584956e-13
0,2.255126399760544e-09
0,2.1807506901062993e-17
0,1.1847768842221722e-13
0,2.651412658259256e-15
0,3.900988043865364e-12
0,1.4821589525836185e-15
0,2.3103343259322503e-17
0,3.0663746134122896e-17
0,2.9312500277004756e-18
0,3.653914171757835e-17
0,8.564305353466737e-18
0,2.8536900244560525e-14
0,3.090108524582378e-07
0,2.785462570117818e-12
0,2.3326874710952512e-08
0,1.3358075771017753e-13
0,0.6394427900119551
0,2.4922770518285734e-16
1,0.8583398130706298
0,4.324325667540736e-14
0,2.2707656531715356e-12
0,3.290302163981641e-16
0,2.0507521847165292e-11
0,2.2771568879532594e-08
0,9.031435542443726e-12
0,7.416210411387602e-15
0,6.40034560796637e-15
0,4.257542679653742e-12
0,9.796592477549945e-09
0,2.2724084603739777e-11
0,9.04086591116635e-14
0,2.7097849008681974e-14
0,3.1746790516844936e-14
0,0.9664972529966245
0,5.8505164363495826e-15
0,3.734044897473476e-12
0,8.60973100564461e-16
0,3.3311356677031302e-12
0,3.9184894835968105e-08
0,2.584884360953471e-10
0,3.32240997968449e-16
0,1.876464191482791e-18
0,1.6690179001371447e-15
0,4.1537642837286884e-07
0,3.2773062895060133e-12
0,4.660767195141399e-05
1,0.9999282358217105
0,1.1789934355450864e-07
0,5.129835920894392e-12
0,6.903282491831259e-10
0,0.0004384982552689292
0,7.831883786580607e-07
0,0.8938157092698736
0,3.045217784062578e-13
0,1.0789648460479494e-13
0,8.69781943772633e-20
0,8.279881618456111e-05
0,4.142379528578164e-06
0,5.972663101342669e-16
0,6.515520636796049e-10
0,5.5065630743089235e-06
0,1.679933745085834e-13
0,2.7619916410659034e-08
0,9.305092157026447e-12
0,1.687505195390919e-09
0,7.187163598290405e-17
