amount,transaction_hour,foreign_transaction,location_mismatch,device_trust_score,velocity_last_24h,cardholder_age,is_night_transaction,amount_to_trust_ratio,amount_velocity_ratio,is_high_risk_location,location_anomaly_score,is_high_amount,is_low_trust,merchant_category_Clothing,merchant_category_Electronics,merchant_category_Food,merchant_category_Grocery,merchant_category_Travel,time_of_day_category_Afternoon,time_of_day_category_Evening,time_of_day_category_Morning,time_of_day_category_Night,is_fraud
40.96,6,0,1,82,2,51,0,0.49951218903033917,13.653333333333334,1,1,0,0,0,0,1,0,0,0,0,1,0,0
57.07,6,0,0,42,2,18,0,1.3588094914569169,19.023333333333333,0,0,0,0,0,1,0,0,0,0,0,1,0,0
44.24,0,0,0,26,2,25,1,1.701538396094677,14.746666666666668,0,0,0,1,0,0,0,1,0,0,0,0,1,0
396.8,23,0,0,97,1,34,0,4.090721607312148,198.4,0,0,0,0,1,0,0,0,0,0,1,0,0,0
20.13,0,0,0,91,1,28,1,0.22120878877792538,10.065,0,0,0,0,0,0,1,0,0,0,0,0,1,0
129.82,4,0,0,82,0,40,1,1.5831707124003571,129.82,0,0,0,0,1,0,0,0,0,0,0,0,1,0
152.2,8,0,0,65,2,30,0,2.3415384255147935,50.73333333333333,0,0,0,0,0,0,0,0,1,0,0,1,0,0
293.74,22,0,0,35,1,54,0,8.39257118878368,146.87,0,0,0,1,0,0,0,0,1,0,1,0,0,0
86.02,7,0,0,99,2,45,0,0.8688888801122335,28.673333333333332,0,0,0,0,0,1,0,0,0,0,0,1,0,0
335.42,16,0,0,76,2,39,0,4.4134209945602505,111.80666666666667,0,0,0,0,1,0,0,0,0,1,0,0,0,0
51.05,14,0,0,60,3,59,0,0.850833319152778,12.7625,0,0,0,0,1,0,0,0,0,1,0,0,0,0
315.12,17,0,0,78,1,46,0,4.039999948205129,157.56,0,0,0,0,0,0,1,0,0,1,0,0,0,0
123.44,6,0,0,55,2,65,0,2.244363595557026,41.14666666666667,0,0,0,0,1,0,0,0,0,0,0,1,0,0
364.63,23,0,0,82,4,44,0,4.446707262845034,72.926,0,0,0,0,0,0,0,0,1,0,1,0,0,0
10.47,11,0,0,75,3,43,0,0.1395999981386667,2.6175,0,0,0,0,0,0,0,0,1,0,0,1,0,0
315.34,10,0,0,58,2,25,0,5.436896457984544,105.11333333333333,0,0,0,0,0,1,0,0,0,0,0,1,0,0
98.95,11,0,0,80,0,24,0,1.2368749845390627,98.95,0,0,0,0,1,0,0,0,0,0,0,1,0,0
474.99,10,1,0,49,4,36,0,9.693673271557689,94.998,1,1,0,0,0,0,0,1,0,0,0,1,0,0
143.5,14,0,0,68,3,51,0,2.1102940866133224,35.875,0,0,0,0,1,0,0,0,0,1,0,0,0,0
14.06,12,0,0,57,1,18,0,0.2466666623391814,7.03,0,0,0,0,0,1,0,0,0,1,0,0,0,0
295.27,19,0,0,97,6,63,0,3.044020587175045,42.18142857142857,0,0,0,0,0,1,0,0,0,0,1,0,0,0
465.41,16,0,0,32,1,61,0,14.544062045498062,232.705,0,0,0,1,0,0,0,1,0,1,0,0,0,0
165.17,7,0,0,88,4,37,0,1.8769317968530477,33.034,0,0,0,0,0,0,1,0,0,0,0,1,0,0
0.16,1,0,0,77,2,30,1,0.0020779220509360772,0.05333333333333334,0,0,0,0,0,0,0,1,0,0,0,0,1,0
105.27,21,0,0,63,1,36,0,1.6709523544293277,52.635,0,0,0,0,1,0,0,0,0,0,1,0,0,0
234.68,7,0,0,69,2,36,0,3.4011593709976906,78.22666666666667,0,0,0,0,0,0,0,1,0,0,0,1,0,0
136.79,7,0,0,26,1,66,0,5.261153643801783,68.395,0,0,0,1,0,1,0,0,0,0,0,1,0,0
129.42,3,0,0,93,3,49,1,1.391612888262227,32.355,0,0,0,0,1,0,0,0,0,0,0,0,1,0
29.62,4,0,0,57,1,62,1,0.5196491136903665,14.81,0,0,0,0,0,0,0,1,0,0,0,0,1,0
21.5,5,0,0,74,3,68,1,0.29054053661431706,5.375,0,0,0,0,0,0,0,1,0,0,0,0,1,0
526.0,23,0,0,91,1,27,0,5.780219716700882,263.0,0,0,1,0,1,0,0,0,0,0,1,0,0,0
80.61,6,0,0,41,3,48,0,1.966097513022012,20.1525,0,0,0,0,0,1,0,0,0,0,0,1,0,0
295.08,18,0,0,89,1,65,0,3.3155055807246563,147.54,0,0,0,0,0,0,0,0,1,0,1,0,0,0
39.33,18,0,0,54,2,43,0,0.7283333198456793,13.11,0,0,0,0,0,0,1,0,0,0,1,0,0,0
155.78,16,0,0,46,4,18,0,3.386521665510399,31.156,0,0,0,0,0,0,0,0,1,1,0,0,0,0
52.36,14,1,0,63,2,29,0,0.8311110979188715,17.453333333333333,1,1,0,0,1,0,0,0,0,1,0,0,0,0
191.05,22,0,1,30,4,60,0,6.368333121055563,38.21,1,1,0,1,0,0,0,1,0,0,1,0,0,0
98.73,9,0,0,40,3,25,0,2.4682499382937517,24.6825,0,0,0,0,1,0,0,0,0,0,0,1,0,0
7.94,14,0,0,84,2,59,0,0.0945238083985261,2.646666666666667,0,0,0,0,1,0,0,0,0,1,0,0,0,0
108.69,21,0,0,69,1,48,0,1.5752173684751107,54.345,0,0,0,0,0,1,0,0,0,0,1,0,0,0
17.12,4,0,0,41,3,48,1,0.4175609654253424,4.28,0,0,0,0,0,0,0,1,0,0,0,0,1,0
132.32,9,0,0,63,0,46,0,2.1003174269790885,132.32,0,0,0,0,0,0,0,0,1,0,0,1,0,0
90.4,15,0,0,67,3,21,0,1.3492537112051686,22.6,0,0,0,0,0,0,1,0,0,1,0,0,0,0
29.82,7,0,0,30,5,43,0,0.9939999668666677,4.97,0,0,0,1,0,0,1,0,0,0,0,1,0,0
31.53,17,0,0,87,2,52,0,0.36241378893777254,10.51,0,0,0,0,0,0,1,0,0,1,0,0,0,0
32.88,3,0,0,83,5,37,1,0.39614457354042687,5.48,0,0,0,0,0,0,0,0,1,0,0,0,1,0
171.33,22,0,0,50,1,53,0,3.426599931468002,85.665,0,0,0,0,0,0,0,0,1,0,1,0,0,0
195.97,11,1,0,81,0,26,0,2.4193826861804606,195.97,1,1,0,0,1,0,0,0,0,0,0,1,0,0
228.14,6,1,0,48,2,42,0,4.7529165676475715,76.04666666666667,1,1,0,0,0,1,0,0,0,0,0,1,0,0
93.78,8,0,0,94,0,45,0,0.9976595638546856,93.78,0,0,0,0,0,0,1,0,0,0,0,1,0,0
198.43,14,1,0,88,0,50,0,2.2548863380126556,198.43,1,1,0,0,0,0,0,1,0,1,0,0,0,0
138.55,4,0,0,31,2,22,1,4.469354694536945,46.18333333333334,0,0,0,1,0,0,0,0,1,0,0,0,1,0
207.38,9,0,0,28,1,53,0,7.406428306913274,103.69,0,0,0,1,0,0,1,0,0,0,0,1,0,0
0.94,6,0,0,82,1,18,0,0.011463414494348604,0.47,0,0,0,0,0,0,0,0,1,0,0,1,0,0
59.77,12,1,0,92,1,45,0,0.6496739059818054,29.885,1,1,0,0,0,0,0,0,1,1,0,0,0,0
230.47,11,0,0,89,1,41,0,2.5895505327016797,115.235,0,0,0,0,0,1,0,0,0,0,0,1,0,0
469.14,14,1,0,31,4,58,0,15.13354789891781,93.828,1,1,0,1,0,0,0,1,0,1,0,0,0,0
10.84,22,0,0,90,2,40,0,0.12044444310617286,3.6133333333333333,0,0,0,0,0,0,1,0,0,0,1,0,0,0
121.86,9,0,0,31,1,36,0,3.930967615130077,60.93,0,0,0,1,0,0,0,0,1,0,0,1,0,0
393.59,18,0,0,45,2,46,0,8.746444250079017,131.19666666666666,0,0,0,0,0,0,1,0,0,0,1,0,0,0
115.86,11,1,0,57,2,42,0,2.0326315432871658,38.62,1,1,0,0,0,0,1,0,0,0,0,1,0,0
61.65,23,0,0,33,0,60,0,1.8681817615702498,61.65,0,0,0,1,1,0,0,0,0,0,1,0,0,0
67.88,6,0,0,30,3,50,0,2.2626665912444466,16.97,0,0,0,1,0,0,0,0,1,0,0,1,0,0
69.09,16,0,0,52,2,40,0,1.3286538206028113,23.03,0,0,0,0,0,1,0,0,0,1,0,0,0,0
510.29,6,0,1,80,3,67,0,6.378624920267189,127.5725,1,1,1,0,0,0,0,1,0,0,0,1,0,0
123.27,16,0,0,71,4,23,0,1.7361971586451104,24.654,0,0,0,0,0,0,1,0,0,1,0,0,0,0
275.34,20,0,0,84,3,39,0,3.2778571038350344,68.835,0,0,0,0,1,0,0,0,0,0,1,0,0,0
18.33,15,0,0,70,2,58,0,0.2618571391163266,6.109999999999999,0,0,0,0,0,0,0,1,0,1,0,0,0,0
21.5,21,0,0,74,2,21,0,0.29054053661431706,7.166666666666667,0,0,0,0,0,0,0,1,0,0,1,0,0,0
33.24,2,0,0,89,2,37,1,0.373483141870976,11.08,0,0,0,0,0,0,0,1,0,0,0,0,1,0
70.13,17,1,0,46,3,51,0,1.524565184248583,17.5325,1,1,0,0,0,1,0,0,0,1,0,0,0,0
38.48,21,0,0,36,4,58,0,1.0688888591975316,7.696,0,0,0,1,0,0,1,0,0,0,1,0,0,0
570.49,14,0,0,62,4,56,0,9.201451464492719,114.098,0,0,1,0,0,1,0,0,0,1,0,0,0,0
210.54,10,0,0,68,1,54,0,3.096176425056229,105.27,0,0,0,0,0,0,1,0,0,0,0,1,0,0
104.87,23,0,0,72,1,57,0,1.4565277575482256,52.435,0,0,0,0,1,0,0,0,0,0,1,0,0,0
78.51,8,0,0,26,1,18,0,3.0196152684763358,39.255,0,0,0,1,0,1,0,0,0,0,0,1,0,0
36.66,13,0,1,28,1,40,0,1.3092856675255118,18.33,1,1,0,1,0,0,0,0,1,1,0,0,0,0
296.52,0,0,0,99,3,18,1,2.99515148489746,74.13,0,0,0,0,0,1,0,0,0,0,0,0,1,0
130.22,0,0,0,65,0,26,1,2.0033845845633143,130.22,0,0,0,0,0,0,0,1,0,0,0,0,1,0
4.49,4,0,0,54,0,30,1,0.08314814660836767,4.49,0,0,0,0,0,0,1,0,0,0,0,0,1,0
3.29,23,0,0,48,2,29,0,0.06854166523871531,1.0966666666666667,0,0,0,0,0,1,0,0,0,0,1,0,0,0
70.6,22,0,0,46,2,43,0,1.5347825753308135,23.53333333333333,0,0,0,0,0,0,1,0,0,0,1,0,0,0
59.11,19,0,0,45,1,43,0,1.3135555263654328,29.555,0,0,0,0,0,0,0,1,0,0,1,0,0,0
517.88,23,0,0,80,6,30,0,6.473499919081251,73.98285714285714,0,0,1,0,0,0,0,0,1,0,1,0,0,0
41.0,2,0,0,85,3,57,1,0.4823529355017302,10.25,0,0,0,0,0,0,1,0,0,0,0,0,1,0
8.37,16,0,0,98,2,39,0,0.08540816239379426,2.7899999999999996,0,0,0,0,0,0,0,0,1,1,0,0,0,0
95.86,21,0,0,88,2,62,0,1.0893181694395664,31.953333333333333,0,0,0,0,0,0,0,0,1,0,1,0,0,0
542.04,8,0,0,81,0,25,0,6.691851769236398,542.04,0,0,1,0,1,0,0,0,0,0,0,1,0,0
24.55,21,1,0,91,3,56,0,0.26978021681560205,6.1375,1,1,0,0,1,0,0,0,0,0,1,0,0,0
142.31,4,1,0,65,2,41,1,2.1893845817017756,47.43666666666667,1,1,0,0,1,0,0,0,0,0,0,0,1,0
48.81,16,0,0,53,4,46,0,0.920943378850125,9.762,0,0,0,0,0,0,0,0,1,1,0,0,0,0
340.82,9,0,0,76,2,48,0,4.484473625204294,113.60666666666667,0,0,0,0,0,0,0,0,1,0,0,1,0,0
10.36,11,0,0,67,2,54,0,0.15462686336377815,3.453333333333333,0,0,0,0,0,0,0,0,1,0,0,1,0,0
31.95,16,1,0,42,2,64,0,0.7607142676020413,10.65,1,1,0,0,0,1,0,0,0,1,0,0,0,0
136.41,11,0,0,40,3,57,0,3.410249914743752,34.1025,0,0,0,0,0,1,0,0,0,0,0,1,0,0
13.24,22,0,0,64,4,62,0,0.20687499676757817,2.648,0,0,0,0,0,1,0,0,0,0,1,0,0,0
28.55,14,0,0,96,2,32,0,0.2973958302354601,9.516666666666667,0,0,0,0,1,0,0,0,0,1,0,0,0,0
0.24,13,0,0,30,3,53,0,0.007999999733333341,0.06,0,0,0,1,1,0,0,0,0,1,0,0,0,0
251.51,22,0,0,56,2,41,0,4.491249919799109,83.83666666666666,0,0,0,0,0,0,0,1,0,0,1,0,0,0
20.92,17,0,0,30,2,62,0,0.6973333100888897,6.973333333333334,0,0,0,1,0,0,1,0,0,1,0,0,0,0
199.97,21,0,1,79,3,63,0,2.531265790743471,49.9925,1,1,0,0,0,0,1,0,0,0,1,0,0,0
172.1,13,0,0,89,2,49,0,1.933707843441485,57.36666666666667,0,0,0,0,0,1,0,0,0,1,0,0,0,0
25.28,1,0,0,92,2,49,1,0.27478260570888474,8.426666666666668,0,0,0,0,0,1,0,0,0,0,0,0,1,0
202.91,1,0,0,46,0,68,1,4.411086860628546,202.91,0,0,0,0,0,1,0,0,0,0,0,0,1,0
285.35,11,0,0,29,2,28,0,9.83965483311535,95.11666666666667,0,0,0,1,0,0,1,0,0,0,0,1,0,0
357.37,13,1,0,68,4,49,0,5.25544109918469,71.474,1,1,0,0,1,0,0,0,0,1,0,0,0,0
136.83,13,0,0,30,3,20,0,4.560999847966672,34.2075,0,0,0,1,0,1,0,0,0,1,0,0,0,0
18.44,8,0,0,80,4,53,0,0.23049999711875005,3.688,0,0,0,0,1,0,0,0,0,0,0,1,0,0
205.23,2,0,0,40,4,64,1,5.130749871731253,41.046,0,0,0,0,0,0,1,0,0,0,0,0,1,0
428.43,0,0,1,66,1,25,1,6.491363538009644,214.215,1,1,0,0,0,0,0,0,1,0,0,0,1,0
723.9,8,0,0,93,2,42,0,7.783870884044399,241.29999999999998,0,0,1,0,0,0,1,0,0,0,0,1,0,0
32.9,17,0,0,57,2,46,0,0.5771929723299478,10.966666666666667,0,0,0,0,0,1,0,0,0,1,0,0,0,0
504.92,19,0,0,56,1,59,0,9.016428410420922,252.46,0,0,1,0,0,1,0,0,0,0,1,0,0,0
529.59,4,0,0,53,1,24,1,9.992263962410115,264.795,0,0,1,0,1,0,0,0,0,0,0,0,1,0
306.46,6,0,0,46,1,31,0,6.662173768213614,153.23,0,0,0,0,0,0,0,1,0,0,0,1,0,0
121.07,5,0,0,37,1,68,1,3.2721620737253496,60.535,0,0,0,1,0,0,0,1,0,0,0,0,1,0
19.33,10,0,0,59,2,68,0,0.32762711309106585,6.4433333333333325,0,0,0,0,1,0,0,0,0,0,0,1,0,0
29.36,19,0,0,26,3,44,0,1.1292307257988181,7.34,0,0,0,1,1,0,0,0,0,0,1,0,0,0
231.35,23,0,0,62,2,67,0,3.7314515527185232,77.11666666666666,0,0,0,0,0,1,0,0,0,0,1,0,0,0
607.77,21,0,0,86,1,67,0,7.067092941080315,303.885,0,0,1,0,0,0,0,0,1,0,1,0,0,0
185.55,12,0,0,51,0,27,0,3.638235222779702,185.55,0,0,0,0,0,1,0,0,0,1,0,0,0,0
36.88,19,0,0,44,1,46,0,0.8381817991322319,18.44,0,0,0,0,0,1,0,0,0,0,1,0,0,0
218.3,0,0,0,66,1,47,1,3.3075757074609746,109.15,0,0,0,0,0,1,0,0,0,0,0,0,1,0
156.49,18,0,0,36,3,68,0,4.3469443236959915,39.1225,0,0,0,1,0,0,0,0,1,0,1,0,0,0
858.88,13,0,0,82,3,49,0,10.474146213729924,214.72,0,0,1,0,0,0,1,0,0,1,0,0,0,0
105.93,2,0,0,73,2,56,1,1.4510958705329333,35.31,0,0,0,0,0,0,1,0,0,0,0,0,1,0
209.89,11,0,0,25,1,53,0,8.395599664176013,104.945,0,0,0,1,0,0,1,0,0,0,0,1,0,0
360.84,15,0,0,42,2,29,0,8.591428366870753,120.27999999999999,0,0,0,0,0,0,1,0,0,1,0,0,0,0
118.03,4,0,0,96,2,57,1,1.2294791538595922,39.343333333333334,0,0,0,0,0,0,1,0,0,0,0,0,1,0
29.55,14,1,0,81,2,40,0,0.3648148103109283,9.85,1,1,0,0,0,1,0,0,0,1,0,0,0,0
324.59,19,0,0,39,4,44,0,8.322820299414865,64.91799999999999,0,0,0,1,1,0,0,0,0,0,1,0,0,0
84.47,6,1,0,48,1,46,0,1.759791630004341,42.235,1,1,0,0,0,0,0,1,0,0,0,1,0,0
95.21,13,0,0,82,3,39,0,1.1610975468158835,23.8025,0,0,0,0,0,0,1,0,0,1,0,0,0,0
156.76,10,1,0,92,1,31,0,1.703913024957467,78.38,1,1,0,0,0,0,0,1,0,0,0,1,0,0
321.5,4,0,0,85,1,44,1,3.7823528966782014,160.75,0,0,0,0,0,0,0,1,0,0,0,0,1,0
24.05,13,0,0,31,1,23,0,0.7758064265868895,12.025,0,0,0,1,1,0,0,0,0,1,0,0,0,0
111.58,8,0,0,60,3,26,0,1.8596666356722227,27.895,0,0,0,0,0,0,0,0,1,0,0,1,0,0
285.09,6,0,0,35,3,58,0,8.145428338702047,71.2725,0,0,0,1,0,0,0,0,1,0,0,1,0,0
39.42,6,1,0,68,2,42,0,0.5797058738278549,13.14,1,1,0,0,0,1,0,0,0,0,0,1,0,0
105.31,11,1,0,37,2,19,0,2.846216139291456,35.10333333333333,1,1,0,1,0,0,0,1,0,0,0,1,0,0
237.21,13,0,0,53,1,67,0,4.47566029291207,118.605,0,0,0,0,0,0,0,0,1,1,0,0,0,0
41.22,10,0,0,91,3,69,0,0.4529670279893733,10.305,0,0,0,0,0,1,0,0,0,0,0,1,0,0
3.25,18,0,0,70,2,67,0,0.04642857076530613,1.0833333333333333,0,0,0,0,0,0,1,0,0,0,1,0,0,0
100.08,10,0,0,92,2,19,0,1.0878260751323252,33.36,0,0,0,0,1,0,0,0,0,0,0,1,0,0
434.98,19,1,0,61,3,29,0,7.130819555232467,108.745,1,1,0,0,0,0,1,0,0,0,1,0,0,0
643.94,1,0,0,74,1,64,1,8.70189177429876,321.97,0,0,1,0,0,0,0,1,0,0,0,0,1,0
103.4,13,0,0,98,1,69,0,1.0551020300499794,51.7,0,0,0,0,0,0,1,0,0,1,0,0,0,0
99.75,21,0,0,27,0,30,0,3.6944443076131734,99.75,0,0,0,1,0,0,0,0,1,0,1,0,0,0
92.4,5,0,0,99,3,59,1,0.9333333239057241,23.1,0,0,0,0,0,1,0,0,0,0,0,0,1,0
362.59,11,0,0,37,1,30,0,9.799729464872177,181.295,0,0,0,1,0,0,0,1,0,0,0,1,0,0
135.73,18,0,0,25,3,42,0,5.429199782832008,33.9325,0,0,0,1,0,0,0,1,0,0,1,0,0,0
227.6,12,0,0,31,0,34,0,7.341935247034346,227.6,0,0,0,1,0,1,0,0,0,1,0,0,0,0
61.32,14,0,0,81,0,21,0,0.7570370276909009,61.32,0,0,0,0,0,1,0,0,0,1,0,0,0,0
195.53,1,0,0,39,3,46,1,5.013589615036164,48.8825,0,0,0,1,0,0,0,1,0,0,0,0,1,0
275.4,5,0,0,26,2,37,1,10.592307284911257,91.8,0,0,0,1,0,0,1,0,0,0,0,0,1,0
1227.01,9,0,0,52,3,29,0,23.596345700070277,306.7525,0,0,1,0,1,0,0,0,0,0,0,1,0,0
32.54,9,0,0,72,3,46,0,0.45194443816743834,8.135,0,0,0,0,0,1,0,0,0,0,0,1,0,0
35.36,11,0,0,95,4,65,0,0.37221052239778396,7.072,0,0,0,0,0,0,0,1,0,0,0,1,0,0
42.55,0,0,0,27,5,41,1,1.575925867558301,7.091666666666666,0,0,0,1,0,0,1,0,0,0,0,0,1,1
188.05,9,0,1,64,2,50,0,2.9382812040893564,62.68333333333334,1,1,0,0,0,0,1,0,0,0,0,1,0,0
372.71,13,0,0,26,1,20,0,14.334999448653866,186.355,0,0,0,1,1,0,0,0,0,1,0,0,0,0
57.0,5,0,0,75,3,57,1,0.7599999898666668,14.25,0,0,0,0,1,0,0,0,0,0,0,0,1,0
48.13,12,0,0,97,2,31,0,0.49618556189499424,16.043333333333333,0,0,0,0,1,0,0,0,0,1,0,0,0,0
56.89,7,0,0,38,4,53,0,1.497105223760389,11.378,0,0,0,1,1,0,0,0,0,0,0,1,0,0
80.12,22,0,0,34,1,43,0,2.356470518927338,40.06,0,0,0,1,0,0,0,0,1,0,1,0,0,0
7.15,23,0,0,59,1,47,0,0.12118643862395868,3.575,0,0,0,0,0,1,0,0,0,0,1,0,0,0
59.13,23,0,0,64,3,38,0,0.9239062355639651,14.7825,0,0,0,0,0,0,0,0,1,0,1,0,0,0
201.44,20,1,0,37,4,22,0,5.444324177180428,40.288,1,1,0,1,0,0,0,1,0,0,1,0,0,0
39.17,20,0,0,56,2,44,0,0.6994642732238523,13.056666666666667,0,0,0,0,0,0,0,0,1,0,1,0,0,0
146.83,2,0,1,94,4,48,1,1.5620212599784975,29.366000000000003,1,1,0,0,0,0,1,0,0,0,0,0,1,0
120.8,20,0,0,45,2,29,0,2.6844443847901247,40.266666666666666,0,0,0,0,1,0,0,0,0,0,1,0,0,0
132.96,17,0,1,73,4,42,0,1.8213698380634271,26.592000000000002,1,1,0,0,1,0,0,0,0,1,0,0,0,0
437.04,4,0,1,64,2,68,1,6.828749893300784,145.68,1,1,0,0,0,1,0,0,0,0,0,0,1,0
363.18,2,0,0,90,1,41,1,4.035333288496297,181.59,0,0,0,0,0,0,0,0,1,0,0,0,1,0
175.66,2,0,1,49,2,46,1,3.584897886022492,58.553333333333335,1,1,0,0,0,0,0,0,1,0,0,0,1,0
27.6,20,0,0,53,2,56,0,0.5207547071555716,9.200000000000001,0,0,0,0,0,0,0,1,0,0,1,0,0,0
113.51,1,0,0,51,1,28,1,2.225686230868898,56.755,0,0,0,0,1,0,0,0,0,0,0,0,1,0
14.46,8,0,0,68,0,22,0,0.21264705569636685,14.46,0,0,0,0,0,0,1,0,0,0,0,1,0,0
53.07,20,0,1,49,3,58,0,1.083061202386506,13.2675,1,1,0,0,1,0,0,0,0,0,1,0,0,0
66.74,7,0,1,67,5,40,0,0.996119388117621,11.123333333333333,1,1,0,0,0,0,1,0,0,0,0,1,0,0
28.68,0,0,0,55,0,68,1,0.521454535973554,28.68,0,0,0,0,0,0,0,0,1,0,0,0,1,0
232.68,18,1,0,29,1,58,0,8.023447999191449,116.34,1,1,0,1,0,0,0,0,1,0,1,0,0,0
57.26,11,0,0,88,2,22,0,0.6506818107877067,19.086666666666666,0,0,0,0,0,0,0,0,1,0,0,1,0,0
120.37,8,0,0,45,2,23,0,2.6748888294469153,40.123333333333335,0,0,0,0,1,0,0,0,0,0,0,1,0,0
39.48,12,0,0,81,3,56,0,0.4874074013900321,9.87,0,0,0,0,0,0,1,0,0,1,0,0,0,0
187.16,3,0,1,70,4,65,1,2.673714247518368,37.432,1,1,0,0,0,0,0,1,0,0,0,0,1,0
102.58,10,0,1,37,4,54,0,2.7724323575018284,20.516,1,1,0,1,0,1,0,0,0,0,0,1,0,0
275.43,11,0,0,85,3,21,0,3.240352903054672,68.8575,0,0,0,0,0,0,1,0,0,0,0,1,0,0
66.6,16,0,0,32,4,55,0,2.0812499349609395,13.319999999999999,0,0,0,1,1,0,0,0,0,1,0,0,0,0
9.61,4,0,0,94,2,46,1,0.1022340414655953,3.203333333333333,0,0,0,0,0,0,0,1,0,0,0,0,1,0
131.77,5,0,0,92,2,23,1,1.4322825931273633,43.92333333333334,0,0,0,0,0,1,0,0,0,0,0,0,1,0
41.14,17,0,0,65,0,35,0,0.632923067185799,41.14,0,0,0,0,0,0,0,0,1,1,0,0,0,0
87.04,13,0,1,74,3,22,0,1.1762162003214027,21.76,1,1,0,0,0,0,0,0,1,1,0,0,0,0
275.65,12,0,1,84,0,38,0,3.2815475799815763,275.65,1,1,0,0,1,0,0,0,0,1,0,0,0,0
305.49,21,0,0,75,2,32,0,4.073199945690668,101.83,0,0,0,0,0,1,0,0,0,0,1,0,0,0
22.35,10,0,0,67,1,23,0,0.33358208457340177,11.175,0,0,0,0,0,0,0,0,1,0,0,1,0,0
120.92,7,0,0,94,2,23,0,1.286382965038479,40.306666666666665,0,0,0,0,0,0,1,0,0,0,0,1,0,0
334.02,14,0,0,92,3,68,0,3.6306521344494334,83.505,0,0,0,0,0,0,0,0,1,1,0,0,0,0
121.91,19,0,0,35,0,39,0,3.483142757624493,121.91,0,0,0,1,0,0,1,0,0,0,1,0,0,0
410.04,5,0,0,70,3,25,1,5.857714202032655,102.51,0,0,0,0,1,0,0,0,0,0,0,0,1,0
131.23,13,0,0,69,1,62,0,1.9018840304074778,65.615,0,0,0,0,0,1,0,0,0,1,0,0,0,0
299.18,14,0,0,60,3,43,0,4.986333250227779,74.795,0,0,0,0,1,0,0,0,0,1,0,0,0,0
303.13,3,0,0,61,1,20,1,4.969344180830423,151.565,0,0,0,0,0,1,0,0,0,0,0,0,1,0
78.24,4,0,0,81,1,33,1,0.9659259140009147,39.12,0,0,0,0,0,0,1,0,0,0,0,0,1,0
36.12,8,1,1,51,1,20,0,0.7082352802306807,18.06,1,2,0,0,0,1,0,0,0,0,0,1,0,0
184.4,6,0,0,26,2,35,0,7.092307419526637,61.46666666666667,0,0,0,1,0,1,0,0,0,0,0,1,0,0
214.77,11,0,0,73,1,18,0,2.9420547542184283,107.385,0,0,0,0,0,1,0,0,0,0,0,1,0,0
247.2,8,0,0,89,3,34,0,2.77752805867946,61.8,0,0,0,0,1,0,0,0,0,0,0,1,0,0
73.66,7,0,0,74,3,38,0,0.9954053919539811,18.415,0,0,0,0,1,0,0,0,0,0,0,1,0,0
39.37,9,0,0,57,0,31,0,0.6907017422683904,39.37,0,0,0,0,0,0,0,1,0,0,0,1,0,0
151.7,20,0,0,99,5,68,0,1.5323232168452199,25.28333333333333,0,0,0,0,0,0,0,0,1,0,1,0,0,0
16.54,7,1,1,48,1,43,0,0.34458332615451404,8.27,1,2,0,0,0,0,0,1,0,0,0,1,0,0
425.31,13,1,0,26,3,41,0,16.358076293920142,106.3275,1,1,0,1,1,0,0,0,0,1,0,0,0,0
104.21,6,0,1,43,2,34,0,2.42348831573283,34.736666666666665,1,1,0,0,0,0,0,0,1,0,0,1,0,0
55.48,3,1,1,40,2,55,1,1.386999965325001,18.493333333333332,1,2,0,0,0,0,0,0,1,0,0,0,1,1
99.89,22,0,0,56,1,49,0,1.7837499681473221,49.945,0,0,0,0,0,1,0,0,0,0,1,0,0,0
41.74,16,0,0,95,3,47,0,0.4393684164277009,10.435,0,0,0,0,0,0,1,0,0,1,0,0,0,0
137.95,14,0,0,83,2,31,0,1.6620481727464074,45.98333333333333,0,0,0,0,1,0,0,0,0,1,0,0,0,0
44.43,7,0,0,25,1,67,0,1.7771999289120028,22.215,0,0,0,1,0,0,0,1,0,0,0,1,0,0
147.05,15,1,0,30,2,27,0,4.9016665032777835,49.01666666666667,1,1,0,1,1,0,0,0,0,1,0,0,0,0
82.18,4,0,1,61,2,18,1,1.347213092668638,27.393333333333334,1,1,0,0,0,0,0,1,0,0,0,0,1,0
346.77,8,0,1,59,2,26,0,5.87745752750072,115.58999999999999,1,1,0,0,0,0,1,0,0,0,0,1,0,0
195.71,15,0,0,53,0,53,0,3.6926414397614824,195.71,0,0,0,0,0,1,0,0,0,1,0,0,0,0
25.86,6,0,0,41,4,61,0,0.6307316919333734,5.172,0,0,0,0,0,0,0,1,0,0,0,1,0,0
220.49,19,0,1,91,2,56,0,2.4229670063410222,73.49666666666667,1,1,0,0,0,1,0,0,0,0,1,0,0,0
137.18,0,0,1,29,2,52,1,4.7303446644708735,45.72666666666667,1,1,0,1,0,0,1,0,0,0,0,0,1,1
225.52,11,0,0,25,2,31,0,9.020799639168015,75.17333333333333,0,0,0,1,0,0,0,0,1,0,0,1,0,0
35.1,10,0,0,49,3,48,0,0.7163265159933365,8.775,0,0,0,0,0,0,1,0,0,0,0,1,0,0
17.27,1,0,0,50,5,56,1,0.34539999309200015,2.8783333333333334,0,0,0,0,1,0,0,0,0,0,0,0,1,0
624.57,8,0,0,93,1,20,0,6.7158063793999325,312.285,0,0,1,0,1,0,0,0,0,0,0,1,0,0
17.23,10,0,0,99,1,48,0,0.17404040228242018,8.615,0,0,0,0,0,0,0,0,1,0,0,1,0,0
541.05,15,0,1,69,2,66,0,7.841304234183996,180.35,1,1,1,0,0,1,0,0,0,1,0,0,0,0
52.66,9,0,0,93,2,67,0,0.5662365530512199,17.55333333333333,0,0,0,0,0,0,1,0,0,0,0,1,0,0
251.27,20,0,1,99,3,47,0,2.5380807824436284,62.8175,1,1,0,0,0,1,0,0,0,0,1,0,0,0
22.22,3,0,0,28,4,45,1,0.7935714002295928,4.444,0,0,0,1,0,0,0,1,0,0,0,0,1,0
624.21,21,0,1,26,1,41,0,24.008075999689385,312.105,1,1,1,1,0,0,0,1,0,0,1,0,0,0
155.95,2,0,0,94,2,42,1,1.6590425355421006,51.98333333333333,0,0,0,0,0,1,0,0,0,0,0,0,1,0
183.38,6,0,0,28,1,65,0,6.549285480382661,91.69,0,0,0,1,1,0,0,0,0,0,0,1,0,0
149.31,5,0,0,28,4,51,1,5.332499809553578,29.862000000000002,0,0,0,1,1,0,0,0,0,0,0,0,1,0
369.4,15,0,0,93,3,32,0,3.9720429680425484,92.35,0,0,0,0,0,0,1,0,0,1,0,0,0,0
556.87,0,0,0,81,1,49,1,6.874938186729159,278.435,0,0,1,0,0,1,0,0,0,0,0,0,1,0
1.17,19,0,0,47,2,60,0,0.024893616491625182,0.38999999999999996,0,0,0,0,0,0,0,0,1,0,1,0,0,0
32.18,17,0,0,54,5,48,0,0.5959259148902608,5.363333333333333,0,0,0,0,0,0,0,1,0,1,0,0,0,0
499.01,9,0,0,49,2,41,0,10.183877343186177,166.33666666666667,0,0,0,0,0,0,1,0,0,0,0,1,0,0
266.23,4,0,0,69,1,26,1,3.858405741182526,133.115,0,0,0,0,1,0,0,0,0,0,0,0,1,0
132.66,23,0,0,96,1,33,0,1.3818749856054688,66.33,0,0,0,0,1,0,0,0,0,0,1,0,0,0
42.49,5,0,0,31,1,33,1,1.370645117075964,21.245,0,0,0,1,0,1,0,0,0,0,0,0,1,0
26.42,10,0,0,68,3,31,0,0.3885294060510382,6.605,0,0,0,0,0,0,1,0,0,0,0,1,0,0
251.27,8,0,0,40,1,34,0,6.281749842956255,125.635,0,0,0,0,1,0,0,0,0,0,0,1,0,0
103.6,15,0,0,54,2,54,0,1.9185184829903985,34.53333333333333,0,0,0,0,0,0,0,0,1,1,0,0,0,0
380.46,6,0,0,82,1,45,0,4.639756040978585,190.23,0,0,0,0,0,0,0,0,1,0,0,1,0,0
45.1,20,0,0,86,3,40,0,0.5244185985532721,11.275,0,0,0,0,1,0,0,0,0,0,1,0,0,0
143.39,11,0,0,83,4,54,0,1.7275903406314415,28.677999999999997,0,0,0,0,0,0,1,0,0,0,0,1,0,0
701.79,2,1,1,94,1,20,1,7.46585098440584,350.895,1,2,1,0,0,0,0,0,1,0,0,0,1,1
49.75,11,0,0,79,2,34,0,0.6297468274715592,16.583333333333332,0,0,0,0,0,0,0,0,1,0,0,1,0,0
220.39,23,0,0,50,2,41,0,4.407799911844002,73.46333333333332,0,0,0,0,0,0,1,0,0,0,1,0,0,0
44.9,9,0,0,67,1,44,0,0.6701492437291158,22.45,0,0,0,0,0,1,0,0,0,0,0,1,0,0
341.43,14,1,0,71,4,18,0,4.808873171706012,68.286,1,1,0,0,0,1,0,0,0,1,0,0,0,0
35.54,5,1,0,66,2,25,1,0.5384848403259873,11.846666666666666,1,1,0,0,1,0,0,0,0,0,0,0,1,0
21.43,10,0,0,98,3,44,0,0.2186734671563932,5.3575,0,0,0,0,1,0,0,0,0,0,0,1,0,0
239.5,20,0,0,92,0,62,0,2.603260841268904,239.5,0,0,0,0,1,0,0,0,0,0,1,0,0,0
48.23,21,0,0,96,0,29,0,0.5023958281000435,48.23,0,0,0,0,0,1,0,0,0,0,1,0,0,0
791.2,6,0,1,48,4,25,0,16.483332989930563,158.24,1,1,1,0,0,0,0,0,1,0,0,1,0,0
33.35,15,0,0,88,2,50,0,0.3789772684207129,11.116666666666667,0,0,0,0,0,0,0,0,1,1,0,0,0,0
241.0,5,0,0,64,1,51,1,3.7656249411621103,120.5,0,0,0,0,0,0,0,1,0,0,0,0,1,0
85.24,17,0,0,72,2,55,0,1.183888872445988,28.41333333333333,0,0,0,0,0,0,0,1,0,1,0,0,0,0
76.81,2,0,0,32,2,27,1,2.400312424990237,25.603333333333335,0,0,0,1,0,1,0,0,0,0,0,0,1,0
42.61,17,0,0,38,3,19,0,1.1213157599653747,10.6525,0,0,0,1,0,1,0,0,0,1,0,0,0,0
269.79,17,0,1,52,1,33,0,5.188269130994825,134.895,1,1,0,0,0,0,0,0,1,1,0,0,0,0
194.35,8,0,0,42,2,57,0,4.627380842205218,64.78333333333333,0,0,0,0,1,0,0,0,0,0,0,1,0,0
132.47,21,0,0,88,2,19,0,1.5053408919847626,44.156666666666666,0,0,0,0,0,0,0,0,1,0,1,0,0,0
325.55,22,0,0,57,2,23,0,5.71140340857187,108.51666666666667,0,0,0,0,0,0,0,1,0,0,1,0,0,0
95.78,21,0,0,52,1,49,0,1.84192304150148,47.89,0,0,0,0,0,0,1,0,0,0,1,0,0,0
31.01,21,0,0,92,4,41,0,0.33706521372755205,6.202,0,0,0,0,0,1,0,0,0,0,1,0,0,0
463.23,1,0,0,63,1,52,1,7.352857026145127,231.615,0,0,0,0,0,0,0,0,1,0,0,0,1,0
289.62,15,0,1,46,1,44,0,6.296086819650287,144.81,1,1,0,0,0,0,0,0,1,1,0,0,0,0
0.01,3,0,0,78,1,34,1,0.00012820512656147275,0.005,0,0,0,0,1,0,0,0,0,0,0,0,1,0
339.34,10,0,0,70,3,30,0,4.847714216461226,84.835,0,0,0,0,0,0,0,0,1,0,0,1,0,0
73.18,13,0,0,56,2,47,0,1.3067856909502558,24.393333333333334,0,0,0,0,0,1,0,0,0,1,0,0,0,0
175.95,17,0,0,52,4,27,0,3.383653781083581,35.19,0,0,0,0,0,0,1,0,0,1,0,0,0,0
642.2,6,0,0,78,1,52,0,8.23333322777778,321.1,0,0,1,0,0,1,0,0,0,0,0,1,0,0
50.97,15,0,0,89,0,63,0,0.5726966227786896,50.97,0,0,0,0,0,0,1,0,0,1,0,0,0,0
13.17,4,0,0,61,2,29,1,0.21590163580489122,4.39,0,0,0,0,0,0,0,1,0,0,0,0,1,0
305.66,17,0,0,68,3,23,0,4.49499993389706,76.415,0,0,0,0,0,0,0,1,0,1,0,0,0,0
305.35,11,0,0,58,3,50,0,5.264655081643879,76.3375,0,0,0,0,0,1,0,0,0,0,0,1,0,0
244.94,2,0,0,27,1,32,1,9.07185151585735,122.47,0,0,0,1,0,0,0,0,1,0,0,0,1,0
303.22,6,0,0,73,1,69,0,4.153698573237007,151.61,0,0,0,0,0,0,0,0,1,0,0,1,0,0
35.42,12,0,0,98,1,54,0,0.36142856774052484,17.71,0,0,0,0,0,1,0,0,0,1,0,0,0,0
5.75,1,0,0,91,1,50,1,0.06318681249245262,2.875,0,0,0,0,0,0,0,0,1,0,0,0,1,0
91.11,10,0,0,64,1,64,0,1.423593727756348,45.555,0,0,0,0,0,0,0,0,1,0,0,1,0,0
361.87,12,0,0,62,2,37,0,5.8366128090868905,120.62333333333333,0,0,0,0,1,0,0,0,0,1,0,0,0,0
42.88,2,1,0,45,3,58,1,0.9528888677135808,10.72,1,1,0,0,0,1,0,0,0,0,0,0,1,0
37.71,20,0,0,43,0,18,0,0.876976723791239,37.71,0,0,0,0,0,1,0,0,0,0,1,0,0,0
20.1,15,0,0,79,0,69,0,0.25443037652619777,20.1,0,0,0,0,0,0,0,1,0,1,0,0,0,0
868.26,8,0,0,99,3,69,0,8.770302941714112,217.065,0,0,1,0,0,1,0,0,0,0,0,1,0,0
24.09,7,0,0,52,3,57,0,0.4632692218602073,6.0225,0,0,0,0,0,1,0,0,0,0,0,1,0,0
33.7,20,0,0,28,1,43,0,1.2035713855867363,16.85,0,0,0,1,1,0,0,0,0,0,1,0,0,0
19.34,0,0,0,26,2,40,1,0.7438461252366875,6.446666666666666,0,0,0,1,0,0,0,0,1,0,0,0,1,0
43.11,5,0,0,30,2,21,1,1.4369999521000014,14.37,0,0,0,1,0,1,0,0,0,0,0,0,1,0
181.49,20,0,0,41,4,20,0,4.426585257888165,36.298,0,0,0,0,1,0,0,0,0,0,1,0,0,0
88.6,19,0,0,34,1,25,0,2.60588227629758,44.3,0,0,0,1,0,1,0,0,0,0,1,0,0,0
16.82,19,0,0,32,1,53,0,0.5256249835742193,8.41,0,0,0,1,0,0,0,0,1,0,1,0,0,0
164.65,18,0,0,33,2,58,0,4.989393788200188,54.88333333333333,0,0,0,1,0,1,0,0,0,0,1,0,0,0
56.79,2,0,0,42,0,30,1,1.3521428249489804,56.79,0,0,0,0,1,0,0,0,0,0,0,0,1,0
1.04,17,0,0,53,2,38,0,0.019622641139195453,0.3466666666666667,0,0,0,0,0,0,0,1,0,1,0,0,0,0
15.67,0,0,0,93,5,39,1,0.16849462184414385,2.611666666666667,0,0,0,0,0,0,0,1,0,0,0,0,1,0
129.17,8,0,0,51,1,23,0,2.532745048377548,64.585,0,0,0,0,0,0,1,0,0,0,0,1,0,0
14.4,9,0,0,58,2,22,0,0.2482758577883473,4.8,0,0,0,0,0,1,0,0,0,0,0,1,0,0
9.35,21,0,0,54,5,24,0,0.17314814494170103,1.5583333333333333,0,0,0,0,0,1,0,0,0,0,1,0,0,0
257.47,14,0,0,69,2,64,0,3.731449221283345,85.82333333333334,0,0,0,0,0,0,0,1,0,1,0,0,0,0
176.02,5,0,0,60,2,37,1,2.9336666177722233,58.67333333333334,0,0,0,0,0,0,0,0,1,0,0,0,1,0
253.27,15,0,1,99,1,56,0,2.558282802441588,126.635,1,1,0,0,0,0,0,1,0,1,0,0,0,0
100.97,0,1,0,43,0,49,1,2.348139480275826,100.97,1,1,0,0,0,0,0,0,1,0,0,0,1,0
1.99,17,0,0,81,0,23,0,0.024567900931260482,1.99,0,0,0,0,0,1,0,0,0,1,0,0,0,0
215.2,16,0,0,73,3,40,0,2.9479451650966415,53.8,0,0,0,0,1,0,0,0,0,1,0,0,0,0
0.91,14,0,0,84,3,52,0,0.010833333204365081,0.2275,0,0,0,0,0,0,0,1,0,1,0,0,0,0
495.26,9,0,0,59,2,23,0,8.394237145860387,165.08666666666667,0,0,0,0,0,0,0,0,1,0,0,1,0,0
295.83,7,0,0,46,2,26,0,6.431086816715504,98.61,0,0,0,0,0,0,0,1,0,0,0,1,0,0
185.62,16,0,1,63,1,65,0,2.9463491595817595,92.81,1,1,0,0,0,0,0,1,0,1,0,0,0,0
23.64,11,0,0,97,1,57,0,0.24371133769369757,11.82,0,0,0,0,0,0,1,0,0,0,0,1,0,0
69.56,4,0,0,92,2,44,1,0.7560869483034027,23.186666666666667,0,0,0,0,0,0,0,0,1,0,0,0,1,0
6.19,9,0,0,91,1,27,0,0.06802197727448377,3.095,0,0,0,0,0,0,0,0,1,0,0,1,0,0
260.19,11,0,0,36,4,31,0,7.227499799236117,52.038,0,0,0,1,1,0,0,0,0,0,0,1,0,0
176.95,10,1,0,85,2,53,0,2.081764681391004,58.98333333333333,1,1,0,0,0,0,0,0,1,0,0,1,0,0
10.1,10,0,0,47,1,23,0,0.21489361244907207,5.05,0,0,0,0,0,1,0,0,0,0,0,1,0,0
96.0,15,1,0,34,2,21,0,2.823529328719726,32.0,1,1,0,1,0,0,1,0,0,1,0,0,0,0
37.24,19,0,0,43,2,28,0,0.866046491487291,12.413333333333334,0,0,0,0,1,0,0,0,0,0,1,0,0,0
159.43,6,0,0,35,6,29,0,4.555142726995923,22.775714285714287,0,0,0,1,0,0,0,1,0,0,0,1,0,0
69.59,3,0,0,36,1,50,1,1.9330555018595696,34.795,0,0,0,1,0,1,0,0,0,0,0,0,1,0
101.97,20,0,0,55,3,18,0,1.8539999662909097,25.4925,0,0,0,0,1,0,0,0,0,0,1,0,0,0
140.47,3,0,0,87,5,22,1,1.6145976825908313,23.411666666666665,0,0,0,0,0,0,0,0,1,0,0,0,1,0
127.53,17,0,0,37,4,57,0,3.4467566636011715,25.506,0,0,0,1,0,0,1,0,0,1,0,0,0,0
141.67,17,0,0,38,2,63,0,3.728157796627426,47.22333333333333,0,0,0,1,0,1,0,0,0,1,0,0,0,0
78.49,0,0,0,74,6,32,1,1.0606756613422208,11.212857142857143,0,0,0,0,0,0,1,0,0,0,0,0,1,0
155.86,10,0,0,96,1,60,0,1.6235416497547748,77.93,0,0,0,0,0,0,1,0,0,0,0,1,0,0
91.14,3,0,0,64,2,66,1,1.4240624777490238,30.38,0,0,0,0,1,0,0,0,0,0,0,0,1,0
182.6,14,0,0,31,3,34,0,5.890322390634761,45.65,0,0,0,1,0,0,1,0,0,1,0,0,0,0
41.27,16,0,0,30,2,52,0,1.3756666208111128,13.756666666666668,0,0,0,1,0,1,0,0,0,1,0,0,0,0
872.17,3,1,0,69,1,18,1,12.640144744345728,436.085,1,1,1,0,0,0,0,0,1,0,0,0,1,0
82.68,3,0,0,70,0,63,1,1.1811428402693882,82.68,0,0,0,0,0,0,1,0,0,0,0,0,1,0
226.03,0,0,0,48,1,60,1,4.708958235230037,113.015,0,0,0,0,0,1,0,0,0,0,0,0,1,0
44.44,6,0,0,44,5,45,0,1.009999977045455,7.406666666666666,0,0,0,0,0,0,1,0,0,0,0,1,0,0
85.16,18,0,0,60,2,60,0,1.4193333096777783,28.386666666666667,0,0,0,0,0,0,1,0,0,0,1,0,0,0
77.23,6,0,0,73,2,39,0,1.0579451909870523,25.743333333333336,0,0,0,0,0,1,0,0,0,0,0,1,0,0
101.32,8,0,0,46,0,33,0,2.2026086477693774,101.32,0,0,0,0,1,0,0,0,0,0,0,1,0,0
158.59,0,0,0,73,4,24,1,2.1724657236648532,31.718,0,0,0,0,1,0,0,0,0,0,0,0,1,0
220.64,7,0,0,39,2,53,0,5.657435752373442,73.54666666666667,0,0,0,1,0,1,0,0,0,0,0,1,0,0
157.46,14,0,0,47,3,20,0,3.350212694676326,39.365,0,0,0,0,0,0,1,0,0,1,0,0,0,0
324.27,8,0,0,55,5,49,0,5.89581807462149,54.044999999999995,0,0,0,0,0,1,0,0,0,0,0,1,0,0
562.16,23,0,0,98,2,59,0,5.736326472078301,187.38666666666666,0,0,1,0,0,0,0,0,1,0,1,0,0,0
275.18,2,0,0,59,3,59,1,4.664067717558175,68.795,0,0,0,0,0,0,0,1,0,0,0,0,1,0
25.69,7,0,0,57,4,22,0,0.45070174647891675,5.138,0,0,0,0,0,1,0,0,0,0,0,1,0,0
33.13,17,0,0,81,1,56,0,0.40901234062947733,16.565,0,0,0,0,0,0,0,1,0,1,0,0,0,0
58.35,0,0,1,29,4,49,1,2.0120688961355553,11.67,1,1,0,1,0,0,0,0,1,0,0,0,1,1
35.16,19,0,0,31,3,65,0,1.134193511800209,8.79,0,0,0,1,0,0,1,0,0,0,1,0,0,0
71.92,22,0,0,26,3,21,0,2.766153739763318,17.98,0,0,0,1,0,1,0,0,0,0,1,0,0,0
640.62,18,0,0,64,1,65,0,10.009687343598635,320.31,0,0,1,0,0,0,0,1,0,0,1,0,0,0
198.78,6,0,0,42,2,56,0,4.732857030170071,66.26,0,0,0,0,1,0,0,0,0,0,0,1,0,0
7.7,4,0,0,75,0,54,1,0.1026666652977778,7.7,0,0,0,0,0,0,0,0,1,0,0,0,1,0
219.77,14,0,0,86,1,33,0,2.5554650865643596,109.885,0,0,0,0,0,0,1,0,0,1,0,0,0,0
113.83,22,0,0,48,3,29,0,2.3714582839279523,28.4575,0,0,0,0,0,0,1,0,0,0,1,0,0,0
119.84,6,0,0,51,4,68,0,2.349803875494042,23.968,0,0,0,0,0,1,0,0,0,0,0,1,0,0
118.71,11,0,0,89,2,62,0,1.3338202097323573,39.57,0,0,0,0,1,0,0,0,0,0,0,1,0,0
232.85,14,0,0,27,2,29,0,8.624073754663934,77.61666666666666,0,0,0,1,0,0,0,1,0,1,0,0,0,0
250.85,2,0,0,30,1,50,1,8.361666387944453,125.425,0,0,0,1,0,0,1,0,0,0,0,0,1,0
274.01,19,0,1,42,3,37,0,6.524047463713155,68.5025,1,1,0,0,0,0,0,0,1,0,1,0,0,0
82.51,20,0,0,78,4,65,0,1.0578204992587117,16.502000000000002,0,0,0,0,0,0,0,0,1,0,1,0,0,0
200.19,7,0,0,73,0,55,0,2.7423287295571406,200.19,0,0,0,0,0,0,0,1,0,0,0,1,0,0
175.96,2,0,0,78,0,34,1,2.2558974069756745,175.96,0,0,0,0,0,0,0,1,0,0,0,0,1,0
515.37,21,0,0,60,2,42,0,8.58949985684167,171.79,0,0,1,0,0,0,0,1,0,0,1,0,0,0
298.02,18,0,0,61,1,36,0,4.885573690400431,149.01,0,0,0,0,1,0,0,0,0,0,1,0,0,0
493.1,12,1,0,64,0,47,0,7.704687379614261,493.1,1,1,0,0,0,1,0,0,0,1,0,0,0,0
350.02,21,0,0,35,4,56,0,10.000571142840824,70.00399999999999,0,0,0,1,0,0,1,0,0,0,1,0,0,0
84.21,13,0,0,90,1,56,0,0.9356666562703705,42.105,0,0,0,0,0,1,0,0,0,1,0,0,0,0
27.1,13,0,0,80,3,27,0,0.3387499957656251,6.775,0,0,0,0,0,0,0,0,1,1,0,0,0,0
265.3,12,0,1,55,4,65,0,4.823636275933886,53.06,1,1,0,0,0,0,0,0,1,1,0,0,0,0
97.42,8,0,0,35,1,47,0,2.7834284919020433,48.71,0,0,0,1,0,0,0,0,1,0,0,1,0,0
107.79,3,0,0,38,5,18,1,2.836578872721609,17.965,0,0,0,1,0,1,0,0,0,0,0,0,1,1
135.05,21,0,0,92,1,50,0,1.467934766652883,67.525,0,0,0,0,0,0,0,0,1,0,1,0,0,0
121.08,18,0,0,58,1,27,0,2.0875861709036867,60.54,0,0,0,0,0,0,1,0,0,0,1,0,0,0
258.62,14,0,0,27,2,31,0,9.578518163758586,86.20666666666666,0,0,0,1,0,0,0,1,0,1,0,0,0,0
495.15,6,0,0,96,2,32,0,5.157812446272787,165.04999999999998,0,0,0,0,0,0,1,0,0,0,0,1,0,0
175.87,3,0,0,74,3,50,1,2.3766215895051137,43.9675,0,0,0,0,0,0,0,1,0,0,0,0,1,0
335.52,11,0,0,33,1,18,0,10.167272419173564,167.76,0,0,0,1,0,0,0,1,0,0,0,1,0,0
31.92,10,0,0,38,1,22,0,0.8399999778947376,15.96,0,0,0,1,1,0,0,0,0,0,0,1,0,0
671.5,22,0,0,59,1,56,0,11.381355739299055,335.75,0,0,1,0,0,0,0,0,1,0,1,0,0,0
24.41,12,0,0,74,3,57,0,0.3298648604072316,6.1025,0,0,0,0,0,0,1,0,0,1,0,0,0,0
150.83,2,0,0,85,2,33,1,1.77447056735917,50.27666666666667,0,0,0,0,0,0,0,0,1,0,0,0,1,0
31.45,13,0,0,80,4,43,0,0.39312499508593757,6.29,0,0,0,0,0,0,0,0,1,1,0,0,0,0
74.07,12,0,0,55,1,67,0,1.3467272482413226,37.035,0,0,0,0,0,0,0,0,1,1,0,0,0,0
17.2,21,0,0,27,1,27,0,0.6370370134430735,8.6,0,0,0,1,1,0,0,0,0,0,1,0,0,0
91.31,0,0,1,33,3,33,1,2.766969613122133,22.8275,1,1,0,1,0,0,0,1,0,0,0,0,1,1
158.66,5,0,1,97,1,51,1,1.6356700862302054,79.33,1,1,0,0,0,1,0,0,0,0,0,0,1,0
336.65,11,0,0,33,2,51,0,10.201514842378339,112.21666666666665,0,0,0,1,0,0,1,0,0,0,0,1,0,0
14.73,17,0,0,85,2,37,0,0.17329411560830454,4.91,0,0,0,0,0,1,0,0,0,1,0,0,0,0
38.17,11,0,0,42,1,69,0,0.9088095021712024,19.085,0,0,0,0,0,0,0,1,0,0,0,1,0,0
106.56,2,0,0,72,2,18,1,1.4799999794444447,35.52,0,0,0,0,0,0,1,0,0,0,0,0,1,0
326.37,14,0,0,43,4,23,0,7.589999823488377,65.274,0,0,0,0,1,0,0,0,0,1,0,0,0,0
90.12,9,0,0,45,3,41,0,2.0026666221629643,22.53,0,0,0,0,0,0,0,0,1,0,0,1,0,0
15.35,7,0,1,25,2,37,0,0.613999975440001,5.116666666666666,1,1,0,1,0,0,0,0,1,0,0,1,0,0
86.03,8,0,0,91,3,64,0,0.9453846049957736,21.5075,0,0,0,0,1,0,0,0,0,0,0,1,0,0
87.87,17,0,0,40,1,56,0,2.1967499450812515,43.935,0,0,0,0,0,0,1,0,0,1,0,0,0,0
544.51,6,0,0,53,3,19,0,10.27377339106088,136.1275,0,0,1,0,0,1,0,0,0,0,0,1,0,0
240.32,11,0,0,41,1,52,0,5.861463271671628,120.16,0,0,0,0,1,0,0,0,0,0,0,1,0,0
254.45,5,0,0,93,2,42,1,2.7360214759567585,84.81666666666666,0,0,0,0,0,0,0,0,1,0,0,0,1,0
273.06,1,0,0,83,2,38,1,3.289879478435187,91.02,0,0,0,0,0,0,0,1,0,0,0,0,1,0
4.37,19,0,0,83,4,49,0,0.05265060177529396,0.874,0,0,0,0,0,0,0,1,0,0,1,0,0,0
217.37,20,1,1,30,2,55,0,7.245666425144452,72.45666666666666,1,2,0,1,0,0,0,0,1,0,1,0,0,1
195.23,10,0,0,81,0,28,0,2.4102468838241125,195.23,0,0,0,0,1,0,0,0,0,0,0,1,0,0
191.03,9,0,1,57,3,37,0,3.351403449975378,47.7575,1,1,0,0,1,0,0,0,0,0,0,1,0,0
58.32,1,0,1,66,3,22,1,0.8836363502479341,14.58,1,1,0,0,0,0,0,1,0,0,0,0,1,0
28.1,3,0,0,28,2,52,1,1.003571392729593,9.366666666666667,0,0,0,1,0,0,1,0,0,0,0,0,1,0
269.94,18,0,0,97,2,36,0,2.7828865692485922,89.98,0,0,0,0,1,0,0,0,0,0,1,0,0,0
9.79,13,0,0,61,2,32,0,0.1604918006476754,3.263333333333333,0,0,0,0,1,0,0,0,0,1,0,0,0,0
76.21,6,0,0,41,1,25,0,1.8587804424687697,38.105,0,0,0,0,0,0,0,1,0,0,0,1,0,0
465.39,0,0,0,64,0,29,1,7.271718636379396,465.39,0,0,0,0,0,0,1,0,0,0,0,0,1,0
48.47,4,0,0,58,4,55,1,0.8356896407639717,9.693999999999999,0,0,0,0,0,0,1,0,0,0,0,0,1,0
55.76,4,1,0,76,1,51,1,0.7336842008725764,27.88,1,1,0,0,0,1,0,0,0,0,0,0,1,0
56.44,9,0,0,97,3,42,0,0.5818556641045808,14.11,0,0,0,0,1,0,0,0,0,0,0,1,0,0
8.78,9,0,0,46,1,33,0,0.19086956106805303,4.39,0,0,0,0,1,0,0,0,0,0,0,1,0,0
24.49,17,1,0,96,5,53,0,0.2551041640093316,4.081666666666666,1,1,0,0,0,0,0,1,0,1,0,0,0,0
193.61,17,1,0,77,2,20,0,2.514415551760837,64.53666666666668,1,1,0,0,0,0,0,0,1,1,0,0,0,0
51.37,6,0,0,49,0,27,0,1.048367325543524,51.37,0,0,0,0,0,0,1,0,0,0,0,1,0,0
487.66,7,0,0,89,3,58,0,5.4793257811311715,121.915,0,0,0,0,0,1,0,0,0,0,0,1,0,0
152.71,0,0,0,94,4,40,1,1.6245744508023996,30.542,0,0,0,0,0,0,0,0,1,0,0,0,1,0
42.59,2,0,1,46,2,25,1,0.9258695450897926,14.196666666666667,1,1,0,0,0,0,1,0,0,0,0,0,1,0
169.59,17,0,1,33,1,43,0,5.139090753360887,84.795,1,1,0,1,0,0,0,0,1,1,0,0,0,0
132.63,0,1,0,91,1,43,1,1.457472511456346,66.315,1,1,0,0,0,0,1,0,0,0,0,0,1,0
316.41,4,0,1,81,3,29,1,3.9062962480704173,79.1025,1,1,0,0,0,0,1,0,0,0,0,0,1,0
32.33,23,0,0,48,3,42,0,0.6735416526345489,8.0825,0,0,0,0,0,0,0,0,1,0,1,0,0,0
175.83,18,0,0,79,2,20,0,2.2256961743582764,58.61000000000001,0,0,0,0,0,1,0,0,0,0,1,0,0,0
79.72,0,0,0,38,0,44,1,2.0978946816343504,79.72,0,0,0,1,0,0,1,0,0,0,0,0,1,0
103.15,20,1,0,68,5,49,0,1.516911742398357,17.191666666666666,1,1,0,0,0,0,0,1,0,0,1,0,0,0
303.67,16,0,0,45,2,33,0,6.748222072261733,101.22333333333334,0,0,0,0,0,0,0,1,0,1,0,0,0,0
518.16,20,0,0,30,2,19,0,17.271999424266685,172.72,0,0,1,1,0,1,0,0,0,0,1,0,0,0
68.69,8,0,0,28,0,38,0,2.453214198099493,68.69,0,0,0,1,0,1,0,0,0,0,0,1,0,0
31.46,18,1,0,84,2,21,0,0.37452380506519284,10.486666666666666,1,1,0,0,0,1,0,0,0,0,1,0,0,0
117.9,13,0,0,74,2,61,0,1.5932432217129295,39.300000000000004,0,0,0,0,1,0,0,0,0,1,0,0,0,0
364.49,13,0,0,93,2,29,0,3.9192472696855134,121.49666666666667,0,0,0,0,0,0,1,0,0,1,0,0,0,0
403.93,12,0,0,45,1,18,0,8.976222022750623,201.965,0,0,0,0,1,0,0,0,0,1,0,0,0,0
116.04,17,0,0,62,4,31,0,1.8716128730385022,23.208000000000002,0,0,0,0,0,1,0,0,0,1,0,0,0,0
444.6,11,0,0,50,2,67,0,8.891999822160004,148.20000000000002,0,0,0,0,1,0,0,0,0,0,0,1,0,0
119.03,12,0,0,92,3,56,0,1.2938043337629965,29.7575,0,0,0,0,0,1,0,0,0,1,0,0,0,0
436.61,20,0,0,44,1,59,0,9.922954319932858,218.305,0,0,0,0,0,0,0,1,0,0,1,0,0,0
78.77,13,0,0,33,1,19,0,2.3869696246372842,39.385,0,0,0,1,0,0,0,1,0,1,0,0,0,0
23.68,21,0,0,41,1,48,0,0.5775609615229034,11.84,0,0,0,0,0,1,0,0,0,0,1,0,0,0
1209.52,3,0,0,68,3,51,1,17.78705856195502,302.38,0,0,1,0,1,0,0,0,0,0,0,0,1,0
230.6,7,1,0,88,2,42,0,2.6204545156766534,76.86666666666666,1,1,0,0,0,0,0,0,1,0,0,1,0,0
10.58,12,0,0,35,1,30,0,0.3022857056489799,5.29,0,0,0,1,0,1,0,0,0,1,0,0,0,0
226.15,21,1,0,34,0,43,0,6.651470392603812,226.15,1,1,0,1,0,1,0,0,0,0,1,0,0,0
138.38,22,0,0,94,2,23,0,1.4721276439135358,46.126666666666665,0,0,0,0,0,0,0,1,0,0,1,0,0,0
63.0,15,0,1,64,2,31,0,0.9843749846191409,21.0,1,1,0,0,1,0,0,0,0,1,0,0,0,0
211.78,17,0,0,47,2,41,0,4.505957350937078,70.59333333333333,0,0,0,0,0,0,0,0,1,1,0,0,0,0
97.54,6,0,0,47,1,51,0,2.0753191047804447,48.77,0,0,0,0,0,1,0,0,0,0,0,1,0,0
94.87,12,0,0,71,2,61,0,1.3361971642789132,31.623333333333335,0,0,0,0,0,0,0,0,1,1,0,0,0,0
204.88,12,0,0,89,1,19,0,2.3020224460446914,102.44,0,0,0,0,0,1,0,0,0,1,0,0,0,0
482.54,21,0,0,56,3,56,0,8.616785560414545,120.635,0,0,0,0,0,0,1,0,0,0,1,0,0,0
135.86,0,0,1,81,3,24,1,1.6772839299100752,33.965,1,1,0,0,0,0,1,0,0,0,0,0,1,0
43.47,19,0,0,80,0,62,0,0.5433749932078126,43.47,0,0,0,0,0,0,1,0,0,0,1,0,0,0
25.14,23,0,0,38,2,24,0,0.6615789299584492,8.38,0,0,0,1,0,0,1,0,0,0,1,0,0,0
305.81,2,0,0,69,0,19,1,4.432028921274943,305.81,0,0,0,0,0,1,0,0,0,0,0,0,1,0
44.17,16,0,0,78,3,49,0,0.5662820440220251,11.0425,0,0,0,0,1,0,0,0,0,1,0,0,0,0
7.21,22,0,0,79,1,61,0,0.09126582162954656,3.605,0,0,0,0,0,1,0,0,0,0,1,0,0,0
24.47,17,0,0,56,2,56,0,0.4369642779113522,8.156666666666666,0,0,0,0,0,0,0,0,1,1,0,0,0,0
477.14,21,0,0,70,2,25,0,6.816285616910205,159.04666666666665,0,0,0,0,0,0,0,0,1,0,1,0,0,0
111.1,7,0,1,46,2,67,0,2.415217338799623,37.03333333333333,1,1,0,0,0,0,0,0,1,0,0,1,0,0
187.85,22,0,0,28,2,45,0,6.708928331823988,62.61666666666667,0,0,0,1,0,0,0,0,1,0,1,0,0,0
48.82,9,0,0,96,3,35,0,0.5085416613693577,12.205,0,0,0,0,0,0,0,1,0,0,0,1,0,0
348.45,8,0,0,75,1,35,0,4.645999938053334,174.225,0,0,0,0,0,0,0,0,1,0,0,1,0,0
24.23,7,0,0,66,1,30,0,0.3671212065587696,12.115,0,0,0,0,1,0,0,0,0,0,0,1,0,0
163.64,12,1,0,90,3,21,0,1.8182222020197532,40.91,1,1,0,0,1,0,0,0,0,1,0,0,0,0
289.75,21,0,0,41,2,22,0,7.067072998364074,96.58333333333333,0,0,0,0,0,0,0,1,0,0,1,0,0,0
36.0,8,0,0,81,1,29,0,0.4444444389574761,18.0,0,0,0,0,0,0,1,0,0,0,0,1,0,0
129.83,18,1,0,74,2,57,0,1.7544594357505483,43.27666666666667,1,1,0,0,0,1,0,0,0,0,1,0,0,0
14.97,19,0,0,61,1,46,0,0.24540983204246178,7.485,0,0,0,0,1,0,0,0,0,0,1,0,0,0
56.6,13,0,0,45,2,28,0,1.2577777498271612,18.866666666666667,0,0,0,0,0,0,1,0,0,1,0,0,0,0
112.79,7,0,0,97,1,39,0,1.1627834931671805,56.395,0,0,0,0,1,0,0,0,0,0,0,1,0,0
240.09,7,0,0,35,2,65,0,6.8597140897224556,80.03,0,0,0,1,0,1,0,0,0,0,0,1,0,0
251.32,17,0,0,48,1,38,0,5.235833224253475,125.66,0,0,0,0,0,0,0,1,0,1,0,0,0,0
105.11,23,1,1,84,3,47,0,1.251309508912982,26.2775,1,2,0,0,0,0,1,0,0,0,1,0,0,0
157.32,16,0,0,63,2,21,0,2.4971428175056696,52.44,0,0,0,0,0,0,0,1,0,1,0,0,0,0
301.23,12,0,0,49,1,59,0,6.147550894947941,150.615,0,0,0,0,1,0,0,0,0,1,0,0,0,0
29.38,19,0,0,86,1,66,0,0.3416279030043267,14.69,0,0,0,0,1,0,0,0,0,0,1,0,0,0
361.83,5,0,0,56,2,39,1,6.461249884620538,120.61,0,0,0,0,0,0,0,0,1,0,0,0,1,0
21.06,0,0,0,42,4,27,1,0.5014285594897963,4.212,0,0,0,0,0,0,1,0,0,0,0,0,1,0
144.2,23,0,0,59,1,19,0,2.444067755185292,72.1,0,0,0,0,0,0,0,1,0,0,1,0,0,0
322.04,11,0,0,84,5,68,0,3.833809478168935,53.67333333333334,0,0,0,0,1,0,0,0,0,0,0,1,0,0
53.51,15,0,1,26,4,59,0,2.058076843920121,10.702,1,1,0,1,0,1,0,0,0,1,0,0,0,0
500.41,22,0,0,95,2,34,0,5.267473628763436,166.80333333333334,0,0,1,0,0,0,0,1,0,0,1,0,0,0
66.89,2,0,0,77,1,31,1,0.8687012874194638,33.445,0,0,0,0,0,0,0,1,0,0,0,0,1,0
259.54,5,0,0,97,2,52,1,2.675670075508556,86.51333333333334,0,0,0,0,0,0,0,1,0,0,0,0,1,0
304.54,8,0,0,87,1,50,0,3.5004597298797737,152.27,0,0,0,0,0,1,0,0,0,0,0,1,0,0
34.31,2,0,0,99,2,50,1,0.34656565306499343,11.436666666666667,0,0,0,0,0,0,0,0,1,0,0,0,1,0
88.87,11,0,0,89,3,26,0,0.9985393146231538,22.2175,0,0,0,0,0,0,0,0,1,0,0,1,0,0
50.79,5,0,0,82,0,54,1,0.6193902363488996,50.79,0,0,0,0,0,0,0,1,0,0,0,0,1,0
94.18,15,0,0,80,1,42,0,1.1772499852843754,47.09,0,0,0,0,0,1,0,0,0,1,0,0,0,0
39.74,21,0,0,34,3,27,0,1.1688234950346033,9.935,0,0,0,1,0,0,1,0,0,0,1,0,0,0
111.79,12,0,0,29,2,35,0,3.854827453281812,37.263333333333335,0,0,0,1,0,0,1,0,0,1,0,0,0,0
16.33,14,0,0,40,4,67,0,0.4082499897937502,3.2659999999999996,0,0,0,0,0,0,0,1,0,1,0,0,0,0
71.61,5,1,0,63,1,34,1,1.1366666486243389,35.805,1,1,0,0,0,0,1,0,0,0,0,0,1,0
194.29,4,0,0,46,1,21,1,4.223695560354445,97.145,0,0,0,0,0,1,0,0,0,0,0,0,1,0
320.63,13,0,0,69,2,63,0,4.646811526857804,106.87666666666667,0,0,0,0,0,0,0,0,1,1,0,0,0,0
118.41,1,0,0,77,4,59,1,1.5377921878208807,23.682,0,0,0,0,0,0,0,0,1,0,0,0,1,0
177.14,17,0,0,74,5,65,0,2.393783751435355,29.52333333333333,0,0,0,0,0,1,0,0,0,1,0,0,0,0
74.96,23,0,0,97,2,32,0,0.7727834971877989,24.986666666666665,0,0,0,0,0,0,1,0,0,0,1,0,0,0
332.74,18,0,0,60,0,67,0,5.545666574238891,332.74,0,0,0,0,0,0,0,0,1,0,1,0,0,0
209.63,21,0,0,47,1,49,0,4.460212671059305,104.815,0,0,0,0,0,0,1,0,0,0,1,0,0,0
317.59,12,0,0,92,2,28,0,3.4520651798688564,105.86333333333333,0,0,0,0,0,1,0,0,0,1,0,0,0,0
82.36,3,0,1,59,0,33,1,1.395932179729963,82.36,1,1,0,0,0,0,0,0,1,0,0,0,1,0
101.94,16,0,0,60,2,63,0,1.698999971683334,33.98,0,0,0,0,0,0,1,0,0,1,0,0,0,0
140.01,17,0,0,95,0,27,0,1.4737894581706372,140.01,0,0,0,0,0,0,0,0,1,1,0,0,0,0
93.1,23,0,0,26,1,56,0,3.5807690930473424,46.55,0,0,0,1,1,0,0,0,0,0,1,0,0,0
211.81,17,0,0,32,2,37,0,6.619062293154304,70.60333333333334,0,0,0,1,0,0,0,1,0,1,0,0,0,0
51.76,12,0,0,30,1,67,0,1.725333275822224,25.88,0,0,0,1,0,1,0,0,0,1,0,0,0,0
231.71,22,0,0,57,1,59,0,4.065087647980919,115.855,0,0,0,0,0,0,0,1,0,0,1,0,0,0
509.33,14,0,0,53,3,56,0,9.609999818679249,127.3325,0,0,1,0,0,0,0,1,0,1,0,0,0,0
186.78,16,0,0,28,1,24,0,6.670714047474498,93.39,0,0,0,1,0,0,0,0,1,1,0,0,0,0
372.32,10,0,0,51,3,47,0,7.300392013717804,93.08,0,0,0,0,0,0,0,0,1,0,0,1,0,0
165.36,17,0,0,50,1,69,0,3.3071999338560016,82.68,0,0,0,0,0,1,0,0,0,1,0,0,0,0
51.45,19,0,0,39,1,27,0,1.3192307354043402,25.725,0,0,0,1,0,0,1,0,0,0,1,0,0,0
6.14,1,0,0,49,0,65,1,0.12530611989171184,6.14,0,0,0,0,0,0,0,0,1,0,0,0,1,0
252.41,6,0,0,25,2,56,0,10.096399596144016,84.13666666666667,0,0,0,1,0,0,0,1,0,0,0,1,0,0
135.88,23,0,0,61,0,28,0,2.227540947089493,135.88,0,0,0,0,1,0,0,0,0,0,1,0,0,0
14.42,23,0,0,37,3,47,0,0.3897297191964941,3.605,0,0,0,1,1,0,0,0,0,0,1,0,0,0
109.92,1,0,0,43,0,42,1,2.556279010319093,109.92,0,0,0,0,0,0,0,1,0,0,0,0,1,0
57.05,2,0,0,29,0,58,1,1.9672413114744374,57.05,0,0,0,1,1,0,0,0,0,0,0,0,1,0
45.21,13,0,0,40,2,40,0,1.1302499717437509,15.07,0,0,0,0,0,0,0,1,0,1,0,0,0,0
15.96,16,0,0,30,1,39,0,0.5319999822666672,7.98,0,0,0,1,0,0,1,0,0,1,0,0,0,0
1001.1,0,0,0,64,4,32,1,15.642187255590825,200.22,0,0,1,0,0,0,0,1,0,0,0,0,1,0
35.38,19,0,0,89,1,18,0,0.3975280854210328,17.69,0,0,0,0,0,1,0,0,0,0,1,0,0,0
32.92,2,0,0,57,4,40,1,0.5775438495167746,6.5840000000000005,0,0,0,0,1,0,0,0,0,0,0,0,1,0
313.87,21,0,0,75,1,68,0,4.184933277534223,156.935,0,0,0,0,0,1,0,0,0,0,1,0,0,0
32.26,2,0,0,50,2,41,1,0.6451999870960002,10.753333333333332,0,0,0,0,0,0,0,0,1,0,0,0,1,0
594.52,23,0,0,68,0,54,0,8.742941047897926,594.52,0,0,1,0,0,0,0,0,1,0,1,0,0,0
197.64,13,0,0,39,1,48,0,5.067692177751483,98.82,0,0,0,1,0,1,0,0,0,1,0,0,0,0
123.15,8,0,0,75,1,67,0,1.641999978106667,61.575,0,0,0,0,0,0,0,0,1,0,0,1,0,0
68.6,5,0,0,74,1,54,1,0.9270270144996349,34.3,0,0,0,0,0,1,0,0,0,0,0,0,1,0
26.81,8,0,0,96,7,25,0,0.27927083042426215,3.35125,0,0,0,0,0,0,1,0,0,0,0,1,0,0
389.08,17,0,0,81,4,67,0,4.803456730821522,77.816,0,0,0,0,1,0,0,0,0,1,0,0,0,0
145.8,15,0,0,85,2,33,0,1.7152940974671285,48.6,0,0,0,0,0,1,0,0,0,1,0,0,0,0
11.43,8,0,0,29,4,44,0,0.39413791744352006,2.286,0,0,0,1,1,0,0,0,0,0,0,1,0,0
182.24,13,0,0,39,4,28,0,4.6728203930046055,36.448,0,0,0,1,0,1,0,0,0,1,0,0,0,0
355.2,19,0,0,35,2,40,0,10.148571138612253,118.39999999999999,0,0,0,1,0,0,1,0,0,0,1,0,0,0
18.86,7,0,0,80,4,59,0,0.23574999705312505,3.772,0,0,0,0,0,0,0,0,1,0,0,1,0,0
19.9,16,0,0,77,4,57,0,0.2584415550851746,3.9799999999999995,0,0,0,0,0,0,0,1,0,1,0,0,0,0
68.39,17,0,0,74,7,30,0,0.9241891767001463,8.54875,0,0,0,0,0,1,0,0,0,1,0,0,0,0
24.83,18,0,1,47,0,57,0,0.5282978611000455,24.83,1,1,0,0,0,0,0,0,1,0,1,0,0,0
200.11,12,0,0,27,3,40,0,7.411481206982177,50.0275,0,0,0,1,0,0,0,0,1,1,0,0,0,0
65.65,11,0,0,61,4,54,0,1.076229490553615,13.13,0,0,0,0,0,1,0,0,0,0,0,1,0,0
60.9,21,0,0,76,6,39,0,0.8013157789300556,8.7,0,0,0,0,0,0,0,1,0,0,1,0,0,0
144.82,3,0,0,58,0,48,1,2.4968965086741983,144.82,0,0,0,0,0,1,0,0,0,0,0,0,1,0
409.79,20,0,0,93,4,62,0,4.406344038641462,81.958,0,0,0,0,1,0,0,0,0,0,1,0,0,0
2.2,2,0,0,56,0,44,1,0.039285713584183694,2.2,0,0,0,0,0,0,0,0,1,0,0,0,1,0
1.24,17,0,0,85,1,32,0,0.014588235122491352,0.62,0,0,0,0,0,1,0,0,0,1,0,0,0,0
38.7,17,1,0,60,2,60,0,0.6449999892500002,12.9,1,1,0,0,0,0,0,1,0,1,0,0,0,0
113.95,19,0,0,41,4,34,0,2.779268224895897,22.79,0,0,0,0,0,0,0,0,1,0,1,0,0,0
192.38,2,0,0,39,2,23,1,4.932820386337939,64.12666666666667,0,0,0,1,0,0,0,0,1,0,0,0,1,0
19.73,16,0,0,27,3,67,0,0.7307407136762698,4.9325,0,0,0,1,0,0,0,0,1,1,0,0,0,0
14.42,15,0,0,40,2,53,0,0.36049999098750024,4.806666666666667,0,0,0,0,0,0,1,0,0,1,0,0,0,0
402.44,19,0,0,88,1,43,0,4.573181766213843,201.22,0,0,0,0,0,0,0,0,1,0,1,0,0,0
132.24,8,1,0,44,3,18,0,3.005454477148762,33.06,1,1,0,0,0,0,0,0,1,0,0,1,0,0
289.76,5,0,0,63,2,48,1,4.599365006359285,96.58666666666666,0,0,0,0,0,0,0,1,0,0,0,0,1,0
297.43,14,0,0,98,1,62,0,3.0349999690306126,148.715,0,0,0,0,0,0,0,0,1,1,0,0,0,0
31.75,16,0,0,58,1,18,0,0.5474137836652796,15.875,0,0,0,0,0,0,0,0,1,1,0,0,0,0
832.98,22,0,0,28,4,65,0,29.749284651811262,166.596,0,0,1,1,0,0,0,0,1,0,1,0,0,0
0.02,17,0,0,37,4,50,0,0.0005405405259313372,0.004,0,0,0,1,0,0,0,1,0,1,0,0,0,0
221.48,14,0,0,95,4,64,0,2.3313683965119116,44.296,0,0,0,0,1,0,0,0,0,1,0,0,0,0
58.69,11,0,0,99,1,42,0,0.5928282768401184,29.345,0,0,0,0,0,0,1,0,0,0,0,1,0,0
8.08,10,0,0,67,0,50,0,0.12059701312541772,8.08,0,0,0,0,1,0,0,0,0,0,0,1,0,0
154.95,9,0,1,59,1,58,0,2.6262711419276075,77.475,1,1,0,0,0,1,0,0,0,0,0,1,0,0
89.91,0,0,0,56,1,39,1,1.6055356856154341,44.955,0,0,0,0,0,1,0,0,0,0,0,0,1,0
29.0,17,0,1,26,2,42,0,1.1153845724852087,9.666666666666666,1,1,0,1,0,1,0,0,0,1,0,0,0,0
32.16,21,0,0,59,1,40,0,0.5450847365239875,16.08,0,0,0,0,1,0,0,0,0,0,1,0,0,0
50.5,17,0,0,33,1,47,0,1.5303029839302127,25.25,0,0,0,1,0,0,0,1,0,1,0,0,0,0
116.79,4,1,0,36,1,47,1,3.2441665765509287,58.395,1,1,0,1,0,0,0,1,0,0,0,0,1,0
192.46,5,0,0,31,2,27,1,6.208386896503648,64.15333333333334,0,0,0,1,1,0,0,0,0,0,0,0,1,0
529.05,1,0,0,55,1,22,1,9.61909073419835,264.525,0,0,1,0,0,0,1,0,0,0,0,0,1,0
28.5,7,1,0,69,3,37,0,0.4130434722747323,7.125,1,1,0,0,0,1,0,0,0,0,0,1,0,0
166.65,7,0,0,52,1,56,0,3.2048076306767768,83.325,0,0,0,0,0,0,0,0,1,0,0,1,0,0
16.01,0,0,0,72,1,64,1,0.2223611080227624,8.005,0,0,0,0,0,0,0,0,1,0,0,0,1,0
442.48,19,0,0,89,1,51,0,4.971685337396794,221.24,0,0,0,0,1,0,0,0,0,0,1,0,0,0
26.06,16,0,1,71,3,65,0,0.3670422483515176,6.515,1,1,0,0,0,0,0,0,1,1,0,0,0,0
63.03,0,0,0,75,2,61,1,0.8403999887946668,21.01,0,0,0,0,0,0,1,0,0,0,0,0,1,0
249.65,14,0,0,41,4,47,0,6.089024241731116,49.93,0,0,0,0,0,0,0,1,0,1,0,0,0,0
28.9,18,1,0,82,2,43,0,0.35243902009220707,9.633333333333333,1,1,0,0,0,0,0,0,1,0,1,0,0,0
331.7,0,0,0,58,1,41,1,5.718965418638527,165.85,0,0,0,0,1,0,0,0,0,0,0,0,1,0
30.46,10,0,0,72,0,33,0,0.42305554967978404,30.46,0,0,0,0,0,1,0,0,0,0,0,1,0,0
38.45,1,0,0,40,1,26,1,0.9612499759687507,19.225,0,0,0,0,1,0,0,0,0,0,0,0,1,0
241.02,7,0,0,28,2,36,0,8.607856835433685,80.34,0,0,0,1,0,0,0,0,1,0,0,1,0,0
50.35,1,0,0,38,1,62,1,1.32499996513158,25.175,0,0,0,1,0,0,1,0,0,0,0,0,1,0
339.59,5,0,0,84,3,29,1,4.042738047110261,84.8975,0,0,0,0,0,0,0,0,1,0,0,0,1,0
431.88,13,0,0,96,4,62,0,4.498749953138021,86.376,0,0,0,0,0,0,0,1,0,1,0,0,0,0
126.17,6,0,0,59,0,34,0,2.1384745400258556,126.17,0,0,0,0,1,0,0,0,0,0,0,1,0,0
334.66,16,0,0,62,1,33,0,5.397741848423519,167.33,0,0,0,0,1,0,0,0,0,1,0,0,0,0
146.88,5,0,0,48,3,33,1,3.0599999362500014,36.72,0,0,0,0,0,0,0,0,1,0,0,0,1,0
295.17,19,0,0,97,2,48,0,3.0429896593506225,98.39,0,0,0,0,0,1,0,0,0,0,1,0,0,0
53.62,22,0,0,49,1,41,0,1.0942856919533532,26.81,0,0,0,0,0,1,0,0,0,0,1,0,0,0
768.73,3,0,0,30,2,20,1,25.62433247918892,256.24333333333334,0,0,1,1,0,0,1,0,0,0,0,0,1,0
52.22,20,0,1,27,0,47,0,1.9340740024417036,52.22,1,1,0,1,0,0,0,0,1,0,1,0,0,0
43.57,12,0,0,25,3,66,0,1.7427999302880026,10.8925,0,0,0,1,1,0,0,0,0,1,0,0,0,0
287.83,0,0,0,33,0,49,1,8.722120947814517,287.83,0,0,0,1,0,0,0,0,1,0,0,0,1,0
110.77,18,0,0,34,2,19,0,3.257941080648792,36.92333333333333,0,0,0,1,0,0,1,0,0,0,1,0,0,0
433.32,21,0,0,38,1,32,0,11.403157594653749,216.66,0,0,0,1,0,0,0,0,1,0,1,0,0,0
196.21,17,0,1,53,1,59,0,3.702075401847634,98.105,1,1,0,0,0,0,0,1,0,1,0,0,0,0
184.44,4,0,0,85,0,66,1,2.1698823274131493,184.44,0,0,0,0,0,0,0,0,1,0,0,0,1,0
77.7,3,0,0,97,0,58,1,0.8010309195770009,77.7,0,0,0,0,0,0,1,0,0,0,0,0,1,0
128.0,22,0,0,53,2,46,0,2.415094294054825,42.666666666666664,0,0,0,0,1,0,0,0,0,0,1,0,0,0
85.78,8,0,0,55,5,55,0,1.5596363352793394,14.296666666666667,0,0,0,0,0,0,0,0,1,0,0,1,0,0
60.26,9,1,0,79,1,34,0,0.7627848004710784,30.13,1,1,0,0,0,0,0,0,1,0,0,1,0,0
9.1,18,0,0,41,1,29,0,0.22195121409875088,4.55,0,0,0,0,1,0,0,0,0,0,1,0,0,0
47.58,1,1,0,33,0,41,1,1.4418181381267232,47.58,1,1,0,1,1,0,0,0,0,0,0,0,1,1
325.9,12,0,0,85,3,28,0,3.8341176019515575,81.475,0,0,0,0,0,1,0,0,0,1,0,0,0,0
126.54,5,0,0,48,3,57,1,2.6362499450781263,31.635,0,0,0,0,0,0,0,1,0,0,0,0,1,0
114.68,8,0,0,43,2,46,0,2.6669766821633334,38.22666666666667,0,0,0,0,0,1,0,0,0,0,0,1,0,0
0.79,0,1,0,74,3,56,1,0.01067567553140979,0.1975,1,1,0,0,0,0,1,0,0,0,0,0,1,0
27.49,11,0,0,85,3,57,0,0.3234117609010381,6.8725,0,0,0,0,1,0,0,0,0,0,0,1,0,0
0.76,22,0,0,89,2,25,0,0.008539325746749149,0.25333333333333335,0,0,0,0,0,0,0,1,0,0,1,0,0,0
22.46,3,0,0,95,2,29,1,0.23642105014293632,7.486666666666667,0,0,0,0,0,0,0,0,1,0,0,0,1,0
9.77,18,0,0,25,2,36,0,0.3907999843680006,3.2566666666666664,0,0,0,1,0,0,0,1,0,0,1,0,0,0
68.39,15,0,0,82,0,55,0,0.8340243800728735,68.39,0,0,0,0,0,0,0,1,0,1,0,0,0,0
131.44,17,0,0,62,1,44,0,2.119999965806452,65.72,0,0,0,0,1,0,0,0,0,1,0,0,0,0
86.09,3,0,0,50,1,54,1,1.7217999655640008,43.045,0,0,0,0,0,1,0,0,0,0,0,0,1,0
369.21,23,0,0,90,2,46,0,4.102333287751852,123.07,0,0,0,0,0,1,0,0,0,0,1,0,0,0
3.85,2,0,1,69,1,57,1,0.05579710064062173,1.925,1,1,0,0,0,0,0,1,0,0,0,0,1,0
83.79,16,0,0,56,3,48,0,1.4962499732812506,20.9475,0,0,0,0,0,0,1,0,0,1,0,0,0,0
110.62,12,1,0,27,2,19,0,4.09703688529493,36.873333333333335,1,1,0,1,0,0,1,0,0,1,0,0,0,0
155.02,3,0,0,70,4,31,1,2.2145713969346947,31.004,0,0,0,0,0,0,0,1,0,0,0,0,1,0
293.79,7,0,0,67,0,39,0,4.384925307687682,293.79,0,0,0,0,0,0,0,0,1,0,0,1,0,0
109.24,18,0,0,88,2,49,0,1.2413636222572315,36.413333333333334,0,0,0,0,0,0,0,0,1,0,1,0,0,0
258.31,17,0,1,47,3,29,0,5.4959573298732485,64.5775,1,1,0,0,0,0,0,1,0,1,0,0,0,0
17.29,4,0,0,62,2,47,1,0.2788709632440167,5.763333333333333,0,0,0,0,0,0,0,0,1,0,0,0,1,0
369.02,11,0,0,67,2,44,0,5.507761111824461,123.00666666666666,0,0,0,0,0,0,1,0,0,0,0,1,0,0
217.42,10,0,0,88,3,69,0,2.4706817901058886,54.355,0,0,0,0,0,0,0,0,1,0,0,1,0,0
150.67,19,0,0,42,3,23,0,3.587380866967122,37.6675,0,0,0,0,0,0,0,1,0,0,1,0,0,0
83.69,21,0,0,81,3,57,0,1.0332098637875327,20.9225,0,0,0,0,0,1,0,0,0,0,1,0,0,0
132.2,3,0,0,78,0,51,1,1.6948717731426695,132.2,0,0,0,0,1,0,0,0,0,0,0,0,1,0
5.81,9,0,0,31,2,69,0,0.1874193487929242,1.9366666666666665,0,0,0,1,0,0,0,1,0,0,0,1,0,0
77.4,8,0,0,50,2,33,0,1.5479999690400008,25.8,0,0,0,0,0,0,0,1,0,0,0,1,0,0
52.31,5,1,0,56,2,41,1,0.9341071261766586,17.436666666666667,1,1,0,0,0,0,0,0,1,0,0,0,1,0
93.0,18,0,0,95,2,40,0,0.9789473581163436,31.0,0,0,0,0,1,0,0,0,0,0,1,0,0,0
197.36,1,1,0,50,2,64,1,3.947199921056002,65.78666666666668,1,1,0,0,0,0,0,0,1,0,0,0,1,0
25.59,15,0,0,68,1,35,0,0.37632352387759527,12.795,0,0,0,0,0,0,0,1,0,1,0,0,0,0
393.14,22,0,0,51,2,55,0,7.708627299830837,131.04666666666665,0,0,0,0,0,1,0,0,0,0,1,0,0,0
12.1,12,0,0,72,2,53,0,0.16805555322145066,4.033333333333333,0,0,0,0,0,1,0,0,0,1,0,0,0,0
30.3,17,0,0,78,5,65,0,0.3884615334812624,5.05,0,0,0,0,0,0,0,0,1,1,0,0,0,0
213.24,21,0,0,96,1,46,0,2.2212499768619796,106.62,0,0,0,0,0,0,0,1,0,0,1,0,0,0
203.82,15,0,0,53,2,63,0,3.8456603047988622,67.94,0,0,0,0,0,0,0,0,1,1,0,0,0,0
319.14,22,0,0,41,0,62,0,7.783902249173116,319.14,0,0,0,0,0,0,1,0,0,0,1,0,0,0
26.55,9,1,0,81,1,25,0,0.3277777737311386,13.275,1,1,0,0,0,0,0,0,1,0,0,1,0,0
94.87,13,0,0,80,0,59,0,1.1858749851765629,94.87,0,0,0,0,0,1,0,0,0,1,0,0,0,0
95.67,16,0,1,59,2,24,0,1.6215253962453324,31.89,1,1,0,0,0,0,0,0,1,1,0,0,0,0
577.57,9,0,0,89,3,35,0,6.489550488881456,144.3925,0,0,1,0,0,0,0,1,0,0,0,1,0,0
447.23,0,0,0,82,0,22,1,5.454024323731411,447.23,0,0,0,0,0,0,1,0,0,0,0,0,1,0
191.19,22,0,1,35,2,50,0,5.462571272497964,63.73,1,1,0,1,0,0,1,0,0,0,1,0,0,0
364.09,23,0,0,42,1,19,0,8.668809317409302,182.045,0,0,0,0,0,0,1,0,0,0,1,0,0,0
92.67,19,0,0,52,4,40,0,1.7821153503439358,18.534,0,0,0,0,0,0,1,0,0,0,1,0,0,0
261.27,13,0,1,65,1,51,0,4.019538399699409,130.635,1,1,0,0,0,0,0,0,1,1,0,0,0,0
36.35,0,0,0,81,0,20,1,0.44876542655845153,36.35,0,0,0,0,0,1,0,0,0,0,0,0,1,0
23.89,22,0,0,85,2,26,0,0.2810588202228374,7.963333333333334,0,0,0,0,0,0,0,0,1,0,1,0,0,0
368.2,12,0,0,74,2,35,0,4.975675608436816,122.73333333333333,0,0,0,0,1,0,0,0,0,1,0,0,0,0
375.65,19,1,0,86,3,28,0,4.368023205022986,93.9125,1,1,0,0,0,0,1,0,0,0,1,0,0,0
16.03,16,0,0,75,1,64,0,0.2137333304835556,8.015,0,0,0,0,1,0,0,0,0,1,0,0,0,0
155.25,14,0,0,77,3,59,0,2.0162337400489125,38.8125,0,0,0,0,1,0,0,0,0,1,0,0,0,0
12.42,9,0,0,68,1,64,0,0.18264705613754328,6.21,0,0,0,0,0,0,0,0,1,0,0,1,0,0
371.9,2,0,0,91,2,68,1,4.086813141903153,123.96666666666665,0,0,0,0,1,0,0,0,0,0,0,0,1,0
477.46,7,0,0,64,4,57,0,7.460312383432619,95.49199999999999,0,0,0,0,0,0,0,0,1,0,0,1,0,0
35.51,21,0,1,35,1,20,0,1.0145713995836743,17.755,1,1,0,1,0,1,0,0,0,0,1,0,0,0
343.2,7,0,0,99,4,28,0,3.466666631649832,68.64,0,0,0,0,1,0,0,0,0,0,0,1,0,0
153.01,19,1,0,81,0,48,0,1.8890123223578725,153.01,1,1,0,0,0,0,1,0,0,0,1,0,0,0
193.21,19,0,0,63,2,69,0,3.06682534814563,64.40333333333334,0,0,0,0,0,0,0,1,0,0,1,0,0,0
84.2,8,0,0,85,1,19,0,0.9905882236401387,42.1,0,0,0,0,1,0,0,0,0,0,0,1,0,0
20.2,3,0,0,75,1,56,1,0.2693333297422223,10.1,0,0,0,0,0,0,0,1,0,0,0,0,1,0
37.34,11,0,0,27,3,23,0,1.3829629117421145,9.335,0,0,0,1,0,0,0,1,0,0,0,1,0,0
165.23,21,0,0,33,1,38,0,5.006969545243347,82.615,0,0,0,1,1,0,0,0,0,0,1,0,0,0
301.65,1,0,0,67,1,29,1,4.502238738772556,150.825,0,0,0,0,1,0,0,0,0,0,0,0,1,0
144.01,15,1,0,48,0,27,0,3.000208270828994,144.01,1,1,0,0,0,1,0,0,0,1,0,0,0,0
518.97,6,1,0,89,3,56,0,5.8311235299873765,129.7425,1,1,1,0,0,0,1,0,0,0,0,1,0,0
66.75,13,1,0,40,3,57,0,1.668749958281251,16.6875,1,1,0,0,0,0,1,0,0,1,0,0,0,0
113.62,3,0,0,77,3,53,1,1.475584396420982,28.405,0,0,0,0,0,1,0,0,0,0,0,0,1,0
187.13,23,1,0,65,0,54,0,2.8789230326319535,187.13,1,1,0,0,0,1,0,0,0,0,1,0,0,0
828.22,8,0,0,49,1,53,0,16.902448634643907,414.11,0,0,1,0,0,0,0,0,1,0,0,1,0,0
6.12,3,0,0,98,1,63,1,0.06244897895460226,3.06,0,0,0,0,1,0,0,0,0,0,0,0,1,0
29.52,2,0,0,26,2,36,1,1.1353845717159778,9.84,0,0,0,1,0,0,0,1,0,0,0,0,1,0
243.1,18,0,0,31,0,43,0,7.841935230905315,243.1,0,0,0,1,0,0,0,1,0,0,1,0,0,0
270.93,1,0,0,44,3,57,1,6.157499860056822,67.7325,0,0,0,0,0,1,0,0,0,0,0,0,1,0
6.92,12,0,1,95,0,51,0,0.0728421044963989,6.92,1,1,0,0,0,1,0,0,0,1,0,0,0,0
145.66,6,0,0,29,1,26,0,5.022758447491087,72.83,0,0,0,1,1,0,0,0,0,0,0,1,0,0
2.66,12,0,0,29,0,37,0,0.09172413476813329,2.66,0,0,0,1,1,0,0,0,0,1,0,0,0,0
229.11,15,0,0,76,1,44,0,3.014605223492037,114.555,0,0,0,0,0,0,0,0,1,1,0,0,0,0
78.22,12,0,0,36,1,46,0,2.172777717422841,39.11,0,0,0,1,1,0,0,0,0,1,0,0,0,0
78.94,22,0,0,53,0,34,0,1.4894339341616238,78.94,0,0,0,0,0,0,0,1,0,0,1,0,0,0
114.52,4,0,0,66,0,64,1,1.735151488861341,114.52,0,0,0,0,1,0,0,0,0,0,0,0,1,0
0.67,2,0,0,93,1,21,1,0.007204300997803215,0.335,0,0,0,0,0,0,1,0,0,0,0,0,1,0
324.28,14,0,0,69,1,37,0,4.699710076815796,162.14,0,0,0,0,1,0,0,0,0,1,0,0,0,0
168.53,6,0,0,33,1,50,0,5.1069695422130446,84.265,0,0,0,1,1,0,0,0,0,0,0,1,0,0
57.51,17,0,1,54,0,45,0,1.064999980277778,57.51,1,1,0,0,1,0,0,0,0,1,0,0,0,0
62.99,23,0,0,86,0,47,0,0.7324418519483507,62.99,0,0,0,0,1,0,0,0,0,0,1,0,0,0
337.39,3,0,0,53,1,42,1,6.365848936493417,168.695,0,0,0,0,0,0,1,0,0,0,0,0,1,0
136.51,4,0,0,53,1,54,1,2.575660328761126,68.255,0,0,0,0,1,0,0,0,0,0,0,0,1,0
58.4,5,0,0,50,2,36,1,1.1679999766400004,19.466666666666665,0,0,0,0,1,0,0,0,0,0,0,0,1,0
57.13,8,0,0,81,3,40,0,0.7053086332677947,14.2825,0,0,0,0,0,0,1,0,0,0,0,1,0,0
100.77,12,0,0,90,5,39,0,1.1196666542259262,16.794999999999998,0,0,0,0,0,0,0,1,0,1,0,0,0,0
27.25,18,0,0,56,4,53,0,0.48660713416772977,5.45,0,0,0,0,0,0,1,0,0,0,1,0,0,0
138.08,15,0,0,99,3,51,0,1.3947474606591168,34.52,0,0,0,0,0,0,0,0,1,1,0,0,0,0
97.51,20,0,0,95,1,18,0,1.026421041827147,48.755,0,0,0,0,0,0,0,1,0,0,1,0,0,0
45.71,23,0,0,27,1,31,0,1.6929629002606332,22.855,0,0,0,1,0,1,0,0,0,0,1,0,0,0
198.25,22,0,0,36,1,50,0,5.50694429147377,99.125,0,0,0,1,0,0,0,0,1,0,1,0,0,0
448.22,2,0,0,27,2,33,1,16.600740125898515,149.40666666666667,0,0,0,1,0,0,0,1,0,0,0,0,1,0
63.19,11,0,0,72,3,28,0,0.8776388766994601,15.7975,0,0,0,0,0,0,1,0,0,0,0,1,0,0
54.26,1,0,0,60,2,69,1,0.9043333182611114,18.086666666666666,0,0,0,0,0,0,1,0,0,0,0,0,1,0
52.78,11,1,0,63,2,55,0,0.8377777644797181,17.593333333333334,1,1,0,0,0,1,0,0,0,0,0,1,0,0
604.04,19,0,0,94,5,54,0,6.4259573784472614,100.67333333333333,0,0,1,0,0,0,0,1,0,0,1,0,0,0
476.17,1,0,0,39,1,41,1,12.209486866423415,238.085,0,0,0,1,0,0,1,0,0,0,0,0,1,0
227.25,4,0,0,65,2,24,1,3.496153792366865,75.75,0,0,0,0,0,0,0,1,0,0,0,0,1,0
517.44,22,0,0,92,0,63,0,5.624347764952742,517.44,0,0,1,0,0,0,1,0,0,0,1,0,0,0
38.32,2,0,0,95,1,49,1,0.40336841680664826,19.16,0,0,0,0,0,0,1,0,0,0,0,0,1,0
78.86,15,0,0,69,2,34,0,1.1428985341608908,26.286666666666665,0,0,0,0,0,0,1,0,0,1,0,0,0,0
7.63,10,0,0,99,3,21,0,0.07707070629221509,1.9075,0,0,0,0,0,0,0,1,0,0,0,1,0,0
265.54,19,0,0,72,0,68,0,3.6880555043325627,265.54,0,0,0,0,0,0,0,0,1,0,1,0,0,0
235.42,4,0,0,33,0,54,1,7.133939177759419,235.42,0,0,0,1,0,1,0,0,0,0,0,0,1,0
274.21,18,1,0,49,6,43,0,5.596122334773013,39.17285714285714,1,1,0,0,0,0,0,0,1,0,1,0,0,0
56.29,0,0,0,57,0,39,1,0.9875438423237922,56.29,0,0,0,0,0,0,1,0,0,0,0,0,1,0
16.54,7,0,0,67,1,47,0,0.24686566795722883,8.27,0,0,0,0,1,0,0,0,0,0,0,1,0,0
111.02,5,0,0,43,6,57,1,2.581860405073014,15.86,0,0,0,0,1,0,0,0,0,0,0,0,1,0
163.35,2,0,0,96,4,50,1,1.7015624822753908,32.67,0,0,0,0,1,0,0,0,0,0,0,0,1,0
44.51,7,0,0,25,1,24,0,1.7803999287840027,22.255,0,0,0,1,1,0,0,0,0,0,0,1,0,0
107.06,2,0,0,27,2,65,1,3.96518503832648,35.68666666666667,0,0,0,1,0,0,0,0,1,0,0,0,1,0
14.24,18,0,0,56,4,65,0,0.25428570974489806,2.848,0,0,0,0,0,0,0,0,1,0,1,0,0,0
26.5,2,0,0,42,1,38,1,0.6309523659297056,13.25,0,0,0,0,0,0,1,0,0,0,0,0,1,0
56.87,18,0,0,68,1,43,0,0.8363235171128894,28.435,0,0,0,0,0,0,1,0,0,0,1,0,0,0
24.32,15,0,0,26,1,64,0,0.9353845794082853,12.16,0,0,0,1,0,0,0,0,1,1,0,0,0,0
177.43,18,0,0,65,3,49,0,2.729692265697042,44.3575,0,0,0,0,0,0,0,1,0,0,1,0,0,0
275.67,23,0,0,52,4,51,0,5.301346051897192,55.134,0,0,0,0,1,0,0,0,0,0,1,0,0,0
29.29,10,0,0,81,2,35,0,0.3616049338073465,9.763333333333334,0,0,0,0,1,0,0,0,0,0,0,1,0,0
207.04,16,0,0,70,2,24,0,2.957714243461225,69.01333333333334,0,0,0,0,0,0,0,1,0,1,0,0,0,0
47.92,4,0,1,66,0,42,1,0.726060595059688,47.92,1,1,0,0,0,0,0,1,0,0,0,0,1,0
474.39,2,0,0,27,3,30,1,17.569999349259284,118.5975,0,0,0,1,0,0,1,0,0,0,0,0,1,0
532.36,9,0,0,50,2,55,0,10.647199787056005,177.45333333333335,0,0,1,0,1,0,0,0,0,0,0,1,0,0
524.55,19,0,0,79,1,56,0,6.639873333672489,262.275,0,0,1,0,0,0,0,0,1,0,1,0,0,0
417.67,23,0,0,41,2,66,0,10.187072922266514,139.22333333333333,0,0,0,0,0,0,1,0,0,0,1,0,0,0
103.28,6,0,0,69,4,66,0,1.4968115725099773,20.656,0,0,0,0,1,0,0,0,0,0,0,1,0,0
165.29,19,0,0,37,2,37,0,4.467297176559536,55.096666666666664,0,0,0,1,0,0,1,0,0,0,1,0,0,0
398.68,12,0,0,35,1,57,0,11.390856817404092,199.34,0,0,0,1,1,0,0,0,0,1,0,0,0,0
60.95,19,0,1,64,2,46,0,0.9523437351196292,20.316666666666666,1,1,0,0,1,0,0,0,0,0,1,0,0,0
72.68,3,0,0,37,0,67,1,1.9643242712344795,72.68,0,0,0,1,0,1,0,0,0,0,0,0,1,0
102.89,2,0,0,78,3,38,1,1.319102547190993,25.7225,0,0,0,0,0,0,0,0,1,0,0,0,1,0
108.56,23,0,0,91,4,53,0,1.1929670198575053,21.712,0,0,0,0,0,0,0,0,1,0,1,0,0,0
237.49,19,0,0,61,2,39,0,3.8932786247003506,79.16333333333334,0,0,0,0,0,0,0,0,1,0,1,0,0,0
28.63,2,0,0,84,4,33,1,0.3408333292757937,5.726,0,0,0,0,0,0,0,0,1,0,0,0,1,0
217.98,18,0,0,28,2,54,0,7.784999721964295,72.66,0,0,0,1,0,1,0,0,0,0,1,0,0,0
36.11,16,0,0,40,4,28,0,0.9027499774312506,7.2219999999999995,0,0,0,0,0,0,0,0,1,1,0,0,0,0
268.08,3,0,0,40,2,34,1,6.701999832450004,89.36,0,0,0,0,0,0,0,0,1,0,0,0,1,0
52.99,12,0,0,66,2,31,0,0.802878775713958,17.663333333333334,0,0,0,0,0,0,1,0,0,1,0,0,0,0
17.86,10,0,0,49,0,40,0,0.36448978847980024,17.86,0,0,0,0,1,0,0,0,0,0,0,1,0,0
104.75,3,0,0,71,2,59,1,1.4753520918964496,34.916666666666664,0,0,0,0,1,0,0,0,0,0,0,0,1,0
201.56,20,0,0,30,0,26,0,6.718666442711118,201.56,0,0,0,1,1,0,0,0,0,0,1,0,0,0
79.93,20,0,0,83,2,34,0,0.9630120365902165,26.643333333333334,0,0,0,0,0,1,0,0,0,0,1,0,0,0
5.33,3,0,0,89,4,41,1,0.05988763977654338,1.066,0,0,0,0,0,0,0,1,0,0,0,0,1,0
61.72,23,0,0,79,2,66,0,0.7812658128953694,20.573333333333334,0,0,0,0,1,0,0,0,0,0,1,0,0,0
119.03,2,0,0,28,5,18,1,4.251071276747454,19.838333333333335,0,0,0,1,0,0,0,1,0,0,0,0,1,1
73.6,22,0,0,78,0,31,0,0.9435897314924393,73.6,0,0,0,0,0,0,1,0,0,0,1,0,0,0
41.17,4,0,0,65,0,27,1,0.6333846056402369,41.17,0,0,0,0,0,0,0,1,0,0,0,0,1,0
228.51,6,0,0,36,1,53,0,6.34749982368056,114.255,0,0,0,1,0,0,1,0,0,0,0,1,0,0
174.2,18,1,0,43,0,24,0,4.051162696484589,174.2,1,1,0,0,0,0,1,0,0,0,1,0,0,0
258.3,17,0,0,41,2,20,0,6.299999846341468,86.10000000000001,0,0,0,0,1,0,0,0,0,1,0,0,0,0
569.62,10,0,0,63,2,67,0,9.041587158070046,189.87333333333333,0,0,1,0,0,1,0,0,0,0,0,1,0,0
627.85,16,0,0,93,1,68,0,6.751075196224998,313.925,0,0,1,0,0,0,1,0,0,1,0,0,0,0
72.14,15,0,0,47,3,20,0,1.5348935843639664,18.035,0,0,0,0,0,0,0,1,0,1,0,0,0,0
263.93,5,0,0,57,3,35,1,4.630350795958758,65.9825,0,0,0,0,0,0,0,0,1,0,0,0,1,0
254.17,6,1,0,74,4,51,0,3.4347296833144636,50.833999999999996,1,1,0,0,1,0,0,0,0,0,0,1,0,0
28.97,22,0,0,73,4,51,0,0.3968493096322012,5.794,0,0,0,0,0,0,0,0,1,0,1,0,0,0
3.43,21,0,0,56,1,58,0,0.061249998906250026,1.715,0,0,0,0,0,0,0,1,0,0,1,0,0,0
695.22,10,0,0,92,3,55,0,7.556739048296315,173.805,0,0,1,0,1,0,0,0,0,0,0,1,0,0
224.82,7,1,0,85,4,25,0,2.644941145353634,44.964,1,1,0,0,0,0,0,0,1,0,0,1,0,0
305.57,9,0,0,72,2,25,0,4.244027718832949,101.85666666666667,0,0,0,0,0,1,0,0,0,0,0,1,0,0
108.93,19,0,0,74,0,63,0,1.4720270071347703,108.93,0,0,0,0,0,0,0,1,0,0,1,0,0,0
226.62,8,0,0,64,1,65,0,3.5409374446728528,113.31,0,0,0,0,1,0,0,0,0,0,0,1,0,0
16.5,12,1,0,93,2,35,0,0.17741935293097472,5.5,1,1,0,0,0,0,1,0,0,1,0,0,0,0
110.26,16,0,0,46,2,19,0,2.396956469631381,36.75333333333334,0,0,0,0,0,0,0,1,0,1,0,0,0,0
14.05,7,0,0,44,2,32,0,0.31931817456095063,4.683333333333334,0,0,0,0,1,0,0,0,0,0,0,1,0,0
106.54,13,0,0,52,0,42,0,2.048846114445267,106.54,0,0,0,0,1,0,0,0,0,1,0,0,0,0
45.75,15,0,0,69,4,49,0,0.663043468651544,9.15,0,0,0,0,0,0,0,1,0,1,0,0,0,0
431.79,23,1,0,83,2,23,0,5.202289093948324,143.93,1,1,0,0,0,0,0,0,1,0,1,0,0,0
381.88,14,0,0,69,0,53,0,5.534492673413149,381.88,0,0,0,0,0,0,1,0,0,1,0,0,0,0
86.1,4,0,0,55,2,38,1,1.565454516991736,28.7,0,0,0,0,0,0,0,0,1,0,0,0,1,0
122.01,18,0,0,73,4,47,0,1.6713698401182215,24.402,0,0,0,0,0,0,0,1,0,0,1,0,0,0
232.63,17,0,0,29,1,40,0,8.021723861319867,116.315,0,0,0,1,0,0,0,0,1,1,0,0,0,0
18.3,3,0,0,75,2,61,1,0.24399999674666673,6.1000000000000005,0,0,0,0,0,1,0,0,0,0,0,0,1,0
43.62,17,1,1,49,0,43,0,0.8902040634652232,43.62,1,2,0,0,0,0,1,0,0,1,0,0,0,0
17.18,18,0,0,27,0,32,0,0.6362962727297676,17.18,0,0,0,1,0,0,0,0,1,0,1,0,0,0
776.78,19,1,0,76,2,51,0,10.22078933920014,258.9266666666667,1,1,1,0,0,1,0,0,0,0,1,0,0,0
81.06,6,0,0,74,6,36,0,1.09540539060263,11.58,0,0,0,0,0,1,0,0,0,0,0,1,0,0
35.16,7,0,0,92,2,69,0,0.382173908889414,11.719999999999999,0,0,0,0,0,0,1,0,0,0,0,1,0,0
18.51,20,0,0,70,3,61,0,0.2644285676510205,4.6275,0,0,0,0,0,0,1,0,0,0,1,0,0,0
4.04,18,1,0,43,0,41,0,0.09395348618712823,4.04,1,1,0,0,1,0,0,0,0,0,1,0,0,0
130.05,3,0,0,91,2,27,1,1.4291208634162544,43.35,0,0,0,0,0,1,0,0,0,0,0,0,1,0
3.66,9,0,0,98,1,19,0,0.037346938394419,1.83,0,0,0,0,0,0,0,1,0,0,0,1,0,0
71.9,4,0,0,64,3,60,1,1.1234374824462894,17.975,0,0,0,0,0,0,0,0,1,0,0,0,1,0
36.96,3,0,0,87,0,29,1,0.4248275813238209,36.96,0,0,0,0,0,1,0,0,0,0,0,0,1,0
131.37,4,0,0,43,2,52,1,3.0551162080205536,43.79,0,0,0,0,0,0,1,0,0,0,0,0,1,0
410.79,6,0,0,26,1,28,0,15.799614776937894,205.395,0,0,0,1,0,0,1,0,0,0,0,1,0,0
159.0,11,0,0,89,2,56,0,1.7865168338593616,53.0,0,0,0,0,0,0,0,0,1,0,0,1,0,0
141.39,0,0,0,49,5,34,1,2.8855101451936704,23.564999999999998,0,0,0,0,0,0,1,0,0,0,0,0,1,0
278.28,16,0,0,70,3,45,0,3.9754285146367354,69.57,0,0,0,0,0,0,0,1,0,1,0,0,0,0
64.91,11,0,0,92,2,64,0,0.7055434705919188,21.636666666666667,0,0,0,0,0,1,0,0,0,0,0,1,0,0
292.46,20,0,0,84,2,28,0,3.481666625218254,97.48666666666666,0,0,0,0,0,1,0,0,0,0,1,0,0,0
99.61,9,1,0,81,2,32,0,1.2297530712376163,33.20333333333333,1,1,0,0,0,0,1,0,0,0,0,1,0,0
186.83,13,0,0,73,1,42,0,2.559315033434041,93.415,0,0,0,0,1,0,0,0,0,1,0,0,0,0
19.86,3,0,0,93,2,61,1,0.213548384800555,6.62,0,0,0,0,0,0,0,0,1,0,0,0,1,0
129.74,4,0,0,75,4,33,1,1.7298666436017782,25.948,0,0,0,0,0,1,0,0,0,0,0,0,1,0
116.62,0,0,0,97,3,22,1,1.2022680288425978,29.155,0,0,0,0,0,0,1,0,0,0,0,0,1,0
27.4,9,0,0,67,5,28,0,0.4089552177767878,4.566666666666666,0,0,0,0,0,0,1,0,0,0,0,1,0,0
79.01,23,0,1,68,1,37,0,1.1619117476189451,39.505,1,1,0,0,1,0,0,0,0,0,1,0,0,0
25.25,22,0,0,25,3,50,0,1.0099999596000016,6.3125,0,0,0,1,1,0,0,0,0,0,1,0,0,0
393.77,8,0,0,32,3,64,0,12.305312115458996,98.4425,0,0,0,1,0,1,0,0,0,0,0,1,0,0
69.18,6,0,1,85,1,42,0,0.8138823433660902,34.59,1,1,0,0,1,0,0,0,0,0,0,1,0,0
73.41,12,0,1,38,2,34,0,1.931842054425209,24.47,1,1,0,1,0,0,0,0,1,1,0,0,0,0
800.09,14,0,0,71,3,27,0,11.268873080720098,200.0225,0,0,1,0,0,0,1,0,0,1,0,0,0,0
52.13,6,0,0,38,3,34,0,1.371842069162051,13.0325,0,0,0,1,0,1,0,0,0,0,0,1,0,0
9.04,10,0,0,81,0,56,0,0.1116049368937662,9.04,0,0,0,0,0,0,0,0,1,0,0,1,0,0
235.13,10,0,0,48,0,25,0,4.898541564613717,235.13,0,0,0,0,0,0,0,0,1,0,0,1,0,0
123.96,1,0,1,57,2,24,1,2.174736803951986,41.32,1,1,0,0,0,0,0,0,1,0,0,0,1,0
96.55,6,0,0,91,1,26,0,1.0609889993297912,48.275,0,0,0,0,0,1,0,0,0,0,0,1,0,0
9.55,0,0,0,96,1,23,1,0.09947916563042537,4.775,0,0,0,0,0,1,0,0,0,0,0,0,1,0
198.57,1,0,0,59,2,42,1,3.3655931632950313,66.19,0,0,0,0,0,0,1,0,0,0,0,0,1,0
167.66,21,0,0,51,3,20,0,3.287450915932335,41.915,0,0,0,0,0,0,1,0,0,0,1,0,0,0
108.41,15,0,0,35,3,25,0,3.097428482930615,27.1025,0,0,0,1,0,1,0,0,0,1,0,0,0,0
17.72,10,0,0,70,1,61,0,0.25314285352653065,8.86,0,0,0,0,0,0,0,1,0,0,0,1,0,0
35.52,8,1,0,59,1,22,0,0.6020338881011206,17.76,1,1,0,0,0,0,0,1,0,0,0,1,0,0
131.4,1,0,0,57,2,49,1,2.3052631174515246,43.800000000000004,0,0,0,0,0,0,0,0,1,0,0,0,1,0
162.16,14,0,0,97,1,42,0,1.6717525600850252,81.08,0,0,0,0,0,0,0,1,0,1,0,0,0,0
52.57,3,0,0,81,5,21,1,0.6490123376665143,8.761666666666667,0,0,0,0,0,0,0,0,1,0,0,0,1,0
41.34,8,0,0,90,1,56,0,0.45933332822962974,20.67,0,0,0,0,0,0,0,0,1,0,0,1,0,0
6.59,21,0,0,58,2,51,0,0.11362068769619504,2.1966666666666668,0,0,0,0,1,0,0,0,0,0,1,0,0,0
83.66,21,0,0,39,1,54,0,2.1451281501249193,41.83,0,0,0,1,0,0,0,0,1,0,1,0,0,0
40.27,13,1,1,31,1,57,0,1.2990322161602512,20.135,1,2,0,1,0,0,1,0,0,1,0,0,0,1
158.2,18,0,1,62,0,31,0,2.55161286207076,158.2,1,1,0,0,0,1,0,0,0,0,1,0,0,0
151.21,23,0,0,40,2,63,0,3.780249905493753,50.403333333333336,0,0,0,0,1,0,0,0,0,0,1,0,0,0
230.82,21,0,0,75,1,29,0,3.077599958965334,115.41,0,0,0,0,1,0,0,0,0,0,1,0,0,0
171.43,4,0,0,76,5,46,1,2.2556578650571337,28.57166666666667,0,0,0,0,0,0,0,0,1,0,0,0,1,0
57.69,1,0,0,32,3,23,1,1.8028124436621111,14.4225,0,0,0,1,0,0,0,0,1,0,0,0,1,0
63.86,7,0,0,35,0,52,0,1.824571376440818,63.86,0,0,0,1,1,0,0,0,0,0,0,1,0,0
169.54,18,0,0,74,1,34,0,2.2910810501205265,84.77,0,0,0,0,1,0,0,0,0,0,1,0,0,0
208.24,23,0,0,77,2,53,0,2.7044155492933046,69.41333333333334,0,0,0,0,0,0,1,0,0,0,1,0,0,0
306.13,13,0,0,38,0,50,0,8.056052419577568,306.13,0,0,0,1,0,0,1,0,0,1,0,0,0,0
81.2,8,0,0,71,1,46,0,1.1436619557230712,40.6,0,0,0,0,0,0,1,0,0,0,0,1,0,0
137.08,19,1,0,39,3,40,0,3.51487170474688,34.27,1,1,0,1,1,0,0,0,0,0,1,0,0,0
114.08,18,0,1,27,2,20,0,4.225185028696851,38.026666666666664,1,1,0,1,0,1,0,0,0,0,1,0,0,0
219.19,6,0,0,49,2,26,0,4.473265214831322,73.06333333333333,0,0,0,0,0,0,0,0,1,0,0,1,0,0
40.29,2,0,0,25,4,67,1,1.6115999355360024,8.058,0,0,0,1,0,0,1,0,0,0,0,0,1,0
64.92,6,0,0,99,2,26,0,0.6557575691337619,21.64,0,0,0,0,0,0,0,1,0,0,0,1,0,0
180.99,22,0,0,93,1,40,0,1.9461290113319463,90.495,0,0,0,0,0,0,0,1,0,0,1,0,0,0
153.36,6,0,0,62,2,30,0,2.4735483472008335,51.120000000000005,0,0,0,0,0,1,0,0,0,0,0,1,0,0
364.86,18,0,0,67,2,52,0,5.445671560512365,121.62,0,0,0,0,0,0,0,0,1,0,1,0,0,0
320.57,14,1,0,68,1,29,0,4.714264636554932,160.285,1,1,0,0,1,0,0,0,0,1,0,0,0,0
148.3,12,0,0,29,1,50,0,5.113792927110589,74.15,0,0,0,1,1,0,0,0,0,1,0,0,0,0
154.66,4,0,1,62,2,30,1,2.4945160887981275,51.553333333333335,1,1,0,0,0,1,0,0,0,0,0,0,1,0
487.78,20,1,0,54,0,57,0,9.032962795685874,487.78,1,1,0,0,0,0,0,0,1,0,1,0,0,0
5.34,12,0,0,56,3,58,0,0.09535714115433677,1.335,0,0,0,0,1,0,0,0,0,1,0,0,0,0
59.61,11,0,0,36,1,57,0,1.6558332873379644,29.805,0,0,0,1,0,0,1,0,0,0,0,1,0,0
227.93,18,0,0,60,0,18,0,3.7988332700194456,227.93,0,0,0,0,0,0,0,0,1,0,1,0,0,0
365.34,7,0,0,77,1,68,0,4.744675263056165,182.67,0,0,0,0,0,0,0,1,0,0,0,1,0,0
177.06,6,0,0,81,4,41,0,2.1859258989391863,35.412,0,0,0,0,1,0,0,0,0,0,0,1,0,0
169.66,12,0,0,32,2,59,0,5.301874834316412,56.553333333333335,0,0,0,1,0,0,0,1,0,1,0,0,0,0
102.71,18,0,0,29,1,63,0,3.54172401580262,51.355,0,0,0,1,0,0,0,1,0,0,1,0,0,0
77.52,11,0,0,92,2,39,0,0.8426086864933838,25.84,0,0,0,0,1,0,0,0,0,0,0,1,0,0
3.83,10,0,0,92,2,29,0,0.04163043433010398,1.2766666666666666,0,0,0,0,0,0,0,1,0,0,0,1,0,0
715.17,4,0,0,38,3,32,1,18.820262662624668,178.7925,0,0,1,1,0,0,1,0,0,0,0,0,1,0
26.9,20,1,0,76,2,54,0,0.35394736376385044,8.966666666666667,1,1,0,0,1,0,0,0,0,0,1,0,0,0
25.42,18,0,0,68,2,41,0,0.37382352391435997,8.473333333333334,0,0,0,0,0,0,0,1,0,0,1,0,0,0
12.42,9,0,0,58,2,44,0,0.21413792734244955,4.14,0,0,0,0,0,0,0,0,1,0,0,1,0,0
376.86,7,0,0,81,2,44,0,4.652592535153179,125.62,0,0,0,0,0,1,0,0,0,0,0,1,0,0
418.86,11,0,0,94,1,18,0,4.455957399404709,209.43,0,0,0,0,0,0,0,0,1,0,0,1,0,0
11.6,7,1,0,49,2,46,0,0.23673468904623085,3.8666666666666667,1,1,0,0,0,0,1,0,0,0,0,1,0,0
314.99,0,0,0,69,0,56,1,4.565072397607647,314.99,0,0,0,0,0,0,0,0,1,0,0,0,1,0
282.28,19,0,0,64,1,30,0,4.410624931083985,141.14,0,0,0,0,0,0,0,1,0,0,1,0,0,0
67.52,19,1,0,34,2,26,0,1.9858822945328738,22.506666666666664,1,1,0,1,0,0,1,0,0,0,1,0,0,0
352.2,7,0,1,41,4,54,0,8.590243692920886,70.44,1,1,0,0,1,0,0,0,0,0,0,1,0,0
217.66,6,0,0,29,2,20,0,7.50551698256838,72.55333333333333,0,0,0,1,1,0,0,0,0,0,0,1,0,0
160.98,4,1,0,79,2,40,1,2.037721493193399,53.66,1,1,0,0,0,1,0,0,0,0,0,0,1,0
126.11,2,0,0,32,0,64,1,3.9409373768457074,126.11,0,0,0,1,0,1,0,0,0,0,0,0,1,0
89.59,7,0,0,55,3,45,0,1.6289090612925627,22.3975,0,0,0,0,0,0,0,0,1,0,0,1,0,0
228.3,1,0,0,72,0,52,1,3.1708332892939826,228.3,0,0,0,0,0,0,0,0,1,0,0,0,1,0
105.67,15,0,0,76,2,62,0,1.390394718547438,35.223333333333336,0,0,0,0,0,0,0,1,0,1,0,0,0,0
45.8,1,1,0,80,2,63,1,0.5724999928437501,15.266666666666666,1,1,0,0,0,1,0,0,0,0,0,0,1,0
258.73,21,0,0,78,0,43,0,3.3170512395249845,258.73,0,0,0,0,0,1,0,0,0,0,1,0,0,0
54.04,3,0,0,45,3,68,1,1.2008888622024698,13.51,0,0,0,0,1,0,0,0,0,0,0,0,1,0
17.77,16,0,0,74,1,24,0,0.2401351318900658,8.885,0,0,0,0,0,0,0,1,0,1,0,0,0,0
109.33,4,0,1,79,1,50,1,1.3839240331148857,54.665,1,1,0,0,0,0,0,0,1,0,0,0,1,0
157.04,6,0,0,39,1,51,0,4.026666563418806,78.52,0,0,0,1,0,1,0,0,0,0,0,1,0,0
380.43,3,1,0,69,2,32,1,5.513478180964085,126.81,1,1,0,0,0,0,0,1,0,0,0,0,1,0
282.56,15,0,0,90,1,56,0,3.1395555206716055,141.28,0,0,0,0,0,0,1,0,0,1,0,0,0,0
209.05,17,0,0,45,3,41,0,4.64555545232099,52.2625,0,0,0,0,0,0,0,1,0,1,0,0,0,0
122.1,12,0,0,26,4,33,0,4.696153665532551,24.419999999999998,0,0,0,1,0,0,0,1,0,1,0,0,0,0
84.3,0,0,0,94,1,19,1,0.8968085010977819,42.15,0,0,0,0,0,0,0,1,0,0,0,0,1,0
78.9,2,0,0,63,2,49,1,1.2523809325018902,26.3,0,0,0,0,1,0,0,0,0,0,0,0,1,0
521.21,14,0,0,98,1,58,0,5.318469333485007,260.605,0,0,1,0,0,1,0,0,0,1,0,0,0,0
181.29,19,0,0,69,0,40,0,2.627391266269692,181.29,0,0,0,0,0,0,0,1,0,0,1,0,0,0
103.94,21,0,0,32,2,47,0,3.2481248984960973,34.64666666666667,0,0,0,1,1,0,0,0,0,0,1,0,0,0
15.35,7,0,0,72,3,28,0,0.21319444148341055,3.8375,0,0,0,0,1,0,0,0,0,0,0,1,0,0
140.27,19,0,0,70,4,22,0,2.003857114230613,28.054000000000002,0,0,0,0,0,0,0,0,1,0,1,0,0,0
411.88,22,0,0,26,3,34,0,15.841537852248543,102.97,0,0,0,1,0,0,1,0,0,0,1,0,0,0
369.1,13,0,0,85,4,41,0,4.342352890089966,73.82000000000001,0,0,0,0,0,0,0,1,0,1,0,0,0,0
46.41,5,0,0,85,1,31,1,0.5459999935764707,23.205,0,0,0,0,0,0,1,0,0,0,0,0,1,0
165.43,8,0,0,80,0,21,0,2.067874974151563,165.43,0,0,0,0,0,0,0,1,0,0,0,1,0,0
90.45,14,0,0,29,2,63,0,3.118965409690848,30.150000000000002,0,0,0,1,0,1,0,0,0,1,0,0,0,0
377.34,6,0,0,73,3,18,0,5.169041025081629,94.335,0,0,0,0,1,0,0,0,0,0,0,1,0,0
9.28,22,1,0,87,1,46,0,0.10666666544061304,4.64,1,1,0,0,0,0,1,0,0,0,1,0,0,0
97.67,15,0,0,58,0,49,0,1.6839654882074917,97.67,0,0,0,0,1,0,0,0,0,1,0,0,0,0
605.76,18,0,0,49,5,52,0,12.362448727296965,100.96,0,0,1,0,1,0,0,0,0,0,1,0,0,0
38.35,14,0,0,27,2,56,0,1.4203703177640623,12.783333333333333,0,0,0,1,1,0,0,0,0,1,0,0,0,0
376.2,10,1,0,43,2,41,0,8.748837005841,125.39999999999999,1,1,0,0,0,1,0,0,0,0,0,1,0,0
411.0,13,0,0,55,1,49,0,7.472727136859507,205.5,0,0,0,0,0,0,1,0,0,1,0,0,0,0
108.99,3,0,0,94,3,50,1,1.1594680727716162,27.2475,0,0,0,0,0,0,0,1,0,0,0,0,1,0
173.94,7,0,1,91,2,58,0,1.9114285504238622,57.98,1,1,0,0,1,0,0,0,0,0,0,1,0,0
6.44,9,0,0,66,0,65,0,0.09757575609733704,6.44,0,0,0,0,0,1,0,0,0,0,0,1,0,0
1025.08,23,1,0,42,2,64,0,24.406666085555567,341.6933333333333,1,1,1,0,1,0,0,0,0,0,1,0,0,0
90.82,0,0,0,88,4,35,1,1.0320454428176653,18.163999999999998,0,0,0,0,0,0,1,0,0,0,0,0,1,0
73.19,22,0,0,56,2,40,0,1.3069642623756381,24.396666666666665,0,0,0,0,0,1,0,0,0,0,1,0,0,0
26.44,14,0,0,31,2,33,0,0.8529031982934452,8.813333333333334,0,0,0,1,0,0,1,0,0,1,0,0,0,0
140.24,3,0,0,65,1,45,1,2.1575384283455628,70.12,0,0,0,0,0,0,1,0,0,0,0,0,1,0
43.97,9,0,0,63,1,21,0,0.6979364968581508,21.985,0,0,0,0,0,0,1,0,0,0,0,1,0,0
84.7,12,0,1,80,3,30,0,1.0587499867656252,21.175,1,1,0,0,1,0,0,0,0,1,0,0,0,0
73.6,1,0,1,98,0,69,1,0.7510204004997918,73.6,1,1,0,0,0,1,0,0,0,0,0,0,1,0
71.43,4,0,0,83,1,52,1,0.8606023992698507,35.715,0,0,0,0,0,0,0,0,1,0,0,0,1,0
14.09,8,1,1,46,2,51,0,0.30630434116729693,4.696666666666666,1,2,0,0,1,0,0,0,0,0,0,1,0,0
293.17,16,0,1,70,0,22,0,4.1881427973122465,293.17,1,1,0,0,1,0,0,0,0,1,0,0,0,0
9.98,21,0,0,40,1,38,0,0.24949999376250018,4.99,0,0,0,0,0,0,0,1,0,0,1,0,0,0
49.43,22,0,0,69,1,39,0,0.7163768012119305,24.715,0,0,0,0,0,0,0,0,1,0,1,0,0,0
255.22,22,0,0,75,4,30,0,3.40293328796089,51.044,0,0,0,0,0,1,0,0,0,0,1,0,0,0
274.1,4,0,0,71,2,47,1,3.860563325907559,91.36666666666667,0,0,0,0,0,0,0,0,1,0,0,0,1,0
480.82,21,0,1,75,1,69,0,6.410933247854223,240.41,1,1,0,0,1,0,0,0,0,0,1,0,0,0
72.32,2,0,0,37,1,55,1,1.954594541767715,36.16,0,0,0,1,1,0,0,0,0,0,0,0,1,0
154.86,14,0,0,85,1,22,0,1.821882331507267,77.43,0,0,0,0,0,0,0,0,1,1,0,0,0,0
96.86,14,0,0,81,2,44,0,1.1958024543728092,32.28666666666667,0,0,0,0,0,0,0,0,1,1,0,0,0,0
101.66,14,0,0,50,2,51,0,2.033199959336001,33.88666666666666,0,0,0,0,0,1,0,0,0,1,0,0,0,0
298.81,8,1,0,55,2,30,0,5.432908992128928,99.60333333333334,1,1,0,0,0,0,1,0,0,0,0,1,0,0
68.24,1,0,0,75,3,23,1,0.9098666545351113,17.06,0,0,0,0,1,0,0,0,0,0,0,0,1,0
79.2,23,0,0,83,2,59,0,0.954216855973291,26.400000000000002,0,0,0,0,0,0,0,1,0,0,1,0,0,0
134.93,6,0,0,27,4,28,0,4.997407222318251,26.986,0,0,0,1,1,0,0,0,0,0,0,1,0,0
305.99,1,0,0,94,1,47,1,3.2552127313275245,152.995,0,0,0,0,0,0,0,0,1,0,0,0,1,0
14.56,12,0,0,97,0,37,0,0.15010309123605062,14.56,0,0,0,0,0,0,0,1,0,1,0,0,0,0
40.24,2,0,0,83,3,61,1,0.48481927126723773,10.06,0,0,0,0,1,0,0,0,0,0,0,0,1,0
105.42,13,0,0,56,3,29,0,1.8824999663839292,26.355,0,0,0,0,0,0,1,0,0,1,0,0,0,0
144.54,19,0,0,71,2,67,0,2.035774619214442,48.18,0,0,0,0,0,0,0,1,0,0,1,0,0,0
182.68,17,1,0,39,0,51,0,4.684102443997373,182.68,1,1,0,1,0,1,0,0,0,1,0,0,0,0
137.21,7,0,0,63,0,21,0,2.177936473366088,137.21,0,0,0,0,0,0,0,0,1,0,0,1,0,0
100.05,8,0,0,88,1,38,0,1.1369318052621387,50.025,0,0,0,0,0,0,0,0,1,0,0,1,0,0
274.89,11,0,0,53,2,47,0,5.186603675724459,91.63,0,0,0,0,1,0,0,0,0,0,0,1,0,0
59.25,22,0,0,35,2,60,0,1.6928570944897974,19.75,0,0,0,1,0,0,1,0,0,0,1,0,0,0
1.96,10,0,0,75,2,68,0,0.026133332984888895,0.6533333333333333,0,0,0,0,0,0,0,0,1,0,0,1,0,0
69.07,3,0,0,54,1,41,1,1.2790740503875175,34.535,0,0,0,0,0,0,0,0,1,0,0,0,1,0
87.39,19,1,0,99,1,64,0,0.8827272638108358,43.695,1,1,0,0,0,1,0,0,0,0,1,0,0,0
5.78,4,1,0,45,3,46,1,0.12844444159012353,1.445,1,1,0,0,0,1,0,0,0,0,0,0,1,0
46.68,20,0,0,64,1,54,0,0.7293749886035158,23.34,0,0,0,0,1,0,0,0,0,0,1,0,0,0
27.38,12,0,0,92,0,25,0,0.2976086924172968,27.38,0,0,0,0,0,0,0,0,1,1,0,0,0,0
191.16,15,0,0,85,3,28,0,2.248941150012457,47.79,0,0,0,0,1,0,0,0,0,1,0,0,0,0
162.63,6,0,0,37,5,49,0,4.395405286610668,27.105,0,0,0,1,0,0,0,0,1,0,0,1,0,0
56.81,11,0,0,78,0,37,0,0.7283333239957267,56.81,0,0,0,0,0,0,0,0,1,0,0,1,0,0
252.3,4,0,0,31,1,57,1,8.138709414880342,126.15,0,0,0,1,0,0,0,0,1,0,0,0,1,0
366.61,12,1,0,99,0,34,0,3.703131275725947,366.61,1,1,0,0,0,0,0,0,1,1,0,0,0,0
187.24,8,0,0,35,0,59,0,5.349714132865311,187.24,0,0,0,1,0,0,0,1,0,0,0,1,0,0
508.78,22,0,0,50,2,50,0,10.175599796488005,169.59333333333333,0,0,1,0,0,1,0,0,0,0,1,0,0,0
27.09,11,0,0,37,2,27,0,0.7321621423739962,9.03,0,0,0,1,0,1,0,0,0,0,0,1,0,0
452.48,18,0,0,39,3,32,0,11.602050984562796,113.12,0,0,0,1,1,0,0,0,0,0,1,0,0,0
13.56,23,0,0,75,3,31,0,0.18079999758933338,3.39,0,0,0,0,0,0,0,0,1,0,1,0,0,0
3.7,11,0,0,56,3,58,0,0.06607142739158166,0.925,0,0,0,0,0,0,0,1,0,0,0,1,0,0
478.33,19,0,1,41,1,27,0,11.666585081302804,239.165,1,1,0,0,0,0,1,0,0,0,1,0,0,0
48.1,16,0,0,51,1,47,0,0.9431372364090739,24.05,0,0,0,0,0,1,0,0,0,1,0,0,0,0
41.95,20,0,0,51,4,30,0,0.8225490034794314,8.39,0,0,0,0,1,0,0,0,0,0,1,0,0,0
15.25,2,0,0,86,2,61,1,0.1773255793334235,5.083333333333333,0,0,0,0,0,0,0,0,1,0,0,0,1,0
24.88,6,0,0,77,1,58,0,0.32311687892056,12.44,0,0,0,0,0,0,1,0,0,0,0,1,0,0
766.55,22,0,0,29,0,41,0,26.43275770921525,766.55,0,0,1,1,0,0,0,0,1,0,1,0,0,0
213.56,6,0,0,90,1,68,0,2.372888862523457,106.78,0,0,0,0,1,0,0,0,0,0,0,1,0,0
24.51,13,0,0,85,1,54,0,0.2883529377840831,12.255,0,0,0,0,0,0,0,1,0,1,0,0,0,0
317.4,9,0,0,48,3,61,0,6.612499862239586,79.35,0,0,0,0,1,0,0,0,0,0,0,1,0,0
82.51,13,0,0,34,3,50,0,2.426764634506923,20.6275,0,0,0,1,0,1,0,0,0,1,0,0,0,0
557.66,8,0,0,57,0,60,0,9.783508600289323,557.66,0,0,1,0,0,0,0,1,0,0,0,1,0,0
66.36,5,0,0,54,6,32,1,1.2288888661316877,9.48,0,0,0,0,0,0,0,0,1,0,0,0,1,0
28.18,17,0,0,99,4,69,0,0.28464646177124786,5.636,0,0,0,0,0,0,1,0,0,1,0,0,0,0
73.53,14,0,0,25,5,31,0,2.9411998823520045,12.255,0,0,0,1,0,0,0,1,0,1,0,0,0,0
141.4,15,0,1,35,2,33,0,4.039999884571432,47.13333333333333,1,1,0,1,0,1,0,0,0,1,0,0,0,0
176.07,1,0,0,48,2,21,1,3.6681249235807307,58.69,0,0,0,0,0,0,0,0,1,0,0,0,1,0
239.75,19,0,0,34,0,49,0,7.051470380839107,239.75,0,0,0,1,0,0,1,0,0,0,1,0,0,0
72.97,4,1,0,45,3,65,1,1.6215555195209885,18.2425,1,1,0,0,0,0,1,0,0,0,0,0,1,0
33.77,1,0,1,88,2,30,1,0.38374999563920464,11.256666666666668,1,1,0,0,0,0,0,0,1,0,0,0,1,0
230.67,15,0,0,29,5,20,0,7.954137656753873,38.445,0,0,0,1,0,1,0,0,0,1,0,0,0,0
122.91,22,0,0,72,1,37,0,1.707083309623843,61.455,0,0,0,0,0,1,0,0,0,0,1,0,0,0
752.03,5,0,0,71,1,31,1,10.591971681803216,376.015,0,0,1,0,0,0,1,0,0,0,0,0,1,0
69.82,16,0,0,65,2,63,0,1.0741538296284026,23.27333333333333,0,0,0,0,0,1,0,0,0,1,0,0,0,0
151.62,14,0,0,45,2,60,0,3.3693332584592612,50.54,0,0,0,0,0,0,0,1,0,1,0,0,0,0
1.96,14,0,0,78,0,50,0,0.025128204806048656,1.96,0,0,0,0,0,0,1,0,0,1,0,0,0,0
101.82,7,0,0,88,4,54,0,1.1570454413972109,20.363999999999997,0,0,0,0,0,0,1,0,0,0,0,1,0,0
100.41,20,0,1,49,4,34,0,2.0491836316493135,20.082,1,1,0,0,0,1,0,0,0,0,1,0,0,0
365.73,14,0,0,41,2,34,0,8.920243684872107,121.91000000000001,0,0,0,0,0,0,0,0,1,1,0,0,0,0
125.29,11,0,0,59,1,18,0,2.123559286041368,62.645,0,0,0,0,1,0,0,0,0,0,0,1,0,0
45.55,10,0,0,26,2,29,0,1.7519230095414224,15.183333333333332,0,0,0,1,0,0,1,0,0,0,0,1,0,0
1.67,14,0,0,31,3,55,0,0.053870966004162385,0.4175,0,0,0,1,0,0,0,1,0,1,0,0,0,0
203.49,14,0,0,61,3,63,0,3.335901584657351,50.8725,0,0,0,0,0,1,0,0,0,1,0,0,0,0
48.84,22,0,0,35,1,61,0,1.395428531559185,24.42,0,0,0,1,0,1,0,0,0,0,1,0,0,0
5.94,13,0,0,41,1,47,0,0.14487804524687697,2.97,0,0,0,0,1,0,0,0,0,1,0,0,0,0
162.8,9,0,0,50,3,27,0,3.2559999348800015,40.7,0,0,0,0,0,1,0,0,0,0,0,1,0,0
98.47,3,0,1,44,2,28,1,2.2379544945919436,32.82333333333333,1,1,0,0,0,0,0,1,0,0,0,0,1,0
27.56,5,0,0,94,2,51,1,0.29319148624264374,9.186666666666666,0,0,0,0,1,0,0,0,0,0,0,0,1,0
4.64,19,0,0,75,1,34,0,0.06186666584177779,2.32,0,0,0,0,0,1,0,0,0,0,1,0,0,0
261.09,2,0,0,65,1,61,1,4.016769168972782,130.545,0,0,0,0,0,1,0,0,0,0,0,0,1,0
52.21,11,0,0,64,2,31,0,0.8157812372534182,17.403333333333332,0,0,0,0,0,0,0,0,1,0,0,1,0,0
111.26,19,0,0,74,3,68,0,1.5035134931957637,27.815,0,0,0,0,1,0,0,0,0,0,1,0,0,0
425.77,2,0,0,42,4,22,1,10.137380711014746,85.154,0,0,0,0,0,0,1,0,0,0,0,0,1,0
34.86,10,0,0,40,1,28,0,0.8714999782125006,17.43,0,0,0,0,0,1,0,0,0,0,0,1,0,0
27.62,10,0,0,65,6,32,0,0.42492307038579896,3.9457142857142857,0,0,0,0,0,0,0,1,0,0,0,1,0,0
47.36,1,0,0,45,2,28,1,1.0524444210567907,15.786666666666667,0,0,0,0,1,0,0,0,0,0,0,0,1,0
522.48,10,0,0,97,2,55,0,5.386391697047508,174.16,0,0,1,0,0,1,0,0,0,0,0,1,0,0
323.74,17,1,0,45,1,46,0,7.1942220623506214,161.87,1,1,0,0,1,0,0,0,0,1,0,0,0,0
51.15,15,0,0,38,3,45,0,1.3460525961565106,12.7875,0,0,0,1,0,0,0,1,0,1,0,0,0,0
204.27,3,1,0,80,0,18,1,2.5533749680828133,204.27,1,1,0,0,0,0,0,0,1,0,0,0,1,0
548.04,1,0,0,45,2,40,1,12.178666396029636,182.67999999999998,0,0,1,0,0,1,0,0,0,0,0,0,1,0
597.94,9,0,0,56,4,47,0,10.677499809330362,119.58800000000001,0,0,1,0,0,0,0,0,1,0,0,1,0,0
116.81,11,0,0,79,4,48,0,1.4786075762201574,23.362000000000002,0,0,0,0,0,0,0,0,1,0,0,1,0,0
292.91,5,0,0,73,5,29,1,4.0124656984593745,48.818333333333335,0,0,0,0,0,1,0,0,0,0,0,0,1,0
42.8,15,0,0,46,1,20,0,0.930434762381853,21.4,0,0,0,0,0,0,1,0,0,1,0,0,0,0
125.17,11,0,0,77,2,58,0,1.62558439447293,41.723333333333336,0,0,0,0,0,0,1,0,0,0,0,1,0,0
313.47,20,1,0,71,4,23,0,4.415070360351122,62.694,1,1,0,0,0,0,1,0,0,0,1,0,0,0
46.76,5,0,0,56,3,68,1,0.834999985089286,11.69,0,0,0,0,0,0,0,0,1,0,0,0,1,0
205.18,13,0,1,41,2,55,0,5.004390121844144,68.39333333333333,1,1,0,0,0,0,0,1,0,1,0,0,0,0
87.09,9,1,0,40,2,44,0,2.1772499455687515,29.03,1,1,0,0,0,0,0,1,0,0,0,1,0,0
145.13,21,0,0,57,1,47,0,2.546140306208065,72.565,0,0,0,0,0,0,0,1,0,0,1,0,0,0
105.05,7,0,0,69,2,43,0,1.52246374605125,35.016666666666666,0,0,0,0,0,0,1,0,0,0,0,1,0,0
153.4,20,0,0,59,1,33,0,2.5999999559322045,76.7,0,0,0,0,0,0,0,1,0,0,1,0,0,0
13.15,5,0,0,62,2,19,1,0.21209677077263275,4.383333333333334,0,0,0,0,0,1,0,0,0,0,0,0,1,0
53.49,21,1,0,50,6,62,0,1.0697999786040004,7.6414285714285715,1,1,0,0,0,0,1,0,0,0,1,0,0,0
454.34,21,0,0,28,2,37,0,16.226427991913283,151.44666666666666,0,0,0,1,0,0,0,1,0,0,1,0,0,0
150.06,23,0,0,33,1,55,0,4.547272589476589,75.03,0,0,0,1,0,0,0,0,1,0,1,0,0,0
9.66,16,0,0,98,0,21,0,0.09857142756559768,9.66,0,0,0,0,0,1,0,0,0,1,0,0,0,0
128.48,11,0,0,83,0,65,0,1.547951788578894,128.48,0,0,0,0,1,0,0,0,0,0,0,1,0,0
20.83,12,0,0,79,5,35,0,0.26367088273834327,3.4716666666666662,0,0,0,0,1,0,0,0,0,1,0,0,0,0
76.42,5,0,0,50,5,27,1,1.5283999694320007,12.736666666666666,0,0,0,0,0,0,1,0,0,0,0,0,1,0
349.19,5,0,0,69,2,29,1,5.060724564337325,116.39666666666666,0,0,0,0,0,1,0,0,0,0,0,0,1,0
1.56,22,0,0,61,3,39,0,0.025573770072561147,0.39,0,0,0,0,0,0,0,1,0,0,1,0,0,0
14.25,6,1,0,94,1,31,0,0.1515957430681304,7.125,1,1,0,0,0,1,0,0,0,0,0,1,0,0
136.26,0,0,0,52,2,28,1,2.6203845649926043,45.419999999999995,0,0,0,0,0,0,0,0,1,0,0,0,1,0
77.43,1,0,1,41,3,56,1,1.8885365393039872,19.3575,1,1,0,0,1,0,0,0,0,0,0,0,1,0
115.58,22,0,0,97,0,27,0,1.191546379468594,115.58,0,0,0,0,0,0,1,0,0,0,1,0,0,0
45.74,22,0,1,66,2,57,0,0.6930302925298442,15.246666666666668,1,1,0,0,1,0,0,0,0,0,1,0,0,0
372.41,22,0,0,40,4,19,0,9.310249767243757,74.482,0,0,0,0,0,0,1,0,0,0,1,0,0,0
162.06,10,0,0,91,5,41,0,1.7808791013090208,27.01,0,0,0,0,1,0,0,0,0,0,0,1,0,0
91.05,14,0,0,52,5,45,0,1.7509615047892018,15.174999999999999,0,0,0,0,0,0,1,0,0,1,0,0,0,0
172.0,2,0,1,56,5,24,1,3.071428516581634,28.666666666666668,1,1,0,0,0,0,0,1,0,0,0,0,1,1
27.67,1,0,0,36,1,45,1,0.7686110897608032,13.835,0,0,0,1,1,0,0,0,0,0,0,0,1,0
87.88,1,0,0,63,4,53,1,1.394920612779038,17.576,0,0,0,0,0,0,0,0,1,0,0,0,1,0
198.77,10,0,1,91,2,62,0,2.184285690282575,66.25666666666667,1,1,0,0,0,0,0,1,0,0,0,1,0,0
97.82,19,0,0,48,2,29,0,2.0379166242100704,32.60666666666666,0,0,0,0,0,0,0,0,1,0,1,0,0,0
368.28,14,0,0,52,2,44,0,7.08230755610947,122.75999999999999,0,0,0,0,0,1,0,0,0,1,0,0,0,0
200.59,23,0,0,83,1,23,0,2.416746958834374,100.295,0,0,0,0,0,0,0,1,0,0,1,0,0,0
52.31,9,0,0,66,1,35,0,0.7925757455670343,26.155,0,0,0,0,0,0,0,0,1,0,0,1,0,0
42.58,18,0,0,42,1,58,0,1.0138094996712024,21.29,0,0,0,0,0,0,1,0,0,0,1,0,0,0
48.96,20,0,0,74,2,26,0,0.661621612680789,16.32,0,0,0,0,0,0,1,0,0,0,1,0,0,0
89.42,4,1,0,58,3,20,1,1.5417241113495843,22.355,1,1,0,0,0,0,0,1,0,0,0,0,1,0
81.77,16,0,0,40,3,52,0,2.0442499488937513,20.4425,0,0,0,0,1,0,0,0,0,1,0,0,0,0
220.5,2,0,0,48,5,48,1,4.593749904296877,36.75,0,0,0,0,0,0,1,0,0,0,0,0,1,0
93.03,2,0,1,79,0,44,1,1.177594921802596,93.03,1,1,0,0,0,0,1,0,0,0,0,0,1,0
465.51,20,0,0,71,5,28,0,6.556478780894665,77.585,0,0,0,0,0,0,0,1,0,0,1,0,0,0
122.55,6,0,0,85,1,29,0,1.4417646889204154,61.275,0,0,0,0,1,0,0,0,0,0,0,1,0,0
1097.38,21,0,0,27,4,19,0,40.643702198381405,219.47600000000003,0,0,1,1,1,0,0,0,0,0,1,0,0,0
120.24,18,0,0,36,1,20,0,3.339999907222225,60.12,0,0,0,1,0,0,0,0,1,0,1,0,0,0
540.89,11,0,0,92,4,18,0,5.87923906653001,108.178,0,0,1,0,0,1,0,0,0,0,0,1,0,0
44.32,16,0,0,38,1,64,0,1.1663157587811643,22.16,0,0,0,1,0,0,0,0,1,1,0,0,0,0
22.64,9,0,0,99,5,48,0,0.22868686637690036,3.7733333333333334,0,0,0,0,0,1,0,0,0,0,0,1,0,0
114.83,17,1,0,32,0,60,0,3.588437387861332,114.83,1,1,0,1,0,0,0,0,1,1,0,0,0,0
110.15,22,0,0,78,2,57,0,1.4121794690746223,36.71666666666667,0,0,0,0,0,0,0,0,1,0,1,0,0,0
636.38,10,0,0,97,4,37,0,6.560618489065789,127.276,0,0,1,0,1,0,0,0,0,0,0,1,0,0
69.61,0,0,1,95,2,23,1,0.7327368343922439,23.203333333333333,1,1,0,0,0,1,0,0,0,0,0,0,1,0
34.59,4,0,0,52,2,65,1,0.6651922949001483,11.530000000000001,0,0,0,0,0,0,0,1,0,0,0,0,1,0
37.14,13,0,0,92,2,26,0,0.4036956477859169,12.38,0,0,0,0,0,0,0,1,0,1,0,0,0,0
11.34,23,0,0,96,1,32,0,0.11812499876953127,5.67,0,0,0,0,1,0,0,0,0,0,1,0,0,0
176.39,14,0,0,94,2,30,0,1.876489341739475,58.79666666666666,0,0,0,0,0,0,1,0,0,1,0,0,0,0
3.08,18,0,0,98,2,57,0,0.03142857110787173,1.0266666666666666,0,0,0,0,0,1,0,0,0,0,1,0,0,0
14.9,22,0,0,32,3,54,0,0.46562498544921926,3.725,0,0,0,1,0,0,0,0,1,0,1,0,0,0
300.7,23,0,0,81,1,32,0,3.712345633180918,150.35,0,0,0,0,0,0,1,0,0,0,1,0,0,0
331.5,4,0,0,95,5,26,1,3.4894736474792247,55.25,0,0,0,0,0,0,1,0,0,0,0,0,1,0
50.52,9,0,0,45,3,36,0,1.1226666417185192,12.63,0,0,0,0,0,0,0,0,1,0,0,1,0,0
112.34,4,0,0,42,1,53,1,2.6747618410770992,56.17,0,0,0,0,0,0,0,1,0,0,0,0,1,0
91.4,8,0,0,89,2,54,0,1.0269662805958846,30.46666666666667,0,0,0,0,0,0,1,0,0,0,0,1,0,0
104.61,8,0,0,34,1,32,0,3.0767646153892763,52.305,0,0,0,1,0,0,0,1,0,0,0,1,0,0
506.19,8,0,0,45,4,48,0,11.248666416696302,101.238,0,0,1,0,0,1,0,0,0,0,0,1,0,0
186.12,5,0,0,63,1,43,1,2.9542856673922913,93.06,0,0,0,0,0,1,0,0,0,0,0,0,1,0
120.3,17,0,0,69,3,22,0,1.7434782356017646,30.075,0,0,0,0,0,0,0,1,0,1,0,0,0,0
100.7,2,0,0,95,1,38,1,1.0599999888421054,50.35,0,0,0,0,0,0,1,0,0,0,0,0,1,0
246.86,8,0,0,90,2,32,0,2.7428888584123463,82.28666666666668,0,0,0,0,0,0,1,0,0,0,0,1,0,0
186.56,22,0,0,67,1,45,0,2.784477570380932,93.28,0,0,0,0,0,0,0,1,0,0,1,0,0,0
116.44,11,0,1,65,1,29,0,1.7913845878248524,58.22,1,1,0,0,0,0,1,0,0,0,0,1,0,0
254.24,5,0,0,67,2,43,1,3.794626809035421,84.74666666666667,0,0,0,0,0,1,0,0,0,0,0,0,1,0
12.49,18,0,1,74,1,49,0,0.1687837815029219,6.245,1,1,0,0,1,0,0,0,0,0,1,0,0,0
123.6,19,1,1,83,1,32,0,1.4891566085643781,61.8,1,2,0,0,0,0,0,0,1,0,1,0,0,0
950.41,1,0,1,70,2,60,1,13.577285520324493,316.80333333333334,1,1,1,0,0,0,0,0,1,0,0,0,1,1
1087.95,11,0,0,52,1,66,0,20.922114982267022,543.975,0,0,1,0,0,1,0,0,0,0,0,1,0,0
264.15,13,0,0,98,2,48,0,2.6954081357611415,88.05,0,0,0,0,1,0,0,0,0,1,0,0,0,0
151.87,12,0,0,71,1,28,0,2.139014054380084,75.935,0,0,0,0,0,0,0,0,1,1,0,0,0,0
167.17,17,0,0,98,5,22,0,1.7058163091243232,27.861666666666665,0,0,0,0,0,0,0,1,0,1,0,0,0,0
494.62,7,0,1,59,3,62,0,8.383389688417124,123.655,1,1,0,0,0,0,1,0,0,0,0,1,0,0
23.9,6,0,0,70,1,67,0,0.3414285665510205,11.95,0,0,0,0,0,1,0,0,0,0,0,1,0,0
37.96,21,0,0,58,1,54,0,0.6544827473365044,18.98,0,0,0,0,0,1,0,0,0,0,1,0,0,0
47.48,13,0,0,99,1,54,0,0.479595954751556,23.74,0,0,0,0,0,0,0,1,0,1,0,0,0,0
212.49,15,1,0,74,4,38,0,2.871486447682616,42.498000000000005,1,1,0,0,1,0,0,0,0,1,0,0,0,0
55.43,15,0,0,65,1,22,0,0.8527692176497044,27.715,0,0,0,0,0,0,1,0,0,1,0,0,0,0
78.2,3,0,0,78,1,24,1,1.0025640897107169,39.1,0,0,0,0,1,0,0,0,0,0,0,0,1,0
55.39,10,0,0,63,5,64,0,0.8792063352506931,9.231666666666667,0,0,0,0,0,0,0,0,1,0,0,1,0,0
176.41,19,0,0,80,4,68,0,2.205124972435938,35.282,0,0,0,0,0,0,0,1,0,0,1,0,0,0
199.1,0,0,0,34,3,53,1,5.855882180709348,49.775,0,0,0,1,0,1,0,0,0,0,0,0,1,0
358.56,14,0,0,37,1,50,0,9.690810548897012,179.28,0,0,0,1,0,0,1,0,0,1,0,0,0,0
85.25,18,1,0,51,0,49,0,1.6715685946751258,85.25,1,1,0,0,0,0,1,0,0,0,1,0,0,0
83.17,22,1,0,58,2,54,0,1.4339654925178364,27.723333333333333,1,1,0,0,0,1,0,0,0,0,1,0,0,0
7.13,11,0,1,28,2,19,0,0.2546428480484697,2.3766666666666665,1,1,0,1,0,0,0,1,0,0,0,1,0,0
675.6,6,0,0,56,2,68,0,12.064285498852046,225.20000000000002,0,0,1,0,0,1,0,0,0,0,0,1,0,0
46.49,4,0,0,33,0,37,1,1.4087878360973385,46.49,0,0,0,1,0,0,1,0,0,0,0,0,1,0
140.89,19,0,0,56,1,18,0,2.5158928122161996,70.445,0,0,0,0,0,0,1,0,0,0,1,0,0,0
74.1,16,0,0,29,3,54,0,2.5551723256837127,18.525,0,0,0,1,0,0,1,0,0,1,0,0,0,0
19.26,3,0,0,75,2,26,1,0.25679999657600006,6.420000000000001,0,0,0,0,0,1,0,0,0,0,0,0,1,0
206.89,22,0,0,56,1,26,0,3.69446421974171,103.445,0,0,0,0,0,1,0,0,0,0,1,0,0,0
214.35,0,0,0,50,1,64,1,4.286999914260002,107.175,0,0,0,0,0,0,0,1,0,0,0,0,1,0
544.43,11,0,0,51,3,22,0,10.675097829900043,136.1075,0,0,1,0,0,0,1,0,0,0,0,1,0,0
443.72,0,0,1,40,1,67,1,11.092999722675009,221.86,1,1,0,0,0,0,1,0,0,0,0,0,1,0
60.77,3,1,0,51,5,38,1,1.1915686040868902,10.128333333333334,1,1,0,0,1,0,0,0,0,0,0,0,1,1
55.49,10,0,0,71,0,69,0,0.7815492847669115,55.49,0,0,0,0,0,0,0,0,1,0,0,1,0,0
208.26,12,1,0,50,4,51,0,4.165199916696002,41.652,1,1,0,0,0,0,0,0,1,1,0,0,0,0
524.29,2,0,0,93,0,64,1,5.637526821101862,524.29,0,0,1,0,0,1,0,0,0,0,0,0,1,0
355.49,18,0,0,78,3,26,0,4.557564044133795,88.8725,0,0,0,0,0,0,0,0,1,0,1,0,0,0
142.92,12,0,0,88,3,25,0,1.6240908906353306,35.73,0,0,0,0,0,0,1,0,0,1,0,0,0,0
184.12,15,0,0,89,2,60,0,2.068764021699281,61.373333333333335,0,0,0,0,1,0,0,0,0,1,0,0,0,0
15.05,21,0,1,52,0,60,0,0.28942307135724865,15.05,1,1,0,0,1,0,0,0,0,0,1,0,0,0
11.97,4,0,0,65,3,62,1,0.1841538433207101,2.9925,0,0,0,0,0,0,1,0,0,0,0,0,1,0
346.3,5,0,0,71,2,33,1,4.877464720035708,115.43333333333334,0,0,0,0,0,0,0,0,1,0,0,0,1,0
6.15,2,0,0,73,0,52,1,0.0842465741884031,6.15,0,0,0,0,0,0,0,1,0,0,0,0,1,0
496.19,9,0,0,36,0,47,0,13.783055172692913,496.19,0,0,0,1,0,0,1,0,0,0,0,1,0,0
24.2,17,0,0,56,2,28,0,0.43214284942602055,8.066666666666666,0,0,0,0,1,0,0,0,0,1,0,0,0,0
244.31,20,0,0,28,2,23,0,8.725356831237256,81.43666666666667,0,0,0,1,0,0,1,0,0,0,1,0,0,0
30.3,3,0,0,80,0,21,1,0.3787499952656251,30.3,0,0,0,0,0,0,0,1,0,0,0,0,1,0
790.93,19,0,0,94,4,49,0,8.41414884665799,158.18599999999998,0,0,1,0,0,1,0,0,0,0,1,0,0,0
147.68,19,0,0,35,1,52,0,4.219428450873473,73.84,0,0,0,1,0,0,0,0,1,0,1,0,0,0
152.42,1,0,0,83,2,31,1,1.836385520043548,50.806666666666665,0,0,0,0,0,1,0,0,0,0,0,0,1,0
245.3,17,0,0,93,1,46,0,2.637634380240491,122.65,0,0,0,0,0,0,1,0,0,1,0,0,0,0
39.41,9,0,0,77,0,37,0,0.5118181751711925,39.41,0,0,0,0,0,1,0,0,0,0,0,1,0,0
230.97,6,0,0,52,1,46,0,4.441730683812872,115.485,0,0,0,0,0,0,1,0,0,0,0,1,0,0
982.29,23,0,0,45,5,18,0,21.828666181585195,163.715,0,0,1,0,0,0,1,0,0,0,1,0,0,0
134.36,20,0,0,92,3,26,0,1.4604347667344049,33.59,0,0,0,0,0,0,0,0,1,0,1,0,0,0
110.33,0,0,0,64,0,64,1,1.7239062230639652,110.33,0,0,0,0,1,0,0,0,0,0,0,0,1,0
104.76,8,0,0,38,0,54,0,2.7568420327146836,104.76,0,0,0,1,0,0,0,1,0,0,0,1,0,0
25.73,21,0,0,98,2,22,0,0.26255101772907125,8.576666666666666,0,0,0,0,0,0,0,0,1,0,1,0,0,0
98.05,20,0,0,89,1,22,0,1.1016853808799396,49.025,0,0,0,0,0,0,0,0,1,0,1,0,0,0
101.92,11,0,0,38,2,52,0,2.6821051925761794,33.973333333333336,0,0,0,1,0,0,0,1,0,0,0,1,0,0
74.03,12,0,0,73,0,27,0,1.014109575149184,74.03,0,0,0,0,0,1,0,0,0,1,0,0,0,0
116.23,20,0,0,48,1,27,0,2.421458282886286,58.115,0,0,0,0,0,0,0,1,0,0,1,0,0,0
140.28,16,0,0,49,4,45,0,2.8628570844314885,28.056,0,0,0,0,0,0,0,0,1,1,0,0,0,0
13.41,2,0,0,96,2,35,1,0.1396874985449219,4.47,0,0,0,0,0,0,0,0,1,0,0,0,1,0
94.81,9,0,0,63,3,20,0,1.5049206110330062,23.7025,0,0,0,0,0,0,1,0,0,0,0,1,0,0
207.29,5,0,0,50,1,54,1,4.145799917084002,103.645,0,0,0,0,0,0,1,0,0,0,0,0,1,0
296.56,11,0,0,81,3,36,0,3.6612345227008083,74.14,0,0,0,0,0,0,1,0,0,0,0,1,0,0
13.68,8,0,1,69,3,18,0,0.1982608666918715,3.42,1,1,0,0,0,0,0,0,1,0,0,1,0,0
55.86,19,0,0,84,1,65,0,0.6649999920833335,27.93,0,0,0,0,0,0,1,0,0,0,1,0,0,0
2.09,11,0,0,80,5,20,0,0.026124999673437503,0.34833333333333333,0,0,0,0,0,1,0,0,0,0,0,1,0,0
457.05,17,0,0,56,2,40,0,8.161606997114161,152.35,0,0,0,0,1,0,0,0,0,1,0,0,0,0
639.75,17,0,0,67,0,37,0,9.548507320171533,639.75,0,0,1,0,0,0,1,0,0,1,0,0,0,0
8.27,19,1,0,84,3,58,0,0.09845237978032881,2.0675,1,1,0,0,0,0,0,1,0,0,1,0,0,0
235.42,21,0,0,97,3,36,0,2.427010284257626,58.855,0,0,0,0,0,1,0,0,0,0,1,0,0,0
199.8,11,0,0,35,4,27,0,5.708571265469393,39.96,0,0,0,1,1,0,0,0,0,0,0,1,0,0
140.3,12,1,0,40,1,65,0,3.5074999123125026,70.15,1,1,0,0,0,0,0,0,1,1,0,0,0,0
4.11,4,0,0,28,1,57,1,0.14678570904336755,2.055,0,0,0,1,1,0,0,0,0,0,0,0,1,0
181.57,15,1,0,63,2,28,0,2.882063446316453,60.52333333333333,1,1,0,0,0,0,0,0,1,1,0,0,0,0
156.05,23,0,0,25,4,28,0,6.24199975032001,31.21,0,0,0,1,0,0,0,0,1,0,1,0,0,0
30.6,5,0,0,45,4,18,1,0.6799999848888892,6.12,0,0,0,0,1,0,0,0,0,0,0,0,1,0
81.54,19,0,0,40,1,54,0,2.0384999490375018,40.77,0,0,0,0,1,0,0,0,0,0,1,0,0,0
373.59,5,0,0,91,2,59,1,4.105384570270499,124.52999999999999,0,0,0,0,0,0,1,0,0,0,0,0,1,0
84.84,4,0,0,47,1,48,1,1.8051063445722055,42.42,0,0,0,0,0,0,1,0,0,0,0,0,1,0
122.09,5,0,0,85,0,30,1,1.436352924278201,122.09,0,0,0,0,0,1,0,0,0,0,0,0,1,0
22.83,7,0,0,41,3,55,0,0.5568292547114816,5.7075,0,0,0,0,0,0,1,0,0,0,0,1,0,0
147.63,19,0,1,73,5,32,0,2.0223287394201543,24.605,1,1,0,0,0,1,0,0,0,0,1,0,0,0
105.25,2,0,0,65,2,39,1,1.619230744319527,35.083333333333336,0,0,0,0,0,0,0,1,0,0,0,0,1,0
285.26,9,1,0,25,0,49,0,11.410399543584017,285.26,1,1,0,1,0,0,1,0,0,0,0,1,0,0
409.52,14,0,0,55,2,31,0,7.445818046439672,136.50666666666666,0,0,0,0,0,0,1,0,0,1,0,0,0,0
83.93,14,0,0,83,1,59,0,1.0112048070939181,41.965,0,0,0,0,0,0,0,1,0,1,0,0,0,0
650.67,12,0,0,67,4,53,0,9.711492392365784,130.134,0,0,1,0,0,0,1,0,0,1,0,0,0,0
148.16,23,0,0,29,2,44,0,5.10896534107016,49.38666666666666,0,0,0,1,0,0,0,1,0,0,1,0,0,0
163.73,20,0,0,43,3,51,0,3.8076743300540854,40.9325,0,0,0,0,0,1,0,0,0,0,1,0,0,0
119.34,14,0,0,82,2,51,0,1.4553658359101729,39.78,0,0,0,0,0,1,0,0,0,1,0,0,0,0
79.94,21,0,0,88,1,56,0,0.9084090805862605,39.97,0,0,0,0,0,1,0,0,0,0,1,0,0,0
1.64,2,0,0,66,0,33,1,0.024848484471992657,1.64,0,0,0,0,0,0,0,1,0,0,0,0,1,0
315.97,5,0,0,79,2,53,1,3.9996202025364536,105.32333333333334,0,0,0,0,0,0,0,1,0,0,0,0,1,0
109.05,3,0,0,97,3,19,1,1.1242267925337444,27.2625,0,0,0,0,0,0,0,1,0,0,0,0,1,0
356.21,12,0,0,67,3,24,0,5.316567084827357,89.0525,0,0,0,0,0,1,0,0,0,1,0,0,0,0
184.89,8,0,0,29,1,46,0,6.375517021533895,92.445,0,0,0,1,0,0,0,0,1,0,0,1,0,0
196.12,4,0,0,59,2,19,1,3.3240677402700385,65.37333333333333,0,0,0,0,0,0,0,0,1,0,0,0,1,0
286.19,11,0,0,30,1,65,0,9.539666348677788,143.095,0,0,0,1,1,0,0,0,0,0,0,1,0,0
46.29,5,0,0,82,1,50,1,0.5645121882376563,23.145,0,0,0,0,0,0,0,0,1,0,0,0,1,0
243.61,11,0,0,86,4,43,0,2.8326743856665773,48.722,0,0,0,0,0,0,0,1,0,0,0,1,0,0
230.88,15,0,0,66,1,31,0,3.4981817651790643,115.44,0,0,0,0,1,0,0,0,0,1,0,0,0,0
46.13,9,0,0,29,1,51,0,1.5906896003210482,23.065,0,0,0,1,0,0,1,0,0,0,0,1,0,0
750.93,14,0,0,42,0,30,0,17.879285288588445,750.93,0,0,1,0,1,0,0,0,0,1,0,0,0,0
1042.64,6,0,0,92,1,45,0,11.333043355075617,521.32,0,0,1,0,0,0,1,0,0,0,0,1,0,0
888.87,1,0,0,35,4,50,1,25.396284988677575,177.774,0,0,1,1,0,1,0,0,0,0,0,0,1,0
157.52,4,0,0,73,2,61,1,2.157808189619066,52.50666666666667,0,0,0,0,1,0,0,0,0,0,0,0,1,0
8.43,20,0,0,73,3,40,0,0.11547945047288424,2.1075,0,0,0,0,0,0,0,0,1,0,1,0,0,0
244.48,22,0,0,32,1,34,0,7.6399997612500075,122.24,0,0,0,1,0,0,0,0,1,0,1,0,0,0
26.18,2,0,0,59,2,44,1,0.44372880603849485,8.726666666666667,0,0,0,0,0,1,0,0,0,0,0,0,1,0
209.59,8,0,0,68,2,24,0,3.0822058370263847,69.86333333333333,0,0,0,0,0,0,0,1,0,0,0,1,0,0
257.64,0,0,0,33,2,36,1,7.807272490688713,85.88,0,0,0,1,1,0,0,0,0,0,0,0,1,0
280.94,22,0,1,54,4,60,0,5.202592496248287,56.188,1,1,0,0,0,0,0,0,1,0,1,0,0,0
432.69,22,0,0,30,4,30,0,14.422999519233349,86.538,0,0,0,1,0,0,1,0,0,0,1,0,0,0
64.05,13,0,0,28,2,58,0,2.287499918303574,21.349999999999998,0,0,0,1,1,0,0,0,0,1,0,0,0,0
29.86,3,0,1,87,4,27,1,0.3432183868595588,5.9719999999999995,1,1,0,0,0,0,0,0,1,0,0,0,1,0
34.58,4,1,1,38,2,37,1,0.9099999760526323,11.526666666666666,1,2,0,1,0,0,1,0,0,0,0,0,1,1
815.36,10,0,0,60,1,30,0,13.58933310684445,407.68,0,0,1,0,0,1,0,0,0,0,0,1,0,0
259.61,10,0,0,46,2,52,0,5.64369552948488,86.53666666666668,0,0,0,0,0,1,0,0,0,0,0,1,0,0
201.92,11,0,1,81,1,51,0,2.4928394753970435,100.96,1,1,0,0,0,1,0,0,0,0,0,1,0,0
78.8,12,0,0,33,3,44,0,2.387878715518827,19.7,0,0,0,1,0,1,0,0,0,1,0,0,0,0
87.93,11,0,0,50,4,53,0,1.7585999648280009,17.586000000000002,0,0,0,0,1,0,0,0,0,0,0,1,0,0
42.28,18,0,0,39,1,57,0,1.0841025363050634,21.14,0,0,0,1,0,0,0,1,0,0,1,0,0,0
45.48,17,0,0,57,3,63,0,0.7978947228439522,11.37,0,0,0,0,0,0,1,0,0,1,0,0,0,0
44.66,10,0,0,39,1,55,0,1.1451281757659442,22.33,0,0,0,1,0,0,1,0,0,0,0,1,0,0
87.64,17,0,0,71,4,48,0,1.2343661797976595,17.528,0,0,0,0,0,0,0,0,1,1,0,0,0,0
11.41,21,0,0,70,3,22,0,0.16299999767142861,2.8525,0,0,0,0,0,1,0,0,0,0,1,0,0,0
187.47,7,0,0,95,1,67,0,1.9733684002803327,93.735,0,0,0,0,0,0,1,0,0,0,0,1,0,0
123.75,17,0,1,32,1,25,0,3.8671873791503946,61.875,1,1,0,1,0,1,0,0,0,1,0,0,0,0
120.56,19,0,0,39,3,34,0,3.091281972018411,30.14,0,0,0,1,0,0,0,0,1,0,1,0,0,0
86.62,20,0,1,41,2,57,0,2.112682875300418,28.873333333333335,1,1,0,0,0,0,0,0,1,0,1,0,0,0
773.35,21,0,0,31,0,62,0,24.94677338881376,773.35,0,0,1,1,0,0,1,0,0,0,1,0,0,0
185.79,0,0,0,72,4,68,1,2.5804166308275467,37.158,0,0,0,0,0,0,0,0,1,0,0,0,1,0
352.6,10,0,0,39,5,26,0,9.041025409204478,58.76666666666667,0,0,0,1,0,0,0,0,1,0,0,1,0,0
245.69,4,0,0,54,4,37,1,4.549814730558986,49.138,0,0,0,0,0,0,0,0,1,0,0,0,1,0
101.18,15,0,0,77,4,67,0,1.314025956960702,20.236,0,0,0,0,0,0,0,0,1,1,0,0,0,0
659.69,12,0,0,65,2,32,0,10.149076766937283,219.89666666666668,0,0,1,0,0,0,0,1,0,1,0,0,0,0
95.57,6,0,0,29,7,65,0,3.2955171277407884,11.94625,0,0,0,1,0,0,1,0,0,0,0,1,0,0
211.98,12,0,0,50,0,56,0,4.239599915208002,211.98,0,0,0,0,0,1,0,0,0,1,0,0,0,0
90.6,1,1,0,44,1,56,1,2.0590908622933894,45.3,1,1,0,0,0,0,0,1,0,0,0,0,1,0
9.61,22,0,0,45,3,63,0,0.21355555080987665,2.4025,0,0,0,0,0,0,1,0,0,0,1,0,0,0
500.18,7,0,0,86,1,36,0,5.81604644399946,250.09,0,0,1,0,0,0,0,1,0,0,0,1,0,0
309.31,15,0,0,42,3,54,0,7.364523634178009,77.3275,0,0,0,0,0,0,0,0,1,1,0,0,0,0
6.31,9,0,0,94,0,21,0,0.06712765886034405,6.31,0,0,0,0,0,0,0,1,0,0,0,1,0,0
64.19,19,0,0,83,1,46,0,0.7733734846581508,32.095,0,0,0,0,0,0,0,0,1,0,1,0,0,0
237.18,22,0,0,57,3,21,0,4.161052558578025,59.295,0,0,0,0,0,0,0,1,0,0,1,0,0,0
691.36,3,1,0,55,1,65,1,12.570181589633062,345.68,1,1,1,0,0,1,0,0,0,0,0,0,1,0
120.31,21,0,0,76,3,28,0,1.5830262949601803,30.0775,0,0,0,0,0,0,0,1,0,0,1,0,0,0
235.17,8,0,0,58,1,63,0,4.054655102505946,117.585,0,0,0,0,0,0,0,0,1,0,0,1,0,0
155.39,18,0,0,64,3,39,0,2.427968712062989,38.8475,0,0,0,0,0,1,0,0,0,0,1,0,0,0
64.63,18,0,0,77,1,26,0,0.8393506384499917,32.315,0,0,0,0,0,1,0,0,0,0,1,0,0,0
58.91,17,0,0,63,3,48,0,0.9350793502368357,14.7275,0,0,0,0,0,0,0,1,0,1,0,0,0,0
162.83,13,0,0,28,2,20,0,5.815356935165824,54.27666666666667,0,0,0,1,1,0,0,0,0,1,0,0,0,0
9.62,3,0,0,81,5,65,1,0.11876543063252554,1.6033333333333333,0,0,0,0,0,1,0,0,0,0,0,0,1,0
635.29,10,0,0,59,0,22,0,10.767626936141916,635.29,0,0,1,0,1,0,0,0,0,0,0,1,0,0
489.35,1,0,0,26,3,18,1,18.821153122263343,122.3375,0,0,0,1,0,0,0,1,0,0,0,0,1,0
151.19,15,1,0,97,5,29,0,1.5586597777457756,25.198333333333334,1,1,0,0,0,0,0,1,0,1,0,0,0,0
73.23,19,0,0,50,2,25,0,1.4645999707080006,24.41,0,0,0,0,0,0,0,1,0,0,1,0,0,0
156.19,10,0,0,92,1,18,0,1.697717372850898,78.095,0,0,0,0,0,0,0,1,0,0,0,1,0,0
40.43,11,1,0,38,5,32,0,1.0639473404224384,6.738333333333333,1,1,0,1,0,0,0,0,1,0,0,1,0,1
215.02,5,0,0,92,0,48,1,2.3371738876394144,215.02,0,0,0,0,0,0,0,0,1,0,0,0,1,0
394.37,15,1,0,80,1,63,0,4.929624938379688,197.185,1,1,0,0,1,0,0,0,0,1,0,0,0,0
119.8,20,0,0,58,4,24,0,2.0655172057669446,23.96,0,0,0,0,0,0,1,0,0,0,1,0,0,0
317.62,10,0,0,88,1,67,0,3.609318140803203,158.81,0,0,0,0,0,0,0,1,0,0,0,1,0,0
310.53,15,0,0,63,4,41,0,4.929047540808769,62.105999999999995,0,0,0,0,0,0,1,0,0,1,0,0,0,0
381.28,17,0,0,40,4,47,0,9.531999761700005,76.256,0,0,0,0,0,0,1,0,0,1,0,0,0,0
41.33,1,0,0,79,3,66,1,0.5231645503396892,10.3325,0,0,0,0,1,0,0,0,0,0,0,0,1,0
297.27,20,1,0,87,2,64,0,3.4168965124494655,99.08999999999999,1,1,0,0,0,0,0,1,0,0,1,0,0,0
268.99,1,0,0,63,4,67,1,4.269682471909802,53.798,0,0,0,0,0,1,0,0,0,0,0,0,1,0
45.07,16,0,0,25,2,42,0,1.802799927888003,15.023333333333333,0,0,0,1,0,0,1,0,0,1,0,0,0,0
92.73,15,1,1,26,3,69,0,3.566538324363911,23.1825,1,2,0,1,1,0,0,0,0,1,0,0,0,1
80.87,22,0,0,26,1,30,0,3.1103844957544426,40.435,0,0,0,1,1,0,0,0,0,0,1,0,0,0
82.42,14,0,0,67,2,23,0,1.230149235370907,27.473333333333333,0,0,0,0,0,0,0,1,0,1,0,0,0,0
79.63,6,0,0,69,4,25,0,1.154057954289015,15.925999999999998,0,0,0,0,1,0,0,0,0,0,0,1,0,0
203.32,1,0,0,45,2,32,1,4.518222121817287,67.77333333333333,0,0,0,0,1,0,0,0,0,0,0,0,1,0
163.89,14,0,0,85,0,19,0,1.9281176243750866,163.89,0,0,0,0,0,0,1,0,0,1,0,0,0,0
119.05,6,0,0,85,1,56,0,1.4005882188166092,59.525,0,0,0,0,0,0,0,1,0,0,0,1,0,0
25.14,11,0,0,44,1,25,0,0.5713636233780995,12.57,0,0,0,0,0,0,1,0,0,0,0,1,0,0
281.03,20,0,0,31,4,25,0,9.065483578532787,56.205999999999996,0,0,0,1,1,0,0,0,0,0,1,0,0,0
41.29,19,0,0,94,6,40,0,0.4392553144760073,5.898571428571429,0,0,0,0,0,0,1,0,0,0,1,0,0,0
1.53,23,0,0,49,1,62,0,0.031224489158683897,0.765,0,0,0,0,0,1,0,0,0,0,1,0,0,0
239.92,20,0,0,49,2,69,0,4.896326430687216,79.97333333333333,0,0,0,0,1,0,0,0,0,0,1,0,0,0
165.8,17,0,0,91,1,55,0,1.821978001956286,82.9,0,0,0,0,1,0,0,0,0,1,0,0,0,0
55.32,6,0,0,58,2,40,0,0.9537930870035675,18.44,0,0,0,0,1,0,0,0,0,0,0,1,0,0
125.87,11,0,0,98,2,37,0,1.2843877419960434,41.95666666666667,0,0,0,0,1,0,0,0,0,0,0,1,0,0
474.53,8,0,0,98,1,52,0,4.842142807733237,237.265,0,0,0,0,0,1,0,0,0,0,0,1,0,0
490.45,10,0,0,58,1,43,0,8.456034336964926,245.225,0,0,0,0,0,0,0,0,1,0,0,1,0,0
864.87,20,0,0,87,2,50,0,9.941034368493858,288.29,0,0,1,0,0,0,0,1,0,0,1,0,0,0
125.93,0,0,0,50,3,47,1,2.518599949628001,31.4825,0,0,0,0,0,1,0,0,0,0,0,0,1,0
237.22,22,0,0,81,0,63,0,2.928641939152569,237.22,0,0,0,0,1,0,0,0,0,0,1,0,0,0
85.96,2,0,0,30,1,62,1,2.865333237822225,42.98,0,0,0,1,0,0,1,0,0,0,0,0,1,0
84.74,15,0,0,69,1,59,0,1.228115924230204,42.37,0,0,0,0,1,0,0,0,0,1,0,0,0,0
73.22,5,0,0,94,1,58,1,0.7789361619262111,36.61,0,0,0,0,0,0,1,0,0,0,0,0,1,0
413.77,15,0,0,68,3,32,0,6.0848528516933404,103.4425,0,0,0,0,0,0,0,1,0,1,0,0,0,0
70.8,8,1,0,54,3,39,0,1.311111086831276,17.7,1,1,0,0,0,1,0,0,0,0,0,1,0,0
177.41,17,0,0,28,3,27,0,6.336071202283171,44.3525,0,0,0,1,0,0,1,0,0,1,0,0,0,0
50.53,3,0,0,74,3,64,1,0.6828378286102996,12.6325,0,0,0,0,0,0,1,0,0,0,0,0,1,0
95.16,11,0,0,91,4,30,0,1.04571427422292,19.032,0,0,0,0,0,0,0,1,0,0,0,1,0,0
54.16,7,0,0,47,2,21,0,1.152340401014034,18.05333333333333,0,0,0,0,0,0,0,1,0,0,0,1,0,0
264.54,20,0,0,40,1,49,0,6.613499834662505,132.27,0,0,0,0,0,0,0,0,1,0,1,0,0,0
40.37,10,0,0,91,2,24,0,0.4436263687513586,13.456666666666665,0,0,0,0,0,1,0,0,0,0,0,1,0,0
32.78,20,0,1,99,2,53,0,0.3311111077665545,10.926666666666668,1,1,0,0,0,0,0,1,0,0,1,0,0,0
340.55,4,0,0,44,0,27,1,7.739772551368806,340.55,0,0,0,0,0,0,0,0,1,0,0,0,1,0
275.82,13,0,0,89,0,66,0,3.099101088774145,275.82,0,0,0,0,0,1,0,0,0,1,0,0,0,0
84.15,12,0,0,89,0,24,0,0.9455056073538697,84.15,0,0,0,0,0,0,0,0,1,1,0,0,0,0
351.57,0,0,0,68,2,27,1,5.170146982791956,117.19,0,0,0,0,0,1,0,0,0,0,0,0,1,0
13.17,7,0,0,79,3,38,0,0.16670885864925497,3.2925,0,0,0,0,0,0,0,0,1,0,0,1,0,0
20.06,11,0,0,95,2,38,0,0.21115789251412745,6.6866666666666665,0,0,0,0,0,0,1,0,0,0,0,1,0,0
43.24,23,0,1,99,1,62,0,0.43676767235588215,21.62,1,1,0,0,0,0,0,1,0,0,1,0,0,0
15.69,6,0,0,77,1,26,0,0.20376623111991907,7.845,0,0,0,0,1,0,0,0,0,0,0,1,0,0
58.82,16,0,0,84,5,38,0,0.7002380869019276,9.803333333333333,0,0,0,0,1,0,0,0,0,1,0,0,0,0
427.91,2,0,0,34,1,21,1,12.58558786512977,213.955,0,0,0,1,0,0,0,1,0,0,0,0,1,0
6.89,23,0,1,43,3,35,0,0.16023255441319642,1.7225,1,1,0,0,0,0,0,1,0,0,1,0,0,0
443.19,4,0,0,80,1,31,1,5.539874930751563,221.595,0,0,0,0,0,0,1,0,0,0,0,0,1,0
291.76,10,0,0,71,1,32,0,4.109295716770482,145.88,0,0,0,0,0,0,0,1,0,0,0,1,0,0
159.93,13,0,0,60,1,41,0,2.665499955575001,79.965,0,0,0,0,0,0,1,0,0,1,0,0,0,0
121.31,1,1,0,70,3,62,1,1.7329999752428575,30.3275,1,1,0,0,0,0,1,0,0,0,0,0,1,0
335.84,9,0,0,71,2,68,0,4.730140778448721,111.94666666666666,0,0,0,0,0,0,0,1,0,0,0,1,0,0
328.74,7,0,0,52,1,63,0,6.321922955347636,164.37,0,0,0,0,0,0,0,0,1,0,0,1,0,0
36.56,18,0,0,71,1,39,0,0.5149295702122596,18.28,0,0,0,0,0,0,1,0,0,0,1,0,0,0
4.71,15,0,0,74,4,50,0,0.06364864778853178,0.942,0,0,0,0,0,1,0,0,0,1,0,0,0,0
13.5,6,0,0,90,7,36,0,0.14999999833333336,1.6875,0,0,0,0,0,0,0,1,0,0,0,1,0,0
81.69,0,0,0,48,2,39,1,1.7018749645442717,27.23,0,0,0,0,0,0,1,0,0,0,0,0,1,0
397.17,5,0,0,45,2,64,1,8.825999803866672,132.39000000000001,0,0,0,0,0,0,1,0,0,0,0,0,1,0
105.22,5,0,0,80,1,45,1,1.3152499835593752,52.61,0,0,0,0,0,0,1,0,0,0,0,0,1,0
30.37,8,0,0,97,1,37,0,0.313092780277394,15.185,0,0,0,0,1,0,0,0,0,0,0,1,0,0
130.18,9,0,0,79,1,40,0,1.6478480804069864,65.09,0,0,0,0,0,0,0,0,1,0,0,1,0,0
29.79,5,0,0,67,1,34,1,0.44462685903542004,14.895,0,0,0,0,0,0,0,0,1,0,0,0,1,0
222.39,14,0,0,92,2,38,0,2.4172825824208415,74.13,0,0,0,0,0,0,0,0,1,1,0,0,0,0
276.58,17,0,0,55,2,40,0,5.028727181295869,92.19333333333333,0,0,0,0,0,0,0,1,0,1,0,0,0,0
42.46,1,0,0,50,1,50,1,0.8491999830160004,21.23,0,0,0,0,0,1,0,0,0,0,0,0,1,0
151.21,12,0,0,97,2,22,0,1.5588659633106603,50.403333333333336,0,0,0,0,0,1,0,0,0,1,0,0,0,0
428.71,18,0,0,58,3,22,0,7.391551596697386,107.1775,0,0,0,0,1,0,0,0,0,0,1,0,0,0
7.28,5,0,0,65,1,24,1,0.11199999827692311,3.64,0,0,0,0,0,0,1,0,0,0,0,0,1,0
147.73,23,0,0,55,1,62,0,2.685999951163637,73.865,0,0,0,0,0,0,1,0,0,0,1,0,0,0
166.2,13,0,0,41,5,33,0,4.053658437715648,27.7,0,0,0,0,1,0,0,0,0,1,0,0,0,0
91.11,16,0,0,69,0,65,0,1.32043476347196,91.11,0,0,0,0,0,1,0,0,0,1,0,0,0,0
129.97,5,0,0,46,1,18,1,2.825434721186202,64.985,0,0,0,0,1,0,0,0,0,0,0,0,1,0
310.51,7,0,0,36,1,19,0,8.625277538186735,155.255,0,0,0,1,0,0,0,1,0,0,0,1,0,0
647.29,5,0,0,64,2,55,1,10.113906091970216,215.76333333333332,0,0,1,0,1,0,0,0,0,0,0,0,1,0
179.41,6,1,0,52,4,33,0,3.450192241342457,35.882,1,1,0,0,0,0,0,1,0,0,0,1,0,0
24.94,8,0,0,72,1,34,0,0.34638888407793217,12.47,0,0,0,0,0,0,1,0,0,0,0,1,0,0
136.85,18,0,0,69,3,57,0,1.9833333045893724,34.2125,0,0,0,0,0,1,0,0,0,0,1,0,0,0
356.55,10,0,0,73,3,21,0,4.8842465084349795,89.1375,0,0,0,0,0,0,0,1,0,0,0,1,0,0
92.51,5,0,0,94,2,65,1,0.9841489257005435,30.83666666666667,0,0,0,0,0,1,0,0,0,0,0,0,1,0
61.02,15,0,1,54,2,44,0,1.1299999790740747,20.34,1,1,0,0,0,1,0,0,0,1,0,0,0,0
134.91,9,0,0,60,0,42,0,2.248499962525001,134.91,0,0,0,0,0,0,0,0,1,0,0,1,0,0
94.86,20,0,0,49,3,48,0,1.9359183278384016,23.715,0,0,0,0,0,0,1,0,0,0,1,0,0,0
39.1,15,1,0,85,5,66,0,0.4599999945882354,6.516666666666667,1,1,0,0,0,0,0,0,1,1,0,0,0,0
7.04,18,0,0,76,2,67,0,0.09263157772853188,2.3466666666666667,0,0,0,0,1,0,0,0,0,0,1,0,0,0
125.56,22,0,0,95,2,38,0,1.3216841966138506,41.85333333333333,0,0,0,0,0,1,0,0,0,0,1,0,0,0
7.31,10,0,0,28,1,34,0,0.2610714192474493,3.655,0,0,0,1,1,0,0,0,0,0,0,1,0,0
89.9,21,0,0,89,1,48,0,1.010112348200985,44.95,0,0,0,0,0,1,0,0,0,0,1,0,0,0
14.06,17,0,0,82,3,34,0,0.17146341254312913,3.515,0,0,0,0,1,0,0,0,0,1,0,0,0,0
126.87,0,0,0,98,5,69,1,1.2945918235245732,21.145,0,0,0,0,0,1,0,0,0,0,0,0,1,0
22.27,19,0,1,97,3,57,0,0.22958762649909664,5.5675,1,1,0,0,0,1,0,0,0,0,1,0,0,0
78.88,5,0,0,75,1,40,1,1.0517333193102223,39.44,0,0,0,0,0,1,0,0,0,0,0,0,1,0
133.35,4,0,0,93,4,37,1,1.4338709523239683,26.669999999999998,0,0,0,0,0,0,0,1,0,0,0,0,1,0
14.27,7,0,1,78,2,25,0,0.1829487156032216,4.756666666666667,1,1,0,0,0,1,0,0,0,0,0,1,0,0
154.92,14,0,0,77,2,18,0,2.0119480258188567,51.63999999999999,0,0,0,0,0,0,0,0,1,1,0,0,0,0
69.87,13,0,1,41,3,40,0,1.704146299898871,17.4675,1,1,0,0,0,0,1,0,0,1,0,0,0,0
179.64,5,0,0,54,5,21,1,3.3266666050617295,29.939999999999998,0,0,0,0,0,0,1,0,0,0,0,0,1,0
95.84,12,0,0,77,0,62,0,1.2446753085107103,95.84,0,0,0,0,0,0,0,1,0,1,0,0,0,0
213.83,7,0,0,58,3,35,0,3.686724074366827,53.4575,0,0,0,0,1,0,0,0,0,0,0,1,0,0
169.67,4,0,0,97,0,18,1,1.7491752396992242,169.67,0,0,0,0,0,0,1,0,0,0,0,0,1,0
140.08,17,0,0,57,1,25,0,2.4575438165343195,70.04,0,0,0,0,0,0,0,0,1,1,0,0,0,0
101.57,13,0,0,80,4,19,0,1.2696249841296876,20.314,0,0,0,0,0,0,1,0,0,1,0,0,0,0
247.72,21,0,0,48,5,25,0,5.160833225815975,41.28666666666667,0,0,0,0,0,0,1,0,0,0,1,0,0,0
169.49,13,1,0,46,3,56,0,3.6845651372920627,42.3725,1,1,0,0,0,0,0,1,0,1,0,0,0,0
19.24,1,0,0,72,2,50,1,0.2672222185108025,6.413333333333333,0,0,0,0,0,0,0,0,1,0,0,0,1,0
25.99,13,1,0,42,3,65,0,0.6188095090759641,6.4975,1,1,0,0,0,0,0,1,0,1,0,0,0,0
228.79,2,0,0,26,3,26,1,8.799615046168652,57.1975,0,0,0,1,0,0,0,0,1,0,0,0,1,0
318.58,0,0,0,75,1,32,1,4.24773327669689,159.29,0,0,0,0,0,0,0,0,1,0,0,0,1,0
260.91,17,0,0,57,2,35,0,4.577368340747925,86.97000000000001,0,0,0,0,0,1,0,0,0,1,0,0,0,0
11.56,17,1,0,47,1,65,0,0.2459574415753736,5.78,1,1,0,0,0,1,0,0,0,1,0,0,0,0
109.36,3,1,0,58,2,66,1,1.885517208870393,36.45333333333333,1,1,0,0,0,0,0,1,0,0,0,0,1,0
208.56,19,0,0,33,0,47,0,6.319999808484855,208.56,0,0,0,1,0,0,1,0,0,0,1,0,0,0
464.8,23,0,0,71,2,31,0,6.5464787810355105,154.93333333333334,0,0,0,0,1,0,0,0,0,0,1,0,0,0
162.36,7,1,0,95,3,29,0,1.7090526135889201,40.59,1,1,0,0,0,1,0,0,0,0,0,1,0,0
314.84,1,0,0,83,2,42,1,3.7932529663463495,104.94666666666666,0,0,0,0,0,0,0,1,0,0,0,0,1,0
126.85,14,0,0,70,0,55,0,1.8121428312551024,126.85,0,0,0,0,0,0,0,0,1,1,0,0,0,0
93.05,16,0,0,84,3,39,0,1.1077380820507372,23.2625,0,0,0,0,0,0,0,0,1,1,0,0,0,0
32.11,17,0,0,79,3,68,0,0.4064556910575229,8.0275,0,0,0,0,0,1,0,0,0,1,0,0,0,0
552.81,12,0,0,51,4,30,0,10.8394115521684,110.56199999999998,0,0,1,0,0,1,0,0,0,1,0,0,0,0
250.21,12,0,0,62,4,33,0,4.035645096199273,50.042,0,0,0,0,0,0,1,0,0,1,0,0,0,0
95.2,14,0,0,87,3,34,0,1.0942528609855993,23.8,0,0,0,0,0,1,0,0,0,1,0,0,0,0
79.98,14,1,0,86,0,59,0,0.9299999891860468,79.98,1,1,0,0,0,1,0,0,0,1,0,0,0,0
39.22,18,0,0,40,3,25,0,0.9804999754875007,9.805,0,0,0,0,0,0,0,1,0,0,1,0,0,0
70.38,9,0,0,44,1,47,0,1.5995454181921496,35.19,0,0,0,0,1,0,0,0,0,0,0,1,0,0
170.68,13,0,0,66,1,35,0,2.5860605668778702,85.34,0,0,0,0,0,0,1,0,0,1,0,0,0,0
2.31,0,0,0,45,2,39,1,0.051333332192592625,0.77,0,0,0,0,0,0,1,0,0,0,0,0,1,0
163.78,23,0,0,94,3,26,0,1.7423404069963786,40.945,0,0,0,0,0,0,0,1,0,0,1,0,0,0
96.84,17,0,0,93,0,51,0,1.0412903113839753,96.84,0,0,0,0,0,0,0,1,0,1,0,0,0,0
650.45,15,0,0,59,3,23,0,11.02457608432922,162.6125,0,0,1,0,0,0,0,1,0,1,0,0,0,0
128.93,1,0,0,66,3,57,1,1.9534848188865939,32.2325,0,0,0,0,0,0,0,1,0,0,0,0,1,0
388.64,0,1,0,94,2,42,1,4.13446804112268,129.54666666666665,1,1,0,0,0,1,0,0,0,0,0,0,1,0
12.23,13,0,0,40,3,69,0,0.3057499923562502,3.0575,0,0,0,0,0,0,0,0,1,1,0,0,0,0
110.56,11,0,0,79,5,23,0,1.3994936531709665,18.426666666666666,0,0,0,0,0,0,1,0,0,0,0,1,0,0
10.69,6,1,0,65,2,27,0,0.16446153593136098,3.563333333333333,1,1,0,0,0,0,0,0,1,0,0,1,0,0
679.06,4,0,0,56,4,52,1,12.126071212034443,135.81199999999998,0,0,1,0,0,1,0,0,0,0,0,0,1,0
139.0,8,0,0,83,0,40,0,1.6746987750036293,139.0,0,0,0,0,0,0,0,0,1,0,0,1,0,0
15.01,3,0,0,55,0,47,1,0.27290908594710755,15.01,0,0,0,0,0,0,0,0,1,0,0,0,1,0
388.66,15,0,0,30,3,57,0,12.955332901488903,97.165,0,0,0,1,0,0,0,0,1,1,0,0,0,0
146.5,16,0,0,63,0,69,0,2.325396788485765,146.5,0,0,0,0,1,0,0,0,0,1,0,0,0,0
71.26,16,0,0,35,1,46,0,2.0359999418285732,35.63,0,0,0,1,1,0,0,0,0,1,0,0,0,0
59.36,7,0,0,97,1,50,0,0.6119587565777448,29.68,0,0,0,0,0,0,1,0,0,0,0,1,0,0
191.99,14,0,0,99,0,61,0,1.939292909704112,191.99,0,0,0,0,0,0,1,0,0,1,0,0,0,0
140.21,8,0,0,57,3,66,0,2.459824518248693,35.0525,0,0,0,0,1,0,0,0,0,0,0,1,0,0
321.26,4,0,0,97,3,54,1,3.3119587287426935,80.315,0,0,0,0,0,0,1,0,0,0,0,0,1,0
21.12,13,0,0,91,0,51,0,0.23208790953749553,21.12,0,0,0,0,0,0,0,0,1,1,0,0,0,0
240.05,1,0,0,29,4,18,1,8.277585921462554,48.010000000000005,0,0,0,1,1,0,0,0,0,0,0,0,1,0
32.03,8,0,1,37,0,41,0,0.8656756522790365,32.03,1,1,0,1,0,0,1,0,0,0,0,1,0,0
325.4,18,0,0,53,0,29,0,6.139622525667499,325.4,0,0,0,0,0,0,0,1,0,0,1,0,0,0
71.28,19,0,0,91,4,31,0,0.7832966946890474,14.256,0,0,0,0,0,0,0,0,1,0,1,0,0,0
152.48,19,0,0,65,3,50,0,2.3458461177562135,38.12,0,0,0,0,0,0,1,0,0,0,1,0,0,0
70.9,1,0,0,89,0,40,1,0.7966292045322562,70.9,0,0,0,0,0,1,0,0,0,0,0,0,1,0
69.44,15,0,1,46,2,50,0,1.50956518457467,23.146666666666665,1,1,0,0,1,0,0,0,0,1,0,0,0,0
209.04,14,0,0,44,2,55,0,4.750908982933887,69.67999999999999,0,0,0,0,0,1,0,0,0,1,0,0,0,0
322.08,13,0,0,25,3,65,0,12.88319948467202,80.52,0,0,0,1,0,1,0,0,0,1,0,0,0,0
490.44,21,0,0,84,2,49,0,5.838571359064627,163.48,0,0,0,0,0,1,0,0,0,0,1,0,0,0
121.42,13,0,0,26,3,19,0,4.669999820384622,30.355,0,0,0,1,0,0,1,0,0,1,0,0,0,0
375.58,23,0,1,71,3,50,0,5.28985908042452,93.895,1,1,0,0,0,0,1,0,0,0,1,0,0,0
424.31,6,0,0,66,3,18,0,6.428939296531223,106.0775,0,0,0,0,0,0,0,1,0,0,0,1,0,0
8.89,5,0,0,94,2,57,1,0.09457446707899504,2.9633333333333334,0,0,0,0,0,1,0,0,0,0,0,0,1,0
59.64,8,0,0,64,0,63,0,0.9318749854394534,59.64,0,0,0,0,0,0,0,0,1,0,0,1,0,0
391.03,22,0,0,52,1,63,0,7.519807547696009,195.515,0,0,0,0,0,0,0,1,0,0,1,0,0,0
225.29,19,0,0,83,3,49,0,2.7143373166947313,56.3225,0,0,0,0,1,0,0,0,0,0,1,0,0,0
421.78,0,0,1,95,2,31,1,4.439789426949585,140.59333333333333,1,1,0,0,0,0,1,0,0,0,0,0,1,0
158.55,1,0,0,55,1,22,1,2.882727220314051,79.275,0,0,0,0,0,1,0,0,0,0,0,0,1,0
25.6,4,0,0,76,0,32,1,0.336842100831025,25.6,0,0,0,0,0,0,0,0,1,0,0,0,1,0
28.85,10,1,0,65,3,44,0,0.4438461470177516,7.2125,1,1,0,0,0,1,0,0,0,0,0,1,0,0
104.18,17,0,0,76,1,39,0,1.3707894556475073,52.09,0,0,0,0,1,0,0,0,0,1,0,0,0,0
703.9,0,0,0,62,3,57,1,11.35322562333507,175.975,0,0,1,0,0,0,1,0,0,0,0,0,1,0
112.15,11,0,0,70,2,62,0,1.6021428342551025,37.38333333333333,0,0,0,0,1,0,0,0,0,0,0,1,0,0
88.54,19,1,0,29,2,27,0,3.0531033429964367,29.513333333333335,1,1,0,1,0,0,0,0,1,0,1,0,0,0
138.46,7,0,0,27,1,51,0,5.128147958216743,69.23,0,0,0,1,0,0,0,1,0,0,0,1,0,0
30.28,0,0,0,93,1,56,1,0.32559139434847967,15.14,0,0,0,0,0,1,0,0,0,0,0,0,1,0
304.46,3,0,0,45,1,60,1,6.7657776274271635,152.23,0,0,0,0,0,0,1,0,0,0,0,0,1,0
109.18,6,0,0,87,2,52,0,1.2549425143110058,36.39333333333334,0,0,0,0,0,0,0,1,0,0,0,1,0,0
173.34,10,1,0,69,2,64,0,2.5121738766351616,57.78,1,1,0,0,0,0,1,0,0,0,0,1,0,0
691.2,11,0,0,65,1,25,0,10.633845990248524,345.6,0,0,1,0,0,0,1,0,0,0,0,1,0,0
256.03,9,0,0,90,2,26,0,2.844777746169136,85.34333333333332,0,0,0,0,0,0,0,1,0,0,0,1,0,0
176.88,2,0,0,80,2,62,1,2.2109999723625005,58.96,0,0,0,0,0,1,0,0,0,0,0,0,1,0
127.88,22,0,0,74,2,24,0,1.728108084755296,42.626666666666665,0,0,0,0,1,0,0,0,0,0,1,0,0,0
128.22,2,0,0,85,2,19,1,1.5084705704885815,42.74,0,0,0,0,0,0,1,0,0,0,0,0,1,0
6.47,0,1,0,86,3,55,1,0.07523255726473771,1.6175,1,1,0,0,0,0,1,0,0,0,0,0,1,0
134.79,7,0,0,89,3,61,0,1.5144943650056812,33.6975,0,0,0,0,1,0,0,0,0,0,0,1,0,0
510.86,19,0,0,33,2,45,0,15.480605591496802,170.28666666666666,0,0,1,1,0,0,1,0,0,0,1,0,0,0
55.43,15,0,1,40,3,30,0,1.385749965356251,13.8575,1,1,0,0,0,0,0,0,1,1,0,0,0,0
143.28,4,0,0,52,1,32,1,2.755384562396451,71.64,0,0,0,0,0,1,0,0,0,0,0,0,1,0
129.46,17,0,0,27,3,66,0,4.794814637229088,32.365,0,0,0,1,0,0,0,0,1,1,0,0,0,0
475.76,11,0,0,63,4,19,0,7.551745911877049,95.152,0,0,0,0,0,0,0,1,0,0,0,1,0,0
83.21,16,0,0,34,1,64,0,2.447352869195504,41.605,0,0,0,1,1,0,0,0,0,1,0,0,0,0
134.41,17,0,0,85,2,19,0,1.5812940990435989,44.803333333333335,0,0,0,0,0,1,0,0,0,1,0,0,0,0
75.22,12,0,0,34,4,57,0,2.2123528761072686,15.044,0,0,0,1,0,0,0,1,0,1,0,0,0,0
107.4,4,0,0,67,2,40,1,1.6029850507017158,35.800000000000004,0,0,0,0,0,0,1,0,0,0,0,0,1,0
37.27,8,0,0,76,3,51,0,0.49039473038954307,9.3175,0,0,0,0,0,0,0,0,1,0,0,1,0,0
93.46,3,0,0,53,2,42,1,1.763396193143468,31.153333333333332,0,0,0,0,1,0,0,0,0,0,0,0,1,0
1.09,4,0,0,43,3,60,1,0.0253488366197945,0.2725,0,0,0,0,0,0,0,1,0,0,0,0,1,0
1.28,14,0,1,25,5,63,0,0.05119999795200008,0.21333333333333335,1,1,0,1,0,0,0,0,1,1,0,0,0,1
312.32,19,0,0,27,4,63,0,11.567406978984925,62.464,0,0,0,1,0,0,0,0,1,0,1,0,0,0
261.83,10,0,0,80,0,51,0,3.272874959089063,261.83,0,0,0,0,1,0,0,0,0,0,0,1,0,0
236.67,10,0,1,38,0,66,0,6.228157730837954,236.67,1,1,0,1,1,0,0,0,0,0,0,1,0,0
240.28,17,0,0,74,1,50,0,3.247026983148284,120.14,0,0,0,0,0,0,0,1,0,1,0,0,0,0
406.84,21,0,0,76,3,34,0,5.353157824300554,101.71,0,0,0,0,0,1,0,0,0,0,1,0,0,0
250.75,5,0,0,43,2,51,1,5.8313952132233675,83.58333333333333,0,0,0,0,0,1,0,0,0,0,0,0,1,0
40.0,17,0,0,27,3,60,0,1.481481426611799,10.0,0,0,0,1,0,1,0,0,0,1,0,0,0,0
126.59,21,0,0,70,0,69,0,1.808428545593878,126.59,0,0,0,0,0,1,0,0,0,0,1,0,0,0
83.74,1,0,0,83,4,19,1,1.008915650494992,16.747999999999998,0,0,0,0,0,0,0,0,1,0,0,0,1,0
192.67,16,0,0,97,1,28,0,1.986288639316612,96.335,0,0,0,0,0,0,0,1,0,1,0,0,0,0
67.26,8,0,0,84,4,62,0,0.800714276181973,13.452000000000002,0,0,0,0,0,0,1,0,0,0,0,1,0,0
133.88,8,0,0,49,2,37,0,2.732244842199085,44.626666666666665,0,0,0,0,1,0,0,0,0,0,0,1,0,0
157.55,8,1,0,99,2,24,0,1.5914141253392513,52.51666666666667,1,1,0,0,0,1,0,0,0,0,0,1,0,0
367.97,6,0,0,42,0,26,0,8.76119026759071,367.97,0,0,0,0,0,0,0,0,1,0,0,1,0,0
16.15,6,0,0,35,3,52,0,0.4614285582448983,4.0375,0,0,0,1,0,0,0,1,0,0,0,1,0,0
728.42,20,0,0,93,1,33,0,7.832473034059429,364.21,0,0,1,0,0,1,0,0,0,0,1,0,0,0
189.12,9,0,1,67,3,64,0,2.8226865250345297,47.28,1,1,0,0,1,0,0,0,0,0,0,1,0,0
598.45,14,0,0,93,5,21,0,6.434946167366171,99.74166666666667,0,0,1,0,0,1,0,0,0,1,0,0,0,0
240.81,3,0,0,92,3,47,1,2.6174999715489133,60.2025,0,0,0,0,1,0,0,0,0,0,0,0,1,0
91.03,17,0,0,37,0,46,0,2.460270203776481,91.03,0,0,0,1,0,1,0,0,0,1,0,0,0,0
456.37,18,0,0,51,0,51,0,8.948431197089585,456.37,0,0,0,0,0,0,0,1,0,0,1,0,0,0
119.76,17,0,0,76,3,25,0,1.5757894529501388,29.94,0,0,0,0,0,1,0,0,0,1,0,0,0,0
899.81,19,1,0,25,3,43,0,35.99239856030405,224.9525,1,1,1,1,0,0,1,0,0,0,1,0,0,0
255.56,0,0,0,59,1,52,1,4.33152535031313,127.78,0,0,0,0,0,0,0,1,0,0,0,0,1,0
564.77,14,0,0,52,4,62,0,10.860961329596897,112.954,0,0,1,0,1,0,0,0,0,1,0,0,0,0
109.31,14,0,0,36,1,49,0,3.036388804544756,54.655,0,0,0,1,0,0,1,0,0,1,0,0,0,0
32.16,5,0,0,33,3,26,1,0.974545425013775,8.04,0,0,0,1,0,0,0,1,0,0,0,0,1,0
148.87,20,0,1,79,2,53,0,1.8844303558932867,49.623333333333335,1,1,0,0,0,0,1,0,0,0,1,0,0,0
111.43,12,0,1,42,2,20,0,2.653095174926306,37.14333333333334,1,1,0,0,1,0,0,0,0,1,0,0,0,0
179.09,5,0,0,68,3,65,1,2.6336764318576997,44.7725,0,0,0,0,1,0,0,0,0,0,0,0,1,0
195.13,9,0,0,81,3,56,0,2.4090123159381194,48.7825,0,0,0,0,1,0,0,0,0,0,0,1,0,0
797.98,16,0,0,47,1,57,0,16.978297511100056,398.99,0,0,1,0,0,1,0,0,0,1,0,0,0,0
83.3,16,1,0,82,1,56,0,1.0158536461481262,41.65,1,1,0,0,0,1,0,0,0,1,0,0,0,0
48.67,23,0,0,97,1,20,0,0.5017525721468807,24.335,0,0,0,0,0,0,0,1,0,0,1,0,0,0
109.04,8,0,0,55,1,25,0,1.9825454184991744,54.52,0,0,0,0,1,0,0,0,0,0,0,1,0,0
587.51,12,0,0,35,2,24,0,16.785999520400015,195.83666666666667,0,0,1,1,0,0,0,1,0,1,0,0,0,0
50.92,17,0,0,58,4,60,0,0.877931019346017,10.184000000000001,0,0,0,0,0,1,0,0,0,1,0,0,0,0
193.93,7,0,0,55,3,30,0,3.5259999358909107,48.4825,0,0,0,0,0,0,1,0,0,0,0,1,0,0
468.15,12,0,0,44,1,37,0,10.639772485459716,234.075,0,0,0,0,0,0,0,0,1,1,0,0,0,0
272.42,14,0,0,70,4,49,0,3.8917142301183687,54.484,0,0,0,0,0,1,0,0,0,1,0,0,0,0
16.58,4,0,0,56,2,62,1,0.29607142328443886,5.526666666666666,0,0,0,0,0,0,0,0,1,0,0,0,1,0
231.36,11,0,0,96,2,42,0,2.409999974895834,77.12,0,0,0,0,1,0,0,0,0,0,0,1,0,0
4.32,21,0,0,25,1,52,0,0.1727999930880003,2.16,0,0,0,1,0,1,0,0,0,0,1,0,0,0
23.11,14,0,0,64,1,34,0,0.36109374435791025,11.555,0,0,0,0,0,0,0,1,0,1,0,0,0,0
18.58,3,0,1,62,1,58,1,0.299677414521332,9.29,1,1,0,0,0,0,0,0,1,0,0,0,1,0
51.11,9,0,0,30,1,45,0,1.7036666098777795,25.555,0,0,0,1,1,0,0,0,0,0,0,1,0,0
653.43,21,1,0,32,3,30,0,20.419686861884784,163.3575,1,1,1,1,0,1,0,0,0,0,1,0,0,0
57.41,3,0,1,26,1,18,1,2.2080768381508906,28.705,1,1,0,1,0,0,0,1,0,0,0,0,1,1
196.88,13,0,0,40,4,22,0,4.921999876950003,39.376,0,0,0,0,0,0,1,0,0,1,0,0,0,0
32.17,13,0,0,60,4,48,0,0.5361666577305557,6.434,0,0,0,0,0,1,0,0,0,1,0,0,0,0
373.96,9,0,0,72,2,53,0,5.193888816751544,124.65333333333332,0,0,0,0,0,0,1,0,0,0,0,1,0,0
18.49,11,0,0,81,2,59,0,0.22827160212010367,6.163333333333333,0,0,0,0,0,0,0,0,1,0,0,1,0,0
26.24,5,0,0,41,0,33,1,0.6399999843902443,26.24,0,0,0,0,0,1,0,0,0,0,0,0,1,0
154.79,12,0,0,68,2,61,0,2.276323495936419,51.596666666666664,0,0,0,0,1,0,0,0,0,1,0,0,0,0
325.55,21,0,0,95,4,57,0,3.4268420691911365,65.11,0,0,0,0,1,0,0,0,0,0,1,0,0,0
395.87,13,0,0,76,4,44,0,5.208815720936635,79.174,0,0,0,0,0,1,0,0,0,1,0,0,0,0
80.95,15,0,1,57,3,57,0,1.4201754136811333,20.2375,1,1,0,0,0,0,0,0,1,1,0,0,0,0
25.54,2,0,0,27,1,57,1,0.9459258908916336,12.77,0,0,0,1,0,1,0,0,0,0,0,0,1,0
209.3,15,0,0,91,2,44,0,2.2999999747252753,69.76666666666667,0,0,0,0,1,0,0,0,0,1,0,0,0,0
239.2,4,0,1,93,4,18,1,2.572042983096312,47.839999999999996,1,1,0,0,1,0,0,0,0,0,0,0,1,0
175.67,15,0,0,49,0,28,0,3.58510196765098,175.67,0,0,0,0,1,0,0,0,0,1,0,0,0,0
301.78,14,0,0,56,2,29,0,5.388928475197705,100.59333333333332,0,0,0,0,0,0,1,0,0,1,0,0,0,0
401.49,13,0,0,29,1,26,0,13.84448228122475,200.745,0,0,0,1,1,0,0,0,0,1,0,0,0,0
189.14,12,0,0,26,1,35,0,7.274615104822495,94.57,0,0,0,1,0,0,1,0,0,1,0,0,0,0
268.4,4,0,0,88,2,67,1,3.049999965340909,89.46666666666665,0,0,0,0,1,0,0,0,0,0,0,0,1,0
72.33,8,1,0,52,1,69,0,1.3909615117122787,36.165,1,1,0,0,0,0,0,0,1,0,0,1,0,0
236.11,3,1,0,49,0,22,1,4.8185713302332385,236.11,1,1,0,0,0,0,0,0,1,0,0,0,1,0
214.12,2,0,0,43,1,59,1,4.979534767917796,107.06,0,0,0,0,1,0,0,0,0,0,0,0,1,0
66.65,5,0,0,52,3,42,1,1.2817307445821013,16.6625,0,0,0,0,0,0,0,1,0,0,0,0,1,0
135.92,1,0,1,57,2,59,1,2.384561361674362,45.306666666666665,1,1,0,0,0,0,0,0,1,0,0,0,1,0
22.41,2,0,0,78,2,44,1,0.2873076886242604,7.47,0,0,0,0,0,0,0,0,1,0,0,0,1,0
39.08,4,0,0,64,3,67,1,0.6106249904589846,9.77,0,0,0,0,0,1,0,0,0,0,0,0,1,0
192.79,16,0,0,66,2,33,0,2.9210605618021126,64.26333333333334,0,0,0,0,0,1,0,0,0,1,0,0,0,0
279.35,4,0,0,58,4,34,1,4.816379227303807,55.870000000000005,0,0,0,0,0,0,0,0,1,0,0,0,1,0
39.8,4,0,0,25,1,39,1,1.5919999363200024,19.9,0,0,0,1,1,0,0,0,0,0,0,0,1,0
502.22,13,0,0,76,5,65,0,6.608157807787398,83.70333333333333,0,0,1,0,0,1,0,0,0,1,0,0,0,0
630.65,13,0,0,65,3,52,0,9.702307543041423,157.6625,0,0,1,0,0,0,1,0,0,1,0,0,0,0
214.02,13,1,0,37,2,54,0,5.784324167991239,71.34,1,1,0,1,0,0,0,0,1,1,0,0,0,0
597.45,7,0,0,54,6,48,0,11.063888684002062,85.35000000000001,0,0,1,0,0,1,0,0,0,0,0,1,0,0
33.72,1,0,0,77,2,69,1,0.4379220722347783,11.24,0,0,0,0,1,0,0,0,0,0,0,0,1,0
130.87,12,1,0,71,0,39,0,1.8432394106586,130.87,1,1,0,0,1,0,0,0,0,1,0,0,0,0
27.74,1,0,0,72,1,41,1,0.3852777724266976,13.87,0,0,0,0,0,0,0,0,1,0,0,0,1,0
39.32,1,0,0,78,3,56,1,0.5041025576397108,9.83,0,0,0,0,0,1,0,0,0,0,0,0,1,0
39.56,14,0,0,85,0,23,0,0.4654117592304499,39.56,0,0,0,0,0,1,0,0,0,1,0,0,0,0
65.01,16,0,0,61,1,61,0,1.0657376874469233,32.505,0,0,0,0,0,0,0,1,0,1,0,0,0,0
14.86,0,1,0,61,1,34,1,0.24360655338349912,7.43,1,1,0,0,0,0,0,0,1,0,0,0,1,0
93.67,23,0,0,38,2,59,0,2.4649999351315808,31.223333333333333,0,0,0,1,1,0,0,0,0,0,1,0,0,0
346.28,10,0,0,60,2,54,0,5.771333237144446,115.42666666666666,0,0,0,0,0,0,0,1,0,0,0,1,0,0
309.36,3,0,0,79,2,36,1,3.915949317519629,103.12,0,0,0,0,0,0,0,0,1,0,0,0,1,0
186.59,6,0,0,98,5,53,0,1.903979572408372,31.098333333333333,0,0,0,0,0,0,0,0,1,0,0,1,0,0
337.37,1,0,0,98,1,58,1,3.442550985280092,168.685,0,0,0,0,1,0,0,0,0,0,0,0,1,0
246.12,14,0,0,66,4,69,0,3.7290908525895325,49.224000000000004,0,0,0,0,0,0,0,1,0,1,0,0,0,0
1.04,16,0,0,29,3,55,0,0.03586206772889421,0.26,0,0,0,1,0,0,0,1,0,1,0,0,0,0
6.22,6,1,0,29,3,35,0,0.2144827512247327,1.555,1,1,0,1,0,1,0,0,0,0,0,1,0,0
137.24,18,0,0,39,0,48,0,3.51897426874425,137.24,0,0,0,1,1,0,0,0,0,0,1,0,0,0
215.17,15,0,0,72,2,55,0,2.988472180715664,71.72333333333333,0,0,0,0,0,1,0,0,0,1,0,0,0,0
103.5,18,0,0,82,2,59,0,1.2621951065585963,34.5,0,0,0,0,1,0,0,0,0,0,1,0,0,0
124.84,22,0,0,86,1,55,0,1.4516278900973503,62.42,0,0,0,0,0,0,1,0,0,0,1,0,0,0
32.86,6,0,0,28,4,52,0,1.1735713866581647,6.572,0,0,0,1,0,0,1,0,0,0,0,1,0,0
77.69,22,0,0,92,2,19,0,0.8444565125602553,25.896666666666665,0,0,0,0,1,0,0,0,0,0,1,0,0,0
62.22,10,0,0,61,1,58,0,1.0199999832786888,31.11,0,0,0,0,1,0,0,0,0,0,0,1,0,0
111.49,11,0,0,34,3,57,0,3.2791175506141896,27.8725,0,0,0,1,0,1,0,0,0,0,0,1,0,0
233.0,23,0,0,46,0,50,0,5.065217281190929,233.0,0,0,0,0,0,1,0,0,0,0,1,0,0,0
86.97,6,0,0,60,1,34,0,1.4494999758416671,43.485,0,0,0,0,0,0,0,0,1,0,0,1,0,0
55.59,18,0,0,99,2,23,0,0.5615151458432814,18.53,0,0,0,0,0,0,0,1,0,0,1,0,0,0
608.76,18,1,0,63,4,69,0,9.662856989478462,121.752,1,1,1,0,0,0,1,0,0,0,1,0,0,0
77.0,23,0,0,69,3,28,0,1.1159420128124347,19.25,0,0,0,0,0,1,0,0,0,0,1,0,0,0
119.17,12,0,0,47,0,42,0,2.5355318609461306,119.17,0,0,0,0,0,0,0,1,0,1,0,0,0,0
261.33,19,1,0,37,2,58,0,7.0629727820818164,87.11,1,1,0,1,0,0,1,0,0,0,1,0,0,0
124.87,23,0,0,90,2,25,0,1.3874444290283954,41.623333333333335,0,0,0,0,0,0,1,0,0,0,1,0,0,0
173.09,19,1,0,80,2,27,0,2.163624972954688,57.696666666666665,1,1,0,0,0,0,0,0,1,0,1,0,0,0
45.34,1,1,0,86,3,41,1,0.5272092961952408,11.335,1,1,0,0,0,0,0,0,1,0,0,0,1,0
70.8,15,0,0,68,1,68,0,1.0411764552768168,35.4,0,0,0,0,0,0,0,1,0,1,0,0,0,0
518.97,18,0,0,40,2,40,0,12.97424967564376,172.99,0,0,1,0,1,0,0,0,0,0,1,0,0,0
119.67,12,0,0,82,3,20,0,1.4593902261049974,29.9175,0,0,0,0,0,0,0,1,0,1,0,0,0,0
70.45,10,0,0,57,2,27,0,1.2359648905971072,23.483333333333334,0,0,0,0,0,1,0,0,0,0,0,1,0,0
34.69,13,1,0,72,0,55,0,0.48180554886381183,34.69,1,1,0,0,0,0,0,1,0,1,0,0,0,0
43.24,19,0,0,34,1,25,0,1.27176466847751,21.62,0,0,0,1,0,0,0,1,0,0,1,0,0,0
281.36,11,0,0,84,2,35,0,3.3495237696485267,93.78666666666668,0,0,0,0,1,0,0,0,0,0,0,1,0,0
105.31,8,0,0,91,4,27,0,1.1572527345356842,21.062,0,0,0,0,0,0,0,1,0,0,0,1,0,0
75.36,20,0,0,96,2,27,0,0.7849999918229168,25.12,0,0,0,0,1,0,0,0,0,0,1,0,0,0
460.51,22,0,0,99,4,54,0,4.651616114630141,92.102,0,0,0,0,0,0,0,0,1,0,1,0,0,0
47.0,1,1,0,86,3,62,1,0.5465116215521905,11.75,1,1,0,0,0,0,0,0,1,0,0,0,1,0
158.64,1,0,0,87,3,44,1,1.8234482549028934,39.66,0,0,0,0,0,0,1,0,0,0,0,0,1,0
625.88,9,0,0,94,3,19,0,6.65829780150747,156.47,0,0,1,0,0,0,0,0,1,0,0,1,0,0
292.29,5,0,0,44,3,56,1,6.64295439447831,73.0725,0,0,0,0,0,1,0,0,0,0,0,0,1,0
409.14,21,0,0,26,0,52,0,15.736153240917181,409.14,0,0,0,1,0,1,0,0,0,0,1,0,0,0
297.85,7,0,0,90,2,19,0,3.3094444076728404,99.28333333333335,0,0,0,0,0,1,0,0,0,0,0,1,0,0
131.97,5,1,0,41,1,49,1,3.2187804092980388,65.985,1,1,0,0,0,1,0,0,0,0,0,0,1,0
15.9,21,0,0,73,0,41,0,0.21780821619440802,15.9,0,0,0,0,0,0,1,0,0,0,1,0,0,0
175.42,1,0,1,70,2,40,1,2.5059999642000004,58.47333333333333,1,1,0,0,0,0,0,0,1,0,0,0,1,0
14.38,1,0,0,50,2,64,1,0.28759999424800015,4.793333333333334,0,0,0,0,0,0,0,1,0,0,0,0,1,0
14.71,22,0,0,38,0,61,0,0.38710525297091447,14.71,0,0,0,1,0,1,0,0,0,0,1,0,0,0
257.41,18,0,0,32,1,38,0,8.044062248623057,128.705,0,0,0,1,0,0,0,0,1,0,1,0,0,0
144.62,21,1,0,88,1,64,0,1.643409072233988,72.31,1,1,0,0,0,0,0,0,1,0,1,0,0,0
91.66,3,0,0,78,1,45,1,1.175128190062459,45.83,0,0,0,0,1,0,0,0,0,0,0,0,1,0
87.93,19,0,0,39,4,27,0,2.2546153268047355,17.586000000000002,0,0,0,1,0,0,1,0,0,0,1,0,0,0
490.09,18,0,0,58,1,64,0,8.449827440520217,245.045,0,0,0,0,1,0,0,0,0,0,1,0,0,0
42.59,14,0,1,48,2,40,0,0.8872916481814241,14.196666666666667,1,1,0,0,1,0,0,0,0,1,0,0,0,0
45.72,9,0,0,71,1,28,0,0.6439436529022021,22.86,0,0,0,0,0,0,0,0,1,0,0,1,0,0
150.58,20,0,0,63,4,61,0,2.390158692219704,30.116000000000003,0,0,0,0,0,0,0,1,0,0,1,0,0,0
357.33,4,0,0,57,1,39,1,6.268947258439522,178.665,0,0,0,0,0,0,0,0,1,0,0,0,1,0
38.43,22,0,0,43,3,36,0,0.893720909448351,9.6075,0,0,0,0,0,0,0,1,0,0,1,0,0,0
33.71,13,0,0,47,0,53,0,0.7172340272928931,33.71,0,0,0,0,0,0,0,1,0,1,0,0,0,0
257.05,13,0,0,62,5,30,0,4.145967675065038,42.84166666666667,0,0,0,0,0,0,0,1,0,1,0,0,0,0
287.74,22,0,0,78,3,58,0,3.6889743116798166,71.935,0,0,0,0,0,0,1,0,0,0,1,0,0,0
332.32,15,0,0,63,1,66,0,5.274920551191737,166.16,0,0,0,0,0,0,1,0,0,1,0,0,0,0
234.6,23,0,0,86,1,66,0,2.727906945024338,117.3,0,0,0,0,0,0,0,1,0,0,1,0,0,0
1.86,17,0,0,73,2,25,0,0.02547945170576094,0.62,0,0,0,0,0,0,1,0,0,1,0,0,0,0
66.8,16,1,0,41,4,27,0,1.6292682529446767,13.36,1,1,0,0,0,0,0,1,0,1,0,0,0,0
148.0,0,0,0,94,2,19,1,1.5744680683567227,49.333333333333336,0,0,0,0,0,0,0,0,1,0,0,0,1,0
595.36,0,0,0,86,0,36,1,6.922790617176854,595.36,0,0,1,0,0,0,1,0,0,0,0,0,1,0
99.41,0,0,0,88,3,66,1,1.129659078072056,24.8525,0,0,0,0,0,0,0,0,1,0,0,0,1,0
273.17,0,0,0,80,4,19,1,3.4146249573171885,54.634,0,0,0,0,0,1,0,0,0,0,0,0,1,0
225.34,21,0,0,51,0,65,0,4.418431285913113,225.34,0,0,0,0,0,0,0,1,0,0,1,0,0,0
127.82,20,0,0,28,1,66,0,4.564999836964291,63.91,0,0,0,1,0,1,0,0,0,0,1,0,0,0
104.23,11,0,0,61,2,36,0,1.7086884965788773,34.74333333333333,0,0,0,0,0,0,0,0,1,0,0,1,0,0
141.19,21,0,0,42,2,27,0,3.361666586626986,47.06333333333333,0,0,0,0,0,0,1,0,0,0,1,0,0,0
376.21,21,0,0,77,4,30,0,4.885844092391635,75.24199999999999,0,0,0,0,0,0,0,1,0,0,1,0,0,0
24.46,12,0,0,49,1,48,0,0.4991836632819661,12.23,0,0,0,0,0,1,0,0,0,1,0,0,0,0
305.79,18,0,0,78,1,51,0,3.920384565123275,152.895,0,0,0,0,0,1,0,0,0,0,1,0,0,0
443.93,23,0,0,26,0,54,0,17.074230112529612,443.93,0,0,0,1,0,0,0,1,0,0,1,0,0,0
236.23,15,0,0,45,2,40,0,5.249555438898768,78.74333333333333,0,0,0,0,0,0,0,0,1,1,0,0,0,0
44.75,0,0,0,58,2,56,1,0.7715517108353154,14.916666666666666,0,0,0,0,0,1,0,0,0,0,0,0,1,0
31.57,12,0,1,67,1,48,0,0.47119402281799966,15.785,1,1,0,0,0,0,1,0,0,1,0,0,0,0
18.36,4,0,0,99,2,34,1,0.18545454358126723,6.12,0,0,0,0,0,0,0,0,1,0,0,0,1,0
321.74,11,0,1,65,3,24,0,4.949846077694676,80.435,1,1,0,0,0,0,1,0,0,0,0,1,0,0
33.69,5,1,0,59,0,31,1,0.5710169394742891,33.69,1,1,0,0,0,1,0,0,0,0,0,0,1,0
328.85,9,0,0,82,1,21,0,4.010365804751637,164.425,0,0,0,0,0,0,0,0,1,0,0,1,0,0
245.23,14,0,0,65,1,19,0,3.772769172726628,122.615,0,0,0,0,1,0,0,0,0,1,0,0,0,0
104.61,18,0,0,70,3,49,0,1.4944285500795922,26.1525,0,0,0,0,0,0,1,0,0,0,1,0,0,0
13.31,3,0,0,57,4,18,1,0.23350876783317953,2.662,0,0,0,0,1,0,0,0,0,0,0,0,1,0
6.79,19,0,0,32,1,36,0,0.21218749336914086,3.395,0,0,0,1,0,1,0,0,0,0,1,0,0,0
21.75,23,0,0,60,1,29,0,0.36249999395833343,10.875,0,0,0,0,1,0,0,0,0,0,1,0,0,0
471.2,9,0,0,83,2,45,0,5.677108365336044,157.06666666666666,0,0,0,0,0,0,0,1,0,0,0,1,0,0
272.44,6,0,0,68,0,37,0,4.00647052931661,272.44,0,0,0,0,0,1,0,0,0,0,0,1,0,0
176.0,13,0,1,98,0,37,0,1.7959183490212414,176.0,1,1,0,0,0,0,1,0,0,1,0,0,0,0
32.63,6,0,0,40,0,67,0,0.8157499796062506,32.63,0,0,0,0,1,0,0,0,0,0,0,1,0,0
40.89,15,0,0,64,1,29,0,0.6389062400170901,20.445,0,0,0,0,0,0,0,1,0,1,0,0,0,0
33.48,18,0,0,42,2,52,0,0.7971428381632657,11.159999999999998,0,0,0,0,0,0,0,0,1,0,1,0,0,0
47.2,1,0,0,56,2,65,1,0.8428571278061228,15.733333333333334,0,0,0,0,0,0,0,1,0,0,0,0,1,0
164.61,12,0,0,98,5,20,0,1.6796938604112874,27.435000000000002,0,0,0,0,0,0,0,0,1,1,0,0,0,0
141.56,12,0,0,44,3,22,0,3.2172726541528944,35.39,0,0,0,0,0,1,0,0,0,1,0,0,0,0
138.19,14,0,0,77,0,33,0,1.7946753013678534,138.19,0,0,0,0,0,1,0,0,0,1,0,0,0,0
138.71,12,1,0,46,1,37,0,3.015434717055767,69.355,1,1,0,0,0,0,0,0,1,1,0,0,0,0
67.05,18,0,0,59,3,20,0,1.1364406587043956,16.7625,0,0,0,0,0,0,0,0,1,0,1,0,0,0
101.8,16,1,0,84,3,24,0,1.2119047474773244,25.45,1,1,0,0,0,0,0,1,0,1,0,0,0,0
166.05,10,0,0,81,1,48,0,2.0499999746913584,83.025,0,0,0,0,0,0,0,0,1,0,0,1,0,0
184.31,18,1,1,72,0,29,0,2.5598610755574853,184.31,1,2,0,0,0,0,0,1,0,0,1,0,0,0
51.9,22,0,0,54,3,22,0,0.9611110933127576,12.975,0,0,0,0,0,0,0,1,0,0,1,0,0,0
344.12,3,1,0,38,3,29,1,9.055789235373968,86.03,1,1,0,1,0,0,0,1,0,0,0,0,1,1
2.13,8,0,0,36,1,68,0,0.05916666502314819,1.065,0,0,0,1,0,0,0,1,0,0,0,1,0,0
25.51,1,0,0,81,0,29,1,0.31493826771681155,25.51,0,0,0,0,0,0,1,0,0,0,0,0,1,0
109.44,1,0,0,91,2,62,1,1.2026373494215676,36.48,0,0,0,0,0,0,0,0,1,0,0,0,1,0
26.48,19,0,0,64,2,37,0,0.41374999353515635,8.826666666666666,0,0,0,0,0,0,0,0,1,0,1,0,0,0
771.1,21,0,0,69,3,57,0,11.17536215687881,192.775,0,0,1,0,1,0,0,0,0,0,1,0,0,0
59.54,0,0,0,32,3,29,1,1.8606249418554708,14.885,0,0,0,1,0,1,0,0,0,0,0,0,1,0
16.61,12,0,0,91,2,52,0,0.18252747052167614,5.536666666666666,0,0,0,0,0,1,0,0,0,1,0,0,0,0
100.85,16,0,0,56,1,31,0,1.8008928249840568,50.425,0,0,0,0,0,0,0,0,1,1,0,0,0,0
2.31,20,0,0,41,2,32,0,0.05634146204045215,0.77,0,0,0,0,0,0,1,0,0,0,1,0,0,0
61.37,22,0,0,48,4,19,0,1.2785416400303826,12.274,0,0,0,0,0,0,1,0,0,0,1,0,0,0
621.94,12,0,0,87,4,29,0,7.148735550014535,124.388,0,0,1,0,0,0,0,1,0,1,0,0,0,0
33.43,16,0,0,92,0,39,0,0.3633695612677222,33.43,0,0,0,0,0,0,0,1,0,1,0,0,0,0
346.98,9,0,0,91,3,24,0,3.8129669910662973,86.745,0,0,0,0,0,0,1,0,0,0,0,1,0,0
10.77,18,0,0,48,1,28,0,0.22437499532552094,5.385,0,0,0,0,0,0,0,0,1,0,1,0,0,0
112.25,9,0,0,47,4,54,0,2.3882978215255783,22.45,0,0,0,0,0,1,0,0,0,0,0,1,0,0
491.26,4,0,0,41,3,34,1,11.98195092726949,122.815,0,0,0,0,0,0,0,0,1,0,0,0,1,0
125.62,13,0,0,43,4,32,0,2.9213952808977846,25.124000000000002,0,0,0,0,0,1,0,0,0,1,0,0,0,0
182.09,18,0,1,86,2,50,0,2.1173255567752842,60.696666666666665,1,1,0,0,0,0,0,0,1,0,1,0,0,0
435.03,9,1,0,57,1,65,0,7.632105129261314,217.515,1,1,0,0,0,1,0,0,0,0,0,1,0,0
429.92,18,1,0,84,4,44,0,5.118095177165534,85.98400000000001,1,1,0,0,0,0,0,1,0,0,1,0,0,0
341.06,1,0,0,76,3,69,1,4.487631519899585,85.265,0,0,0,0,0,0,1,0,0,0,0,0,1,0
140.13,8,0,0,40,2,26,0,3.5032499124187524,46.71,0,0,0,0,0,0,0,0,1,0,0,1,0,0
327.76,1,0,0,39,2,33,1,8.40410234861276,109.25333333333333,0,0,0,1,0,0,0,0,1,0,0,0,1,0
49.97,11,0,0,45,1,32,0,1.1104444197679018,24.985,0,0,0,0,0,0,0,0,1,0,0,1,0,0
78.51,4,0,0,48,2,29,1,1.6356249659244801,26.17,0,0,0,0,0,0,0,0,1,0,0,0,1,0
23.29,14,0,1,61,0,54,0,0.38180327242945455,23.29,1,1,0,0,0,0,1,0,0,1,0,0,0,0
177.32,16,0,0,86,3,19,0,2.0618604411411576,44.33,0,0,0,0,1,0,0,0,0,1,0,0,0,0
113.96,8,0,0,70,4,22,0,1.6279999767428575,22.791999999999998,0,0,0,0,0,0,0,0,1,0,0,1,0,0
182.62,15,1,0,91,0,30,0,2.006813164760295,182.62,1,1,0,0,1,0,0,0,0,1,0,0,0,0
98.68,7,0,0,50,2,36,0,1.973599960528001,32.89333333333334,0,0,0,0,0,1,0,0,0,0,0,1,0,0
586.24,23,0,0,25,2,29,0,23.449599062016038,195.41333333333333,0,0,1,1,0,0,0,0,1,0,1,0,0,0
27.22,20,0,0,73,2,34,0,0.372876707220867,9.073333333333332,0,0,0,0,0,0,0,1,0,0,1,0,0,0
67.67,0,0,0,71,3,64,1,0.9530985781253722,16.9175,0,0,0,0,0,0,1,0,0,0,0,0,1,0
104.51,6,0,0,85,2,61,0,1.2295293972996542,34.836666666666666,0,0,0,0,0,0,0,1,0,0,0,1,0,0
409.67,1,0,1,79,2,57,1,5.185696136889923,136.55666666666667,1,1,0,0,0,0,1,0,0,0,0,0,1,0
226.68,17,0,0,51,2,20,0,4.444705795201847,75.56,0,0,0,0,0,1,0,0,0,1,0,0,0,0
56.32,14,0,0,83,1,49,0,0.678554208692118,28.16,0,0,0,0,1,0,0,0,0,1,0,0,0,0
42.83,8,1,0,69,1,45,0,0.6207246286851503,21.415,1,1,0,0,1,0,0,0,0,0,0,1,0,0
163.52,23,0,0,63,0,48,0,2.595555514356262,163.52,0,0,0,0,0,0,0,0,1,0,1,0,0,0
127.28,3,0,0,61,2,40,1,2.086557342843322,42.42666666666667,0,0,0,0,1,0,0,0,0,0,0,0,1,0
40.14,17,0,0,84,0,53,0,0.4778571371683674,40.14,0,0,0,0,0,0,0,0,1,1,0,0,0,0
6.38,23,0,0,52,1,58,0,0.12269230533284028,3.19,0,0,0,0,0,0,1,0,0,0,1,0,0,0
94.79,5,1,0,37,0,58,1,2.561891822651573,94.79,1,1,0,1,0,0,0,1,0,0,0,0,1,0
46.78,6,0,0,51,4,32,0,0.9172548839753945,9.356,0,0,0,0,1,0,0,0,0,0,0,1,0,0
4.62,18,0,0,82,4,55,0,0.05634146272754314,0.924,0,0,0,0,1,0,0,0,0,0,1,0,0,0
17.92,21,0,0,93,3,40,0,0.19268816997109497,4.48,0,0,0,0,0,0,1,0,0,0,1,0,0,0
60.2,1,0,0,38,0,23,1,1.58421048462604,60.2,0,0,0,1,0,1,0,0,0,0,0,0,1,0
166.82,16,0,0,85,0,51,0,1.9625882122048446,166.82,0,0,0,0,0,0,0,0,1,1,0,0,0,0
179.27,2,1,0,69,2,69,1,2.598115904375132,59.75666666666667,1,1,0,0,1,0,0,0,0,0,0,0,1,0
346.84,10,0,0,48,3,46,0,7.225833182795142,86.71,0,0,0,0,1,0,0,0,0,0,0,1,0,0
443.91,3,0,0,27,3,67,1,16.441110502181093,110.9775,0,0,0,1,0,0,0,0,1,0,0,0,1,0
58.08,14,0,0,71,4,60,0,0.8180281574925612,11.616,0,0,0,0,0,0,1,0,0,1,0,0,0,0
89.28,20,0,0,27,3,44,0,3.3066665441975354,22.32,0,0,0,1,0,0,1,0,0,0,1,0,0,0
94.72,23,0,0,74,3,55,0,1.2799999827027029,23.68,0,0,0,0,0,1,0,0,0,0,1,0,0,0
290.44,7,0,0,54,5,23,0,5.378518418916326,48.406666666666666,0,0,0,0,0,0,0,1,0,0,0,1,0,0
801.76,11,0,1,58,1,18,0,13.823448037526758,400.88,1,1,1,0,0,0,1,0,0,0,0,1,0,0
227.65,6,1,0,97,3,52,0,2.346907192299926,56.9125,1,1,0,0,0,0,1,0,0,0,0,1,0,0
412.03,0,0,0,74,1,33,1,5.567972897730096,206.015,0,0,0,0,0,0,0,0,1,0,0,0,1,0
87.16,11,0,0,62,2,35,0,1.405806428938606,29.05333333333333,0,0,0,0,1,0,0,0,0,0,0,1,0,0
142.42,6,0,0,35,3,22,0,4.069142740881636,35.605,0,0,0,1,0,0,1,0,0,0,0,1,0,0
209.81,3,0,0,34,3,34,1,6.170882171444642,52.4525,0,0,0,1,0,0,1,0,0,0,0,0,1,0
113.76,2,0,0,96,1,57,1,1.1849999876562503,56.88,0,0,0,0,0,0,0,1,0,0,0,0,1,0
69.33,3,0,0,71,6,24,1,0.9764788594862133,9.904285714285715,0,0,0,0,0,0,1,0,0,0,0,0,1,0
76.33,16,1,0,26,1,31,0,2.935769117855034,38.165,1,1,0,1,0,0,1,0,0,1,0,0,0,0
249.98,9,0,0,64,3,44,0,3.9059374389697274,62.495,0,0,0,0,0,0,1,0,0,0,0,1,0,0
329.71,18,0,0,96,1,48,0,3.4344791308908422,164.855,0,0,0,0,0,1,0,0,0,0,1,0,0,0
596.8,11,0,0,25,0,28,0,23.871999045120035,596.8,0,0,1,1,0,1,0,0,0,0,0,1,0,0
80.19,18,0,0,25,0,60,0,3.207599871696005,80.19,0,0,0,1,0,1,0,0,0,0,1,0,0,0
20.41,6,1,0,94,1,59,0,0.2171276572645994,10.205,1,1,0,0,0,0,0,0,1,0,0,1,0,0
218.69,10,0,0,31,1,52,0,7.054515901467228,109.345,0,0,0,1,0,0,1,0,0,0,0,1,0,0
162.98,4,0,0,26,2,52,1,6.268461297366873,54.32666666666666,0,0,0,1,0,0,0,0,1,0,0,0,1,0
77.88,18,0,1,61,1,56,0,1.2767212905455525,38.94,1,1,0,0,0,1,0,0,0,0,1,0,0,0
464.71,5,0,0,71,1,33,1,6.545211175419561,232.355,0,0,0,0,0,0,0,1,0,0,0,0,1,0
284.83,14,0,0,88,1,50,0,3.2367045086738124,142.415,0,0,0,0,0,0,0,1,0,1,0,0,0,0
207.54,12,0,0,62,6,45,0,3.3474193008480757,29.648571428571426,0,0,0,0,0,0,0,1,0,1,0,0,0,0
235.0,16,0,0,85,4,25,0,2.7647058498269903,47.0,0,0,0,0,0,0,1,0,0,1,0,0,0,0
259.98,1,0,0,76,1,32,1,3.4207894286738236,129.99,0,0,0,0,0,0,0,1,0,0,0,0,1,0
520.28,8,0,0,55,2,65,0,9.459636191642979,173.42666666666665,0,0,1,0,0,1,0,0,0,0,0,1,0,0
208.94,23,0,0,25,5,38,0,8.357599665696013,34.82333333333333,0,0,0,1,0,1,0,0,0,0,1,0,0,0
23.69,5,0,0,79,1,33,1,0.29987341392565303,11.845,0,0,0,0,0,0,0,0,1,0,0,0,1,0
212.51,10,0,0,56,2,49,0,3.7948213608067616,70.83666666666666,0,0,0,0,0,0,0,1,0,0,0,1,0,0
39.92,16,1,0,68,1,55,0,0.5870588148961939,19.96,1,1,0,0,1,0,0,0,0,1,0,0,0,0
317.24,1,1,0,93,2,28,1,3.4111827590195403,105.74666666666667,1,1,0,0,0,0,1,0,0,0,0,0,1,0
85.57,8,0,0,43,2,43,0,1.9899999537209312,28.52333333333333,0,0,0,0,0,1,0,0,0,0,0,1,0,0
79.2,23,0,0,65,3,50,0,1.2184615197159767,19.8,0,0,0,0,0,0,0,1,0,0,1,0,0,0
426.51,23,0,0,78,0,31,0,5.468076852973374,426.51,0,0,0,0,0,1,0,0,0,0,1,0,0,0
218.84,14,0,0,92,1,60,0,2.378695626318526,109.42,0,0,0,0,0,0,0,0,1,1,0,0,0,0
713.28,17,0,0,91,3,65,0,7.838241672107234,178.32,0,0,1,0,0,0,0,1,0,1,0,0,0,0
104.2,19,0,1,43,0,54,0,2.4232557575987035,104.2,1,1,0,0,1,0,0,0,0,0,1,0,0,0
57.28,5,0,0,37,1,37,1,1.5481080662673496,28.64,0,0,0,1,0,0,1,0,0,0,0,0,1,0
2.36,12,0,0,47,5,35,0,0.05021276488909011,0.3933333333333333,0,0,0,0,0,1,0,0,0,1,0,0,0,0
65.11,12,0,0,58,1,29,0,1.1225861875416174,32.555,0,0,0,0,1,0,0,0,0,1,0,0,0,0
92.64,16,0,0,38,0,23,0,2.4378946726869826,92.64,0,0,0,1,0,0,0,1,0,1,0,0,0,0
103.82,6,0,0,89,6,56,0,1.1665168408256534,14.831428571428571,0,0,0,0,0,1,0,0,0,0,0,1,0,0
141.78,8,0,0,48,2,30,0,2.953749938463543,47.26,0,0,0,0,0,1,0,0,0,0,0,1,0,0
30.13,23,0,0,99,2,69,0,0.3043434312692583,10.043333333333333,0,0,0,0,0,0,0,0,1,0,1,0,0,0
136.42,7,0,0,66,3,42,0,2.0669696656519747,34.105,0,0,0,0,0,1,0,0,0,0,0,1,0,0
101.28,23,0,0,48,1,38,0,2.109999956041668,50.64,0,0,0,0,0,0,0,0,1,0,1,0,0,0
185.91,13,0,0,48,3,30,0,3.8731249193098978,46.4775,0,0,0,0,0,1,0,0,0,1,0,0,0,0
31.73,8,0,0,84,1,57,0,0.37773809074121323,15.865,0,0,0,0,0,0,0,1,0,0,0,1,0,0
191.44,3,0,0,59,3,69,1,3.2447457077161745,47.86,0,0,0,0,0,1,0,0,0,0,0,0,1,0
53.64,3,0,0,74,1,19,1,0.7248648550693939,26.82,0,0,0,0,1,0,0,0,0,0,0,0,1,0
98.59,1,0,0,37,2,56,1,2.664594522578527,32.86333333333334,0,0,0,1,1,0,0,0,0,0,0,0,1,0
4.25,7,0,0,78,1,30,0,0.05448717878862591,2.125,0,0,0,0,0,1,0,0,0,0,0,1,0,0
66.09,2,0,0,31,1,68,1,2.1319354150988574,33.045,0,0,0,1,0,0,0,1,0,0,0,0,1,0
131.37,17,0,0,47,0,53,0,2.795106323508376,131.37,0,0,0,0,0,1,0,0,0,1,0,0,0,0
5.13,14,0,0,37,1,53,0,0.13864864490138798,2.565,0,0,0,1,0,1,0,0,0,1,0,0,0,0
196.32,19,0,0,85,3,42,0,2.3096470316512114,49.08,0,0,0,0,0,1,0,0,0,0,1,0,0,0
123.92,20,0,0,52,0,63,0,2.383076877248522,123.92,0,0,0,0,0,0,0,0,1,0,1,0,0,0
75.06,1,1,0,34,3,57,1,2.2076469938927357,18.765,1,1,0,1,0,0,1,0,0,0,0,0,1,1
46.53,18,1,0,61,3,43,0,0.7627868727411988,11.6325,1,1,0,0,0,0,1,0,0,0,1,0,0,0
9.07,17,0,0,72,4,48,0,0.12597222047260806,1.814,0,0,0,0,0,0,1,0,0,1,0,0,0,0
275.26,11,0,0,31,2,40,0,8.879354552278885,91.75333333333333,0,0,0,1,1,0,0,0,0,0,0,1,0,0
553.96,15,0,0,52,2,30,0,10.653076718210064,184.65333333333334,0,0,1,0,1,0,0,0,0,1,0,0,0,0
622.33,19,0,0,39,1,66,0,15.957179078021051,311.165,0,0,1,1,0,1,0,0,0,0,1,0,0,0
38.69,13,0,0,55,2,19,0,0.703454532664463,12.896666666666667,0,0,0,0,0,0,0,1,0,1,0,0,0,0
189.56,0,0,0,79,2,30,1,2.399493640512739,63.18666666666667,0,0,0,0,0,0,0,0,1,0,0,0,1,0
233.73,16,0,0,66,2,51,0,3.5413635827066123,77.91,0,0,0,0,0,0,0,0,1,1,0,0,0,0
105.02,11,0,0,74,1,49,0,1.4191891700109571,52.51,0,0,0,0,0,0,1,0,0,0,0,1,0,0
78.93,6,0,0,41,3,54,0,1.9251219042653196,19.7325,0,0,0,0,0,0,0,1,0,0,0,1,0,0
31.68,5,0,0,81,1,39,1,0.39111110628257895,15.84,0,0,0,0,0,0,0,0,1,0,0,0,1,0
76.86,18,0,0,92,4,25,0,0.8354347735278829,15.372,0,0,0,0,0,0,0,1,0,0,1,0,0,0
46.6,14,0,0,87,5,28,0,0.5356321777513543,7.766666666666667,0,0,0,0,0,0,0,1,0,1,0,0,0,0
13.8,18,1,0,96,5,61,0,0.1437499985026042,2.3000000000000003,1,1,0,0,0,0,0,1,0,0,1,0,0,0
146.1,8,0,0,49,3,64,0,2.9816325922115796,36.525,0,0,0,0,0,1,0,0,0,0,0,1,0,0
57.62,3,0,0,86,2,67,1,0.6699999922093024,19.206666666666667,0,0,0,0,0,1,0,0,0,0,0,0,1,0
330.26,21,0,0,41,2,28,0,8.055121754753129,110.08666666666666,0,0,0,0,0,0,0,0,1,0,1,0,0,0
420.46,10,0,0,34,3,25,0,12.366470224515583,105.115,0,0,0,1,0,0,0,0,1,0,0,1,0,0
327.99,19,0,0,82,3,56,0,3.999878000001488,81.9975,0,0,0,0,0,1,0,0,0,0,1,0,0,0
41.52,7,0,0,84,1,26,0,0.49428570840136066,20.76,0,0,0,0,0,0,0,1,0,0,0,1,0,0
92.52,11,0,0,50,6,33,0,1.8503999629920007,13.217142857142857,0,0,0,0,0,0,0,1,0,0,0,1,0,0
89.83,0,1,0,83,2,36,1,1.0822891435868778,29.94333333333333,1,1,0,0,0,0,0,0,1,0,0,0,1,0
13.08,21,0,0,83,3,35,0,0.1575903595471041,3.27,0,0,0,0,0,0,0,1,0,0,1,0,0,0
400.74,21,1,1,43,1,29,0,9.319534666987566,200.37,1,2,0,0,0,0,1,0,0,0,1,0,0,0
37.01,1,0,0,63,2,66,1,0.5874603081355506,12.336666666666666,0,0,0,0,0,0,1,0,0,0,0,0,1,0
74.95,8,0,0,45,3,42,0,1.665555518543211,18.7375,0,0,0,0,0,1,0,0,0,0,0,1,0,0
126.49,6,0,0,75,1,19,0,1.6865333108462226,63.245,0,0,0,0,0,1,0,0,0,0,0,1,0,0
24.43,16,0,0,34,1,69,0,0.7185293906314886,12.215,0,0,0,1,1,0,0,0,0,1,0,0,0,0
37.68,12,0,0,43,2,41,0,0.8762790493888594,12.56,0,0,0,0,0,0,0,0,1,1,0,0,0,0
36.79,10,0,0,68,2,34,0,0.5410294038083912,12.263333333333334,0,0,0,0,1,0,0,0,0,0,0,1,0,0
138.29,15,1,1,86,3,68,0,1.6080232371160088,34.5725,1,2,0,0,0,1,0,0,0,1,0,0,0,0
89.7,9,0,0,98,1,36,0,0.9153061131091214,44.85,0,0,0,0,0,0,0,1,0,0,0,1,0,0
111.17,7,0,0,77,2,66,0,1.4437662150160233,37.056666666666665,0,0,0,0,0,0,1,0,0,0,0,1,0,0
447.48,23,0,0,54,1,39,0,8.28666651320988,223.74,0,0,0,0,0,0,0,1,0,0,1,0,0,0
25.09,7,0,0,67,4,47,0,0.3744776063510805,5.018,0,0,0,0,1,0,0,0,0,0,0,1,0,0
132.8,5,0,0,59,4,61,1,2.2508474194771626,26.560000000000002,0,0,0,0,1,0,0,0,0,0,0,0,1,0
156.43,18,0,0,48,1,18,0,3.2589582654383698,78.215,0,0,0,0,0,0,0,1,0,0,1,0,0,0
119.93,21,0,0,96,2,28,0,1.2492708203200957,39.97666666666667,0,0,0,0,0,0,0,1,0,0,1,0,0,0
27.33,19,0,0,42,4,28,0,0.6507142702210889,5.465999999999999,0,0,0,0,0,1,0,0,0,0,1,0,0,0
58.59,9,0,0,60,4,18,0,0.9764999837250004,11.718,0,0,0,0,0,0,1,0,0,0,0,1,0,0
184.21,2,0,0,27,3,36,1,6.822592339903988,46.0525,0,0,0,1,0,0,0,1,0,0,0,0,1,0
193.54,20,0,0,28,2,40,0,6.912142610280621,64.51333333333334,0,0,0,1,0,1,0,0,0,0,1,0,0,0
146.47,16,0,0,98,0,25,0,1.494591821483757,146.47,0,0,0,0,0,0,0,0,1,1,0,0,0,0
590.37,1,1,0,37,1,65,1,15.955945514704176,295.185,1,1,1,1,0,0,0,1,0,0,0,0,1,1
327.88,15,0,0,58,1,67,0,5.653103350808563,163.94,0,0,0,0,1,0,0,0,0,1,0,0,0,0
310.14,22,0,0,66,0,28,0,4.699090837892563,310.14,0,0,0,0,0,0,0,0,1,0,1,0,0,0
230.9,6,0,0,63,0,28,0,3.6650793069035035,230.9,0,0,0,0,1,0,0,0,0,0,0,1,0,0
196.87,23,0,0,68,1,67,0,2.8951470162478383,98.435,0,0,0,0,0,1,0,0,0,0,1,0,0,0
221.11,22,0,0,41,1,18,0,5.392926697733496,110.555,0,0,0,0,1,0,0,0,0,0,1,0,0,0
34.4,5,1,0,36,2,69,1,0.9555555290123464,11.466666666666667,1,1,0,1,0,1,0,0,0,0,0,0,1,0
148.55,5,0,0,51,2,41,1,2.912745040926568,49.51666666666667,0,0,0,0,0,0,1,0,0,0,0,0,1,0
161.88,0,0,0,54,2,47,1,2.9977777222633755,53.96,0,0,0,0,0,0,0,0,1,0,0,0,1,0
495.21,11,0,0,41,2,47,0,12.078292388334333,165.07,0,0,0,0,0,1,0,0,0,0,0,1,0,0
247.02,7,0,0,41,0,48,0,6.024877901832247,247.02,0,0,0,0,1,0,0,0,0,0,0,1,0,0
60.21,15,0,0,26,1,63,0,2.3157691417011868,30.105,0,0,0,1,1,0,0,0,0,1,0,0,0,0
1.0,18,0,1,62,2,49,0,0.01612903199791884,0.3333333333333333,1,1,0,0,0,0,0,0,1,0,1,0,0,0
80.0,16,0,0,96,8,43,0,0.8333333246527779,8.88888888888889,0,0,0,0,0,0,0,1,0,1,0,0,0,0
31.29,23,0,0,72,0,59,0,0.4345833272974538,31.29,0,0,0,0,0,0,0,1,0,0,1,0,0,0
202.38,18,0,0,86,3,19,0,2.353255786590049,50.595,0,0,0,0,0,1,0,0,0,0,1,0,0,0
86.04,4,0,1,50,0,24,1,1.720799965584001,86.04,1,1,0,0,0,0,0,0,1,0,0,0,1,0
309.15,1,0,0,64,4,60,1,4.830468674523927,61.83,0,0,0,0,0,0,1,0,0,0,0,0,1,0
882.69,5,0,0,43,4,67,1,20.527673941216886,176.538,0,0,1,0,0,0,0,0,1,0,0,0,1,0
61.44,5,0,0,76,3,32,1,0.80842104199446,15.36,0,0,0,0,1,0,0,0,0,0,0,0,1,0
48.99,10,0,0,70,2,60,0,0.6998571328591838,16.330000000000002,0,0,0,0,0,0,1,0,0,0,0,1,0,0
176.45,11,0,0,25,4,39,0,7.05799971768001,35.29,0,0,0,1,0,0,1,0,0,0,0,1,0,0
222.47,10,0,1,75,2,55,0,2.966266627116445,74.15666666666667,1,1,0,0,1,0,0,0,0,0,0,1,0,0
361.42,2,0,0,28,5,43,1,12.907856681862262,60.23666666666667,0,0,0,1,0,0,0,1,0,0,0,0,1,1
226.47,0,0,0,53,2,41,1,4.273018787301533,75.49,0,0,0,0,1,0,0,0,0,0,0,0,1,0
19.9,22,0,0,58,3,33,0,0.34310344236028545,4.975,0,0,0,0,0,0,0,1,0,0,1,0,0,0
168.15,1,0,0,97,1,47,1,1.7335051367679883,84.075,0,0,0,0,0,1,0,0,0,0,0,0,1,0
119.09,11,1,0,43,3,65,0,2.769534819313144,29.7725,1,1,0,0,0,0,0,1,0,0,0,1,0,0
164.33,4,0,1,72,3,34,1,2.282361079411652,41.0825,1,1,0,0,0,0,0,1,0,0,0,0,1,0
193.1,23,0,0,85,1,64,0,2.2717646791557096,96.55,0,0,0,0,1,0,0,0,0,0,1,0,0,0
109.1,8,0,0,64,3,50,0,1.7046874733642583,27.275,0,0,0,0,0,1,0,0,0,0,0,1,0,0
343.27,16,0,0,70,2,23,0,4.903857072802042,114.42333333333333,0,0,0,0,0,0,1,0,0,1,0,0,0,0
329.64,8,0,0,28,1,29,0,11.772856722397973,164.82,0,0,0,1,1,0,0,0,0,0,0,1,0,0
46.29,12,0,0,94,2,60,0,0.49244680327184254,15.43,0,0,0,0,0,1,0,0,0,1,0,0,0,0
501.88,4,0,0,38,0,29,1,13.207368073490315,501.88,0,0,1,1,0,0,0,1,0,0,0,0,1,0
27.28,7,0,0,53,0,27,0,0.5147169714204346,27.28,0,0,0,0,0,1,0,0,0,0,0,1,0,0
3.58,13,1,0,64,0,23,0,0.05593749912597658,3.58,1,1,0,0,0,1,0,0,0,1,0,0,0,0
131.75,12,0,0,41,1,28,0,3.213414555770377,65.875,0,0,0,0,1,0,0,0,0,1,0,0,0,0
13.39,7,0,0,52,1,37,0,0.257499995048077,6.695,0,0,0,0,1,0,0,0,0,0,0,1,0,0
328.98,12,0,1,61,5,59,0,5.393114665686645,54.830000000000005,1,1,0,0,0,1,0,0,0,1,0,0,0,0
754.05,20,0,0,67,1,68,0,11.254477443963022,377.025,0,0,1,0,0,0,1,0,0,0,1,0,0,0
662.52,18,0,0,57,3,40,0,11.623157690821795,165.63,0,0,1,0,0,1,0,0,0,0,1,0,0,0
17.44,19,0,1,94,0,47,0,0.18553191291987328,17.44,1,1,0,0,1,0,0,0,0,0,1,0,0,0
189.02,9,0,0,75,3,27,0,2.5202666330631116,47.255,0,0,0,0,1,0,0,0,0,0,0,1,0,0
169.93,9,0,0,86,2,56,0,1.975930209582207,56.64333333333334,0,0,0,0,0,0,0,1,0,0,0,1,0,0
67.36,4,0,0,77,2,51,1,0.8748051834440885,22.453333333333333,0,0,0,0,0,0,0,0,1,0,0,0,1,0
8.85,22,0,0,53,0,32,0,0.16698112892488437,8.85,0,0,0,0,0,1,0,0,0,0,1,0,0,0
349.55,3,0,0,89,3,43,1,3.927528045758112,87.3875,0,0,0,0,0,0,0,1,0,0,0,0,1,0
123.58,10,0,1,26,3,63,0,4.753076740266279,30.895,1,1,0,1,0,1,0,0,0,0,0,1,0,0
374.31,21,0,0,82,2,49,0,4.56475604189322,124.77,0,0,0,0,0,0,0,1,0,0,1,0,0,0
34.27,10,0,0,71,3,48,0,0.482676049539774,8.5675,0,0,0,0,0,0,1,0,0,0,0,1,0,0
110.69,4,0,0,45,3,35,1,2.4597777231160505,27.6725,0,0,0,0,0,0,1,0,0,0,0,0,1,0
43.54,18,1,0,53,4,43,0,0.8215094184620865,8.708,1,1,0,0,0,0,0,0,1,0,1,0,0,0
29.66,10,0,0,29,1,44,0,1.0227585854221177,14.83,0,0,0,1,1,0,0,0,0,0,0,1,0,0
262.88,11,0,0,75,5,19,0,3.505066619932445,43.81333333333333,0,0,0,0,0,0,0,1,0,0,0,1,0,0
92.66,23,0,1,62,2,28,0,1.4945161049271596,30.886666666666667,1,1,0,0,0,1,0,0,0,0,1,0,0,0
366.6,9,0,0,51,1,27,0,7.188235153171861,183.3,0,0,0,0,0,1,0,0,0,0,0,1,0,0
560.0,13,0,0,48,1,52,0,11.666666423611117,280.0,0,0,1,0,0,0,1,0,0,1,0,0,0,0
85.74,6,0,0,73,1,21,0,1.1745205318558831,42.87,0,0,0,0,0,0,0,1,0,0,0,1,0,0
149.87,7,0,0,63,3,62,0,2.3788888511287487,37.4675,0,0,0,0,0,0,1,0,0,0,0,1,0,0
347.05,14,0,0,83,2,45,0,4.181325250827407,115.68333333333334,0,0,0,0,0,1,0,0,0,1,0,0,0,0
81.81,18,0,0,31,1,24,0,2.639032172934446,40.905,0,0,0,1,0,0,1,0,0,0,1,0,0,0
365.31,14,0,0,91,1,22,0,4.0143955602813675,182.655,0,0,0,0,0,0,0,1,0,1,0,0,0,0
20.78,8,0,0,41,1,29,0,0.5068292559309938,10.39,0,0,0,0,0,0,0,1,0,0,0,1,0,0
511.56,5,0,0,50,2,41,1,10.231199795376005,170.52,0,0,1,0,0,1,0,0,0,0,0,0,1,0
170.11,8,0,0,60,1,51,0,2.83516661941389,85.055,0,0,0,0,0,0,1,0,0,0,0,1,0,0
23.52,19,0,1,84,2,52,0,0.2799999966666667,7.84,1,1,0,0,0,0,0,1,0,0,1,0,0,0
86.62,18,0,0,81,1,54,0,1.0693827028471272,43.31,0,0,0,0,0,0,0,1,0,0,1,0,0,0
544.36,20,0,1,39,2,60,0,13.957948360052608,181.45333333333335,1,1,1,1,0,0,1,0,0,0,1,0,0,0
1.6,7,0,0,77,2,26,0,0.020779220509360773,0.5333333333333333,0,0,0,0,0,1,0,0,0,0,0,1,0,0
435.09,0,1,0,54,3,69,1,8.057222073014406,108.7725,1,1,0,0,0,0,0,1,0,0,0,0,1,0
68.77,5,1,0,29,1,52,1,2.37137922857313,34.385,1,1,0,1,0,1,0,0,0,0,0,0,1,0
15.03,17,1,0,31,3,44,0,0.48483869403746144,3.7575,1,1,0,1,0,0,0,1,0,1,0,0,0,0
11.7,9,0,0,84,2,58,0,0.13928571262755104,3.9,0,0,0,0,0,0,0,0,1,0,0,1,0,0
259.61,8,0,0,40,5,64,0,6.490249837743755,43.26833333333334,0,0,0,0,0,0,0,1,0,0,0,1,0,0
491.44,11,0,0,73,4,28,0,6.732054702300621,98.288,0,0,0,0,1,0,0,0,0,0,0,1,0,0
1.69,5,0,0,87,2,68,1,0.019425287133042677,0.5633333333333334,0,0,0,0,0,0,1,0,0,0,0,0,1,0
472.96,13,0,0,35,3,31,0,13.513142471053072,118.24,0,0,0,1,1,0,0,0,0,1,0,0,0,0
138.13,19,0,0,66,3,29,0,2.0928787561685036,34.5325,0,0,0,0,0,0,1,0,0,0,1,0,0,0
165.19,9,0,0,28,5,46,0,5.899642646441333,27.531666666666666,0,0,0,1,0,0,1,0,0,0,0,1,0,0
120.44,5,0,0,99,2,25,1,1.2165656442771147,40.14666666666667,0,0,0,0,0,1,0,0,0,0,0,0,1,0
521.2,8,0,0,80,3,50,0,6.514999918562502,130.3,0,0,1,0,0,0,0,0,1,0,0,1,0,0
41.75,3,0,0,91,1,30,1,0.45879120374954724,20.875,0,0,0,0,0,1,0,0,0,0,0,0,1,0
3.33,17,0,0,36,6,65,0,0.09249999743055563,0.4757142857142857,0,0,0,1,0,0,1,0,0,1,0,0,0,0
20.31,7,0,0,79,2,49,0,0.25708860434065056,6.77,0,0,0,0,0,0,0,1,0,0,0,1,0,0
144.73,20,0,0,74,0,51,0,1.9558107843809354,144.73,0,0,0,0,0,0,1,0,0,0,1,0,0,0
71.62,17,0,0,96,1,57,0,0.7460416588953994,35.81,0,0,0,0,0,0,0,1,0,1,0,0,0,0
8.26,19,0,0,95,0,52,0,0.08694736750581718,8.26,0,0,0,0,0,0,0,0,1,0,1,0,0,0
148.67,7,1,0,41,3,27,0,3.626097472534208,37.1675,1,1,0,0,1,0,0,0,0,0,0,1,0,0
853.09,4,0,0,53,1,38,1,16.09603743215024,426.545,0,0,1,0,0,0,0,1,0,0,0,0,1,0
460.68,17,0,0,38,4,68,0,12.123157575706381,92.136,0,0,0,1,1,0,0,0,0,1,0,0,0,0
67.28,16,0,0,42,3,48,0,1.6019047237641735,16.82,0,0,0,0,1,0,0,0,0,1,0,0,0,0
16.9,21,0,0,60,1,42,0,0.2816666619722223,8.45,0,0,0,0,0,0,0,1,0,0,1,0,0,0
5.57,5,0,0,75,2,29,1,0.07426666567644447,1.8566666666666667,0,0,0,0,0,0,0,1,0,0,0,0,1,0
273.63,22,0,0,51,0,44,0,5.365294012445216,273.63,0,0,0,0,0,1,0,0,0,0,1,0,0,0
154.3,0,0,0,71,2,24,1,2.1732394060107127,51.43333333333334,0,0,0,0,0,0,0,0,1,0,0,0,1,0
281.14,18,1,0,74,2,49,0,3.799189137848795,93.71333333333332,1,1,0,0,0,0,1,0,0,0,1,0,0,0
66.63,6,0,0,85,5,40,0,0.7838823437190312,11.104999999999999,0,0,0,0,0,0,1,0,0,0,0,1,0,0
196.96,18,0,0,87,0,18,0,2.2639080199550805,196.96,0,0,0,0,0,0,0,0,1,0,1,0,0,0
72.74,16,0,0,48,2,23,0,1.5154166350954867,24.246666666666666,0,0,0,0,1,0,0,0,0,1,0,0,0,0
48.08,11,1,0,57,0,60,0,0.8435087571314254,48.08,1,1,0,0,0,1,0,0,0,0,0,1,0,0
61.99,18,0,1,48,6,47,0,1.2914583064279521,8.855714285714287,1,1,0,0,0,0,0,1,0,0,1,0,0,0
175.73,15,0,1,42,0,33,0,4.18404751942744,175.73,1,1,0,0,0,0,0,0,1,1,0,0,0,0
155.58,11,0,0,85,2,38,0,1.8303529196429071,51.86000000000001,0,0,0,0,0,0,1,0,0,0,0,1,0,0
158.36,6,0,0,34,2,63,0,4.657646921833915,52.78666666666667,0,0,0,1,0,0,0,1,0,0,0,1,0,0
305.29,15,0,0,42,2,29,0,7.268809350742635,101.76333333333334,0,0,0,0,0,0,1,0,0,1,0,0,0,0
244.98,0,1,0,28,3,28,1,8.749285401811235,61.245,1,1,0,1,0,0,0,0,1,0,0,0,1,1
0.36,9,0,0,31,2,60,0,0.011612902851196682,0.12,0,0,0,1,0,0,0,1,0,0,0,1,0,0
82.22,20,0,0,61,1,32,0,1.3478688303628061,41.11,0,0,0,0,0,0,1,0,0,0,1,0,0,0
323.42,8,0,0,98,0,49,0,3.3002040479571018,323.42,0,0,0,0,0,0,1,0,0,0,0,1,0,0
116.72,6,0,0,69,5,38,0,1.691594178382693,19.453333333333333,0,0,0,0,0,1,0,0,0,0,0,1,0,0
112.28,11,0,0,93,5,38,0,1.2073118149751418,18.713333333333335,0,0,0,0,0,1,0,0,0,0,0,1,0,0
307.05,21,0,0,36,1,22,0,8.529166429745377,153.525,0,0,0,1,0,0,0,1,0,0,1,0,0,0
226.88,19,0,1,77,2,60,0,2.9464934682273576,75.62666666666667,1,1,0,0,0,0,0,1,0,0,1,0,0,0
82.5,3,0,0,46,1,22,1,1.7934782218809082,41.25,0,0,0,0,0,0,0,0,1,0,0,0,1,0
606.6,0,0,0,34,0,49,1,17.84117594584777,606.6,0,0,1,1,1,0,0,0,0,0,0,0,1,0
145.48,10,0,0,68,2,31,0,2.139411733243945,48.49333333333333,0,0,0,0,0,0,0,1,0,0,0,1,0,0
467.62,2,0,0,27,2,55,1,17.319258617805236,155.87333333333333,0,0,0,1,0,1,0,0,0,0,0,0,1,0
610.11,11,0,0,30,3,20,0,20.336999322100024,152.5275,0,0,1,1,1,0,0,0,0,0,0,1,0,0
61.54,0,0,0,91,7,31,1,0.6762637288322667,7.6925,0,0,0,0,0,0,0,0,1,0,0,0,1,0
347.72,15,0,0,60,3,61,0,5.795333236744447,86.93,0,0,0,0,0,0,0,0,1,1,0,0,0,0
74.45,12,0,0,64,1,41,0,1.1632812318237309,37.225,0,0,0,0,0,0,0,1,0,1,0,0,0,0
27.79,14,0,1,40,2,21,0,0.6947499826312504,9.263333333333334,1,1,0,0,0,1,0,0,0,1,0,0,0,0
179.66,14,0,0,27,6,69,0,6.6540738276268945,25.665714285714284,0,0,0,1,0,1,0,0,0,1,0,0,0,0
163.18,17,0,0,27,0,68,0,6.043703479862834,163.18,0,0,0,1,1,0,0,0,0,1,0,0,0,0
34.43,21,0,0,33,1,27,0,1.0433333017171726,17.215,0,0,0,1,1,0,0,0,0,0,1,0,0,0
46.09,20,0,0,32,7,27,0,1.440312454990236,5.76125,0,0,0,1,0,0,0,0,1,0,1,0,0,0
82.23,7,0,0,38,0,61,0,2.163947311475071,82.23,0,0,0,1,0,0,0,0,1,0,0,1,0,0
9.68,9,0,0,82,3,42,0,0.11804877904818561,2.42,0,0,0,0,0,1,0,0,0,0,0,1,0,0
107.01,0,0,0,42,2,47,1,2.5478570821938793,35.67,0,0,0,0,0,1,0,0,0,0,0,0,1,0
515.89,22,0,1,52,1,60,0,9.92096134767382,257.945,1,1,1,0,0,0,0,0,1,0,1,0,0,0
115.37,3,0,0,36,2,48,1,3.2047221332021634,38.45666666666667,0,0,0,1,1,0,0,0,0,0,0,0,1,0
112.37,15,0,0,50,4,21,0,2.247399955052001,22.474,0,0,0,0,0,1,0,0,0,1,0,0,0,0
235.36,23,0,0,35,0,21,0,6.7245712364408226,235.36,0,0,0,1,0,0,1,0,0,0,1,0,0,0
447.22,18,0,0,33,2,25,0,13.552120801450886,149.07333333333335,0,0,0,1,0,0,1,0,0,0,1,0,0,0
707.51,17,1,0,93,4,56,0,7.607634326799631,141.502,1,1,1,0,1,0,0,0,0,1,0,0,0,0
134.53,17,0,0,43,3,68,0,3.128604578404545,33.6325,0,0,0,0,1,0,0,0,0,1,0,0,0,0
149.66,4,0,0,32,1,19,1,4.676874853847661,74.83,0,0,0,1,0,0,0,1,0,0,0,0,1,0
85.97,11,0,0,77,1,49,0,1.116493491993591,42.985,0,0,0,0,0,0,1,0,0,0,0,1,0,0
253.12,15,0,0,61,2,24,0,4.1495081286965885,84.37333333333333,0,0,0,0,1,0,0,0,0,1,0,0,0,0
8.66,5,0,0,95,1,19,1,0.09115789377728534,4.33,0,0,0,0,0,1,0,0,0,0,0,0,1,0
207.19,21,0,0,98,1,50,0,2.1141836518960853,103.595,0,0,0,0,0,1,0,0,0,0,1,0,0,0
91.75,12,0,0,46,0,47,0,1.994565174031192,91.75,0,0,0,0,0,1,0,0,0,1,0,0,0,0
28.65,13,0,0,30,0,22,0,0.9549999681666677,28.65,0,0,0,1,0,0,1,0,0,1,0,0,0,0
115.03,20,0,0,83,1,26,0,1.3859035977601977,57.515,0,0,0,0,0,0,0,0,1,0,1,0,0,0
210.17,5,1,0,36,2,40,1,5.83805539338735,70.05666666666666,1,1,0,1,0,1,0,0,0,0,0,0,1,0
68.7,20,0,0,88,0,33,0,0.7806818093104341,68.7,0,0,0,0,0,0,0,0,1,0,1,0,0,0
179.6,0,1,0,69,3,43,1,2.602898513001471,44.9,1,1,0,0,1,0,0,0,0,0,0,0,1,0
975.44,6,0,0,89,1,48,0,10.959999876853935,487.72,0,0,1,0,1,0,0,0,0,0,0,1,0,0
263.29,11,0,0,56,2,37,0,4.701607058899874,87.76333333333334,0,0,0,0,0,0,1,0,0,0,0,1,0,0
17.7,19,0,0,91,3,35,0,0.19450549236807152,4.425,0,0,0,0,1,0,0,0,0,0,1,0,0,0
248.37,20,0,1,44,2,57,0,5.644772598982441,82.79,1,1,0,0,0,0,0,0,1,0,1,0,0,0
203.49,17,0,0,28,3,19,0,7.267499740446438,50.8725,0,0,0,1,0,0,0,1,0,1,0,0,0,0
275.56,14,0,0,30,6,32,0,9.185333027155565,39.36571428571428,0,0,0,1,1,0,0,0,0,1,0,0,0,0
124.91,3,0,0,39,2,69,1,3.2028204306969124,41.63666666666666,0,0,0,1,0,0,0,1,0,0,0,0,1,0
75.66,3,0,0,75,3,46,1,1.0087999865493336,18.915,0,0,0,0,0,0,0,0,1,0,0,0,1,0
194.18,0,0,0,61,3,35,1,3.1832786363396948,48.545,0,0,0,0,0,1,0,0,0,0,0,0,1,0
473.81,21,1,0,83,2,30,0,5.708554148089709,157.93666666666667,1,1,0,0,0,0,0,0,1,0,1,0,0,0
157.45,1,0,0,85,2,38,1,1.8523529193840833,52.48333333333333,0,0,0,0,0,0,0,1,0,0,0,0,1,0
318.99,21,0,0,47,1,68,0,6.7870211321910405,159.495,0,0,0,0,0,1,0,0,0,0,1,0,0,0
27.32,15,0,0,81,0,50,0,0.33728394645328463,27.32,0,0,0,0,0,0,1,0,0,1,0,0,0,0
50.98,0,0,0,62,0,22,1,0.8222580512539024,50.98,0,0,0,0,0,0,1,0,0,0,0,0,1,0
540.24,8,0,0,36,3,46,0,15.006666249814828,135.06,0,0,1,1,1,0,0,0,0,0,0,1,0,0
94.58,16,0,1,85,1,26,0,1.112705869262284,47.29,1,1,0,0,0,0,0,1,0,1,0,0,0,0
189.6,9,0,0,81,2,22,0,2.3407407118427073,63.199999999999996,0,0,0,0,0,1,0,0,0,0,0,1,0,0
195.73,14,0,0,43,3,64,0,4.551860359259061,48.9325,0,0,0,0,0,1,0,0,0,1,0,0,0,0
250.09,17,0,0,40,3,43,0,6.252249843693755,62.5225,0,0,0,0,0,0,0,1,0,1,0,0,0,0
39.96,12,0,0,95,3,28,0,0.42063157451966765,9.99,0,0,0,0,0,0,0,1,0,1,0,0,0,0
67.93,6,0,0,45,1,67,0,1.5095555220098775,33.965,0,0,0,0,0,1,0,0,0,0,0,1,0,0
30.06,15,0,0,70,1,56,0,0.42942856529387763,15.03,0,0,0,0,1,0,0,0,0,1,0,0,0,0
251.98,22,0,0,75,5,61,0,3.3597332885368894,41.99666666666666,0,0,0,0,0,0,0,0,1,0,1,0,0,0
501.5,14,1,0,58,2,52,0,8.646551575059457,167.16666666666666,1,1,1,0,0,0,0,1,0,1,0,0,0,0
148.72,1,0,0,43,1,31,1,3.4586045707301265,74.36,0,0,0,0,0,0,0,0,1,0,0,0,1,0
27.73,10,0,0,27,2,32,0,1.0270369989986297,9.243333333333334,0,0,0,1,1,0,0,0,0,0,0,1,0,0
180.63,6,0,0,60,3,41,0,3.0104999498250007,45.1575,0,0,0,0,1,0,0,0,0,0,0,1,0,0
140.9,5,0,0,86,1,43,1,1.638372073972418,70.45,0,0,0,0,0,1,0,0,0,0,0,0,1,0
50.5,23,0,0,70,2,36,0,0.7214285611224491,16.833333333333332,0,0,0,0,0,0,1,0,0,0,1,0,0,0
53.43,1,0,0,87,2,67,1,0.6141379239754262,17.81,0,0,0,0,0,0,1,0,0,0,0,0,1,0
2.34,13,0,0,54,0,52,0,0.04333333253086421,2.34,0,0,0,0,0,0,1,0,0,1,0,0,0,0
590.24,1,0,0,96,2,50,1,6.148333269288195,196.74666666666667,0,0,1,0,1,0,0,0,0,0,0,0,1,0
0.47,5,0,0,27,1,53,1,0.017407406762688638,0.235,0,0,0,1,0,0,1,0,0,0,0,0,1,0
72.33,21,1,0,77,1,21,0,0.9393506371512904,36.165,1,1,0,0,0,0,0,0,1,0,1,0,0,0
177.42,17,0,0,75,1,31,0,2.365599968458667,88.71,0,0,0,0,0,1,0,0,0,1,0,0,0,0
65.07,15,1,1,46,1,66,0,1.4145651866398872,32.535,1,2,0,0,0,0,0,0,1,1,0,0,0,0
135.77,15,0,0,90,3,65,0,1.5085555387938274,33.9425,0,0,0,0,0,0,1,0,0,1,0,0,0,0
365.59,7,0,0,59,0,24,0,6.196440572941685,365.59,0,0,0,0,0,0,1,0,0,0,0,1,0,0
90.5,0,1,0,82,3,26,1,1.1036585231261156,22.625,1,1,0,0,0,0,0,1,0,0,0,0,1,0
282.8,16,0,0,84,2,31,0,3.3666666265873024,94.26666666666667,0,0,0,0,0,0,1,0,0,1,0,0,0,0
119.44,21,0,0,63,3,60,0,1.895872985779794,29.86,0,0,0,0,0,0,0,0,1,0,1,0,0,0
160.82,10,0,0,78,3,23,0,2.0617948453616046,40.205,0,0,0,0,0,1,0,0,0,0,0,1,0,0
383.6,12,0,0,40,5,50,0,9.589999760250008,63.93333333333334,0,0,0,0,0,0,0,0,1,1,0,0,0,0
12.5,15,0,0,75,3,37,0,0.16666666444444447,3.125,0,0,0,0,0,0,0,1,0,1,0,0,0,0
10.64,7,0,0,65,3,41,0,0.16369230517396455,2.66,0,0,0,0,1,0,0,0,0,0,0,1,0,0
179.86,15,0,0,44,4,49,0,4.087727179824383,35.972,0,0,0,0,0,0,0,0,1,1,0,0,0,0
526.91,14,0,0,30,1,21,0,17.563666081211128,263.455,0,0,1,1,0,1,0,0,0,1,0,0,0,0
80.37,9,0,0,68,3,29,0,1.1819117473248273,20.0925,0,0,0,0,0,0,0,0,1,0,0,1,0,0
100.41,19,0,0,25,2,68,0,4.016399839344006,33.47,0,0,0,1,0,1,0,0,0,0,1,0,0,0
107.64,13,0,0,84,3,68,0,1.2814285561734695,26.91,0,0,0,0,0,0,0,0,1,1,0,0,0,0
528.41,11,1,0,48,5,32,0,11.008541437322053,88.06833333333333,1,1,1,0,0,0,1,0,0,0,0,1,0,0
65.28,4,0,0,33,1,19,1,1.9781817582369166,32.64,0,0,0,1,0,0,0,1,0,0,0,0,1,0
15.32,4,1,0,32,2,27,1,0.478749985039063,5.1066666666666665,1,1,0,1,0,1,0,0,0,0,0,0,1,0
61.81,13,0,0,89,1,52,0,0.6944943742191644,30.905,0,0,0,0,0,0,0,1,0,1,0,0,0,0
237.94,11,0,1,47,0,21,0,5.062553083775467,237.94,1,1,0,0,0,0,1,0,0,0,0,1,0,0
368.17,3,0,0,79,4,20,1,4.660379687843295,73.634,0,0,0,0,1,0,0,0,0,0,0,0,1,0
476.47,10,1,0,66,4,68,0,7.219242314859966,95.29400000000001,1,1,0,0,0,1,0,0,0,0,0,1,0,0
1152.99,20,0,1,50,4,53,0,23.05979953880401,230.598,1,1,1,0,0,0,1,0,0,0,1,0,0,0
3.08,0,0,1,67,3,49,1,0.045970148567609725,0.77,1,1,0,0,0,0,0,0,1,0,0,0,1,0
71.51,10,0,0,49,3,54,0,1.459387725318618,17.8775,0,0,0,0,1,0,0,0,0,0,0,1,0,0
99.09,6,0,0,37,5,39,0,2.6781080357268103,16.515,0,0,0,1,0,1,0,0,0,0,0,1,0,0
229.13,11,0,0,60,3,54,0,3.8188332696861123,57.2825,0,0,0,0,0,1,0,0,0,0,0,1,0,0
213.71,3,0,0,57,3,39,1,3.7492981798368743,53.4275,0,0,0,0,0,0,0,0,1,0,0,0,1,0
972.01,4,0,0,62,1,54,1,15.677580392297092,486.005,0,0,1,0,0,1,0,0,0,0,0,0,1,0
139.89,7,0,0,77,1,59,0,1.8167532231590489,69.945,0,0,0,0,0,0,0,0,1,0,0,1,0,0
149.39,10,0,0,89,3,48,0,1.6785393069827044,37.3475,0,0,0,0,1,0,0,0,0,0,0,1,0,0
116.67,19,0,1,49,3,51,0,2.3810203595710133,29.1675,1,1,0,0,0,1,0,0,0,0,1,0,0,0
32.72,17,0,0,69,2,47,0,0.47420289167821894,10.906666666666666,0,0,0,0,0,0,1,0,0,1,0,0,0,0
8.24,10,1,0,91,1,43,0,0.09054944955440165,4.12,1,1,0,0,0,1,0,0,0,0,0,1,0,0
293.68,8,1,0,98,4,45,0,2.996734663298626,58.736000000000004,1,1,0,0,1,0,0,0,0,0,0,1,0,0
388.07,0,0,0,36,1,18,1,10.779721922785503,194.035,0,0,0,1,1,0,0,0,0,0,0,0,1,0
400.4,16,0,0,64,1,36,0,6.256249902246095,200.2,0,0,0,0,0,0,0,1,0,1,0,0,0,0
115.75,7,0,0,92,1,32,0,1.2581521602374766,57.875,0,0,0,0,0,0,1,0,0,0,0,1,0,0
89.89,0,0,1,26,1,44,1,3.4573075593343243,44.945,1,1,0,1,0,0,1,0,0,0,0,0,1,1
123.41,18,1,0,87,3,49,0,1.4185057308217732,30.8525,1,1,0,0,1,0,0,0,0,0,1,0,0,0
122.91,9,0,0,55,2,33,0,2.2347272320958687,40.97,0,0,0,0,1,0,0,0,0,0,0,1,0,0
84.39,12,0,0,61,3,49,0,1.3834426002714328,21.0975,0,0,0,0,1,0,0,0,0,1,0,0,0,0
22.25,7,0,0,99,2,27,0,0.22474747247729826,7.416666666666667,0,0,0,0,0,0,0,1,0,0,0,1,0,0
32.66,4,0,0,61,4,50,1,0.5354098272883635,6.531999999999999,0,0,0,0,0,0,0,0,1,0,0,0,1,0
181.96,4,0,0,84,0,65,1,2.1661904504024947,181.96,0,0,0,0,1,0,0,0,0,0,0,0,1,0
218.2,16,1,0,85,2,18,0,2.56705879332872,72.73333333333333,1,1,0,0,0,0,1,0,0,1,0,0,0,0
182.95,12,0,0,63,1,38,0,2.9039682078735205,91.475,0,0,0,0,0,0,1,0,0,1,0,0,0,0
33.49,22,0,0,95,1,26,0,0.3525263120786704,16.745,0,0,0,0,0,0,0,0,1,0,1,0,0,0
254.99,5,0,0,52,0,41,1,4.903653751852813,254.99,0,0,0,0,1,0,0,0,0,0,0,0,1,0
188.3,4,0,0,49,4,46,1,3.842857064431489,37.660000000000004,0,0,0,0,0,0,1,0,0,0,0,0,1,0
485.89,18,0,0,61,1,31,0,7.9654097054850865,242.945,0,0,0,0,0,0,0,1,0,0,1,0,0,0
851.3,23,0,0,61,0,44,0,13.95573747613545,851.3,0,0,1,0,0,1,0,0,0,0,1,0,0,0
56.51,3,0,0,53,3,58,1,1.0662263949768604,14.1275,0,0,0,0,0,0,0,1,0,0,0,0,1,0
4.08,9,0,0,62,1,23,0,0.06580645055150887,2.04,0,0,0,0,0,0,0,0,1,0,0,1,0,0
16.12,7,0,0,62,2,62,0,0.2599999958064517,5.373333333333334,0,0,0,0,0,1,0,0,0,0,0,1,0,0
277.69,19,0,0,63,1,31,0,4.407777707813052,138.845,0,0,0,0,0,0,1,0,0,0,1,0,0,0
50.99,10,0,0,31,1,22,0,1.644838656618108,25.495,0,0,0,1,0,1,0,0,0,0,0,1,0,0
737.06,0,0,1,65,5,51,1,11.339384440932546,122.84333333333332,1,1,1,0,0,0,1,0,0,0,0,0,1,1
296.89,23,0,0,36,1,30,0,8.24694421536266,148.445,0,0,0,1,0,1,0,0,0,0,1,0,0,0
103.42,17,0,0,92,3,67,0,1.1241304225637998,25.855,0,0,0,0,0,0,0,0,1,1,0,0,0,0
36.13,2,0,0,27,3,19,1,1.3381480985871075,9.0325,0,0,0,1,1,0,0,0,0,0,0,0,1,0
97.55,13,0,0,90,2,20,0,1.0838888768456791,32.516666666666666,0,0,0,0,0,1,0,0,0,1,0,0,0,0
104.58,12,0,0,51,1,36,0,2.050588195086506,52.29,0,0,0,0,0,0,0,1,0,1,0,0,0,0
185.86,8,0,0,86,0,47,0,2.161162765567875,185.86,0,0,0,0,0,0,1,0,0,0,0,1,0,0
144.42,5,0,0,76,3,51,1,1.9002631328912745,36.105,0,0,0,0,1,0,0,0,0,0,0,0,1,0
59.12,7,0,0,72,3,24,0,0.8211110997067903,14.78,0,0,0,0,0,0,0,0,1,0,0,1,0,0
66.95,10,0,0,69,1,25,0,0.9702898410102923,33.475,0,0,0,0,0,0,0,1,0,0,0,1,0,0
156.48,8,0,0,26,3,27,0,6.018461306982257,39.12,0,0,0,1,1,0,0,0,0,0,0,1,0,0
137.04,20,0,0,33,0,52,0,4.152727146887056,137.04,0,0,0,1,0,1,0,0,0,0,1,0,0,0
479.82,7,0,0,58,1,68,0,8.272758478055888,239.91,0,0,0,0,1,0,0,0,0,0,0,1,0,0
95.18,16,0,0,76,1,64,0,1.2523684045741001,47.59,0,0,0,0,0,0,1,0,0,1,0,0,0,0
125.73,16,0,0,65,1,48,0,1.9343076625491131,62.865,0,0,0,0,0,0,0,1,0,1,0,0,0,0
292.02,17,0,0,73,0,54,0,4.000273917804467,292.02,0,0,0,0,1,0,0,0,0,1,0,0,0,0
95.34,20,0,0,47,1,23,0,2.0285105951380724,47.67,0,0,0,0,0,1,0,0,0,0,1,0,0,0
43.03,1,0,0,87,2,40,1,0.49459769546439436,14.343333333333334,0,0,0,0,0,0,0,0,1,0,0,0,1,0
48.6,13,0,0,95,1,62,0,0.5115789419833796,24.3,0,0,0,0,0,0,0,1,0,1,0,0,0,0
34.77,23,1,0,59,0,39,0,0.5893220239097963,34.77,1,1,0,0,0,0,0,1,0,0,1,0,0,0
231.36,15,0,0,65,1,58,0,3.5593845606248533,115.68,0,0,0,0,1,0,0,0,0,1,0,0,0,0
182.0,10,0,0,58,6,41,0,3.1379309803805007,26.0,0,0,0,0,0,0,0,0,1,0,0,1,0,0
131.52,16,0,1,82,3,53,0,1.6039024194646048,32.88,1,1,0,0,1,0,0,0,0,1,0,0,0,0
99.98,21,0,0,75,1,48,0,1.3330666488924447,49.99,0,0,0,0,0,1,0,0,0,0,1,0,0,0
82.58,7,0,0,63,0,42,0,1.3107936299874028,82.58,0,0,0,0,1,0,0,0,0,0,0,1,0,0
514.8,13,1,0,31,0,48,0,16.606451077211254,514.8,1,1,1,1,0,0,0,1,0,1,0,0,0,0
18.11,19,0,0,97,1,69,0,0.18670102900308216,9.055,0,0,0,0,0,0,1,0,0,0,1,0,0,0
106.55,14,0,0,60,4,58,0,1.7758333037361116,21.31,0,0,0,0,0,0,1,0,0,1,0,0,0,0
64.05,6,0,0,52,0,52,0,1.2317307455436395,64.05,0,0,0,0,0,0,0,0,1,0,0,1,0,0
53.74,18,0,0,60,3,23,0,0.8956666517388893,13.435,0,0,0,0,0,0,1,0,0,0,1,0,0,0
17.01,10,0,1,58,5,40,0,0.29327585701248526,2.8350000000000004,1,1,0,0,0,1,0,0,0,0,0,1,0,0
11.06,14,0,0,46,2,37,0,0.24043477738185268,3.686666666666667,0,0,0,0,0,0,0,0,1,1,0,0,0,0
60.69,6,0,0,30,0,61,0,2.0229999325666688,60.69,0,0,0,1,0,0,0,0,1,0,0,1,0,0
75.32,14,1,0,44,3,27,0,1.711818142913224,18.83,1,1,0,0,0,0,1,0,0,1,0,0,0,0
201.43,15,0,0,95,0,37,0,2.120315767154571,201.43,0,0,0,0,0,0,1,0,0,1,0,0,0,0
23.53,17,1,0,39,3,21,0,0.6033333178632483,5.8825,1,1,0,1,0,1,0,0,0,1,0,0,0,0
143.37,8,1,0,49,0,18,0,2.9259183076343205,143.37,1,1,0,0,1,0,0,0,0,0,0,1,0,0
85.41,21,0,1,64,1,39,0,1.3345312291479496,42.705,1,1,0,0,1,0,0,0,0,0,1,0,0,0
134.14,17,0,0,66,1,43,0,2.032424211629936,67.07,0,0,0,0,0,0,1,0,0,1,0,0,0,0
54.09,7,0,0,63,1,57,0,0.858571414943311,27.045,0,0,0,0,0,0,0,0,1,0,0,1,0,0
50.91,20,0,0,88,2,61,0,0.5785227206986054,16.97,0,0,0,0,0,0,0,1,0,0,1,0,0,0
168.46,4,0,0,51,0,44,1,3.3031371901345654,168.46,0,0,0,0,0,0,0,0,1,0,0,0,1,0
80.24,9,0,0,37,2,53,0,2.1686485900365247,26.746666666666666,0,0,0,1,0,0,0,0,1,0,0,1,0,0
976.88,0,0,0,60,2,20,1,16.281333061977783,325.62666666666667,0,0,1,0,1,0,0,0,0,0,0,0,1,0
86.17,11,0,0,25,2,67,0,3.4467998621280054,28.723333333333333,0,0,0,1,0,1,0,0,0,0,0,1,0,0
171.95,7,0,0,79,2,18,0,2.1765822509293384,57.31666666666666,0,0,0,0,0,0,0,0,1,0,0,1,0,0
300.78,7,0,1,89,4,39,0,3.3795505238252748,60.15599999999999,1,1,0,0,0,0,1,0,0,0,0,1,0,0
136.35,19,0,0,56,2,24,0,2.434821385092475,45.449999999999996,0,0,0,0,0,0,0,1,0,0,1,0,0,0
121.56,15,0,0,36,0,32,0,3.376666572870373,121.56,0,0,0,1,0,1,0,0,0,1,0,0,0,0
670.4,14,0,0,35,2,27,0,19.154285167020426,223.46666666666667,0,0,1,1,0,0,0,1,0,1,0,0,0,0
43.41,1,0,0,46,2,43,1,0.9436956316587906,14.469999999999999,0,0,0,0,1,0,0,0,0,0,0,0,1,0
157.09,2,0,0,35,3,41,1,4.488285586048984,39.2725,0,0,0,1,0,0,1,0,0,0,0,0,1,0
27.17,12,0,0,63,1,21,0,0.4312698344242884,13.585,0,0,0,0,0,0,0,1,0,1,0,0,0,0
154.74,0,0,0,28,2,32,1,5.526428374056129,51.580000000000005,0,0,0,1,0,0,0,0,1,0,0,0,1,0
302.49,17,0,0,71,1,60,0,4.260422475205318,151.245,0,0,0,0,0,1,0,0,0,1,0,0,0,0
95.95,0,0,1,87,2,44,1,1.1028735505416833,31.983333333333334,1,1,0,0,0,1,0,0,0,0,0,0,1,0
121.87,19,1,0,72,1,64,0,1.692638865380016,60.935,1,1,0,0,0,0,0,0,1,0,1,0,0,0
336.28,2,0,0,61,0,26,1,5.512786794872348,336.28,0,0,0,0,0,0,0,1,0,0,0,0,1,0
668.45,9,0,1,91,2,48,0,7.34560431488347,222.8166666666667,1,1,1,0,0,1,0,0,0,0,0,1,0,0
131.76,5,1,0,46,2,69,1,2.8643477638185266,43.919999999999995,1,1,0,0,0,0,0,0,1,0,0,0,1,0
13.24,22,1,0,83,2,64,0,0.15951807036725218,4.413333333333333,1,1,0,0,1,0,0,0,0,0,1,0,0,0
69.47,17,0,0,69,3,68,0,1.0068115796114263,17.3675,0,0,0,0,1,0,0,0,0,1,0,0,0,0
144.5,6,1,0,94,1,43,0,1.537234026199638,72.25,1,1,0,0,0,0,0,1,0,0,0,1,0,0
78.19,19,0,0,69,0,37,0,1.1331883893740813,78.19,0,0,0,0,0,0,1,0,0,0,1,0,0,0
496.41,6,0,0,26,0,31,0,19.092691573358017,496.41,0,0,0,1,1,0,0,0,0,0,0,1,0,0
98.81,19,0,0,77,0,63,0,1.2832467365812112,98.81,0,0,0,0,0,1,0,0,0,0,1,0,0,0
431.45,0,0,0,51,3,56,1,8.459803755690123,107.8625,0,0,0,0,0,0,0,0,1,0,0,0,1,0
52.23,11,0,0,97,3,31,0,0.5384536026963546,13.0575,0,0,0,0,1,0,0,0,0,0,0,1,0,0
60.45,4,0,0,89,4,59,1,0.6792134755144554,12.09,0,0,0,0,0,0,0,1,0,0,0,0,1,0
108.86,20,0,0,87,9,25,0,1.251264353433743,10.886,0,0,0,0,0,0,0,0,1,0,1,0,0,0
335.19,2,0,0,49,4,48,1,6.840612105293631,67.038,0,0,0,0,1,0,0,0,0,0,0,0,1,0
345.89,4,0,0,70,2,56,1,4.941285643695919,115.29666666666667,0,0,0,0,0,0,0,0,1,0,0,0,1,0
122.13,1,0,1,28,1,35,1,4.361785558507658,61.065,1,1,0,1,0,0,0,0,1,0,0,0,1,1
188.65,20,0,1,90,1,58,0,2.096111087820988,94.325,1,1,0,0,0,0,0,0,1,0,1,0,0,0
6.04,23,0,0,67,1,40,0,0.09014925238583206,3.02,0,0,0,0,1,0,0,0,0,0,1,0,0,0
197.0,3,0,0,62,2,38,1,3.1774193035900113,65.66666666666667,0,0,0,0,1,0,0,0,0,0,0,0,1,0
15.93,3,0,0,55,3,49,1,0.28963635837024804,3.9825,0,0,0,0,0,0,0,1,0,0,0,0,1,0
15.51,18,0,0,35,4,47,0,0.44314284448163305,3.102,0,0,0,1,0,0,1,0,0,0,1,0,0,0
192.17,12,0,0,95,2,30,0,2.022842083970083,64.05666666666666,0,0,0,0,0,0,0,0,1,1,0,0,0,0
61.44,16,0,0,56,1,46,0,1.0971428375510208,30.72,0,0,0,0,0,0,1,0,0,1,0,0,0,0
22.51,21,0,0,32,2,27,0,0.7034374780175789,7.503333333333334,0,0,0,1,0,0,1,0,0,0,1,0,0,0
161.52,12,0,0,57,2,23,0,2.8336841608125587,53.84,0,0,0,0,0,0,1,0,0,1,0,0,0,0
201.77,0,1,1,43,1,49,1,4.692325472271501,100.885,1,2,0,0,0,0,0,0,1,0,0,0,1,1
11.91,5,0,0,89,2,33,1,0.1338202232155031,3.97,0,0,0,0,1,0,0,0,0,0,0,0,1,0
188.5,22,0,0,58,1,28,0,3.2499999439655185,94.25,0,0,0,0,0,0,0,0,1,0,1,0,0,0
141.99,11,0,1,92,3,26,0,1.5433695484416354,35.4975,1,1,0,0,0,1,0,0,0,0,0,1,0,0
179.64,15,0,0,26,3,38,0,6.909230503491134,44.91,0,0,0,1,0,1,0,0,0,1,0,0,0,0
126.26,11,0,0,44,2,24,0,2.8695453893285143,42.086666666666666,0,0,0,0,0,0,0,0,1,0,0,1,0,0
103.11,11,0,1,88,4,39,0,1.1717045321397213,20.622,1,1,0,0,0,0,0,1,0,0,0,1,0,0
31.54,11,0,0,25,1,31,0,1.261599949536002,15.77,0,0,0,1,0,0,0,0,1,0,0,1,0,0
149.77,7,0,0,70,3,19,0,2.1395713980061233,37.4425,0,0,0,0,0,0,0,1,0,0,0,1,0,0
469.8,9,0,0,52,3,31,0,9.034615210872785,117.45,0,0,0,0,0,0,1,0,0,0,0,1,0,0
35.07,20,1,0,69,1,23,0,0.5082608621991179,17.535,1,1,0,0,0,1,0,0,0,0,1,0,0,0
254.85,16,0,0,94,2,36,0,2.7111701839237217,84.95,0,0,0,0,1,0,0,0,0,1,0,0,0,0
72.62,13,0,0,63,3,28,0,1.152698394401613,18.155,0,0,0,0,0,1,0,0,0,1,0,0,0,0
152.93,0,0,1,77,2,54,1,1.9861038703103395,50.97666666666667,1,1,0,0,0,0,1,0,0,0,0,0,1,0
162.86,22,0,0,70,2,24,0,2.3265713953346947,54.28666666666667,0,0,0,0,0,1,0,0,0,0,1,0,0,0
115.23,9,0,0,58,4,39,0,1.9867241036771708,23.046,0,0,0,0,1,0,0,0,0,0,0,1,0,0
58.72,18,0,0,73,1,26,0,0.8043835506248829,29.36,0,0,0,0,0,0,0,0,1,0,1,0,0,0
2.57,1,0,0,62,2,64,1,0.041451612234651415,0.8566666666666666,0,0,0,0,1,0,0,0,0,0,0,0,1,0
135.77,0,0,0,70,1,27,1,1.9395714008632658,67.885,0,0,0,0,1,0,0,0,0,0,0,0,1,0
357.53,5,0,0,59,3,34,1,6.059830405765586,89.3825,0,0,0,0,0,1,0,0,0,0,0,0,1,0
376.7,18,0,0,48,2,51,0,7.847916503168406,125.56666666666666,0,0,0,0,1,0,0,0,0,0,1,0,0,0
92.0,10,1,0,81,2,27,0,1.13580245511355,30.666666666666668,1,1,0,0,1,0,0,0,0,0,0,1,0,0
145.28,11,0,0,65,0,65,0,2.235076888691125,145.28,0,0,0,0,0,0,1,0,0,0,0,1,0,0
81.63,14,0,0,89,2,44,0,0.9171910009304381,27.209999999999997,0,0,0,0,0,0,0,1,0,1,0,0,0,0
126.83,14,0,0,29,2,32,0,4.373448125053513,42.276666666666664,0,0,0,1,0,0,0,1,0,1,0,0,0,0
87.83,19,0,0,80,5,31,0,1.0978749862765627,14.638333333333334,0,0,0,0,1,0,0,0,0,0,1,0,0,0
661.78,19,0,0,91,3,32,0,7.272307612392224,165.445,0,0,1,0,0,1,0,0,0,0,1,0,0,0
495.59,2,0,0,60,2,57,1,8.259833195669447,165.19666666666666,0,0,0,0,0,0,0,0,1,0,0,0,1,0
10.13,19,1,1,50,1,27,0,0.2025999959480001,5.065,1,2,0,0,0,0,0,0,1,0,1,0,0,0
125.9,0,1,0,45,5,55,1,2.79777771560494,20.983333333333334,1,1,0,0,1,0,0,0,0,0,0,0,1,1
284.71,15,0,0,42,3,50,0,6.778809362409301,71.1775,0,0,0,0,0,0,0,0,1,1,0,0,0,0
411.96,23,0,0,75,1,44,0,5.492799926762667,205.98,0,0,0,0,0,0,1,0,0,0,1,0,0,0
68.4,0,0,0,45,2,35,1,1.5199999662222232,22.8,0,0,0,0,0,0,0,1,0,0,0,0,1,0
36.94,22,1,0,56,3,40,0,0.6596428453635206,9.235,1,1,0,0,0,0,1,0,0,0,1,0,0,0
124.18,19,1,0,80,0,22,0,1.5522499805968755,124.18,1,1,0,0,1,0,0,0,0,0,1,0,0,0
65.86,18,0,0,77,1,23,0,0.8553246642165628,32.93,0,0,0,0,0,0,0,1,0,0,1,0,0,0
59.45,17,0,0,56,2,53,0,1.061607123899873,19.816666666666666,0,0,0,0,0,1,0,0,0,1,0,0,0,0
501.04,13,0,0,70,0,19,0,7.157714183461226,501.04,0,0,1,0,0,0,1,0,0,1,0,0,0,0
741.11,14,0,0,76,1,49,0,9.751447240112537,370.555,0,0,1,0,0,1,0,0,0,1,0,0,0,0
78.39,19,0,0,83,2,38,0,0.9444578199462914,26.13,0,0,0,0,0,0,0,0,1,0,1,0,0,0
85.02,18,0,0,74,3,46,0,1.1489189033929879,21.255,0,0,0,0,1,0,0,0,0,0,1,0,0,0
91.29,9,0,0,35,2,18,0,2.6082856397632677,30.430000000000003,0,0,0,1,0,0,0,1,0,0,0,1,0,0
54.61,4,0,0,96,2,38,1,0.5688541607411025,18.203333333333333,0,0,0,0,0,0,0,0,1,0,0,0,1,0
43.5,4,0,0,75,1,61,1,0.5799999922666668,21.75,0,0,0,0,1,0,0,0,0,0,0,0,1,0
407.56,1,1,0,36,2,34,1,11.321110796635812,135.85333333333332,1,1,0,1,0,0,0,1,0,0,0,0,1,1
60.44,9,1,0,55,2,24,0,1.098909070928926,20.146666666666665,1,1,0,0,0,0,0,1,0,0,0,1,0,0
136.64,14,1,0,65,3,58,0,2.1021538138130182,34.16,1,1,0,0,0,0,0,1,0,1,0,0,0,0
469.13,6,0,0,92,2,57,0,5.0992390750082714,156.37666666666667,0,0,0,0,1,0,0,0,0,0,0,1,0,0
100.27,23,0,0,80,5,69,0,1.2533749843328126,16.711666666666666,0,0,0,0,1,0,0,0,0,0,1,0,0,0
466.85,21,0,0,52,3,56,0,8.977884442732993,116.7125,0,0,0,0,0,0,1,0,0,0,1,0,0,0
139.46,16,0,0,68,2,67,0,2.0508823227811424,46.48666666666667,0,0,0,0,0,1,0,0,0,1,0,0,0,0
242.69,19,0,0,87,0,21,0,2.789540197821377,242.69,0,0,0,0,0,1,0,0,0,0,1,0,0,0
256.43,8,0,1,48,2,18,0,5.342291555368926,85.47666666666667,1,1,0,0,0,0,0,1,0,0,0,1,0,0
247.76,17,0,1,68,4,22,0,3.643529358183392,49.552,1,1,0,0,1,0,0,0,0,1,0,0,0,0
157.6,16,0,0,28,0,49,0,5.628571227551027,157.6,0,0,0,1,0,0,1,0,0,1,0,0,0,0
225.07,18,0,0,80,2,19,0,2.813374964832813,75.02333333333333,0,0,0,0,0,1,0,0,0,0,1,0,0,0
126.77,8,1,0,79,3,59,0,1.6046835239913477,31.6925,1,1,0,0,0,1,0,0,0,0,0,1,0,0
218.21,14,0,1,26,0,31,0,8.392691984896462,218.21,1,1,0,1,0,0,0,0,1,1,0,0,0,0
68.44,1,0,0,33,2,68,1,2.0739393310927476,22.813333333333333,0,0,0,1,0,0,0,0,1,0,0,0,1,0
4.84,5,0,0,59,2,61,1,0.08203389691467972,1.6133333333333333,0,0,0,0,0,0,1,0,0,0,0,0,1,0
581.06,5,0,0,31,1,26,1,18.743870363100953,290.53,0,0,1,1,0,0,1,0,0,0,0,0,1,0
86.33,12,0,0,60,2,22,0,1.4388333093527783,28.776666666666667,0,0,0,0,1,0,0,0,0,1,0,0,0,0
255.27,20,0,0,61,3,40,0,4.184754029758131,63.8175,0,0,0,0,0,0,1,0,0,0,1,0,0,0
88.01,1,0,1,68,0,20,1,1.2942646868490488,88.01,1,1,0,0,0,1,0,0,0,0,0,0,1,0
34.99,0,0,0,43,1,50,1,0.8137209113088161,17.495,0,0,0,0,0,0,1,0,0,0,0,0,1,0
95.59,10,0,0,38,3,66,0,2.5155262495914146,23.8975,0,0,0,1,0,0,0,1,0,0,0,1,0,0
110.32,17,0,0,45,2,37,0,2.451555501076544,36.77333333333333,0,0,0,0,1,0,0,0,0,1,0,0,0,0
51.61,12,0,0,92,4,52,0,0.5609782547719755,10.322,0,0,0,0,0,0,1,0,0,1,0,0,0,0
589.45,21,0,0,92,1,24,0,6.407065147749292,294.725,0,0,1,0,0,0,0,0,1,0,1,0,0,0
106.31,14,0,0,64,2,32,0,1.6610937240454107,35.43666666666667,0,0,0,0,0,0,0,1,0,1,0,0,0,0
44.77,5,0,0,79,2,55,1,0.5667088535859639,14.923333333333334,0,0,0,0,0,1,0,0,0,0,0,0,1,0
170.49,17,0,0,78,1,50,0,2.185769202746549,85.245,0,0,0,0,0,0,0,0,1,1,0,0,0,0
52.42,4,0,0,78,3,20,1,0.6720512734352402,13.105,0,0,0,0,0,0,0,1,0,0,0,0,1,0
4.45,16,0,0,25,3,47,0,0.1779999928800003,1.1125,0,0,0,1,0,0,0,1,0,1,0,0,0,0
477.89,18,0,0,48,3,22,0,9.956041459249137,119.4725,0,0,0,0,0,1,0,0,0,0,1,0,0,0
60.67,18,0,0,68,4,69,0,0.8922058692322666,12.134,0,0,0,0,0,0,0,0,1,0,1,0,0,0
44.84,17,0,0,33,4,43,0,1.35878783761249,8.968,0,0,0,1,0,0,0,1,0,1,0,0,0,0
417.43,3,0,0,31,5,35,1,13.465483436597308,69.57166666666667,0,0,0,1,0,0,1,0,0,0,0,0,1,1
266.37,5,0,0,66,1,38,1,4.035909029758955,133.185,0,0,0,0,0,0,0,0,1,0,0,0,1,0
71.08,23,0,0,32,4,27,0,2.2212499305859397,14.216,0,0,0,1,0,0,0,1,0,0,1,0,0,0
267.69,3,0,0,34,2,28,1,7.8732350625519105,89.23,0,0,0,1,0,0,0,1,0,0,0,0,1,0
221.55,14,0,0,61,0,66,0,3.631967153574309,221.55,0,0,0,0,0,0,0,1,0,1,0,0,0,0
767.52,4,1,1,80,4,62,1,9.593999880075001,153.504,1,2,1,0,1,0,0,0,0,0,0,0,1,0
226.98,1,0,0,42,4,37,1,5.404285585612248,45.396,0,0,0,0,0,0,0,0,1,0,0,0,1,0
183.53,19,0,1,44,2,49,0,4.171136268837812,61.17666666666667,1,1,0,0,0,1,0,0,0,0,1,0,0,0
152.89,4,0,0,77,2,60,1,1.9855843897976053,50.96333333333333,0,0,0,0,0,0,0,0,1,0,0,0,1,0
123.74,15,0,0,87,2,26,0,1.4222988342264502,41.24666666666666,0,0,0,0,1,0,0,0,0,1,0,0,0,0
149.08,22,0,0,98,2,40,0,1.5212244742732197,49.693333333333335,0,0,0,0,0,0,0,0,1,0,1,0,0,0
3.94,1,0,0,85,0,44,1,0.04635294063114188,3.94,0,0,0,0,0,0,0,0,1,0,0,0,1,0
335.63,17,0,0,54,2,38,0,6.215370255270922,111.87666666666667,0,0,0,0,0,0,1,0,0,1,0,0,0,0
119.28,1,0,0,77,1,18,1,1.5490908889728456,59.64,0,0,0,0,0,0,0,1,0,0,0,0,1,0
239.53,17,0,0,44,0,51,0,5.443863512639466,239.53,0,0,0,0,0,0,0,1,0,1,0,0,0,0
161.33,19,0,0,85,4,56,0,1.8979999776705887,32.266000000000005,0,0,0,0,0,0,0,1,0,0,1,0,0,0
264.33,18,0,0,48,1,52,0,5.50687488527344,132.165,0,0,0,0,1,0,0,0,0,0,1,0,0,0
130.73,20,0,0,76,1,38,0,1.7201315563140585,65.365,0,0,0,0,0,0,0,0,1,0,1,0,0,0
144.41,6,0,0,39,2,41,0,3.7028204178763997,48.13666666666666,0,0,0,1,0,0,1,0,0,0,0,1,0,0
254.87,22,0,0,95,3,32,0,2.6828420770227153,63.7175,0,0,0,0,0,0,0,1,0,0,1,0,0,0
214.03,2,0,0,73,3,22,1,2.931917768055921,53.5075,0,0,0,0,0,1,0,0,0,0,0,0,1,0
274.19,1,0,0,62,0,53,1,4.422419283509367,274.19,0,0,0,0,1,0,0,0,0,0,0,0,1,0
188.27,10,0,0,73,3,30,0,2.5790410605610816,47.0675,0,0,0,0,0,1,0,0,0,0,0,1,0,0
585.89,9,0,0,74,3,62,0,7.917432325440104,146.4725,0,0,1,0,0,0,0,0,1,0,0,1,0,0
70.35,15,0,0,32,1,69,0,2.19843743129883,35.175,0,0,0,1,0,0,1,0,0,1,0,0,0,0
60.0,2,1,0,25,2,45,1,2.399999904000004,20.0,1,1,0,1,0,0,0,1,0,0,0,0,1,1
535.37,1,0,0,94,0,40,1,5.695425471325261,535.37,0,0,1,0,0,1,0,0,0,0,0,0,1,0
176.86,12,0,0,34,2,35,0,5.201764552889279,58.95333333333334,0,0,0,1,1,0,0,0,0,1,0,0,0,0
190.88,0,0,0,63,1,25,1,3.029841221748552,95.44,0,0,0,0,1,0,0,0,0,0,0,0,1,0
745.58,3,0,0,94,3,39,1,7.931702043279766,186.395,0,0,1,0,0,1,0,0,0,0,0,0,1,0
135.07,20,1,0,72,0,52,0,1.8759721961670528,135.07,1,1,0,0,0,1,0,0,0,0,1,0,0,0
7.22,17,0,0,73,0,23,0,0.0989041082341903,7.22,0,0,0,0,1,0,0,0,0,1,0,0,0,0
14.01,19,0,0,93,2,69,0,0.15064515967048214,4.67,0,0,0,0,0,0,0,1,0,0,1,0,0,0
550.85,22,0,0,86,0,19,0,6.405232483660088,550.85,0,0,1,0,0,0,0,0,1,0,1,0,0,0
126.48,9,0,0,30,5,68,0,4.215999859466671,21.080000000000002,0,0,0,1,1,0,0,0,0,0,0,1,0,0
101.49,19,0,0,82,1,29,0,1.2376829117355743,50.745,0,0,0,0,0,0,0,1,0,0,1,0,0,0
417.99,11,0,0,27,1,22,0,15.481110537736647,208.995,0,0,0,1,0,1,0,0,0,0,0,1,0,0
265.43,6,0,0,38,2,22,0,6.984999816184216,88.47666666666667,0,0,0,1,0,0,0,0,1,0,0,1,0,0
2.77,22,0,0,98,4,20,0,0.028265305834027494,0.554,0,0,0,0,0,0,1,0,0,0,1,0,0,0
252.62,21,0,0,45,0,51,0,5.613777653027164,252.62,0,0,0,0,0,0,0,0,1,0,1,0,0,0
410.08,20,0,0,89,2,37,0,4.6076403976669615,136.69333333333333,0,0,0,0,0,0,1,0,0,0,1,0,0,0
46.87,8,0,0,90,2,54,0,0.5207777719913581,15.623333333333333,0,0,0,0,0,0,1,0,0,0,0,1,0,0
203.72,3,0,0,42,1,29,1,4.8504760749886655,101.86,0,0,0,0,0,0,1,0,0,0,0,0,1,0
276.69,5,0,1,40,1,21,1,6.917249827068755,138.345,1,1,0,0,1,0,0,0,0,0,0,0,1,0
7.51,4,0,0,28,1,31,1,0.26821427613520443,3.755,0,0,0,1,0,0,0,1,0,0,0,0,1,0
10.25,17,0,1,90,1,28,0,0.11388888762345681,5.125,1,1,0,0,0,1,0,0,0,1,0,0,0,0
17.85,0,1,0,30,3,40,1,0.5949999801666673,4.4625,1,1,0,1,1,0,0,0,0,0,0,0,1,1
149.67,16,0,0,42,2,35,0,3.5635713437244916,49.88999999999999,0,0,0,0,0,0,1,0,0,1,0,0,0,0
104.32,0,0,0,55,1,28,1,1.896727238241323,52.16,0,0,0,0,0,0,1,0,0,0,0,0,1,0
213.93,8,0,0,77,0,53,0,2.778311652229719,213.93,0,0,0,0,1,0,0,0,0,0,0,1,0,0
31.95,16,0,0,37,3,47,0,0.8635134901753111,7.9875,0,0,0,1,0,0,0,1,0,1,0,0,0,0
2.11,17,0,0,92,2,53,0,0.022934782359404538,0.7033333333333333,0,0,0,0,0,0,1,0,0,1,0,0,0,0
185.04,17,0,0,46,4,59,0,4.022608608204161,37.007999999999996,0,0,0,0,0,0,0,1,0,1,0,0,0,0
51.26,18,0,0,57,1,42,0,0.8992982298368731,25.63,0,0,0,0,1,0,0,0,0,0,1,0,0,0
8.27,3,0,0,81,4,24,1,0.1020987641716202,1.654,0,0,0,0,1,0,0,0,0,0,0,0,1,0
190.39,19,0,0,41,2,62,0,4.643658423325404,63.46333333333333,0,0,0,0,0,0,1,0,0,0,1,0,0,0
2.19,19,0,1,86,2,33,0,0.02546511598296377,0.73,1,1,0,0,0,0,0,0,1,0,1,0,0,0
68.35,10,1,0,83,1,28,0,0.8234939659820004,34.175,1,1,0,0,0,1,0,0,0,0,0,1,0,0
150.2,14,0,1,73,4,47,0,2.057534218389942,30.04,1,1,0,0,0,0,0,1,0,1,0,0,0,0
21.1,3,0,1,28,2,37,1,0.7535714016581643,7.033333333333334,1,1,0,1,0,0,0,0,1,0,0,0,1,1
194.9,10,0,0,62,1,21,0,3.1435483363943817,97.45,0,0,0,0,1,0,0,0,0,0,0,1,0,0
103.56,20,0,0,96,2,25,0,1.078749988763021,34.52,0,0,0,0,0,0,1,0,0,0,1,0,0,0
27.34,6,0,0,70,2,35,0,0.39057142299183684,9.113333333333333,0,0,0,0,0,0,1,0,0,0,0,1,0,0
213.12,13,0,0,95,3,55,0,2.2433683974382275,53.28,0,0,0,0,0,1,0,0,0,1,0,0,0,0
84.29,15,0,1,29,1,52,0,2.906551623912013,42.145,1,1,0,1,0,0,0,1,0,1,0,0,0,0
121.01,19,1,0,39,3,22,0,3.102820433261015,30.2525,1,1,0,1,1,0,0,0,0,0,1,0,0,0
143.58,8,0,0,34,2,36,0,4.222941052266441,47.86000000000001,0,0,0,1,0,0,0,1,0,0,0,1,0,0
13.52,21,0,0,26,7,34,0,0.5199999800000007,1.69,0,0,0,1,0,0,0,1,0,0,1,0,0,0
238.11,18,0,0,38,2,63,0,6.26605246668283,79.37,0,0,0,1,0,0,0,0,1,0,1,0,0,0
306.5,7,0,0,57,0,67,0,5.377192888119423,306.5,0,0,0,0,0,0,0,1,0,0,0,1,0,0
94.29,12,0,0,87,3,44,0,1.0837930909908842,23.5725,0,0,0,0,1,0,0,0,0,1,0,0,0,0
684.67,2,0,0,38,1,20,1,18.017631104799182,342.335,0,0,1,1,1,0,0,0,0,0,0,0,1,0
105.24,5,0,0,81,1,65,1,1.2992592432190218,52.62,0,0,0,0,0,1,0,0,0,0,0,0,1,0
203.66,21,0,0,84,2,29,0,2.424523780660431,67.88666666666667,0,0,0,0,1,0,0,0,0,0,1,0,0,0
398.91,1,0,0,55,2,36,1,7.252908959038019,132.97,0,0,0,0,0,0,0,1,0,0,0,0,1,0
51.84,18,0,0,99,1,53,0,0.5236363583471075,25.92,0,0,0,0,0,1,0,0,0,0,1,0,0,0
6.35,10,0,0,96,8,40,0,0.06614583264431424,0.7055555555555555,0,0,0,0,1,0,0,0,0,0,0,1,0,0
439.12,11,0,0,39,5,21,0,11.259486890782389,73.18666666666667,0,0,0,1,0,0,0,0,1,0,0,1,0,0
170.17,3,0,0,40,5,57,1,4.2542498936437525,28.361666666666665,0,0,0,0,0,1,0,0,0,0,0,0,1,0
52.26,9,1,0,64,2,41,0,0.8165624872412112,17.419999999999998,1,1,0,0,0,0,1,0,0,0,0,1,0,0
15.33,17,1,0,98,2,41,0,0.15642856983236153,5.11,1,1,0,0,0,1,0,0,0,1,0,0,0,0
74.47,22,0,0,62,0,34,0,1.201129012885016,74.47,0,0,0,0,1,0,0,0,0,0,1,0,0,0
250.38,21,0,0,41,1,63,0,6.106829119345631,125.19,0,0,0,0,0,1,0,0,0,0,1,0,0,0
93.55,5,0,0,32,3,31,1,2.923437408642581,23.3875,0,0,0,1,0,0,1,0,0,0,0,0,1,0
214.27,18,0,0,91,0,22,0,2.3546153587404905,214.27,0,0,0,0,0,1,0,0,0,0,1,0,0,0
1060.52,17,0,0,35,2,34,0,30.300570562840843,353.50666666666666,0,0,1,1,0,0,0,1,0,1,0,0,0,0
715.09,0,0,0,55,2,55,1,13.00163612724298,238.36333333333334,0,0,1,0,1,0,0,0,0,0,0,0,1,0
200.91,21,0,0,53,3,62,0,3.7907546454574597,50.2275,0,0,0,0,0,0,0,1,0,0,1,0,0,0
111.41,22,0,0,48,4,29,0,2.321041618311633,22.282,0,0,0,0,0,0,0,0,1,0,1,0,0,0
17.5,8,0,0,44,2,38,0,0.39772726368801675,5.833333333333333,0,0,0,0,0,1,0,0,0,0,0,1,0,0
151.07,20,0,0,99,2,20,0,1.5259595805458628,50.35666666666666,0,0,0,0,0,0,1,0,0,0,1,0,0,0
52.45,4,0,0,96,3,32,1,0.5463541609754775,13.1125,0,0,0,0,0,0,0,0,1,0,0,0,1,0
266.33,9,0,0,38,2,45,0,7.008684026087263,88.77666666666666,0,0,0,1,0,0,0,0,1,0,0,1,0,0
141.26,17,0,0,85,0,33,0,1.6618823333896195,141.26,0,0,0,0,0,0,0,0,1,1,0,0,0,0
108.37,4,0,0,41,2,43,1,2.64317066723974,36.123333333333335,0,0,0,0,0,1,0,0,0,0,0,0,1,0
1370.04,7,0,0,54,3,30,0,25.37111064127573,342.51,0,0,1,0,0,0,0,1,0,0,0,1,0,0
517.0,0,0,0,96,4,52,1,5.385416610568577,103.4,0,0,1,0,0,1,0,0,0,0,0,0,1,0
34.04,11,0,0,36,0,42,0,0.9455555292901242,34.04,0,0,0,1,1,0,0,0,0,0,0,1,0,0
2.61,19,1,0,47,5,59,0,0.05553191371208694,0.435,1,1,0,0,0,1,0,0,0,0,1,0,0,0
104.41,17,0,0,46,1,61,0,2.269782559352553,52.205,0,0,0,0,0,0,0,0,1,1,0,0,0,0
333.44,13,0,0,93,0,31,0,3.5853763055335883,333.44,0,0,0,0,1,0,0,0,0,1,0,0,0,0
19.16,6,1,0,78,0,21,0,0.24564102249178177,19.16,1,1,0,0,0,0,0,0,1,0,0,1,0,0
343.39,21,0,0,92,2,37,0,3.732499959429348,114.46333333333332,0,0,0,0,0,0,0,1,0,0,1,0,0,0
2.93,13,1,0,93,4,60,0,0.03150537600531854,0.5860000000000001,1,1,0,0,1,0,0,0,0,1,0,0,0,0
34.49,14,0,0,94,2,67,0,0.3669148897136714,11.496666666666668,0,0,0,0,0,1,0,0,0,1,0,0,0,0
229.53,21,0,0,39,5,26,0,5.885384464477322,38.255,0,0,0,1,0,0,0,0,1,0,1,0,0,0
354.08,9,0,0,74,1,59,0,4.78486480020453,177.04,0,0,0,0,1,0,0,0,0,0,0,1,0,0
558.44,17,0,0,95,2,49,0,5.878315727596677,186.14666666666668,0,0,1,0,0,0,1,0,0,1,0,0,0,0
1.47,1,0,0,68,4,52,1,0.02161764674091696,0.294,0,0,0,0,1,0,0,0,0,0,0,0,1,0
282.26,17,0,0,62,3,32,0,4.552580571732571,70.565,0,0,0,0,0,0,0,0,1,1,0,0,0,0
59.82,4,0,0,41,1,40,1,1.4590243546579427,29.91,0,0,0,0,0,0,1,0,0,0,0,0,1,0
170.18,0,0,0,63,4,57,1,2.701269798392543,34.036,0,0,0,0,0,0,0,1,0,0,0,0,1,0
29.59,13,0,0,84,1,20,0,0.3522619005683107,14.795,0,0,0,0,0,0,0,0,1,1,0,0,0,0
154.82,23,0,0,49,0,21,0,3.159591772253229,154.82,0,0,0,0,0,0,0,1,0,0,1,0,0,0
7.41,4,0,0,76,4,19,1,0.09749999871710528,1.482,0,0,0,0,0,0,0,1,0,0,0,0,1,0
178.01,15,0,0,94,1,37,0,1.8937233841093257,89.005,0,0,0,0,0,0,1,0,0,1,0,0,0,0
80.47,3,0,0,62,3,57,1,1.297903204872529,20.1175,0,0,0,0,0,0,1,0,0,0,0,0,1,0
48.06,4,0,1,43,2,63,1,1.1176743926122235,16.02,1,1,0,0,0,1,0,0,0,0,0,0,1,0
796.32,1,0,0,90,2,60,1,8.84799990168889,265.44,0,0,1,0,0,1,0,0,0,0,0,0,1,0
17.88,23,0,1,48,2,20,0,0.37249999223958347,5.96,1,1,0,0,0,0,0,0,1,0,1,0,0,0
71.77,1,1,0,46,0,45,1,1.5602173573865792,71.77,1,1,0,0,1,0,0,0,0,0,0,0,1,0
26.87,0,0,1,32,0,21,1,0.8396874737597665,26.87,1,1,0,1,0,0,0,1,0,0,0,0,1,1
23.14,20,1,0,44,4,38,0,0.5259090789566119,4.628,1,1,0,0,1,0,0,0,0,0,1,0,0,0
10.44,3,0,0,44,1,49,1,0.2372727218801654,5.22,0,0,0,0,0,0,1,0,0,0,0,0,1,0
200.49,7,0,0,62,2,62,0,3.2337096252627484,66.83,0,0,0,0,0,0,0,1,0,0,0,1,0,0
54.52,21,0,0,44,4,19,0,1.239090880929753,10.904,0,0,0,0,0,0,0,1,0,0,1,0,0,0
34.73,1,0,0,93,4,50,1,0.3734408561995607,6.946,0,0,0,0,0,0,0,0,1,0,0,0,1,0
606.75,0,0,0,68,2,47,1,8.9227939864295,202.25,0,0,1,0,0,0,1,0,0,0,0,0,1,0
4.69,7,0,0,60,2,63,0,0.07816666536388892,1.5633333333333335,0,0,0,0,0,0,0,0,1,0,0,1,0,0
108.15,15,0,0,88,1,42,0,1.2289772587616221,54.075,0,0,0,0,0,0,1,0,0,1,0,0,0,0
53.75,3,0,0,29,2,62,1,1.8534482119500615,17.916666666666668,0,0,0,1,0,0,0,1,0,0,0,0,1,0
0.13,13,0,0,96,2,18,0,0.001354166652560764,0.043333333333333335,0,0,0,0,0,0,0,1,0,1,0,0,0,0
54.86,1,1,0,44,1,69,1,1.2468181534814056,27.43,1,1,0,0,0,0,1,0,0,0,0,0,1,0
8.08,14,1,0,82,2,46,0,0.098536584164188,2.6933333333333334,1,1,0,0,0,1,0,0,0,1,0,0,0,0
68.18,7,0,0,43,1,56,0,1.5855813584748524,34.09,0,0,0,0,0,0,0,0,1,0,0,1,0,0
130.82,16,0,0,94,1,46,0,1.3917021128542328,65.41,0,0,0,0,0,1,0,0,0,1,0,0,0,0
238.61,2,0,0,46,4,40,1,5.187173800278831,47.722,0,0,0,0,0,1,0,0,0,0,0,0,1,0
42.6,13,0,0,51,1,46,0,0.8352941012687431,21.3,0,0,0,0,0,0,0,0,1,1,0,0,0,0
8.49,18,0,0,93,0,69,0,0.0912903215990288,8.49,0,0,0,0,0,0,0,1,0,0,1,0,0,0
237.91,23,0,0,70,1,28,0,3.3987142371612253,118.955,0,0,0,0,0,0,1,0,0,0,1,0,0,0
4.94,23,0,0,54,2,56,0,0.09148147978738001,1.6466666666666667,0,0,0,0,0,1,0,0,0,0,1,0,0,0
342.22,20,0,0,54,2,36,0,6.337407290048014,114.07333333333334,0,0,0,0,0,0,1,0,0,0,1,0,0,0
162.85,9,1,0,47,4,43,0,3.4648935433001373,32.57,1,1,0,0,1,0,0,0,0,0,0,1,0,0
63.73,15,0,0,66,3,44,0,0.9656060459756659,15.9325,0,0,0,0,1,0,0,0,0,1,0,0,0,0
176.52,10,0,0,39,1,33,0,4.526153730098623,88.26,0,0,0,1,0,1,0,0,0,0,0,1,0,0
156.83,14,0,0,78,2,29,0,2.0106409998635772,52.27666666666667,0,0,0,0,0,0,1,0,0,1,0,0,0,0
42.4,22,0,0,34,0,36,0,1.2470587868512122,42.4,0,0,0,1,0,0,0,1,0,0,1,0,0,0
19.0,18,0,0,38,5,45,0,0.49999998684210567,3.1666666666666665,0,0,0,1,0,0,0,1,0,0,1,0,0,0
210.28,21,0,0,30,1,34,0,7.009333099688896,105.14,0,0,0,1,0,0,1,0,0,0,1,0,0,0
135.83,0,0,0,95,4,28,1,1.4297894586337954,27.166000000000004,0,0,0,0,0,0,0,0,1,0,0,0,1,0
92.24,1,1,0,39,0,32,1,2.3651281444838936,92.24,1,1,0,1,0,0,1,0,0,0,0,0,1,1
118.04,15,0,0,35,7,29,0,3.372571332212248,14.755,0,0,0,1,0,0,1,0,0,1,0,0,0,0
159.07,8,0,0,36,2,38,0,4.418610988371917,53.02333333333333,0,0,0,1,1,0,0,0,0,0,0,1,0,0
95.32,12,0,0,36,4,37,0,2.647777704228397,19.064,0,0,0,1,1,0,0,0,0,1,0,0,0,0
110.22,17,0,0,69,0,55,0,1.597391281197228,110.22,0,0,0,0,0,1,0,0,0,1,0,0,0,0
33.69,17,0,0,78,2,43,0,0.43192307138560165,11.229999999999999,0,0,0,0,0,0,1,0,0,1,0,0,0,0
83.94,9,0,0,90,0,64,0,0.9326666563037038,83.94,0,0,0,0,0,0,0,1,0,0,0,1,0,0
319.93,9,1,0,90,2,27,0,3.5547777382802477,106.64333333333333,1,1,0,0,0,1,0,0,0,0,0,1,0,0
46.45,1,0,0,82,3,31,1,0.5664634077260561,11.6125,0,0,0,0,0,1,0,0,0,0,0,0,1,0
122.09,11,0,1,75,2,54,0,1.6278666449617782,40.696666666666665,1,1,0,0,0,0,0,1,0,0,0,1,0,0
195.37,22,0,0,66,3,52,0,2.9601514703007354,48.8425,0,0,0,0,0,0,1,0,0,0,1,0,0,0
110.33,17,0,0,71,2,19,0,1.5539436400853008,36.776666666666664,0,0,0,0,0,0,0,0,1,1,0,0,0,0
114.84,21,0,0,55,1,28,0,2.0879999620363643,57.42,0,0,0,0,0,0,0,0,1,0,1,0,0,0
2.25,8,0,0,83,1,25,0,0.02710843340833213,1.125,0,0,0,0,0,1,0,0,0,0,0,1,0,0
47.04,5,0,1,32,0,61,1,1.4699999540625015,47.04,1,1,0,1,1,0,0,0,0,0,0,0,1,0
261.26,8,0,1,34,3,64,0,7.684117421055371,65.315,1,1,0,1,0,0,1,0,0,0,0,1,0,0
114.93,23,0,0,94,0,29,0,1.2226595614610687,114.93,0,0,0,0,0,0,0,0,1,0,1,0,0,0
30.82,2,1,0,62,0,59,1,0.49709676617585863,30.82,1,1,0,0,0,0,0,1,0,0,0,0,1,0
931.07,19,0,0,81,2,54,0,11.494691216114925,310.3566666666667,0,0,1,0,1,0,0,0,0,0,1,0,0,0
119.94,16,0,1,86,3,38,0,1.3946511465738238,29.985,1,1,0,0,0,1,0,0,0,1,0,0,0,0
61.05,7,0,0,45,2,41,0,1.3566666365185192,20.349999999999998,0,0,0,0,0,1,0,0,0,0,0,1,0,0
85.28,19,0,0,30,1,47,0,2.8426665719111144,42.64,0,0,0,1,1,0,0,0,0,0,1,0,0,0
150.16,3,0,0,61,2,60,1,2.4616393039075524,50.053333333333335,0,0,0,0,0,1,0,0,0,0,0,0,1,0
650.22,19,0,1,46,1,69,0,14.135217084017022,325.11,1,1,1,0,0,1,0,0,0,0,1,0,0,0
153.41,14,0,0,79,2,68,0,1.9418987095962188,51.13666666666666,0,0,0,0,0,1,0,0,0,1,0,0,0,0
382.28,2,0,0,45,3,33,1,8.495110922330868,95.57,0,0,0,0,0,0,0,1,0,0,0,0,1,0
340.01,15,0,0,51,3,41,0,6.666862614375243,85.0025,0,0,0,0,0,1,0,0,0,1,0,0,0,0
13.04,14,0,0,77,3,36,0,0.16935064715129028,3.26,0,0,0,0,0,1,0,0,0,1,0,0,0,0
3.19,1,1,0,45,2,51,1,0.07088888731358028,1.0633333333333332,1,1,0,0,0,0,0,1,0,0,0,0,1,0
82.41,12,0,0,93,3,62,0,0.8861290227297954,20.6025,0,0,0,0,0,0,0,0,1,1,0,0,0,0
32.9,11,0,0,91,2,46,0,0.36153845756551145,10.966666666666667,0,0,0,0,0,0,1,0,0,0,0,1,0,0
93.87,7,0,0,56,0,69,0,1.676249970066965,93.87,0,0,0,0,0,1,0,0,0,0,0,1,0,0
240.65,13,0,0,91,2,57,0,2.644505465444995,80.21666666666667,0,0,0,0,1,0,0,0,0,1,0,0,0,0
180.08,8,0,0,86,0,54,0,2.093953464023797,180.08,0,0,0,0,0,1,0,0,0,0,0,1,0,0
60.18,14,0,1,28,1,57,0,2.1492856375255127,30.09,1,1,0,1,0,1,0,0,0,1,0,0,0,0
203.87,10,0,0,43,3,29,0,4.7411626804380775,50.9675,0,0,0,0,0,0,0,1,0,0,0,1,0,0
61.96,7,0,0,73,2,68,0,0.8487671116607245,20.653333333333332,0,0,0,0,0,1,0,0,0,0,0,1,0,0
456.6,23,0,0,72,2,28,0,6.341666578587965,152.20000000000002,0,0,0,0,0,0,0,0,1,0,1,0,0,0
153.24,15,0,0,32,2,27,0,4.788749850351568,51.080000000000005,0,0,0,1,0,0,1,0,0,1,0,0,0,0
261.71,1,0,0,30,3,57,1,8.723666375877787,65.4275,0,0,0,1,0,1,0,0,0,0,0,0,1,0
2.95,9,0,0,91,4,25,0,0.032417582061345256,0.5900000000000001,0,0,0,0,0,0,1,0,0,0,0,1,0,0
86.96,6,0,0,78,0,62,0,1.1148717805785668,86.96,0,0,0,0,0,0,0,1,0,0,0,1,0,0
152.17,10,1,0,29,3,67,0,5.247241198370992,38.0425,1,1,0,1,1,0,0,0,0,0,0,1,0,0
212.45,0,0,0,37,4,51,1,5.741891736705629,42.489999999999995,0,0,0,1,1,0,0,0,0,0,0,0,1,0
31.74,1,0,0,67,3,43,1,0.47373133621296515,7.935,0,0,0,0,0,1,0,0,0,0,0,0,1,0
118.41,13,0,0,44,2,51,0,2.6911363024741752,39.47,0,0,0,0,0,0,1,0,0,1,0,0,0,0
204.89,10,0,0,64,1,65,0,3.201406199978028,102.445,0,0,0,0,0,0,0,0,1,0,0,1,0,0
1.33,16,0,0,49,2,47,0,0.027142856588921297,0.44333333333333336,0,0,0,0,0,0,1,0,0,1,0,0,0,0
219.78,9,0,0,98,3,65,0,2.242653038340275,54.945,0,0,0,0,0,0,1,0,0,0,0,1,0,0
140.52,23,1,0,54,0,36,0,2.602222174032923,140.52,1,1,0,0,0,0,0,0,1,0,1,0,0,0
195.1,6,0,0,25,1,34,0,7.803999687840012,97.55,0,0,0,1,0,0,1,0,0,0,0,1,0,0
67.83,4,0,0,79,3,49,1,0.8586075840682584,16.9575,0,0,0,0,1,0,0,0,0,0,0,0,1,0
786.42,6,1,0,92,2,37,0,8.548043385347354,262.14,1,1,1,0,0,0,0,0,1,0,0,1,0,0
184.47,8,0,0,71,3,19,0,2.598168977490578,46.1175,0,0,0,0,0,0,0,0,1,0,0,1,0,0
123.0,12,0,0,48,1,54,0,2.562499946614585,61.5,0,0,0,0,0,1,0,0,0,1,0,0,0,0
157.44,22,0,0,63,3,45,0,2.499047579380197,39.36,0,0,0,0,0,0,1,0,0,0,1,0,0,0
109.47,1,0,0,51,0,42,1,2.1464705461476363,109.47,0,0,0,0,0,0,0,1,0,0,0,0,1,0
40.2,8,0,0,71,2,58,0,0.5661971751239835,13.4,0,0,0,0,0,0,1,0,0,0,0,1,0,0
38.5,1,0,0,79,1,21,1,0.48734176598301565,19.25,0,0,0,0,1,0,0,0,0,0,0,0,1,0
74.03,14,0,0,54,1,69,0,1.3709259005384093,37.015,0,0,0,0,0,0,1,0,0,1,0,0,0,0
7.21,11,0,0,31,1,59,0,0.2325806376586891,3.605,0,0,0,1,1,0,0,0,0,0,0,1,0,0
99.48,6,0,0,76,1,34,0,1.3089473511980612,49.74,0,0,0,0,0,0,1,0,0,0,0,1,0,0
429.85,21,0,0,47,1,59,0,9.145744486260757,214.925,0,0,0,0,0,0,0,1,0,0,1,0,0,0
522.13,10,0,0,77,1,53,0,6.780909002845338,261.065,0,0,1,0,1,0,0,0,0,0,0,1,0,0
382.63,13,0,0,98,0,59,0,3.90438771526135,382.63,0,0,0,0,0,0,1,0,0,1,0,0,0,0
265.52,1,0,1,93,1,58,1,2.8550537327413577,132.76,1,1,0,0,0,1,0,0,0,0,0,0,1,0
414.94,20,1,0,55,2,64,0,7.544363499193391,138.31333333333333,1,1,0,0,0,1,0,0,0,0,1,0,0,0
43.83,13,0,0,92,1,24,0,0.47641303829985826,21.915,0,0,0,0,1,0,0,0,0,1,0,0,0,0
611.81,18,0,0,70,2,44,0,8.740142732283674,203.93666666666664,0,0,1,0,0,0,0,0,1,0,1,0,0,0
358.24,4,0,0,99,1,37,1,3.6185858220344866,179.12,0,0,0,0,0,1,0,0,0,0,0,0,1,0
25.79,22,0,0,32,4,35,0,0.805937474814454,5.1579999999999995,0,0,0,1,0,0,0,1,0,0,1,0,0,0
56.59,15,0,0,25,3,24,0,2.2635999094560035,14.1475,0,0,0,1,0,0,0,0,1,1,0,0,0,0
395.27,10,0,0,36,3,65,0,10.979721917229947,98.8175,0,0,0,1,1,0,0,0,0,0,0,1,0,0
262.35,15,0,0,44,0,55,0,5.96249986448864,262.35,0,0,0,0,0,0,0,1,0,1,0,0,0,0
51.4,5,1,0,71,3,25,1,0.7239436517754415,12.85,1,1,0,0,1,0,0,0,0,0,0,0,1,0
28.33,22,0,0,51,2,20,0,0.555490185186467,9.443333333333333,0,0,0,0,0,0,1,0,0,0,1,0,0,0
292.09,7,0,0,46,2,40,0,6.349782470656903,97.36333333333333,0,0,0,0,0,0,1,0,0,0,0,1,0,0
100.5,14,0,1,41,2,68,0,2.4512194524092816,33.5,1,1,0,0,0,1,0,0,0,1,0,0,0,0
37.95,1,0,0,84,1,20,1,0.451785708907313,18.975,0,0,0,0,0,0,0,1,0,0,0,0,1,0
312.45,17,0,1,29,2,48,0,10.774137559512496,104.14999999999999,1,1,0,1,0,0,0,1,0,1,0,0,0,0
13.94,17,1,0,52,1,24,0,0.2680769179215977,6.97,1,1,0,0,0,0,0,1,0,1,0,0,0,0
270.06,5,0,0,45,3,60,1,6.001333199970373,67.515,0,0,0,0,0,0,1,0,0,0,0,0,1,0
101.06,22,0,1,89,6,33,0,1.1355056052190382,14.437142857142858,1,1,0,0,1,0,0,0,0,0,1,0,0,0
70.84,2,0,0,61,4,18,1,1.1613114563719436,14.168000000000001,0,0,0,0,1,0,0,0,0,0,0,0,1,0
98.49,6,0,0,88,3,48,0,1.119204532736312,24.6225,0,0,0,0,0,0,0,1,0,0,0,1,0,0
321.92,22,1,0,79,2,53,0,4.074936657279284,107.30666666666667,1,1,0,0,0,0,0,0,1,0,1,0,0,0
73.2,1,0,0,64,2,38,1,1.1437499821289066,24.400000000000002,0,0,0,0,0,0,0,1,0,0,0,0,1,0
21.63,22,0,0,48,4,69,0,0.45062499061197936,4.326,0,0,0,0,0,0,1,0,0,0,1,0,0,0
682.47,14,0,0,50,3,54,0,13.649399727012007,170.6175,0,0,1,0,0,0,0,1,0,1,0,0,0,0
405.83,13,0,0,53,3,49,0,7.6571696668458555,101.4575,0,0,0,0,0,0,0,1,0,1,0,0,0,0
104.06,9,0,0,79,2,52,0,1.317215173199808,34.68666666666667,0,0,0,0,0,0,0,0,1,0,0,1,0,0
139.14,13,0,0,67,1,28,0,2.0767163869146805,69.57,0,0,0,0,1,0,0,0,0,1,0,0,0,0
763.3,13,0,1,42,2,19,0,18.173809091099784,254.4333333333333,1,1,1,0,1,0,0,0,0,1,0,0,0,0
77.51,23,0,0,52,1,19,0,1.490576894411983,38.755,0,0,0,0,0,0,0,0,1,0,1,0,0,0
407.08,19,0,0,88,1,38,0,4.625909038341943,203.54,0,0,0,0,0,0,1,0,0,0,1,0,0,0
203.59,6,0,0,98,6,68,0,2.077448958393378,29.084285714285716,0,0,0,0,1,0,0,0,0,0,0,1,0,0
49.36,23,0,0,80,1,44,0,0.6169999922875001,24.68,0,0,0,0,0,1,0,0,0,0,1,0,0,0
97.36,5,0,1,58,0,56,1,1.6786206607134369,97.36,1,1,0,0,0,0,1,0,0,0,0,0,1,0
49.89,1,0,0,90,0,48,1,0.5543333271740741,49.89,0,0,0,0,0,0,1,0,0,0,0,0,1,0
39.99,19,0,0,98,1,34,0,0.40806122032590597,19.995,0,0,0,0,1,0,0,0,0,0,1,0,0,0
315.25,13,0,0,57,1,69,0,5.530701657356111,157.625,0,0,0,0,0,1,0,0,0,1,0,0,0,0
69.15,17,0,0,49,2,31,0,1.4112244609954194,23.05,0,0,0,0,0,0,1,0,0,1,0,0,0,0
80.67,18,0,0,80,3,50,0,1.0083749873953127,20.1675,0,0,0,0,0,1,0,0,0,0,1,0,0,0
87.96,3,0,0,82,1,31,1,1.0726829137477694,43.98,0,0,0,0,0,0,0,0,1,0,0,0,1,0
515.71,0,0,0,28,3,43,1,18.41821362792094,128.9275,0,0,1,1,0,0,1,0,0,0,0,0,1,0
296.18,16,0,0,53,2,55,0,5.588301781352797,98.72666666666667,0,0,0,0,1,0,0,0,0,1,0,0,0,0
124.37,7,0,0,30,3,55,0,4.145666528477783,31.0925,0,0,0,1,0,1,0,0,0,0,0,1,0,0
433.29,10,1,0,60,3,33,0,7.221499879641669,108.3225,1,1,0,0,1,0,0,0,0,0,0,1,0,0
270.81,15,0,0,51,1,26,0,5.309999895882355,135.405,0,0,0,0,1,0,0,0,0,1,0,0,0,0
138.25,16,0,0,26,3,42,0,5.3173074877958655,34.5625,0,0,0,1,1,0,0,0,0,1,0,0,0,0
69.35,15,0,0,72,1,55,0,0.963194431066744,34.675,0,0,0,0,0,0,0,1,0,1,0,0,0,0
38.35,1,0,0,67,2,18,1,0.5723880511583873,12.783333333333333,0,0,0,0,1,0,0,0,0,0,0,0,1,0
45.08,11,0,0,40,4,44,0,1.1269999718250008,9.016,0,0,0,0,0,0,0,1,0,0,0,1,0,0
60.58,14,0,0,28,3,50,0,2.163571351301023,15.145,0,0,0,1,0,0,1,0,0,1,0,0,0,0
107.69,10,0,0,76,3,36,0,1.416973665566136,26.9225,0,0,0,0,1,0,0,0,0,0,0,1,0,0
39.03,19,0,1,51,3,30,0,0.7652941026412922,9.7575,1,1,0,0,0,0,0,1,0,0,1,0,0,0
182.81,12,0,0,78,1,30,0,2.3437179186702832,91.405,0,0,0,0,0,0,1,0,0,1,0,0,0,0
61.96,8,0,0,76,3,31,0,0.8152631471675902,15.49,0,0,0,0,0,0,0,0,1,0,0,1,0,0
78.02,12,0,0,34,3,67,0,2.2947058148615938,19.505,0,0,0,1,0,0,1,0,0,1,0,0,0,0
1.79,9,0,1,34,2,38,0,0.052647057275086555,0.5966666666666667,1,1,0,1,0,0,0,1,0,0,0,1,0,0
129.17,12,0,0,61,3,37,0,2.117540948892771,32.2925,0,0,0,0,0,0,1,0,0,1,0,0,0,0
49.1,15,0,0,70,2,36,0,0.7014285614081635,16.366666666666667,0,0,0,0,0,0,0,1,0,1,0,0,0,0
74.9,2,0,0,96,2,29,1,0.7802083252061633,24.96666666666667,0,0,0,0,0,1,0,0,0,0,0,0,1,0
83.53,5,0,0,99,2,62,1,0.8437373652147742,27.843333333333334,0,0,0,0,0,0,1,0,0,0,0,0,1,0
570.33,4,0,0,26,1,68,1,21.935768387085833,285.165,0,0,1,1,0,1,0,0,0,0,0,0,1,0
144.86,4,0,0,60,3,19,1,2.4143332930944457,36.215,0,0,0,0,0,1,0,0,0,0,0,0,1,0
215.9,15,0,0,73,1,47,0,2.9575342060611756,107.95,0,0,0,0,0,0,0,0,1,1,0,0,0,0
104.42,8,0,0,99,1,31,0,1.05474746409346,52.21,0,0,0,0,0,1,0,0,0,0,0,1,0,0
37.17,2,1,0,44,4,20,1,0.8447727080733476,7.434,1,1,0,0,0,0,1,0,0,0,0,0,1,0
408.74,1,0,0,98,0,22,1,4.170816283971263,408.74,0,0,0,0,0,0,0,1,0,0,0,0,1,0
188.29,5,1,0,61,1,18,1,3.086721260873422,94.145,1,1,0,0,1,0,0,0,0,0,0,0,1,0
125.44,0,0,0,61,1,48,1,2.0563934089115836,62.72,0,0,0,0,0,0,1,0,0,0,0,0,1,0
2.48,8,0,0,80,1,50,0,0.030999999612500006,1.24,0,0,0,0,0,0,0,1,0,0,0,1,0,0
1112.79,1,0,0,80,1,37,1,13.909874826126565,556.395,0,0,1,0,0,0,0,1,0,0,0,0,1,0
574.39,5,0,0,44,2,64,1,13.054317885129139,191.46333333333334,0,0,1,0,0,0,0,1,0,0,0,0,1,0
59.5,10,0,0,54,2,34,0,1.1018518314471883,19.833333333333332,0,0,0,0,0,0,0,0,1,0,0,1,0,0
187.61,0,0,0,42,3,29,1,4.4669046555498895,46.9025,0,0,0,0,0,0,0,0,1,0,0,0,1,0
64.67,0,0,0,64,0,65,1,1.010468734211426,64.67,0,0,0,0,0,0,1,0,0,0,0,0,1,0
561.91,8,0,0,43,1,69,0,13.067674114705254,280.955,0,0,1,0,0,0,0,1,0,0,0,1,0,0
357.06,1,0,1,54,3,40,1,6.612222099773665,89.265,1,1,0,0,0,0,0,1,0,0,0,0,1,0
22.59,0,0,0,42,2,24,1,0.5378571300510208,7.53,0,0,0,0,0,0,0,1,0,0,0,0,1,0
57.18,9,0,1,88,3,65,0,0.6497727198889464,14.295,1,1,0,0,1,0,0,0,0,0,0,1,0,0
321.47,8,0,0,81,2,23,0,3.9687653831016623,107.15666666666668,0,0,0,0,0,0,0,0,1,0,0,1,0,0
229.37,6,0,1,53,2,66,0,4.3277357674012125,76.45666666666666,1,1,0,0,1,0,0,0,0,0,0,1,0,0
36.94,20,0,1,97,2,44,0,0.38082473834201297,12.313333333333333,1,1,0,0,0,0,0,0,1,0,1,0,0,0
139.15,14,0,0,69,1,50,0,2.0166666374396143,69.575,0,0,0,0,0,1,0,0,0,1,0,0,0,0
397.34,13,0,1,82,1,45,0,4.845609697004759,198.67,1,1,0,0,0,0,0,1,0,1,0,0,0,0
86.23,15,0,0,38,1,29,0,2.269210466599725,43.115,0,0,0,1,0,1,0,0,0,1,0,0,0,0
472.98,23,1,1,99,0,68,0,4.777575709317418,472.98,1,2,0,0,0,1,0,0,0,0,1,0,0,0
13.58,14,0,0,73,3,51,0,0.1860273947119535,3.395,0,0,0,0,0,1,0,0,0,1,0,0,0,0
139.52,14,0,0,61,0,43,0,2.2872130772588024,139.52,0,0,0,0,0,0,0,1,0,1,0,0,0,0
150.42,4,0,0,25,1,39,1,6.016799759328009,75.21,0,0,0,1,0,1,0,0,0,0,0,0,1,0
22.65,4,0,0,52,0,30,1,0.43557691470044396,22.65,0,0,0,0,0,0,1,0,0,0,0,0,1,0
353.17,14,0,0,64,2,27,0,5.518281163776857,117.72333333333334,0,0,0,0,0,0,0,0,1,1,0,0,0,0
37.63,5,0,0,87,3,57,1,0.43252873066058933,9.4075,0,0,0,0,0,0,0,0,1,0,0,0,1,0
295.2,6,0,0,45,0,22,0,6.559999854222226,295.2,0,0,0,0,0,1,0,0,0,0,0,1,0,0
75.3,17,0,0,42,2,29,0,1.792857100170069,25.099999999999998,0,0,0,0,0,0,0,0,1,1,0,0,0,0
276.83,21,1,0,77,3,30,0,3.5951947585039643,69.2075,1,1,0,0,0,0,0,0,1,0,1,0,0,0
431.1,3,0,1,28,3,44,1,15.396428021556142,107.775,1,1,0,1,1,0,0,0,0,0,0,0,1,1
12.87,11,0,0,91,3,62,0,0.14142856987441133,3.2175,0,0,0,0,0,0,0,1,0,0,0,1,0,0
76.39,14,0,0,57,1,55,0,1.3401754150846419,38.195,0,0,0,0,0,0,0,0,1,1,0,0,0,0
193.92,16,0,0,85,2,50,0,2.2814117378657444,64.64,0,0,0,0,0,0,1,0,0,1,0,0,0,0
52.55,6,0,0,34,1,25,0,1.5455881898356416,26.275,0,0,0,1,1,0,0,0,0,0,0,1,0,0
12.53,6,0,0,61,1,34,0,0.20540983269819946,6.265,0,0,0,0,0,0,0,0,1,0,0,1,0,0
233.09,20,0,0,46,1,29,0,5.067173802887527,116.545,0,0,0,0,0,0,0,1,0,0,1,0,0,0
44.98,5,0,0,97,2,29,1,0.4637113354256563,14.993333333333332,0,0,0,0,1,0,0,0,0,0,0,0,1,0
239.69,5,0,0,63,3,24,1,3.8046031142126493,59.9225,0,0,0,0,0,0,1,0,0,0,0,0,1,0
145.34,22,0,0,84,2,19,0,1.730238074640023,48.446666666666665,0,0,0,0,1,0,0,0,0,0,1,0,0,0
47.22,12,0,0,76,0,28,0,0.6213157812984765,47.22,0,0,0,0,0,0,1,0,0,1,0,0,0,0
84.06,9,0,1,26,4,50,0,3.2330767987278155,16.812,1,1,0,1,0,0,1,0,0,0,0,1,0,0
13.63,3,0,0,80,1,61,1,0.17037499787031254,6.815,0,0,0,0,0,0,1,0,0,0,0,0,1,0
294.34,7,0,0,32,0,37,0,9.198124712558602,294.34,0,0,0,1,0,0,1,0,0,0,0,1,0,0
61.38,4,0,0,25,1,20,1,2.455199901792004,30.69,0,0,0,1,0,0,0,0,1,0,0,0,1,0
39.94,22,1,0,49,0,32,0,0.8151020241815914,39.94,1,1,0,0,0,1,0,0,0,0,1,0,0,0
51.53,7,1,0,37,1,60,0,1.3927026650620902,25.765,1,1,0,1,0,0,0,0,1,0,0,1,0,0
92.45,4,0,0,92,2,34,1,1.0048912934250946,30.816666666666666,0,0,0,0,0,0,0,0,1,0,0,0,1,0
311.16,0,1,0,28,0,38,1,11.112856745969403,311.16,1,1,0,1,0,0,1,0,0,0,0,0,1,1
156.47,16,0,0,82,1,54,0,1.9081707084369426,78.235,0,0,0,0,0,0,0,0,1,1,0,0,0,0
56.19,8,0,0,67,0,65,0,0.8386567039006462,56.19,0,0,0,0,0,1,0,0,0,0,0,1,0,0
136.62,1,0,0,51,2,46,1,2.6788234768858143,45.54,0,0,0,0,1,0,0,0,0,0,0,0,1,0
91.65,17,0,0,30,3,40,0,3.05499989816667,22.9125,0,0,0,1,1,0,0,0,0,1,0,0,0,0
228.74,20,0,0,75,2,49,0,3.0498666260017786,76.24666666666667,0,0,0,0,0,1,0,0,0,0,1,0,0,0
263.81,1,0,0,92,2,43,1,2.867499968831522,87.93666666666667,0,0,0,0,0,0,0,0,1,0,0,0,1,0
57.98,14,0,0,39,3,60,0,1.4866666285470096,14.495,0,0,0,1,0,0,1,0,0,1,0,0,0,0
178.34,4,0,0,91,3,64,1,1.9597801982441738,44.585,0,0,0,0,1,0,0,0,0,0,0,0,1,0
116.21,18,0,0,32,4,40,0,3.6315623865136755,23.241999999999997,0,0,0,1,0,0,0,0,1,0,1,0,0,0
379.43,10,0,0,46,0,33,0,8.248478081554826,379.43,0,0,0,0,0,0,0,1,0,0,0,1,0,0
30.27,0,0,0,83,4,31,1,0.36469879078676154,6.054,0,0,0,0,0,0,1,0,0,0,0,0,1,0
180.92,15,1,0,55,0,61,0,3.289454485646282,180.92,1,1,0,0,0,1,0,0,0,1,0,0,0,0
121.74,15,0,0,67,0,20,0,1.817014898253509,121.74,0,0,0,0,0,0,0,1,0,1,0,0,0,0
26.14,12,0,0,56,3,54,0,0.46678570595025526,6.535,0,0,0,0,0,0,0,0,1,1,0,0,0,0
128.31,5,0,0,84,4,44,1,1.5274999818154764,25.662,0,0,0,0,1,0,0,0,0,0,0,0,1,0
63.58,16,0,0,77,2,28,0,0.8257142749907237,21.19333333333333,0,0,0,0,0,0,1,0,0,1,0,0,0,0
181.25,4,0,0,61,2,49,1,2.971311426699813,60.416666666666664,0,0,0,0,1,0,0,0,0,0,0,0,1,0
970.18,3,0,0,96,1,65,1,10.1060415613954,485.09,0,0,1,0,0,0,0,0,1,0,0,0,1,0
21.28,20,0,0,77,4,48,0,0.2763636327744983,4.256,0,0,0,0,0,0,0,0,1,0,1,0,0,0
184.65,6,0,0,74,1,39,0,2.4952702365504025,92.325,0,0,0,0,1,0,0,0,0,0,0,1,0,0
29.97,7,0,0,95,2,35,0,0.31547368088975075,9.99,0,0,0,0,1,0,0,0,0,0,0,1,0,0
98.28,1,0,0,95,4,63,1,1.034526304899723,19.656,0,0,0,0,0,0,0,0,1,0,0,0,1,0
309.93,19,0,0,58,1,25,0,5.343620597523783,154.965,0,0,0,0,0,0,1,0,0,0,1,0,0,0
70.2,20,0,0,64,3,21,0,1.0968749828613285,17.55,0,0,0,0,0,1,0,0,0,0,1,0,0,0
44.92,10,0,0,95,2,39,0,0.47284210028587265,14.973333333333334,0,0,0,0,0,0,0,1,0,0,0,1,0,0
85.98,3,0,0,90,2,47,1,0.9553333227185187,28.66,0,0,0,0,0,1,0,0,0,0,0,0,1,0
8.7,16,0,0,67,2,40,0,0.1298507443305859,2.9,0,0,0,0,0,0,1,0,0,1,0,0,0,0
174.28,2,0,1,90,6,48,1,1.9364444229283955,24.897142857142857,1,1,0,0,0,0,1,0,0,0,0,0,1,1
260.31,11,0,0,91,4,64,0,2.8605494191148417,52.062,0,0,0,0,0,1,0,0,0,0,0,1,0,0
27.68,4,0,0,98,4,43,1,0.2824489767097043,5.536,0,0,0,0,0,0,1,0,0,0,0,0,1,0
406.87,21,0,0,62,3,42,0,6.562419248993239,101.7175,0,0,0,0,0,0,1,0,0,0,1,0,0,0
119.57,8,0,0,39,3,58,0,3.0658973572846833,29.8925,0,0,0,1,1,0,0,0,0,0,0,1,0,0
56.1,21,0,1,52,1,30,0,1.0788461330991128,28.05,1,1,0,0,0,0,0,0,1,0,1,0,0,0
26.32,12,0,0,53,0,56,0,0.49660376421502334,26.32,0,0,0,0,1,0,0,0,0,1,0,0,0,0
46.66,5,0,0,80,3,57,1,0.583249992709375,11.665,0,0,0,0,0,1,0,0,0,0,0,0,1,0
389.19,9,0,0,41,2,32,0,9.492438792867347,129.73,0,0,0,0,1,0,0,0,0,0,0,1,0,0
52.91,14,0,0,80,2,38,0,0.6613749917328126,17.636666666666667,0,0,0,0,0,0,0,0,1,1,0,0,0,0
217.3,0,0,0,34,6,59,1,6.391176282612463,31.042857142857144,0,0,0,1,0,0,0,1,0,0,0,0,1,1
369.39,5,1,0,87,2,63,1,4.245862020162505,123.13,1,1,0,0,0,0,1,0,0,0,0,0,1,0
196.84,6,1,1,75,5,65,0,2.624533298339556,32.806666666666665,1,2,0,0,0,0,0,1,0,0,0,1,0,1
12.37,3,0,0,98,2,37,1,0.12622448850791337,4.123333333333333,0,0,0,0,0,1,0,0,0,0,0,0,1,0
186.5,22,0,0,30,2,48,0,6.216666459444451,62.166666666666664,0,0,0,1,0,1,0,0,0,0,1,0,0,0
97.73,14,0,0,42,1,41,0,2.326904706502269,48.865,0,0,0,0,0,1,0,0,0,1,0,0,0,0
292.58,15,0,0,98,5,49,0,2.985510173617243,48.76333333333333,0,0,0,0,1,0,0,0,0,1,0,0,0,0
268.6,0,0,0,85,1,34,1,3.1599999628235302,134.3,0,0,0,0,0,0,1,0,0,0,0,0,1,0
303.14,22,0,0,68,1,59,0,4.457941110912631,151.57,0,0,0,0,0,0,1,0,0,0,1,0,0,0
207.78,10,0,0,58,2,44,0,3.5824137313376943,69.26,0,0,0,0,0,1,0,0,0,0,0,1,0,0
26.02,3,0,0,33,0,66,1,0.788484824591369,26.02,0,0,0,1,1,0,0,0,0,0,0,0,1,0
235.24,9,1,0,97,1,56,0,2.425154614173664,117.62,1,1,0,0,0,1,0,0,0,0,0,1,0,0
119.54,18,0,0,85,3,25,0,1.4063529246311421,29.885,0,0,0,0,0,1,0,0,0,0,1,0,0,0
136.71,2,0,0,54,0,56,1,2.5316666197839517,136.71,0,0,0,0,0,0,0,1,0,0,0,0,1,0
188.62,22,0,0,74,5,22,0,2.548918884474069,31.436666666666667,0,0,0,0,0,0,0,0,1,0,1,0,0,0
45.0,8,0,0,51,1,65,0,0.882352923875433,22.5,0,0,0,0,0,0,0,0,1,0,0,1,0,0
74.03,12,0,0,72,2,28,0,1.0281944301639663,24.676666666666666,0,0,0,0,0,0,1,0,0,1,0,0,0,0
140.84,22,0,0,32,2,58,0,4.401249862460943,46.946666666666665,0,0,0,1,0,0,1,0,0,0,1,0,0,0
141.66,1,0,0,34,2,49,1,4.166470465692045,47.22,0,0,0,1,0,0,0,1,0,0,0,0,1,0
21.94,16,0,0,25,2,39,0,0.8775999648960014,7.3133333333333335,0,0,0,1,0,0,0,1,0,1,0,0,0,0
284.22,20,0,0,27,2,68,0,10.526666276790138,94.74000000000001,0,0,0,1,0,0,1,0,0,0,1,0,0,0
411.89,3,1,0,62,1,36,1,6.64338698962279,205.945,1,1,0,0,0,0,0,0,1,0,0,0,1,0
3.57,1,0,0,71,0,22,1,0.05028168943265226,3.57,0,0,0,0,0,0,0,1,0,0,0,0,1,0
405.25,12,0,0,59,1,52,0,6.868643951378917,202.625,0,0,0,0,1,0,0,0,0,1,0,0,0,0
435.29,5,0,0,43,1,33,1,10.123023020394815,217.645,0,0,0,0,0,1,0,0,0,0,0,0,1,0
422.27,4,0,0,39,2,59,1,10.827435619809343,140.75666666666666,0,0,0,1,0,1,0,0,0,0,0,0,1,0
185.3,0,0,0,50,2,30,1,3.705999925880002,61.76666666666667,0,0,0,0,0,0,0,0,1,0,0,0,1,0
64.09,21,1,0,89,1,21,0,0.7201123514594119,32.045,1,1,0,0,0,0,0,1,0,0,1,0,0,0
49.67,12,1,0,92,2,68,0,0.5398912984794424,16.55666666666667,1,1,0,0,0,1,0,0,0,1,0,0,0,0
79.73,2,0,1,69,2,22,1,1.1555072296303301,26.576666666666668,1,1,0,0,0,0,1,0,0,0,0,0,1,0
202.76,13,0,0,63,3,51,0,3.2184126473267836,50.69,0,0,0,0,0,0,1,0,0,1,0,0,0,0
547.41,3,0,0,78,1,37,1,7.018076833101579,273.705,0,0,1,0,0,0,0,0,1,0,0,0,1,0
62.78,1,0,0,80,4,46,1,0.7847499901906252,12.556000000000001,0,0,0,0,0,0,0,1,0,0,0,0,1,0
508.5,2,0,0,36,3,53,1,14.1249996076389,127.125,0,0,1,1,0,0,0,0,1,0,0,0,1,0
51.54,23,0,0,48,3,67,0,1.0737499776302089,12.885,0,0,0,0,1,0,0,0,0,0,1,0,0,0
324.95,3,0,0,42,3,58,1,7.736904577692749,81.2375,0,0,0,0,0,0,0,1,0,0,0,0,1,0
203.61,15,0,0,98,3,58,0,2.077653040023949,50.9025,0,0,0,0,0,1,0,0,0,1,0,0,0,0
571.12,12,0,0,75,1,29,0,7.61493323180089,285.56,0,0,1,0,0,0,1,0,0,1,0,0,0,0
403.06,8,1,0,55,4,31,0,7.328363503120664,80.612,1,1,0,0,0,0,1,0,0,0,0,1,0,0
134.69,4,0,0,31,3,38,1,4.344838569521336,33.6725,0,0,0,1,0,1,0,0,0,0,0,0,1,0
211.85,14,0,1,55,0,60,0,3.8518181117851253,211.85,1,1,0,0,0,0,0,0,1,1,0,0,0,0
86.66,23,0,1,26,1,36,0,3.3330767948816615,43.33,1,1,0,1,0,0,0,1,0,0,1,0,0,0
124.12,1,0,0,96,4,29,1,1.292916653198785,24.824,0,0,0,0,0,0,0,0,1,0,0,0,1,0
163.66,16,0,0,38,2,39,0,4.306841991925211,54.553333333333335,0,0,0,1,0,0,0,0,1,1,0,0,0,0
149.38,0,0,0,59,2,43,1,2.5318643638667058,49.79333333333333,0,0,0,0,0,0,0,1,0,0,0,0,1,0
86.94,14,0,0,52,3,19,0,1.6719230447707107,21.735,0,0,0,0,1,0,0,0,0,1,0,0,0,0
228.06,19,0,0,26,3,42,0,8.77153812417161,57.015,0,0,0,1,0,1,0,0,0,0,1,0,0,0
174.61,3,0,0,53,3,45,1,3.294528239725883,43.6525,0,0,0,0,0,0,1,0,0,0,0,0,1,0
10.7,17,0,0,72,4,49,0,0.14861110904706792,2.1399999999999997,0,0,0,0,1,0,0,0,0,1,0,0,0,0
45.41,13,0,0,94,3,62,0,0.4830851012437755,11.3525,0,0,0,0,0,1,0,0,0,1,0,0,0,0
636.91,16,0,0,94,3,57,0,6.7756382257910825,159.2275,0,0,1,0,0,0,0,0,1,1,0,0,0,0
24.48,2,0,0,32,4,53,1,0.7649999760937508,4.896,0,0,0,1,0,0,1,0,0,0,0,0,1,0
231.94,9,0,0,93,1,27,0,2.493978467806683,115.97,0,0,0,0,0,0,0,0,1,0,0,1,0,0
529.32,8,0,0,71,0,29,0,7.4552111626026605,529.32,0,0,1,0,1,0,0,0,0,0,0,1,0,0
448.59,8,0,0,66,4,45,0,6.79681807883609,89.71799999999999,0,0,0,0,0,0,0,1,0,0,0,1,0,0
561.91,17,0,0,74,5,42,0,7.593378275765159,93.65166666666666,0,0,1,0,0,0,0,1,0,1,0,0,0,0
81.25,14,0,0,36,1,21,0,2.2569443817515453,40.625,0,0,0,1,0,0,1,0,0,1,0,0,0,0
32.23,19,0,0,32,3,39,0,1.0071874685253916,8.0575,0,0,0,1,0,0,1,0,0,0,1,0,0,0
336.97,2,0,0,27,2,62,1,12.480369908134449,112.32333333333334,0,0,0,1,0,0,0,1,0,0,0,0,1,0
95.1,23,0,1,52,1,36,0,1.828846118676036,47.55,1,1,0,0,0,1,0,0,0,0,1,0,0,0
475.63,10,0,0,64,0,26,0,7.431718633879396,475.63,0,0,0,0,0,1,0,0,0,0,0,1,0,0
49.57,18,0,0,94,2,50,0,0.5273404199219105,16.523333333333333,0,0,0,0,0,1,0,0,0,0,1,0,0,0
660.01,23,1,0,70,2,23,0,9.428714151018369,220.00333333333333,1,1,1,0,0,0,1,0,0,0,1,0,0,0
40.76,2,0,0,59,1,42,1,0.6908474459178399,20.38,0,0,0,0,1,0,0,0,0,0,0,0,1,0
199.04,1,0,0,64,2,49,1,3.109999951406251,66.34666666666666,0,0,0,0,0,0,0,0,1,0,0,0,1,0
37.21,10,0,0,75,1,47,0,0.49613332671822236,18.605,0,0,0,0,1,0,0,0,0,0,0,1,0,0
236.26,5,0,0,99,1,21,1,2.386464622358943,118.13,0,0,0,0,1,0,0,0,0,0,0,0,1,0
49.63,9,1,0,60,1,36,0,0.8271666528805559,24.815,1,1,0,0,0,0,1,0,0,0,0,1,0,0
30.04,1,0,1,89,0,32,1,0.33752808609519,30.04,1,1,0,0,0,0,1,0,0,0,0,0,1,0
75.37,18,0,0,94,4,62,0,0.8018085021084203,15.074000000000002,0,0,0,0,0,0,1,0,0,0,1,0,0,0
286.35,16,0,0,96,2,34,0,2.982812468929037,95.45,0,0,0,0,0,0,0,0,1,1,0,0,0,0
10.54,21,0,0,75,2,26,0,0.14053333145955557,3.513333333333333,0,0,0,0,1,0,0,0,0,0,1,0,0,0
13.6,21,0,0,90,2,66,0,0.1511111094320988,4.533333333333333,0,0,0,0,0,0,1,0,0,0,1,0,0,0
211.36,13,0,0,79,1,45,0,2.675443004108317,105.68,0,0,0,0,0,1,0,0,0,1,0,0,0,0
284.56,9,1,1,99,2,43,0,2.874343405309663,94.85333333333334,1,2,0,0,0,0,0,0,1,0,0,1,0,0
10.48,17,1,0,40,4,55,0,0.2619999934500002,2.096,1,1,0,0,1,0,0,0,0,1,0,0,0,0
4.0,15,0,0,46,4,56,0,0.08695651984877131,0.8,0,0,0,0,0,0,0,1,0,1,0,0,0,0
73.75,19,0,0,47,0,42,0,1.569148902784066,73.75,0,0,0,0,0,1,0,0,0,0,1,0,0,0
137.75,8,0,0,66,1,33,0,2.087121180498164,68.875,0,0,0,0,0,0,0,0,1,0,0,1,0,0
119.4,23,0,0,44,2,23,0,2.713636301962812,39.800000000000004,0,0,0,0,0,0,0,1,0,0,1,0,0,0
141.6,2,0,0,28,2,47,1,5.057142676530618,47.199999999999996,0,0,0,1,0,0,1,0,0,0,0,0,1,0
345.33,17,0,0,99,1,52,0,3.4881817829476587,172.665,0,0,0,0,0,0,1,0,0,1,0,0,0,0
558.9,19,0,0,59,1,59,0,9.472881195374894,279.45,0,0,1,0,0,0,1,0,0,0,1,0,0,0
651.11,10,0,0,91,1,48,0,7.155054866427969,325.555,0,0,1,0,0,0,0,1,0,0,0,1,0,0
135.41,22,0,0,30,1,52,0,4.513666516211116,67.705,0,0,0,1,0,0,0,1,0,0,1,0,0,0
521.31,13,0,0,88,3,19,0,5.92397720540935,130.3275,0,0,1,0,0,0,0,0,1,1,0,0,0,0
338.34,7,0,0,73,4,18,0,4.63479445705761,67.66799999999999,0,0,0,0,0,1,0,0,0,0,0,1,0,0
392.6,8,0,0,52,1,33,0,7.549999854807696,196.3,0,0,0,0,0,0,1,0,0,0,0,1,0,0
129.67,7,0,0,67,4,46,0,1.9353731054421923,25.933999999999997,0,0,0,0,0,0,0,0,1,0,0,1,0,0
63.29,19,0,0,70,3,39,0,0.9041428442265308,15.8225,0,0,0,0,0,1,0,0,0,0,1,0,0,0
254.3,0,0,0,69,0,48,1,3.685507192963664,254.3,0,0,0,0,1,0,0,0,0,0,0,0,1,0
70.56,22,0,0,43,1,47,0,1.6409301943969723,35.28,0,0,0,0,0,0,1,0,0,0,1,0,0,0
26.78,21,0,0,77,5,58,0,0.347792203275426,4.463333333333334,0,0,0,0,1,0,0,0,0,0,1,0,0,0
93.6,11,0,1,51,0,22,0,1.8352940816609002,93.6,1,1,0,0,1,0,0,0,0,0,0,1,0,0
78.67,15,0,0,42,4,45,0,1.8730951934977336,15.734,0,0,0,0,0,1,0,0,0,1,0,0,0,0
535.26,6,0,0,44,7,50,0,12.164999723522733,66.9075,0,0,1,0,1,0,0,0,0,0,0,1,0,0
178.54,8,0,0,80,1,63,0,2.2317499721031253,89.27,0,0,0,0,0,0,0,0,1,0,0,1,0,0
118.1,8,0,0,45,0,63,0,2.624444386123458,118.1,0,0,0,0,0,0,1,0,0,0,0,1,0,0
226.37,3,1,0,65,1,47,1,3.4826153310366874,113.185,1,1,0,0,0,0,0,1,0,0,0,0,1,0
96.18,9,0,0,78,2,26,0,1.2330769072682448,32.06,0,0,0,0,1,0,0,0,0,0,0,1,0,0
103.74,3,0,0,64,3,65,1,1.620937474672852,25.935,0,0,0,0,0,0,0,0,1,0,0,0,1,0
248.15,13,0,0,61,3,59,0,4.068032720196185,62.0375,0,0,0,0,0,0,0,1,0,1,0,0,0,0
92.6,18,0,0,74,2,57,0,1.2513513344411982,30.866666666666664,0,0,0,0,0,1,0,0,0,0,1,0,0,0
435.69,3,0,0,35,1,38,1,12.448285358620419,217.845,0,0,0,1,1,0,0,0,0,0,0,0,1,0
8.04,18,0,0,73,3,22,0,0.11013698479264404,2.01,0,0,0,0,0,0,0,1,0,0,1,0,0,0
25.14,10,0,0,65,4,37,0,0.38676922481893505,5.0280000000000005,0,0,0,0,0,0,0,0,1,0,0,1,0,0
104.86,9,0,0,63,1,25,0,1.6644444180246918,52.43,0,0,0,0,0,0,0,0,1,0,0,1,0,0
10.32,11,0,0,45,1,45,0,0.22933332823703717,5.16,0,0,0,0,0,0,1,0,0,0,0,1,0,0
126.65,17,0,0,30,0,60,0,4.221666525944449,126.65,0,0,0,1,0,0,1,0,0,1,0,0,0,0
32.84,3,0,0,43,2,38,1,0.7637209124716068,10.946666666666667,0,0,0,0,0,0,1,0,0,0,0,0,1,0
161.55,20,0,0,62,3,52,0,2.6056451192637886,40.3875,0,0,0,0,0,0,0,0,1,0,1,0,0,0
228.15,8,0,0,73,4,58,0,3.125342422940515,45.63,0,0,0,0,1,0,0,0,0,0,0,1,0,0
309.4,15,0,0,83,1,44,0,3.7277107984613154,154.7,0,0,0,0,0,0,1,0,0,1,0,0,0,0
367.2,23,0,0,37,1,37,0,9.92432405609935,183.6,0,0,0,1,1,0,0,0,0,0,1,0,0,0
203.21,20,0,0,38,2,62,0,5.347631438220226,67.73666666666666,0,0,0,1,0,0,0,0,1,0,1,0,0,0
29.61,15,0,0,82,1,46,0,0.361097556571981,14.805,0,0,0,0,0,0,0,1,0,1,0,0,0,0
83.48,2,0,0,70,1,38,1,1.1925714115346941,41.74,0,0,0,0,0,1,0,0,0,0,0,0,1,0
54.69,8,0,0,66,5,64,0,0.8286363510812674,9.115,0,0,0,0,0,0,0,0,1,0,0,1,0,0
32.86,19,0,0,80,2,59,0,0.4107499948656251,10.953333333333333,0,0,0,0,1,0,0,0,0,0,1,0,0,0
223.52,7,0,1,44,3,30,0,5.079999884545457,55.88,1,1,0,0,0,0,1,0,0,0,0,1,0,0
553.93,11,0,0,31,1,67,0,17.868709101009383,276.965,0,0,1,1,0,0,0,1,0,0,0,1,0,0
22.36,20,1,0,31,3,59,0,0.7212902993132161,5.59,1,1,0,1,0,0,0,0,1,0,1,0,0,0
14.71,15,0,0,70,2,18,0,0.21014285414081638,4.903333333333333,0,0,0,0,0,0,1,0,0,1,0,0,0,0
79.71,11,0,0,93,1,21,0,0.8570967649774541,39.855,0,0,0,0,0,0,1,0,0,0,0,1,0,0
1009.55,2,0,0,37,0,27,1,27.28513439769907,1009.55,0,0,1,1,0,0,0,1,0,0,0,0,1,1
244.07,3,0,0,85,3,27,1,2.8714117309245677,61.0175,0,0,0,0,0,0,1,0,0,0,0,0,1,0
138.45,19,1,0,87,0,42,0,1.5913792920531116,138.45,1,1,0,0,0,0,0,0,1,0,1,0,0,0
60.77,22,0,0,49,1,35,0,1.2402040563223664,30.385,0,0,0,0,1,0,0,0,0,0,1,0,0,0
627.69,5,0,0,44,2,49,1,14.265681493961786,209.23000000000002,0,0,1,0,0,1,0,0,0,0,0,0,1,0
454.17,21,0,0,25,1,64,0,18.166799273328028,227.085,0,0,0,1,0,0,0,0,1,0,1,0,0,0
235.47,22,1,0,77,3,53,0,3.058051908336988,58.8675,1,1,0,0,0,0,0,0,1,0,1,0,0,0
67.55,10,0,0,96,1,26,0,0.7036458260036893,33.775,0,0,0,0,1,0,0,0,0,0,0,1,0,0
172.92,2,0,0,71,5,48,1,2.4354929234437614,28.819999999999997,0,0,0,0,0,1,0,0,0,0,0,0,1,0
31.62,15,0,0,42,1,26,0,0.7528571249319733,15.81,0,0,0,0,0,1,0,0,0,1,0,0,0,0
111.24,8,1,1,89,0,19,0,1.249887626405757,111.24,1,2,0,0,0,0,1,0,0,0,0,1,0,0
792.92,21,0,0,88,0,31,0,9.010454443063017,792.92,0,0,1,0,0,0,0,1,0,0,1,0,0,0
198.59,11,0,0,59,8,25,0,3.3659321463401333,22.065555555555555,0,0,0,0,0,0,0,0,1,0,0,1,0,0
21.6,2,0,0,44,2,53,1,0.49090907975206644,7.2,0,0,0,0,0,1,0,0,0,0,0,0,1,0
132.31,16,0,1,53,1,24,0,2.496415047237452,66.155,1,1,0,0,0,1,0,0,0,1,0,0,0,0
31.8,5,0,0,26,1,45,1,1.2230768760355049,15.9,0,0,0,1,1,0,0,0,0,0,0,0,1,0
1056.93,18,1,0,63,2,35,0,16.776666400370377,352.31,1,1,1,0,1,0,0,0,0,0,1,0,0,0
170.78,14,0,0,68,2,53,0,2.5114705513019038,56.92666666666667,0,0,0,0,1,0,0,0,0,1,0,0,0,0
189.39,6,0,1,74,2,41,0,2.559324289738861,63.129999999999995,1,1,0,0,0,0,0,0,1,0,0,1,0,0
138.04,12,0,0,40,2,29,0,3.4509999137250023,46.01333333333333,0,0,0,0,1,0,0,0,0,1,0,0,0,0
306.64,4,0,0,53,2,44,1,5.785660268195089,102.21333333333332,0,0,0,0,0,0,0,1,0,0,0,0,1,0
15.83,16,0,0,97,2,62,0,0.16319587460622811,5.276666666666666,0,0,0,0,1,0,0,0,0,1,0,0,0,0
94.77,23,0,0,51,3,50,0,1.8582352576816616,23.6925,0,0,0,0,0,0,0,0,1,0,1,0,0,0
18.57,4,0,0,26,2,20,1,0.7142307417603561,6.19,0,0,0,1,0,0,0,1,0,0,0,0,1,0
176.14,12,0,0,98,4,59,0,1.7973469204352355,35.227999999999994,0,0,0,0,0,0,0,1,0,1,0,0,0,0
40.57,13,0,0,47,2,29,0,0.8631914709959262,13.523333333333333,0,0,0,0,0,0,0,0,1,1,0,0,0,0
68.27,8,0,0,67,0,66,0,1.0189552086723104,68.27,0,0,0,0,1,0,0,0,0,0,0,1,0,0
24.53,16,0,0,26,2,67,0,0.9434615021745576,8.176666666666668,0,0,0,1,0,0,0,0,1,1,0,0,0,0
246.28,2,0,0,77,1,57,1,3.198441516903357,123.14,0,0,0,0,0,1,0,0,0,0,0,0,1,0
97.36,13,0,1,85,5,29,0,1.14541175123045,16.226666666666667,1,1,0,0,0,0,1,0,0,1,0,0,0,0
49.88,19,0,0,45,2,59,0,1.1084444198123464,16.62666666666667,0,0,0,0,1,0,0,0,0,0,1,0,0,0
88.43,7,0,0,43,1,27,0,2.0565115800811262,44.215,0,0,0,0,0,0,0,0,1,0,0,1,0,0
579.45,3,0,0,39,1,39,1,14.85769192672585,289.725,0,0,1,1,0,0,1,0,0,0,0,0,1,0
164.53,23,0,0,27,3,26,0,6.093703478010982,41.1325,0,0,0,1,0,0,0,0,1,0,1,0,0,0
95.19,23,0,0,92,1,42,0,1.0346739017970228,47.595,0,0,0,0,1,0,0,0,0,0,1,0,0,0
451.06,14,0,0,30,6,69,0,15.035332832155571,64.43714285714286,0,0,0,1,0,0,0,1,0,1,0,0,0,0
168.53,9,0,0,60,2,59,0,2.8088332865194454,56.17666666666667,0,0,0,0,1,0,0,0,0,0,0,1,0,0
622.61,4,0,0,63,0,34,1,9.882698255830187,622.61,0,0,1,0,1,0,0,0,0,0,0,0,1,0
332.66,7,0,0,26,2,46,0,12.794614892514812,110.88666666666667,0,0,0,1,0,0,1,0,0,0,0,1,0,0
294.66,19,0,0,65,2,50,0,4.533230699488759,98.22000000000001,0,0,0,0,0,0,1,0,0,0,1,0,0,0
417.69,18,0,0,59,3,61,0,7.079491405432349,104.4225,0,0,0,0,0,1,0,0,0,0,1,0,0,0
163.35,0,0,0,36,2,69,1,4.537499873958337,54.449999999999996,0,0,0,1,1,0,0,0,0,0,0,0,1,0
184.14,11,0,0,36,1,19,0,5.11499985791667,92.07,0,0,0,1,0,0,1,0,0,0,0,1,0,0
265.82,11,0,0,25,0,53,0,10.632799574688017,265.82,0,0,0,1,0,0,0,0,1,0,0,1,0,0
85.26,19,0,1,46,3,41,0,1.8534782205765605,21.315,1,1,0,0,1,0,0,0,0,0,1,0,0,0
132.66,3,0,0,45,2,59,1,2.9479999344888905,44.22,0,0,0,0,0,0,1,0,0,0,0,0,1,0
98.89,11,1,1,95,0,34,0,1.040947357463712,98.89,1,2,0,0,0,0,0,0,1,0,0,1,0,0
916.39,9,0,0,90,4,68,0,10.182110997976544,183.278,0,0,1,0,0,0,0,0,1,0,0,1,0,0
290.94,16,0,0,64,1,29,0,4.545937428969728,145.47,0,0,0,0,1,0,0,0,0,1,0,0,0,0
87.94,22,0,0,45,3,47,0,1.9542221787950627,21.985,0,0,0,0,1,0,0,0,0,0,1,0,0,0
82.13,10,0,0,95,2,53,0,0.8645263066891967,27.376666666666665,0,0,0,0,0,0,1,0,0,0,0,1,0,0
100.21,21,0,0,48,1,63,0,2.087708289839411,50.105,0,0,0,0,1,0,0,0,0,0,1,0,0,0
31.15,8,1,1,67,2,69,0,0.4649253661951438,10.383333333333333,1,2,0,0,1,0,0,0,0,0,0,1,0,0
3.58,21,0,0,81,1,69,0,0.04419753031854901,1.79,0,0,0,0,0,0,0,1,0,0,1,0,0,0
342.87,1,1,1,55,2,65,1,6.233999886654548,114.29,1,2,0,0,0,0,1,0,0,0,0,0,1,1
586.28,20,0,0,71,2,62,0,8.257464672430075,195.42666666666665,0,0,1,0,0,0,1,0,0,0,1,0,0,0
54.06,4,0,0,89,2,48,1,0.6074157235121829,18.02,0,0,0,0,0,0,0,1,0,0,0,0,1,0
391.84,4,0,0,55,1,42,1,7.124363506829754,195.92,0,0,0,0,0,0,0,1,0,0,0,0,1,0
180.13,18,1,0,62,2,44,0,2.9053225337851205,60.04333333333333,1,1,0,0,0,0,1,0,0,0,1,0,0,0
66.74,21,0,0,31,4,42,0,2.1529031563579624,13.347999999999999,0,0,0,1,0,0,1,0,0,0,1,0,0,0
232.11,14,0,0,80,1,44,0,2.9013749637328132,116.055,0,0,0,0,0,0,0,0,1,1,0,0,0,0
222.05,16,0,1,30,0,37,0,7.401666419944453,222.05,1,1,0,1,0,0,1,0,0,1,0,0,0,0
258.55,8,0,0,42,7,46,0,6.155952234382091,32.31875,0,0,0,0,0,0,1,0,0,0,0,1,0,0
95.29,1,0,0,93,1,60,1,1.02462364489652,47.645,0,0,0,0,0,1,0,0,0,0,0,0,1,0
93.64,22,1,0,75,0,39,0,1.2485333166862225,93.64,1,1,0,0,0,1,0,0,0,0,1,0,0,0
3.48,23,0,1,91,4,50,0,0.038241757821519146,0.696,1,1,0,0,0,1,0,0,0,0,1,0,0,0
188.32,8,0,0,46,0,64,0,4.093912954480153,188.32,0,0,0,0,1,0,0,0,0,0,0,1,0,0
89.78,7,1,0,54,1,22,0,1.6625925618038415,44.89,1,1,0,0,1,0,0,0,0,0,0,1,0,0
106.65,22,0,0,89,1,45,0,1.1983145932773642,53.325,0,0,0,0,0,0,0,0,1,0,1,0,0,0
119.93,14,0,0,91,1,32,0,1.3179120734295378,59.965,0,0,0,0,1,0,0,0,0,1,0,0,0,0
334.28,21,0,0,27,1,51,0,12.380740282194802,167.14,0,0,0,1,1,0,0,0,0,0,1,0,0,0
88.42,3,0,0,51,1,53,1,1.7337254562014617,44.21,0,0,0,0,0,0,0,1,0,0,0,0,1,0
443.85,10,0,0,57,2,39,0,7.786841968651896,147.95000000000002,0,0,0,0,1,0,0,0,0,0,0,1,0,0
308.53,0,0,0,35,2,57,1,8.81514260528164,102.84333333333332,0,0,0,1,0,0,1,0,0,0,0,0,1,0
105.06,2,0,0,62,3,52,1,1.6945161017013533,26.265,0,0,0,0,0,0,0,1,0,0,0,0,1,0
121.77,12,0,0,42,4,53,0,2.899285645255104,24.354,0,0,0,0,1,0,0,0,0,1,0,0,0,0
215.02,2,0,0,34,2,28,1,6.324117461055369,71.67333333333333,0,0,0,1,0,0,1,0,0,0,0,0,1,0
202.96,17,1,0,74,0,43,0,2.7427026656391535,202.96,1,1,0,0,1,0,0,0,0,1,0,0,0,0
118.76,23,0,0,95,2,32,0,1.2501052499988923,39.586666666666666,0,0,0,0,0,0,0,0,1,0,1,0,0,0
113.03,11,0,0,86,4,28,0,1.3143023102988105,22.606,0,0,0,0,0,0,1,0,0,0,0,1,0,0
13.74,10,0,0,56,1,63,0,0.2453571384757654,6.87,0,0,0,0,0,0,0,1,0,0,0,1,0,0
131.49,1,0,0,40,3,64,1,3.2872499178187526,32.8725,0,0,0,0,0,0,1,0,0,0,0,0,1,0
225.76,6,1,0,62,5,37,0,3.641290263850157,37.626666666666665,1,1,0,0,0,0,0,1,0,0,0,1,0,0
22.75,23,0,0,48,2,59,0,0.47395832345920164,7.583333333333333,0,0,0,0,1,0,0,0,0,0,1,0,0,0
370.2,8,0,0,73,4,68,0,5.071232807243386,74.03999999999999,0,0,0,0,0,0,0,1,0,0,0,1,0,0
3.74,16,0,0,58,2,28,0,0.06448275750891798,1.2466666666666668,0,0,0,0,0,0,0,1,0,1,0,0,0,0
33.91,14,1,0,62,1,63,0,0.5469354750494277,16.955,1,1,0,0,1,0,0,0,0,1,0,0,0,0
63.25,6,0,1,29,1,34,0,2.1810344075505377,31.625,1,1,0,1,0,0,0,0,1,0,0,1,0,0
40.07,23,0,0,45,2,61,0,0.8904444246567906,13.356666666666667,0,0,0,0,0,0,0,0,1,0,1,0,0,0
46.73,13,0,0,40,1,28,0,1.1682499707937508,23.365,0,0,0,0,0,1,0,0,0,1,0,0,0,0
41.12,7,0,0,72,1,63,0,0.5711111031790125,20.56,0,0,0,0,1,0,0,0,0,0,0,1,0,0
42.89,8,0,0,59,2,53,0,0.726949140221201,14.296666666666667,0,0,0,0,0,0,0,1,0,0,0,1,0,0
18.81,3,0,0,45,1,37,1,0.4179999907111113,9.405,0,0,0,0,0,0,1,0,0,0,0,0,1,0
159.97,18,0,0,33,3,36,0,4.847575610679527,39.9925,0,0,0,1,0,1,0,0,0,0,1,0,0,0
128.55,0,0,0,72,1,69,1,1.7854166418692134,64.275,0,0,0,0,0,1,0,0,0,0,0,0,1,0
72.52,7,0,0,60,1,61,0,1.2086666465222224,36.26,0,0,0,0,1,0,0,0,0,0,0,1,0,0
311.1,16,0,0,99,0,51,0,3.142424210682584,311.1,0,0,0,0,0,0,0,0,1,1,0,0,0,0
76.71,15,0,0,89,1,18,0,0.8619101026751673,38.355,0,0,0,0,0,0,0,1,0,1,0,0,0,0
202.19,11,0,0,46,1,44,0,4.395434687055768,101.095,0,0,0,0,1,0,0,0,0,0,0,1,0,0
123.61,0,1,0,89,2,54,1,1.3888763888890294,41.20333333333333,1,1,0,0,0,1,0,0,0,0,0,0,1,0
102.06,6,1,1,45,4,65,0,2.2679999496000014,20.412,1,2,0,0,1,0,0,0,0,0,0,1,0,0
7.23,7,0,0,78,1,66,0,0.09269230650394479,3.615,0,0,0,0,0,0,0,1,0,0,0,1,0,0
95.61,0,0,0,69,2,20,1,1.3856521538311282,31.87,0,0,0,0,1,0,0,0,0,0,0,0,1,0
52.34,0,0,0,76,0,43,1,0.6886842014646817,52.34,0,0,0,0,1,0,0,0,0,0,0,0,1,0
570.38,9,0,0,94,1,32,0,6.067872275873699,285.19,0,0,1,0,1,0,0,0,0,0,0,1,0,0
169.78,18,1,0,97,5,48,0,1.7503092603060901,28.296666666666667,1,1,0,0,0,0,0,1,0,0,1,0,0,0
82.86,17,0,0,91,0,44,0,0.9105494405434128,82.86,0,0,0,0,0,0,0,0,1,1,0,0,0,0
64.44,18,0,0,42,0,67,0,1.534285677755103,64.44,0,0,0,0,0,0,1,0,0,0,1,0,0,0
59.95,2,0,0,82,4,26,1,0.731097552059786,11.99,0,0,0,0,0,1,0,0,0,0,0,0,1,0
44.14,17,1,0,45,1,59,0,0.9808888670913586,22.07,1,1,0,0,0,1,0,0,0,1,0,0,0,0
127.8,21,0,0,64,2,44,0,1.9968749687988288,42.6,0,0,0,0,0,0,1,0,0,0,1,0,0,0
95.82,20,0,0,94,1,27,0,1.0193616912833863,47.91,0,0,0,0,0,1,0,0,0,0,1,0,0,0
49.87,15,1,0,79,1,68,0,0.6312658147941036,24.935,1,1,0,0,0,1,0,0,0,1,0,0,0,0
138.6,1,0,1,69,0,54,1,2.0086956230623825,138.6,1,1,0,0,1,0,0,0,0,0,0,0,1,0
236.02,12,0,0,71,3,61,0,3.3242253052926016,59.005,0,0,0,0,0,0,0,0,1,1,0,0,0,0
214.93,23,0,0,92,1,43,0,2.3361956267804826,107.465,0,0,0,0,0,0,1,0,0,0,1,0,0,0
72.67,12,0,0,83,1,19,0,0.8755421581259981,36.335,0,0,0,0,0,0,0,0,1,1,0,0,0,0
38.14,21,0,0,42,3,33,0,0.9080952164739234,9.535,0,0,0,0,0,0,0,1,0,0,1,0,0,0
383.11,4,0,0,67,4,29,1,5.7180596161483646,76.622,0,0,0,0,0,1,0,0,0,0,0,0,1,0
230.07,12,1,0,34,2,25,0,6.766764506859868,76.69,1,1,0,1,0,0,0,1,0,1,0,0,0,0
134.77,22,0,0,84,1,66,0,1.6044047428047057,67.385,0,0,0,0,0,0,0,0,1,0,1,0,0,0
75.05,1,0,0,46,4,28,1,1.6315217036625718,15.01,0,0,0,0,0,0,0,0,1,0,0,0,1,0
155.33,4,0,0,52,0,23,1,2.9871153271708595,155.33,0,0,0,0,0,0,0,1,0,0,0,0,1,0
3.87,17,0,0,60,1,50,0,0.06449999892500002,1.935,0,0,0,0,0,0,1,0,0,1,0,0,0,0
199.03,22,1,0,32,2,59,0,6.219687305634772,66.34333333333333,1,1,0,1,0,0,0,1,0,0,1,0,0,0
12.0,16,0,0,55,1,45,0,0.21818181421487612,6.0,0,0,0,0,0,0,1,0,0,1,0,0,0,0
128.31,3,0,0,41,1,23,1,3.1295121187923876,64.155,0,0,0,0,0,0,0,0,1,0,0,0,1,0
211.92,13,0,0,87,1,69,0,2.435862040967103,105.96,0,0,0,0,0,0,0,1,0,1,0,0,0,0
317.04,6,0,0,46,1,58,0,6.892173763213615,158.52,0,0,0,0,0,0,1,0,0,0,0,1,0,0
19.34,2,1,0,91,0,40,1,0.21252747019200582,19.34,1,1,0,0,1,0,0,0,0,0,0,0,1,0
166.36,17,0,0,31,1,28,0,5.36645143979189,83.18,0,0,0,1,0,0,0,1,0,1,0,0,0,0
91.05,1,0,0,28,3,60,1,3.251785598150514,22.7625,0,0,0,1,0,0,0,1,0,0,0,0,1,0
376.17,5,0,0,83,1,24,1,4.532168620094354,188.085,0,0,0,0,0,0,1,0,0,0,0,0,1,0
380.65,7,0,0,37,1,58,0,10.287837559788175,190.325,0,0,0,1,0,0,1,0,0,0,0,1,0,0
519.14,12,0,0,73,2,43,0,7.111506751897168,173.04666666666665,0,0,1,0,0,0,0,0,1,1,0,0,0,0
169.12,15,1,0,68,1,43,0,2.487058786955018,84.56,1,1,0,0,1,0,0,0,0,1,0,0,0,0
20.37,5,0,0,87,1,43,1,0.2341379283432422,10.185,0,0,0,0,0,0,1,0,0,0,0,0,1,0
312.49,11,0,0,77,1,42,0,4.0583116356063424,156.245,0,0,0,0,0,0,0,0,1,0,0,1,0,0
470.1,13,0,0,91,2,56,0,5.165934009165561,156.70000000000002,0,0,0,0,0,0,0,1,0,1,0,0,0,0
370.18,2,0,0,56,2,68,1,6.610357024815054,123.39333333333333,0,0,0,0,1,0,0,0,0,0,0,0,1,0
29.34,14,0,0,66,1,29,0,0.44454544780991745,14.67,0,0,0,0,0,0,0,1,0,1,0,0,0,0
182.12,10,1,0,88,2,33,0,2.069545431027893,60.70666666666667,1,1,0,0,0,0,1,0,0,0,0,1,0,0
55.47,17,0,0,45,1,66,0,1.2326666392740748,27.735,0,0,0,0,0,0,0,0,1,1,0,0,0,0
66.19,15,0,0,73,0,42,0,0.9067123163464066,66.19,0,0,0,0,0,1,0,0,0,1,0,0,0,0
46.95,1,1,1,55,2,50,1,0.8536363481157029,15.65,1,2,0,0,0,0,0,0,1,0,0,0,1,1
337.12,1,0,0,54,4,18,1,6.2429628473525405,67.424,0,0,0,0,1,0,0,0,0,0,0,0,1,0
197.67,15,0,0,47,2,59,0,4.205744591367137,65.89,0,0,0,0,0,0,0,1,0,1,0,0,0,0
388.13,9,0,0,43,4,19,0,9.02627885985398,77.626,0,0,0,0,0,0,0,0,1,0,0,1,0,0
96.64,23,1,0,40,2,36,0,2.4159999396000016,32.21333333333333,1,1,0,0,1,0,0,0,0,0,1,0,0,0
375.61,21,0,1,31,0,26,0,12.11645122204996,375.61,1,1,0,1,0,1,0,0,0,0,1,0,0,0
126.99,5,0,0,57,3,24,1,2.2278946977562333,31.7475,0,0,0,0,0,1,0,0,0,0,0,0,1,0
221.35,15,1,1,69,2,59,0,3.2079709680004207,73.78333333333333,1,2,0,0,0,0,0,0,1,1,0,0,0,0
22.7,8,0,0,59,1,44,0,0.3847457561907499,11.35,0,0,0,0,0,0,0,0,1,0,0,1,0,0
35.68,16,0,0,32,2,42,0,1.1149999651562512,11.893333333333333,0,0,0,1,1,0,0,0,0,1,0,0,0,0
218.08,11,0,0,86,3,25,0,2.5358139240021638,54.52,0,0,0,0,0,0,1,0,0,0,0,1,0,0
181.46,17,0,0,73,3,57,0,2.485753390606118,45.365,0,0,0,0,1,0,0,0,0,1,0,0,0,0
267.6,0,0,0,67,2,46,1,3.994029791133884,89.2,0,0,0,0,0,0,0,1,0,0,0,0,1,0
53.29,0,0,0,33,5,58,1,1.6148484359136839,8.881666666666666,0,0,0,1,0,0,0,1,0,0,0,0,1,1
363.34,13,0,0,85,1,53,0,4.274588185004845,181.67,0,0,0,0,0,1,0,0,0,1,0,0,0,0
171.07,14,0,0,43,3,58,0,3.978372000502977,42.7675,0,0,0,0,0,0,1,0,0,1,0,0,0,0
121.59,20,0,0,54,1,38,0,2.2516666249691366,60.795,0,0,0,0,0,0,0,0,1,0,1,0,0,0
49.82,13,0,0,26,1,62,0,1.9161537724556241,24.91,0,0,0,1,0,0,0,1,0,1,0,0,0,0
556.0,6,0,0,90,4,61,0,6.177777709135803,111.2,0,0,1,0,0,0,0,0,1,0,0,1,0,0
79.42,13,0,0,39,3,43,0,2.03641020419461,19.855,0,0,0,1,0,0,1,0,0,1,0,0,0,0
643.63,10,0,0,93,1,50,0,6.920752613755348,321.815,0,0,1,0,0,0,0,0,1,0,0,1,0,0
531.41,11,0,0,79,1,40,0,6.726708775611281,265.705,0,0,1,0,1,0,0,0,0,0,0,1,0,0
339.06,12,1,0,90,1,28,0,3.7673332914740745,169.53,1,1,0,0,0,0,0,1,0,1,0,0,0,0
74.48,15,0,0,41,1,65,0,1.8165853215466996,37.24,0,0,0,0,1,0,0,0,0,1,0,0,0,0
671.45,6,0,0,68,0,25,0,9.87426456067258,671.45,0,0,1,0,0,0,1,0,0,0,0,1,0,0
344.55,6,1,0,93,2,41,0,3.7048386698404445,114.85000000000001,1,1,0,0,1,0,0,0,0,0,0,1,0,0
94.98,11,0,0,29,1,63,0,3.2751723008561275,47.49,0,0,0,1,0,0,0,0,1,0,0,1,0,0
221.29,16,0,0,55,3,62,0,4.023454472300828,55.3225,0,0,0,0,0,1,0,0,0,1,0,0,0,0
16.47,18,0,0,52,4,65,0,0.31673076313979304,3.2939999999999996,0,0,0,0,1,0,0,0,0,0,1,0,0,0
146.91,17,0,0,91,1,38,0,1.6143955866549935,73.455,0,0,0,0,0,0,0,0,1,1,0,0,0,0
100.89,2,0,0,61,2,47,1,1.6539343991158295,33.63,0,0,0,0,1,0,0,0,0,0,0,0,1,0
393.37,18,0,0,69,5,64,0,5.7010144101302265,65.56166666666667,0,0,0,0,0,0,0,1,0,0,1,0,0,0
161.8,6,1,0,43,4,43,0,3.7627906101676607,32.36,1,1,0,0,0,0,1,0,0,0,0,1,0,0
36.7,0,0,0,79,3,60,1,0.4645569561448487,9.175,0,0,0,0,0,0,0,0,1,0,0,0,1,0
111.68,9,0,0,79,4,40,0,1.4136708681813817,22.336000000000002,0,0,0,0,0,0,1,0,0,0,0,1,0,0
186.53,0,0,0,91,1,46,1,2.0497801972551626,93.265,0,0,0,0,0,0,0,0,1,0,0,0,1,0
248.35,19,0,1,85,3,32,0,2.921764671508651,62.0875,1,1,0,0,0,1,0,0,0,0,1,0,0,0
166.51,14,0,0,87,3,40,0,1.9139080239780686,41.6275,0,0,0,0,1,0,0,0,0,1,0,0,0,0
58.5,3,0,0,95,4,19,1,0.6157894672022162,11.7,0,0,0,0,0,0,0,0,1,0,0,0,1,0
159.0,4,0,0,49,3,57,1,3.2448978929612675,39.75,0,0,0,0,0,0,1,0,0,0,0,0,1,0
529.29,11,0,0,82,0,57,0,6.454756018844439,529.29,0,0,1,0,0,1,0,0,0,0,0,1,0,0
12.81,8,0,0,49,3,20,0,0.26142856609329457,3.2025,0,0,0,0,1,0,0,0,0,0,0,1,0,0
9.16,8,0,0,69,6,25,0,0.1327536212644403,1.3085714285714285,0,0,0,0,1,0,0,0,0,0,0,1,0,0
24.15,2,0,0,93,2,36,1,0.2596774165626084,8.049999999999999,0,0,0,0,0,0,0,1,0,0,0,0,1,0
65.22,3,0,0,36,3,37,1,1.811666616342594,16.305,0,0,0,1,0,0,0,0,1,0,0,0,1,0
25.2,10,0,0,65,0,40,0,0.3876923017278108,25.2,0,0,0,0,0,0,1,0,0,0,0,1,0,0
204.63,21,0,1,79,2,68,0,2.590253131768948,68.21,1,1,0,0,1,0,0,0,0,0,1,0,0,0
10.86,13,0,1,54,3,34,0,0.20111110738683136,2.715,1,1,0,0,0,0,0,1,0,1,0,0,0,0
158.68,23,0,0,68,2,42,0,2.3335293774480976,52.89333333333334,0,0,0,0,1,0,0,0,0,0,1,0,0,0
148.33,23,0,0,72,2,41,0,2.0601388602758495,49.443333333333335,0,0,0,0,0,1,0,0,0,0,1,0,0,0
122.83,19,0,0,77,2,61,0,1.59519478447799,40.943333333333335,0,0,0,0,0,0,0,0,1,0,1,0,0,0
63.27,22,0,0,77,3,39,0,0.8216883010170352,15.8175,0,0,0,0,1,0,0,0,0,0,1,0,0,0
213.76,21,0,0,49,1,51,0,4.362448890562267,106.88,0,0,0,0,0,0,0,0,1,0,1,0,0,0
242.18,18,0,0,94,2,52,0,2.5763829513150753,80.72666666666667,0,0,0,0,0,0,0,1,0,0,1,0,0,0
28.72,1,0,0,39,3,48,1,0.7364102375279427,7.18,0,0,0,1,0,0,0,1,0,0,0,0,1,0
281.54,16,1,0,41,2,40,0,6.866829100809047,93.84666666666668,1,1,0,0,0,0,0,1,0,1,0,0,0,0
20.05,17,0,0,79,2,63,0,0.25379746514180423,6.683333333333334,0,0,0,0,0,0,1,0,0,1,0,0,0,0
696.28,8,0,0,32,1,50,0,21.758749320039083,348.14,0,0,1,1,0,0,1,0,0,0,0,1,0,0
326.76,17,0,0,39,2,62,0,8.378461323629198,108.92,0,0,0,1,0,0,0,1,0,1,0,0,0,0
202.94,0,0,0,68,4,33,1,2.9844117208174747,40.588,0,0,0,0,1,0,0,0,0,0,0,0,1,0
180.56,22,0,0,61,1,46,0,2.9599999514754107,90.28,0,0,0,0,0,1,0,0,0,0,1,0,0,0
164.5,1,0,0,76,1,65,1,2.16447365573061,82.25,0,0,0,0,0,0,1,0,0,0,0,0,1,0
172.42,6,0,0,56,0,30,0,3.078928516447705,172.42,0,0,0,0,0,1,0,0,0,0,0,1,0,0
664.63,2,0,0,51,1,36,1,13.031960528785088,332.315,0,0,1,0,0,0,1,0,0,0,0,0,1,0
39.6,12,0,0,37,0,29,0,1.0702702413440477,39.6,0,0,0,1,0,0,0,0,1,1,0,0,0,0
72.75,14,0,1,59,2,32,0,1.2330508265584605,24.25,1,1,0,0,0,0,1,0,0,1,0,0,0,0
296.7,10,0,0,97,1,48,0,3.0587628550643005,148.35,0,0,0,0,0,1,0,0,0,0,0,1,0,0
139.03,2,0,0,91,5,27,1,1.527802181013163,23.171666666666667,0,0,0,0,0,0,0,0,1,0,0,0,1,0
191.36,12,0,0,71,1,48,0,2.6952112296449124,95.68,0,0,0,0,0,0,0,1,0,1,0,0,0,0
15.95,13,0,0,92,1,40,0,0.1733695633329395,7.975,0,0,0,0,0,0,0,0,1,1,0,0,0,0
39.23,3,0,0,37,1,38,1,1.0602702416143177,19.615,0,0,0,1,0,0,0,0,1,0,0,0,1,0
75.36,22,1,0,96,0,36,0,0.7849999918229168,75.36,1,1,0,0,1,0,0,0,0,0,1,0,0,0
54.86,17,0,0,51,0,68,0,1.0756862534179166,54.86,0,0,0,0,1,0,0,0,0,1,0,0,0,0
168.1,21,0,0,51,2,50,0,3.2960783667435614,56.03333333333333,0,0,0,0,1,0,0,0,0,0,1,0,0,0
521.26,21,0,0,77,1,55,0,6.769610301693373,260.63,0,0,1,0,1,0,0,0,0,0,1,0,0,0
233.02,0,0,1,98,2,54,1,2.3777550777780094,77.67333333333333,1,1,0,0,0,0,0,1,0,0,0,0,1,0
125.64,8,0,0,66,0,34,0,1.903636334793389,125.64,0,0,0,0,0,0,0,1,0,0,0,1,0,0
33.01,22,1,0,38,1,44,0,0.8686841876662056,16.505,1,1,0,1,0,1,0,0,0,0,1,0,0,0
636.69,18,0,0,28,2,30,0,22.73892775932401,212.23000000000002,0,0,1,1,1,0,0,0,0,0,1,0,0,0
57.14,15,0,0,48,4,40,0,1.19041664186632,11.428,0,0,0,0,0,0,1,0,0,1,0,0,0,0
19.56,2,0,0,78,1,57,1,0.25076922755424064,9.78,0,0,0,0,1,0,0,0,0,0,0,0,1,0
8.05,18,0,0,25,1,65,0,0.32199998712000055,4.025,0,0,0,1,1,0,0,0,0,0,1,0,0,0
17.34,18,0,0,98,3,30,0,0.1769387737047064,4.335,0,0,0,0,0,0,0,1,0,0,1,0,0,0
106.44,13,0,0,32,0,64,0,3.326249896054691,106.44,0,0,0,1,0,0,1,0,0,1,0,0,0,0
370.68,13,0,0,66,4,58,0,5.616363551267219,74.136,0,0,0,0,0,0,0,1,0,1,0,0,0,0
51.78,7,0,0,80,1,36,0,0.6472499919093752,25.89,0,0,0,0,0,0,1,0,0,0,0,1,0,0
111.79,18,0,0,31,2,35,0,3.6061289159313255,37.263333333333335,0,0,0,1,1,0,0,0,0,0,1,0,0,0
138.04,6,0,0,70,1,35,0,1.971999971828572,69.02,0,0,0,0,0,0,0,1,0,0,0,1,0,0
77.62,15,0,0,29,0,39,0,2.676551631843047,77.62,0,0,0,1,0,1,0,0,0,1,0,0,0,0
275.15,8,0,0,64,2,38,0,4.299218682824708,91.71666666666665,0,0,0,0,0,0,0,0,1,0,0,1,0,0
29.67,11,0,1,72,1,22,0,0.4120833276099538,14.835,1,1,0,0,0,0,0,0,1,0,0,1,0,0
122.22,23,0,0,75,3,66,0,1.6295999782720003,30.555,0,0,0,0,1,0,0,0,0,0,1,0,0,0
9.16,9,0,0,40,1,22,0,0.22899999427500017,4.58,0,0,0,0,1,0,0,0,0,0,0,1,0,0
149.06,15,0,0,99,0,31,0,1.5056565504479138,149.06,0,0,0,0,0,0,0,0,1,1,0,0,0,0
277.23,17,0,1,43,2,66,0,6.447209152390486,92.41000000000001,1,1,0,0,1,0,0,0,0,1,0,0,0,0
234.68,4,0,0,34,1,45,1,6.902352738166097,117.34,0,0,0,1,0,0,0,0,1,0,0,0,1,0
6.7,17,1,0,98,4,30,0,0.06836734624114953,1.34,1,1,0,0,1,0,0,0,0,1,0,0,0,0
5.94,5,1,0,96,1,56,1,0.061874999355468766,2.97,1,1,0,0,0,1,0,0,0,0,0,0,1,0
19.53,19,1,0,39,6,40,0,0.5007692179289944,2.79,1,1,0,1,0,1,0,0,0,0,1,0,0,1
14.15,11,0,0,74,1,57,0,0.19121621363221333,7.075,0,0,0,0,0,1,0,0,0,0,0,1,0,0
450.71,3,0,0,85,3,20,1,5.302470525853288,112.6775,0,0,0,0,0,0,1,0,0,0,0,0,1,0
103.33,9,0,0,60,6,19,0,1.7221666379638894,14.76142857142857,0,0,0,0,0,0,0,0,1,0,0,1,0,0
569.72,12,0,0,41,1,52,0,13.89560941718026,284.86,0,0,1,0,0,0,0,1,0,1,0,0,0,0
51.7,15,1,1,72,1,39,0,0.7180555455825619,25.85,1,2,0,0,0,0,0,0,1,1,0,0,0,0
244.92,16,0,0,34,3,18,0,7.2035291998962006,61.23,0,0,0,1,0,1,0,0,0,1,0,0,0,0
214.8,10,0,0,82,2,62,0,2.6195121631766813,71.60000000000001,0,0,0,0,0,0,0,0,1,0,0,1,0,0
674.8,11,0,0,82,3,25,0,8.229268192325998,168.7,0,0,1,0,0,1,0,0,0,0,0,1,0,0
9.1,19,1,0,31,2,57,0,0.29354837762747166,3.033333333333333,1,1,0,1,0,0,0,1,0,0,1,0,0,0
83.31,14,0,0,48,3,58,0,1.7356249638411467,20.8275,0,0,0,0,0,0,1,0,0,1,0,0,0,0
150.79,22,0,1,85,2,29,0,1.7739999791294119,50.26333333333333,1,1,0,0,0,0,1,0,0,0,1,0,0,0
20.69,10,0,0,84,2,41,0,0.24630952087726762,6.896666666666667,0,0,0,0,0,1,0,0,0,0,0,1,0,0
320.28,22,0,0,30,0,50,0,10.675999644133343,320.28,0,0,0,1,1,0,0,0,0,0,1,0,0,0
70.57,10,0,0,99,1,47,0,0.7128282756279971,35.285,0,0,0,0,0,0,0,0,1,0,0,1,0,0
73.2,20,1,0,88,0,52,0,0.8318181723657027,73.2,1,1,0,0,0,0,1,0,0,0,1,0,0,0
12.68,16,0,0,94,4,47,0,0.13489361558623814,2.536,0,0,0,0,1,0,0,0,0,1,0,0,0,0
329.99,8,0,0,37,3,36,0,8.918648407604097,82.4975,0,0,0,1,1,0,0,0,0,0,0,1,0,0
16.38,20,0,0,67,3,22,0,0.24447760829137896,4.095,0,0,0,0,1,0,0,0,0,0,1,0,0,0
270.35,18,0,0,64,2,36,0,4.224218683996583,90.11666666666667,0,0,0,0,0,1,0,0,0,0,1,0,0,0
3.28,8,1,0,62,2,35,0,0.05290322495317379,1.0933333333333333,1,1,0,0,1,0,0,0,0,0,0,1,0,0
182.97,17,0,0,58,3,18,0,3.1546551180231877,45.7425,0,0,0,0,0,1,0,0,0,1,0,0,0,0
74.39,4,0,0,65,0,57,1,1.1444615208544382,74.39,0,0,0,0,0,0,0,1,0,0,0,0,1,0
273.14,7,0,0,57,5,21,0,4.791929740492461,45.52333333333333,0,0,0,0,0,0,1,0,0,0,0,1,0,0
42.84,18,0,0,68,3,19,0,0.6299999907352943,10.71,0,0,0,0,0,0,1,0,0,0,1,0,0,0
95.51,18,0,0,83,2,43,0,1.150722877702134,31.83666666666667,0,0,0,0,0,1,0,0,0,0,1,0,0,0
101.13,20,0,0,77,1,54,0,1.3133766063197843,50.565,0,0,0,0,0,0,1,0,0,0,1,0,0,0
399.18,17,0,0,59,0,39,0,6.765762597190465,399.18,0,0,0,0,0,0,1,0,0,1,0,0,0,0
92.86,0,0,0,92,2,38,1,1.0093478151157846,30.953333333333333,0,0,0,0,0,1,0,0,0,0,0,0,1,0
68.49,0,0,0,33,1,50,1,2.075454482561985,34.245,0,0,0,1,1,0,0,0,0,0,0,0,1,0
376.62,18,0,0,31,2,54,0,12.149031866160263,125.54,0,0,0,1,0,0,0,0,1,0,1,0,0,0
435.11,0,0,0,55,3,50,1,7.9110907652528955,108.7775,0,0,0,0,0,0,1,0,0,0,0,0,1,0
327.04,12,0,1,25,1,41,0,13.081599476736022,163.52,1,1,0,1,0,0,0,0,1,1,0,0,0,0
509.07,14,0,1,93,2,27,0,5.473870908883109,169.69,1,1,1,0,1,0,0,0,0,1,0,0,0,0
207.78,15,0,0,58,3,62,0,3.5824137313376943,51.945,0,0,0,0,0,1,0,0,0,1,0,0,0,0
88.18,12,0,0,77,0,55,0,1.1451947903221458,88.18,0,0,0,0,0,0,0,0,1,1,0,0,0,0
33.29,2,0,0,57,1,47,1,0.5840350774730688,16.645,0,0,0,0,0,1,0,0,0,0,0,0,1,0
147.73,9,0,0,60,2,49,0,2.462166625630556,49.24333333333333,0,0,0,0,1,0,0,0,0,0,0,1,0,0
44.21,22,0,0,59,2,60,0,0.7493220211979319,14.736666666666666,0,0,0,0,0,1,0,0,0,0,1,0,0,0
419.12,8,1,1,82,6,18,0,5.111219449863178,59.87428571428571,1,2,0,0,0,1,0,0,0,0,0,1,0,1
110.79,21,0,0,63,0,38,0,1.758571400657597,110.79,0,0,0,0,0,0,0,1,0,0,1,0,0,0
89.8,4,0,0,44,3,45,1,2.0409090445247946,22.45,0,0,0,0,0,1,0,0,0,0,0,0,1,0
116.15,16,0,0,86,1,59,0,1.3505813796444026,58.075,0,0,0,0,0,0,1,0,0,1,0,0,0,0
50.78,0,1,0,53,4,28,1,0.9581131894695625,10.156,1,1,0,0,0,0,1,0,0,0,0,0,1,0
39.15,14,0,0,39,1,59,0,1.0038461281065096,19.575,0,0,0,1,0,1,0,0,0,1,0,0,0,0
20.04,8,0,0,39,3,21,0,0.5138461406706117,5.01,0,0,0,1,0,0,0,1,0,0,0,1,0,0
75.4,15,0,0,29,1,57,0,2.5999999103448306,37.7,0,0,0,1,1,0,0,0,0,1,0,0,0,0
75.6,15,0,0,45,1,40,0,1.6799999626666675,37.8,0,0,0,0,1,0,0,0,0,1,0,0,0,0
324.3,13,0,0,57,0,26,0,5.689473584395201,324.3,0,0,0,0,0,0,1,0,0,1,0,0,0,0
175.79,22,1,0,57,3,61,0,3.0840350336134206,43.9475,1,1,0,0,0,1,0,0,0,0,1,0,0,0
95.31,5,0,0,52,2,36,1,1.8328845801368352,31.77,0,0,0,0,1,0,0,0,0,0,0,0,1,0
10.73,1,0,0,84,3,48,1,0.12773809371740366,2.6825,0,0,0,0,0,0,0,1,0,0,0,0,1,0
237.29,7,0,0,57,3,57,0,4.162982383105573,59.3225,0,0,0,0,0,0,0,1,0,0,0,1,0,0
19.44,3,1,0,85,3,34,1,0.22870587966228378,4.86,1,1,0,0,1,0,0,0,0,0,0,0,1,0
109.36,10,0,0,68,4,28,0,1.6082352704671283,21.872,0,0,0,0,0,0,0,1,0,0,0,1,0,0
234.97,22,1,1,69,0,19,0,3.4053622694875036,234.97,1,2,0,0,0,1,0,0,0,0,1,0,0,0
108.96,9,0,0,51,3,23,0,2.136470546343715,27.24,0,0,0,0,0,0,1,0,0,0,0,1,0,0
45.97,5,0,1,50,1,49,1,0.9193999816120004,22.985,1,1,0,0,0,0,0,0,1,0,0,0,1,0
272.42,13,0,0,62,3,67,0,4.39387089687305,68.105,0,0,0,0,0,0,1,0,0,1,0,0,0,0
101.95,17,0,0,83,2,63,0,1.2283132382130937,33.983333333333334,0,0,0,0,0,0,1,0,0,1,0,0,0,0
501.82,19,0,0,64,2,59,0,7.8409373774853535,167.27333333333334,0,0,1,0,0,0,0,1,0,0,1,0,0,0
87.36,14,1,0,86,0,25,0,1.0158139416765821,87.36,1,1,0,0,1,0,0,0,0,1,0,0,0,0
13.2,4,1,0,47,1,30,1,0.2808510578542328,6.6,1,1,0,0,0,0,1,0,0,0,0,0,1,0
173.97,14,0,0,78,4,68,0,2.2303845867899414,34.794,0,0,0,0,1,0,0,0,0,1,0,0,0,0
31.43,7,0,0,84,4,59,0,0.37416666221230166,6.286,0,0,0,0,0,0,0,1,0,0,0,1,0,0
554.76,7,0,0,62,0,63,0,8.947741791165456,554.76,0,0,1,0,0,1,0,0,0,0,0,1,0,0
13.59,13,0,0,94,3,63,0,0.14457446654708014,3.3975,0,0,0,0,0,0,0,1,0,1,0,0,0,0
116.67,7,0,0,96,2,68,0,1.215312487340495,38.89,0,0,0,0,0,0,0,0,1,0,0,1,0,0
34.89,15,0,0,59,2,57,0,0.5913559221804081,11.63,0,0,0,0,0,0,0,1,0,1,0,0,0,0
147.12,18,0,0,30,4,60,0,4.903999836533338,29.424,0,0,0,1,0,0,1,0,0,0,1,0,0,0
54.79,8,0,0,99,2,51,0,0.5534343378440976,18.263333333333332,0,0,0,0,0,0,1,0,0,0,0,1,0,0
99.72,9,1,1,62,1,29,0,1.6083870708324666,49.86,1,2,0,0,0,0,1,0,0,0,0,1,0,0
93.94,18,0,1,51,1,62,0,1.841960748196848,46.97,1,1,0,0,0,0,0,0,1,0,1,0,0,0
187.96,11,0,0,45,1,67,0,4.1768887960691385,93.98,0,0,0,0,0,0,1,0,0,0,0,1,0,0
94.77,10,1,0,56,1,31,0,1.6923213983514036,47.385,1,1,0,0,0,0,0,1,0,0,0,1,0,0
4.95,6,0,0,41,1,58,0,0.12073170437239747,2.475,0,0,0,0,0,1,0,0,0,0,0,1,0,0
125.72,16,0,1,80,3,20,0,1.5714999803562504,31.43,1,1,0,0,0,0,1,0,0,1,0,0,0,0
505.91,11,0,0,29,1,52,0,17.445171812235454,252.955,0,0,1,1,1,0,0,0,0,0,0,1,0,0
213.95,5,0,0,91,4,18,1,2.35109887526265,42.79,0,0,0,0,0,0,1,0,0,0,0,0,1,0
91.12,4,0,0,56,7,41,1,1.6271428280867353,11.39,0,0,0,0,1,0,0,0,0,0,0,0,1,0
162.46,4,0,0,82,2,26,1,1.981219488033909,54.153333333333336,0,0,0,0,0,0,0,1,0,0,0,0,1,0
90.77,12,0,0,64,1,23,0,1.4182812278393557,45.385,0,0,0,0,0,0,0,0,1,1,0,0,0,0
380.57,1,0,0,81,3,49,1,4.698395003723519,95.1425,0,0,0,0,0,0,1,0,0,0,0,0,1,0
471.12,8,0,0,30,2,29,0,15.703999476533351,157.04,0,0,0,1,1,0,0,0,0,0,0,1,0,0
185.68,0,0,0,88,2,29,1,2.1099999760227277,61.89333333333334,0,0,0,0,0,1,0,0,0,0,0,0,1,0
60.43,23,0,0,55,1,60,0,1.0987272527504137,30.215,0,0,0,0,1,0,0,0,0,0,1,0,0,0
186.54,12,0,1,52,0,28,0,3.5873076233210073,186.54,1,1,0,0,0,0,1,0,0,1,0,0,0,0
331.49,20,0,0,91,2,52,0,3.642747212717064,110.49666666666667,0,0,0,0,1,0,0,0,0,0,1,0,0,0
16.84,6,0,0,72,6,52,0,0.23388888564043214,2.4057142857142857,0,0,0,0,0,0,0,0,1,0,0,1,0,0
27.78,8,0,0,94,4,35,0,0.29553191174966054,5.556,0,0,0,0,1,0,0,0,0,0,0,1,0,0
129.39,3,0,0,64,0,51,1,2.021718718410645,129.39,0,0,0,0,1,0,0,0,0,0,0,0,1,0
252.83,9,0,0,83,4,18,0,3.0461445416127164,50.566,0,0,0,0,0,0,0,0,1,0,0,1,0,0
138.81,23,1,0,69,2,49,0,2.0117391012791437,46.27,1,1,0,0,0,1,0,0,0,0,1,0,0,0
73.54,12,0,0,98,2,38,0,0.7504081556080802,24.513333333333335,0,0,0,0,0,0,1,0,0,1,0,0,0,0
175.57,3,0,0,38,3,35,1,4.6202630363088675,43.8925,0,0,0,1,0,0,0,1,0,0,0,0,1,0
628.71,4,0,0,30,4,45,1,20.956999301433356,125.742,0,0,1,1,1,0,0,0,0,0,0,0,1,0
271.22,4,1,0,35,1,63,1,7.749142635738783,135.61,1,1,0,1,1,0,0,0,0,0,0,0,1,0
7.44,15,0,0,51,2,62,0,0.14588235008073824,2.48,0,0,0,0,1,0,0,0,0,1,0,0,0,0
210.86,15,0,0,49,1,60,0,4.3032652183007105,105.43,0,0,0,0,0,0,0,0,1,1,0,0,0,0
95.32,12,0,0,98,1,52,0,0.9726530512994587,47.66,0,0,0,0,0,0,1,0,0,1,0,0,0,0
162.12,3,0,0,28,0,41,1,5.789999793214293,162.12,0,0,0,1,0,1,0,0,0,0,0,0,1,0
195.48,13,0,0,60,3,39,0,3.257999945700001,48.87,0,0,0,0,0,0,1,0,0,1,0,0,0,0
9.55,6,0,0,92,0,46,0,0.10380434669777885,9.55,0,0,0,0,0,0,0,0,1,0,0,1,0,0
283.15,14,0,0,81,1,41,0,3.4956789691891483,141.575,0,0,0,0,0,0,1,0,0,1,0,0,0,0
47.88,23,0,0,31,2,41,0,1.5445160792091588,15.96,0,0,0,1,0,0,0,1,0,0,1,0,0,0
100.91,1,0,0,72,0,44,1,1.4015277583121144,100.91,0,0,0,0,0,1,0,0,0,0,0,0,1,0
33.94,8,0,0,45,1,45,0,0.7542222054617288,16.97,0,0,0,0,0,0,0,1,0,0,0,1,0,0
8.64,18,0,0,86,4,23,0,0.10046511511087076,1.7280000000000002,0,0,0,0,0,1,0,0,0,0,1,0,0,0
124.0,14,0,0,32,6,51,0,3.8749998789062543,17.714285714285715,0,0,0,1,0,0,1,0,0,1,0,0,0,0
240.0,6,0,0,84,6,49,0,2.8571428231292524,34.285714285714285,0,0,0,0,1,0,0,0,0,0,0,1,0,0
52.32,16,0,0,63,1,20,0,0.830476177294029,26.16,0,0,0,0,1,0,0,0,0,1,0,0,0,0
227.81,7,0,0,97,6,50,0,2.3485566768190034,32.544285714285714,0,0,0,0,0,0,0,0,1,0,0,1,0,0
156.19,18,0,0,65,1,69,0,2.4029230399550303,78.095,0,0,0,0,0,0,0,0,1,0,1,0,0,0
239.09,18,0,0,40,4,41,0,5.977249850568755,47.818,0,0,0,0,0,0,1,0,0,0,1,0,0,0
222.44,15,0,0,48,2,44,0,4.63416657012153,74.14666666666666,0,0,0,0,0,0,0,1,0,1,0,0,0,0
163.46,20,0,0,79,1,58,0,2.0691138978593178,81.73,0,0,0,0,0,1,0,0,0,0,1,0,0,0
199.22,3,0,0,87,3,37,1,2.289885031150747,49.805,0,0,0,0,0,0,0,0,1,0,0,0,1,0
70.36,7,0,0,81,3,31,0,0.8686419645846671,17.59,0,0,0,0,1,0,0,0,0,0,0,1,0,0
337.27,18,0,0,55,1,41,0,6.132181706687605,168.635,0,0,0,0,1,0,0,0,0,0,1,0,0,0
1321.02,0,0,0,54,2,64,1,24.463332880308652,440.34,0,0,1,0,0,1,0,0,0,0,0,0,1,0
317.13,5,0,0,36,2,22,1,8.8091664219676,105.71,0,0,0,1,0,0,0,0,1,0,0,0,1,0
131.16,9,0,0,36,2,31,0,3.6433332321296326,43.72,0,0,0,1,0,0,1,0,0,0,0,1,0,0
396.52,7,1,0,71,2,47,0,5.584788653735371,132.17333333333332,1,1,0,0,0,1,0,0,0,0,0,1,0,0
118.15,10,0,0,46,1,54,0,2.5684782050330828,59.075,0,0,0,0,0,0,0,0,1,0,0,1,0,0
203.44,11,0,1,66,3,18,0,3.082424195720846,50.86,1,1,0,0,0,0,0,1,0,0,0,1,0,0
305.98,23,0,0,82,2,29,0,3.731463369128496,101.99333333333334,0,0,0,0,0,1,0,0,0,0,1,0,0,0
25.78,13,0,0,82,2,41,0,0.3143902400684117,8.593333333333334,0,0,0,0,0,0,0,1,0,1,0,0,0,0
120.28,7,0,0,55,0,49,0,2.1869090511471083,120.28,0,0,0,0,0,1,0,0,0,0,0,1,0,0
86.46,15,0,0,60,0,24,0,1.4409999759833336,86.46,0,0,0,0,0,0,0,0,1,1,0,0,0,0
47.6,22,0,0,80,0,46,0,0.5949999925625001,47.6,0,0,0,0,0,1,0,0,0,0,1,0,0,0
341.64,19,0,0,39,2,57,0,8.759999775384621,113.88,0,0,0,1,0,1,0,0,0,0,1,0,0,0
0.12,17,1,0,87,1,21,0,0.0013793103289734445,0.06,1,1,0,0,0,0,1,0,0,1,0,0,0,0
780.15,15,0,0,75,3,27,0,10.401999861306669,195.0375,0,0,1,0,0,1,0,0,0,1,0,0,0,0
417.16,9,0,0,39,1,37,0,10.696409982143335,208.58,0,0,0,1,0,0,0,1,0,0,0,1,0,0
83.5,17,0,0,27,2,19,0,3.09259247805213,27.833333333333332,0,0,0,1,0,0,1,0,0,1,0,0,0,0
11.65,17,0,0,65,2,30,0,0.17923076647337283,3.8833333333333333,0,0,0,0,0,0,0,1,0,1,0,0,0,0
180.63,2,0,0,70,1,27,1,2.5804285345653066,90.315,0,0,0,0,0,0,0,1,0,0,0,0,1,0
163.22,12,0,0,52,2,39,0,3.1388460934837292,54.406666666666666,0,0,0,0,0,0,1,0,0,1,0,0,0,0
3.49,15,0,0,73,2,63,0,0.04780821852317509,1.1633333333333333,0,0,0,0,0,0,0,1,0,1,0,0,0,0
78.87,0,0,0,31,1,18,1,2.5441934663163397,39.435,0,0,0,1,0,0,0,0,1,0,0,0,1,0
33.2,16,0,0,29,2,53,0,1.1448275467300846,11.066666666666668,0,0,0,1,0,1,0,0,0,1,0,0,0,0
139.45,10,0,0,83,3,48,0,1.6801204616852956,34.8625,0,0,0,0,0,0,0,0,1,0,0,1,0,0
9.96,22,0,0,94,1,63,0,0.10595744568130377,4.98,0,0,0,0,0,0,0,0,1,0,1,0,0,0
47.53,18,0,0,51,1,64,0,0.931960766039985,23.765,0,0,0,0,1,0,0,0,0,0,1,0,0,0
330.36,21,0,0,40,1,29,0,8.258999793525007,165.18,0,0,0,0,0,0,0,1,0,0,1,0,0,0
95.13,16,0,0,41,1,61,0,2.320243845847711,47.565,0,0,0,0,0,0,1,0,0,1,0,0,0,0
131.72,16,0,0,67,3,41,0,1.9659701199108939,32.93,0,0,0,0,0,1,0,0,0,1,0,0,0,0
143.68,23,0,0,33,2,38,0,4.353939262001841,47.89333333333334,0,0,0,1,0,0,0,1,0,0,1,0,0,0
152.2,0,0,0,59,4,28,1,2.579660973226085,30.439999999999998,0,0,0,0,0,0,0,0,1,0,0,0,1,0
63.6,11,0,0,90,2,38,0,0.7066666588148149,21.2,0,0,0,0,0,0,0,1,0,0,0,1,0,0
220.95,12,1,0,75,4,57,0,2.9459999607200005,44.19,1,1,0,0,0,0,1,0,0,1,0,0,0,0
82.16,3,0,0,47,1,35,1,1.7480850691896794,41.08,0,0,0,0,0,0,1,0,0,0,0,0,1,0
111.7,23,0,0,53,2,49,0,2.1075471300462807,37.233333333333334,0,0,0,0,0,0,1,0,0,0,1,0,0,0
182.43,15,0,1,50,2,51,0,3.648599927028002,60.81,1,1,0,0,0,1,0,0,0,1,0,0,0,0
31.64,23,0,0,86,2,34,0,0.367906972466198,10.546666666666667,0,0,0,0,0,1,0,0,0,0,1,0,0,0
838.26,12,0,0,94,2,38,0,8.917659479599367,279.42,0,0,1,0,1,0,0,0,0,1,0,0,0,0
212.86,21,0,0,66,0,48,0,3.2251514662855842,212.86,0,0,0,0,0,0,1,0,0,0,1,0,0,0
56.2,18,0,0,89,2,30,0,0.6314606670622398,18.733333333333334,0,0,0,0,0,1,0,0,0,0,1,0,0,0
352.29,18,0,0,61,0,28,0,5.775245806963184,352.29,0,0,0,0,0,0,0,0,1,0,1,0,0,0
41.81,5,0,0,77,2,22,1,0.5429870059352337,13.936666666666667,0,0,0,0,0,1,0,0,0,0,0,0,1,0
46.6,18,0,0,90,0,20,0,0.5177777720246914,46.6,0,0,0,0,0,0,0,1,0,0,1,0,0,0
186.27,7,1,1,98,1,54,0,1.9007142663192422,93.135,1,2,0,0,0,0,1,0,0,0,0,1,0,0
46.56,14,0,0,36,4,67,0,1.2933332974074085,9.312000000000001,0,0,0,1,1,0,0,0,0,1,0,0,0,0
31.07,20,0,0,79,1,48,0,0.3932911342621376,15.535,0,0,0,0,0,0,0,0,1,0,1,0,0,0
126.38,7,0,0,98,2,21,0,1.2895918235755937,42.126666666666665,0,0,0,0,0,0,1,0,0,0,0,1,0,0
144.82,1,0,0,27,1,55,1,5.363703505048018,72.41,0,0,0,1,1,0,0,0,0,0,0,0,1,0
430.33,10,0,0,65,2,56,0,6.620461436608285,143.44333333333333,0,0,0,0,0,0,1,0,0,0,0,1,0,0
63.7,19,0,0,48,0,38,0,1.3270833056857645,63.7,0,0,0,0,0,1,0,0,0,0,1,0,0,0
233.34,20,0,0,84,2,25,0,2.7778571097874156,77.78,0,0,0,0,1,0,0,0,0,0,1,0,0,0
4.31,23,0,0,79,3,48,0,0.05455696133472201,1.0775,0,0,0,0,0,0,1,0,0,0,1,0,0,0
68.48,9,0,0,90,2,31,0,0.760888880434568,22.826666666666668,0,0,0,0,0,1,0,0,0,0,0,1,0,0
145.41,21,0,0,76,1,65,0,1.9132894485093495,72.705,0,0,0,0,0,0,1,0,0,0,1,0,0,0
324.25,14,0,0,58,1,26,0,5.590517144991084,162.125,0,0,0,0,0,0,1,0,0,1,0,0,0,0
97.26,5,0,0,89,1,46,1,1.0928089764852924,48.63,0,0,0,0,0,0,1,0,0,0,0,0,1,0
6.69,3,0,0,73,2,66,1,0.09164383436104337,2.23,0,0,0,0,0,1,0,0,0,0,0,0,1,0
141.91,14,0,0,49,0,51,0,2.896122389875053,141.91,0,0,0,0,0,1,0,0,0,1,0,0,0,0
483.2,10,0,0,97,2,23,0,4.981443247613987,161.06666666666666,0,0,0,0,0,0,1,0,0,0,0,1,0,0
200.49,10,0,0,54,2,37,0,3.7127777090226353,66.83,0,0,0,0,0,0,0,1,0,0,0,1,0,0
198.37,12,0,0,86,3,47,0,2.30662788015549,49.5925,0,0,0,0,1,0,0,0,0,1,0,0,0,0
96.06,6,0,0,88,1,44,0,1.0915908966864671,48.03,0,0,0,0,0,0,1,0,0,0,0,1,0,0
261.71,14,1,0,79,3,65,0,3.3127847681925977,65.4275,1,1,0,0,0,0,1,0,0,1,0,0,0,0
63.26,18,0,0,50,1,51,0,1.2651999746960005,31.63,0,0,0,0,0,1,0,0,0,0,1,0,0,0
76.32,7,0,0,56,0,36,0,1.3628571185204086,76.32,0,0,0,0,0,1,0,0,0,0,0,1,0,0
99.96,20,0,1,98,3,28,0,1.0199999895918368,24.99,1,1,0,0,0,0,0,0,1,0,1,0,0,0
456.88,15,0,0,82,0,48,0,5.571707249125521,456.88,0,0,0,0,0,1,0,0,0,1,0,0,0,0
185.32,7,0,0,81,3,65,0,2.2879012063222075,46.33,0,0,0,0,0,0,0,1,0,0,0,1,0,0
68.61,23,0,0,69,1,49,0,0.9943478116761187,34.305,0,0,0,0,0,1,0,0,0,0,1,0,0,0
88.81,9,0,0,74,1,57,0,1.200135118917093,44.405,0,0,0,0,0,0,0,1,0,0,0,1,0,0
88.38,21,0,0,51,5,62,0,1.7329411424913501,14.729999999999999,0,0,0,0,0,0,0,1,0,0,1,0,0,0
113.52,7,0,0,61,2,45,0,1.8609835760494495,37.839999999999996,0,0,0,0,0,0,0,0,1,0,0,1,0,0
381.05,17,1,0,86,2,27,0,4.43081390196728,127.01666666666667,1,1,0,0,1,0,0,0,0,1,0,0,0,0
47.01,23,1,0,70,4,48,0,0.6715714189775511,9.402,1,1,0,0,0,0,0,1,0,0,1,0,0,0
260.95,8,0,0,79,3,43,0,3.3031645151498163,65.2375,0,0,0,0,0,1,0,0,0,0,0,1,0,0
214.35,5,0,1,97,2,38,1,2.2097937916516104,71.45,1,1,0,0,0,1,0,0,0,0,0,0,1,0
60.85,21,0,0,45,2,28,0,1.3522221921728403,20.283333333333335,0,0,0,0,0,0,1,0,0,0,1,0,0,0
9.45,19,0,0,46,2,19,0,0.2054347781427222,3.15,0,0,0,0,0,1,0,0,0,0,1,0,0,0
34.06,23,0,1,31,5,41,0,1.0987096419771083,5.676666666666667,1,1,0,1,0,0,0,0,1,0,1,0,0,1
328.63,20,0,0,47,3,51,0,6.992127510805798,82.1575,0,0,0,0,0,0,0,0,1,0,1,0,0,0
612.15,6,0,0,78,3,59,0,7.848076822460554,153.0375,0,0,1,0,0,1,0,0,0,0,0,1,0,0
140.37,1,0,0,27,2,39,1,5.198888696337455,46.79,0,0,0,1,0,0,0,1,0,0,0,0,1,0
89.85,12,1,0,76,2,48,0,1.1822368265495153,29.95,1,1,0,0,0,1,0,0,0,1,0,0,0,0
100.05,9,0,0,68,4,50,0,1.4713235077746543,20.009999999999998,0,0,0,0,0,0,0,1,0,0,0,1,0,0
314.83,23,0,0,99,1,50,0,3.180100977978778,157.415,0,0,0,0,1,0,0,0,0,0,1,0,0,0
79.5,0,0,0,70,1,69,1,1.1357142694897961,39.75,0,0,0,0,1,0,0,0,0,0,0,0,1,0
52.47,12,0,0,72,3,20,0,0.7287499898784724,13.1175,0,0,0,0,0,0,0,1,0,1,0,0,0,0
160.02,8,0,0,84,3,69,0,1.904999977321429,40.005,0,0,0,0,0,0,0,1,0,0,0,1,0,0
55.02,12,0,0,30,0,44,0,1.8339999388666688,55.02,0,0,0,1,0,0,0,1,0,1,0,0,0,0
26.54,11,0,0,66,0,53,0,0.40212120602846657,26.54,0,0,0,0,0,1,0,0,0,0,0,1,0,0
45.78,14,0,0,33,2,38,0,1.3872726852341613,15.26,0,0,0,1,0,0,0,1,0,1,0,0,0,0
157.07,10,0,0,65,1,52,0,2.4164615012852075,78.535,0,0,0,0,0,1,0,0,0,0,0,1,0,0
112.66,11,0,0,76,1,51,0,1.4823684015477843,56.33,0,0,0,0,0,1,0,0,0,0,0,1,0,0
114.54,21,0,0,96,1,34,0,1.1931249875716148,57.27,0,0,0,0,0,0,0,1,0,0,1,0,0,0
161.79,19,1,0,83,3,22,0,1.9492770849484689,40.4475,1,1,0,0,0,0,1,0,0,0,1,0,0,0
22.05,4,0,0,56,5,42,1,0.39374999296875013,3.6750000000000003,0,0,0,0,0,0,0,1,0,0,0,0,1,0
11.63,23,1,0,41,1,65,0,0.28365852966686517,5.815,1,1,0,0,0,0,0,0,1,0,1,0,0,0
689.93,22,0,0,52,1,66,0,13.267884360232992,344.965,0,0,1,0,0,0,1,0,0,0,1,0,0,0
150.02,21,0,0,63,1,41,0,2.381269803471908,75.01,0,0,0,0,0,0,0,0,1,0,1,0,0,0
82.24,5,0,0,55,1,38,1,1.495272700085951,41.12,0,0,0,0,0,0,1,0,0,0,0,0,1,0
133.39,4,0,1,61,2,48,1,2.18672127562752,44.46333333333333,1,1,0,0,1,0,0,0,0,0,0,0,1,0
56.81,17,0,0,94,1,36,0,0.6043616956982799,28.405,0,0,0,0,0,0,1,0,0,1,0,0,0,0
440.03,10,0,0,70,2,33,0,6.2861427673408174,146.67666666666665,0,0,0,0,0,0,1,0,0,0,0,1,0,0
48.0,4,1,0,85,0,34,1,0.5647058757093426,48.0,1,1,0,0,0,1,0,0,0,0,0,0,1,0
404.92,8,0,0,52,0,45,0,7.78692292717456,404.92,0,0,0,0,0,1,0,0,0,0,0,1,0,0
181.1,1,0,0,31,3,59,1,5.841935295421441,45.275,0,0,0,1,0,0,1,0,0,0,0,0,1,0
131.65,15,0,0,40,4,32,0,3.291249917718752,26.330000000000002,0,0,0,0,0,0,0,0,1,1,0,0,0,0
22.28,5,1,0,83,2,18,1,0.26843373170561774,7.426666666666667,1,1,0,0,0,0,0,1,0,0,0,0,1,0
97.24,23,0,1,47,2,36,0,2.0689361261928485,32.413333333333334,1,1,0,0,1,0,0,0,0,0,1,0,0,0
56.17,5,0,0,91,3,55,1,0.6172527404697501,14.0425,0,0,0,0,0,0,1,0,0,0,0,0,1,0
90.03,3,0,0,33,4,18,1,2.7281817355096445,18.006,0,0,0,1,0,0,1,0,0,0,0,0,1,0
64.88,13,0,0,42,1,38,0,1.5447618679818602,32.44,0,0,0,0,1,0,0,0,0,1,0,0,0,0
82.76,8,1,0,90,1,63,0,0.9195555453382718,41.38,1,1,0,0,1,0,0,0,0,0,0,1,0,0
91.5,20,0,0,91,3,26,0,1.0054944944451154,22.875,0,0,0,0,1,0,0,0,0,0,1,0,0,0
50.15,6,0,0,67,0,49,0,0.7485074515148141,50.15,0,0,0,0,0,0,0,0,1,0,0,1,0,0
229.35,17,0,0,39,0,25,0,5.88076907998028,229.35,0,0,0,1,0,0,0,1,0,1,0,0,0,0
126.13,19,1,0,53,1,29,0,2.3798112758526173,63.065,1,1,0,0,0,0,0,0,1,0,1,0,0,0
208.95,11,0,0,79,2,55,0,2.6449366753805483,69.64999999999999,0,0,0,0,0,0,0,0,1,0,0,1,0,0
128.96,10,0,0,77,0,69,0,1.6748051730544784,128.96,0,0,0,0,0,0,1,0,0,0,0,1,0,0
251.28,18,0,0,79,0,51,0,3.1807594534081085,251.28,0,0,0,0,1,0,0,0,0,0,1,0,0,0
88.63,0,0,0,37,2,47,1,2.3954053406647207,29.543333333333333,0,0,0,1,0,0,1,0,0,0,0,0,1,0
51.72,9,0,0,32,2,38,0,1.6162499494921891,17.24,0,0,0,1,0,0,1,0,0,0,0,1,0,0
43.34,20,0,0,79,2,52,0,0.548607587992309,14.446666666666667,0,0,0,0,0,1,0,0,0,0,1,0,0,0
216.5,4,0,0,82,1,48,1,2.6402438702409285,108.25,0,0,0,0,0,0,0,1,0,0,0,0,1,0
264.36,6,0,0,68,4,28,0,3.88764700165225,52.872,0,0,0,0,0,1,0,0,0,0,0,1,0,0
188.72,14,0,0,64,2,33,0,2.948749953925782,62.906666666666666,0,0,0,0,0,0,0,1,0,1,0,0,0,0
95.94,2,0,0,49,1,63,1,1.9579591437151196,47.97,0,0,0,0,0,0,0,1,0,0,0,0,1,0
16.86,17,0,0,67,1,47,0,0.25164178728892855,8.43,0,0,0,0,1,0,0,0,0,1,0,0,0,0
10.32,0,0,0,72,1,18,1,0.14333333134259263,5.16,0,0,0,0,0,0,0,1,0,0,0,0,1,0
63.33,9,0,1,64,1,24,0,0.9895312345385745,31.665,1,1,0,0,1,0,0,0,0,0,0,1,0,0
405.39,12,0,0,53,0,39,0,7.648867780210042,405.39,0,0,0,0,0,0,0,1,0,1,0,0,0,0
311.22,6,0,0,57,2,27,0,5.4599999042105285,103.74000000000001,0,0,0,0,1,0,0,0,0,0,0,1,0,0
136.72,14,0,0,49,1,59,0,2.790204024689714,68.36,0,0,0,0,1,0,0,0,0,1,0,0,0,0
150.5,4,0,0,42,3,58,1,3.583333248015875,37.625,0,0,0,0,0,0,0,0,1,0,0,0,1,0
11.53,9,0,0,95,0,69,0,0.12136841977506926,11.53,0,0,0,0,0,1,0,0,0,0,0,1,0,0
16.55,15,0,0,49,4,34,0,0.33775509514785523,3.31,0,0,0,0,0,1,0,0,0,1,0,0,0,0
385.95,4,0,0,33,1,21,1,11.695454191046844,192.975,0,0,0,1,0,0,1,0,0,0,0,0,1,0
42.82,5,1,0,62,1,56,1,0.6906451501508847,21.41,1,1,0,0,0,0,1,0,0,0,0,0,1,0
485.61,11,0,0,55,2,25,0,8.8292725667405,161.87,0,0,0,0,0,0,0,1,0,0,0,1,0,0
182.87,1,0,0,29,0,58,1,6.305861851522005,182.87,0,0,0,1,0,0,0,0,1,0,0,0,1,0
35.17,7,0,0,33,1,28,0,1.0657575434618927,17.585,0,0,0,1,0,0,0,1,0,0,0,1,0,0
225.58,1,1,0,62,1,24,1,3.638387038090532,112.79,1,1,0,0,0,0,0,1,0,0,0,0,1,0
89.3,2,0,0,84,1,24,1,1.0630952254393427,44.65,0,0,0,0,0,0,0,0,1,0,0,0,1,0
137.66,3,0,0,69,2,44,1,1.9950724348540227,45.88666666666666,0,0,0,0,0,0,1,0,0,0,0,0,1,0
209.68,16,0,0,91,2,62,0,2.304175798855211,69.89333333333333,0,0,0,0,0,0,0,1,0,1,0,0,0,0
319.96,19,1,0,94,3,67,0,3.4038297510230877,79.99,1,1,0,0,0,0,0,1,0,0,1,0,0,0
208.72,14,0,0,40,2,22,0,5.217999869550003,69.57333333333334,0,0,0,0,0,0,0,0,1,1,0,0,0,0
273.6,10,0,0,40,3,44,0,6.839999829000005,68.4,0,0,0,0,0,0,0,0,1,0,0,1,0,0
134.05,13,0,0,58,3,48,0,2.3112068567033304,33.5125,0,0,0,0,0,0,1,0,0,1,0,0,0,0
15.58,4,0,0,54,1,33,1,0.2885185131755831,7.79,0,0,0,0,0,0,0,1,0,0,0,0,1,0
37.5,10,0,0,87,2,45,0,0.4310344778042014,12.5,0,0,0,0,0,0,1,0,0,0,0,1,0,0
75.46,13,0,0,59,4,23,0,1.278983029169779,15.091999999999999,0,0,0,0,0,1,0,0,0,1,0,0,0,0
284.4,9,0,0,75,1,26,0,3.7919999494400005,142.2,0,0,0,0,0,0,1,0,0,0,0,1,0,0
23.09,0,0,0,98,2,24,1,0.23561224249375262,7.696666666666666,0,0,0,0,0,0,0,0,1,0,0,0,1,0
24.84,7,0,0,68,3,44,0,0.36529411227508657,6.21,0,0,0,0,0,0,0,0,1,0,0,1,0,0
165.63,9,0,0,95,2,44,0,1.743473665858172,55.21,0,0,0,0,0,1,0,0,0,0,0,1,0,0
39.98,18,0,0,45,1,51,0,0.888444424701235,19.99,0,0,0,0,1,0,0,0,0,0,1,0,0,0
160.97,19,0,0,44,0,60,0,3.658409007763432,160.97,0,0,0,0,0,0,0,1,0,0,1,0,0,0
24.17,2,0,0,31,1,27,1,0.7796773942039551,12.085,0,0,0,1,1,0,0,0,0,0,0,0,1,0
67.13,19,0,0,75,1,24,0,0.8950666547324446,33.565,0,0,0,0,1,0,0,0,0,0,1,0,0,0
159.52,12,0,0,48,0,23,0,3.323333264097224,159.52,0,0,0,0,1,0,0,0,0,1,0,0,0,0
5.55,10,0,0,37,3,36,0,0.14999999594594607,1.3875,0,0,0,1,0,0,0,0,1,0,0,1,0,0
95.29,6,0,0,58,3,53,0,1.6429310061563622,23.8225,0,0,0,0,1,0,0,0,0,0,0,1,0,0
403.15,7,0,0,83,5,39,0,4.857228857141821,67.19166666666666,0,0,0,0,0,0,0,0,1,0,0,1,0,0
80.28,19,0,0,33,1,32,0,2.432727199008267,40.14,0,0,0,1,0,0,1,0,0,0,1,0,0,0
27.08,15,0,0,96,2,41,0,0.2820833303949653,9.026666666666666,0,0,0,0,0,0,1,0,0,1,0,0,0,0
75.47,6,0,0,75,4,56,0,1.006266653249778,15.094,0,0,0,0,0,1,0,0,0,0,0,1,0,0
85.19,16,0,0,26,0,30,0,3.276538335517756,85.19,0,0,0,1,0,0,0,1,0,1,0,0,0,0
86.98,19,0,1,82,1,61,0,1.060731694381321,43.49,1,1,0,0,0,0,0,0,1,0,1,0,0,0
252.05,23,0,0,60,2,27,0,4.200833263319446,84.01666666666667,0,0,0,0,0,0,0,1,0,0,1,0,0,0
91.02,21,0,0,74,3,41,0,1.2299999833783786,22.755,0,0,0,0,0,0,0,0,1,0,1,0,0,0
20.27,19,0,0,78,3,18,0,0.25987179154010526,5.0675,0,0,0,0,0,0,0,0,1,0,1,0,0,0
307.77,1,0,0,47,0,28,1,6.548297733014942,307.77,0,0,0,0,0,0,1,0,0,0,0,0,1,0
123.52,10,0,0,30,1,67,0,4.117333196088893,61.76,0,0,0,1,0,0,0,1,0,0,0,1,0,0
268.21,17,0,0,79,0,25,0,3.395063248163756,268.21,0,0,0,0,1,0,0,0,0,1,0,0,0,0
94.18,7,0,0,69,0,52,0,1.364927516450326,94.18,0,0,0,0,0,0,0,1,0,0,0,1,0,0
118.77,1,0,0,98,0,37,1,1.211938763143482,118.77,0,0,0,0,0,1,0,0,0,0,0,0,1,0
77.05,20,0,0,27,1,34,0,2.8537035980109775,38.525,0,0,0,1,0,0,1,0,0,0,1,0,0,0
130.6,0,0,0,91,2,58,1,1.4351648193937931,43.53333333333333,0,0,0,0,0,0,1,0,0,0,0,0,1,0
145.41,19,1,0,84,2,47,0,1.7310714079634357,48.47,1,1,0,0,0,0,1,0,0,0,1,0,0,0
49.68,15,0,0,59,2,18,0,0.842033884033324,16.56,0,0,0,0,0,0,0,0,1,1,0,0,0,0
78.91,7,0,0,50,4,19,0,1.5781999684360006,15.782,0,0,0,0,0,0,0,1,0,0,0,1,0,0
243.09,11,0,0,62,1,46,0,3.920806388374091,121.545,0,0,0,0,0,0,0,0,1,0,0,1,0,0
83.44,22,0,0,44,1,18,0,1.8963635932644638,41.72,0,0,0,0,0,0,1,0,0,0,1,0,0,0
110.39,19,0,0,52,2,61,0,2.122884574559912,36.79666666666667,0,0,0,0,1,0,0,0,0,0,1,0,0,0
10.45,20,0,0,25,5,28,0,0.4179999832800006,1.7416666666666665,0,0,0,1,0,1,0,0,0,0,1,0,0,0
809.18,9,0,0,52,1,57,0,15.561153546900893,404.59,0,0,1,0,1,0,0,0,0,0,0,1,0,0
395.89,2,0,0,35,0,36,1,11.311142533967356,395.89,0,0,0,1,1,0,0,0,0,0,0,0,1,0
50.83,15,0,0,51,1,25,0,0.9966666471241834,25.415,0,0,0,0,1,0,0,0,0,1,0,0,0,0
19.65,19,0,0,70,0,25,0,0.2807142817040817,19.65,0,0,0,0,0,1,0,0,0,0,1,0,0,0
526.65,23,0,0,28,1,26,0,18.808927899681144,263.325,0,0,1,1,0,0,0,1,0,0,1,0,0,0
387.75,17,0,0,66,3,37,0,5.87499991098485,96.9375,0,0,0,0,0,1,0,0,0,1,0,0,0,0
110.67,2,1,0,43,5,21,1,2.5737208703785845,18.445,1,1,0,0,0,0,0,0,1,0,0,0,1,1
131.71,16,0,0,63,2,62,0,2.09063488745024,43.903333333333336,0,0,0,0,0,0,0,0,1,1,0,0,0,0
118.95,20,0,0,41,0,38,0,2.9012194414336725,118.95,0,0,0,0,1,0,0,0,0,0,1,0,0,0
184.02,8,0,0,95,6,35,0,1.9370526111889201,26.28857142857143,0,0,0,0,0,0,0,1,0,0,0,1,0,0
41.25,8,0,0,78,4,20,0,0.528846147066075,8.25,0,0,0,0,0,0,1,0,0,0,0,1,0,0
0.07,5,0,0,32,0,44,1,0.0021874999316406274,0.07,0,0,0,1,0,0,0,0,1,0,0,0,1,0
76.26,17,0,0,92,4,53,0,0.8289130344683366,15.252,0,0,0,0,0,1,0,0,0,1,0,0,0,0
256.12,7,0,0,75,0,60,0,3.41493328780089,256.12,0,0,0,0,0,1,0,0,0,0,0,1,0,0
376.69,22,0,0,53,1,38,0,7.107358356464937,188.345,0,0,0,0,0,0,1,0,0,0,1,0,0,0
169.24,22,0,0,98,3,66,0,1.7269387578883801,42.31,0,0,0,0,0,0,1,0,0,0,1,0,0,0
145.22,6,0,0,77,6,60,0,1.8859740014808573,20.745714285714286,0,0,0,0,0,0,0,1,0,0,0,1,0,0
46.9,21,0,0,54,4,24,0,0.8685185024348425,9.379999999999999,0,0,0,0,1,0,0,0,0,0,1,0,0,0
101.24,12,0,0,44,2,21,0,2.300909038615704,33.74666666666666,0,0,0,0,0,0,0,0,1,1,0,0,0,0
16.68,16,0,0,34,1,35,0,0.4905882208650524,8.34,0,0,0,1,0,0,0,1,0,1,0,0,0,0
136.67,14,0,0,66,0,23,0,2.0707575443824613,136.67,0,0,0,0,0,1,0,0,0,1,0,0,0,0
22.38,9,0,0,30,2,47,0,0.7459999751333342,7.46,0,0,0,1,0,0,1,0,0,0,0,1,0,0
16.68,10,0,0,25,3,47,0,0.667199973312001,4.17,0,0,0,1,0,0,0,1,0,0,0,1,0,0
68.61,15,0,0,36,2,68,0,1.90583328039352,22.87,0,0,0,1,1,0,0,0,0,1,0,0,0,0
4.02,10,0,0,64,2,40,0,0.0628124990185547,1.3399999999999999,0,0,0,0,1,0,0,0,0,0,0,1,0,0
377.5,21,0,0,41,3,33,0,9.207316848602028,94.375,0,0,0,0,0,0,0,0,1,0,1,0,0,0
112.68,18,0,0,48,4,25,0,2.3474999510937513,22.536,0,0,0,0,0,0,1,0,0,0,1,0,0,0
744.08,4,0,0,65,0,51,1,11.44738443927101,744.08,0,0,1,0,0,1,0,0,0,0,0,0,1,0
18.04,7,0,0,83,3,24,0,0.21734939497169403,4.51,0,0,0,0,0,0,0,0,1,0,0,1,0,0
319.61,21,0,0,69,3,69,0,4.632028918376393,79.9025,0,0,0,0,0,0,0,0,1,0,1,0,0,0
19.72,17,0,0,41,1,53,0,0.4809755980249854,9.86,0,0,0,0,0,0,0,0,1,1,0,0,0,0
77.59,23,0,0,31,4,39,0,2.5029031450676404,15.518,0,0,0,1,1,0,0,0,0,0,1,0,0,0
309.7,3,0,0,45,3,65,1,6.882222069283954,77.425,0,0,0,0,1,0,0,0,0,0,0,0,1,0
77.32,13,0,0,88,3,55,0,0.8786363536518595,19.33,0,0,0,0,0,0,0,0,1,1,0,0,0,0
131.37,21,0,0,67,0,57,0,1.9607462393918473,131.37,0,0,0,0,0,0,0,0,1,0,1,0,0,0
118.83,5,0,0,51,2,64,1,2.3299999543137266,39.61,0,0,0,0,0,0,0,1,0,0,0,0,1,0
351.05,23,0,0,56,3,42,0,6.268749888058038,87.7625,0,0,0,0,0,0,0,1,0,0,1,0,0,0
29.52,21,0,0,31,1,42,0,0.9522580337981279,14.76,0,0,0,1,0,0,0,0,1,0,1,0,0,0
68.16,17,1,0,38,4,47,0,1.793684163324101,13.632,1,1,0,1,0,1,0,0,0,1,0,0,0,0
173.13,13,0,0,86,4,62,0,2.013139511475122,34.626,0,0,0,0,0,0,0,0,1,1,0,0,0,0
60.27,20,1,0,74,2,33,0,0.8144594484532508,20.09,1,1,0,0,0,0,0,0,1,0,1,0,0,0
101.71,3,0,0,85,3,20,1,1.196588221216609,25.4275,0,0,0,0,0,0,0,0,1,0,0,0,1,0
18.66,13,0,0,54,3,45,0,0.34555554915637876,4.665,0,0,0,0,0,0,1,0,0,1,0,0,0,0
22.73,21,0,0,52,4,44,0,0.43711537620931973,4.546,0,0,0,0,0,0,1,0,0,0,1,0,0,0
237.56,14,0,0,95,1,37,0,2.500631552624931,118.78,0,0,0,0,0,0,0,1,0,1,0,0,0,0
13.75,9,0,0,91,2,23,0,0.15109889943847363,4.583333333333333,0,0,0,0,0,0,0,0,1,0,0,1,0,0
119.65,17,1,0,62,3,63,0,1.9298386785509891,29.9125,1,1,0,0,0,0,1,0,0,1,0,0,0,0
414.3,20,0,0,52,3,33,0,7.96730753909024,103.575,0,0,0,0,0,0,0,0,1,0,1,0,0,0
56.37,20,0,0,49,5,19,0,1.150408139787589,9.395,0,0,0,0,1,0,0,0,0,0,1,0,0,0
267.7,2,0,0,39,2,54,1,6.864102388099939,89.23333333333333,0,0,0,1,1,0,0,0,0,0,0,0,1,0
132.6,18,0,0,65,1,62,0,2.039999968615385,66.3,0,0,0,0,1,0,0,0,0,0,1,0,0,0
428.63,18,0,0,58,2,57,0,7.39017228637634,142.87666666666667,0,0,0,0,0,0,0,1,0,0,1,0,0,0
105.89,11,0,0,88,6,40,0,1.2032954408716428,15.127142857142857,0,0,0,0,1,0,0,0,0,0,0,1,0,0
140.96,12,0,0,27,3,61,0,5.22074054737998,35.24,0,0,0,1,0,1,0,0,0,1,0,0,0,0
509.42,2,0,0,56,2,67,1,9.096785551843116,169.80666666666667,0,0,1,0,1,0,0,0,0,0,0,0,1,0
138.15,1,0,1,59,1,50,1,2.341525384041943,69.075,1,1,0,0,0,0,0,1,0,0,0,0,1,0
30.57,20,1,0,66,3,37,0,0.463181811163912,7.6425,1,1,0,0,0,0,0,0,1,0,1,0,0,0
432.62,14,0,0,38,2,67,0,11.384736542506934,144.20666666666668,0,0,0,1,0,0,0,1,0,1,0,0,0,0
4.52,12,0,0,86,2,46,0,0.052558138923742566,1.5066666666666666,0,0,0,0,0,1,0,0,0,1,0,0,0,0
23.09,22,0,0,61,1,47,0,0.3785245839586134,11.545,0,0,0,0,0,0,0,0,1,0,1,0,0,0
108.98,18,0,0,79,2,57,0,1.379493653424131,36.32666666666667,0,0,0,0,0,0,0,0,1,0,1,0,0,0
410.84,7,0,0,77,3,57,0,5.335584346291112,102.71,0,0,0,0,0,0,0,0,1,0,0,1,0,0
56.83,1,0,0,28,3,29,1,2.0296427846556147,14.2075,0,0,0,1,0,0,0,0,1,0,0,0,1,0
19.48,10,0,0,31,1,46,0,0.6283870765036427,9.74,0,0,0,1,1,0,0,0,0,0,0,1,0,0
10.79,12,0,0,93,4,24,0,0.11602150412880102,2.158,0,0,0,0,0,0,1,0,0,1,0,0,0,0
311.22,17,0,1,37,1,20,0,8.41135112401754,155.61,1,1,0,1,1,0,0,0,0,1,0,0,0,0
159.8,13,0,0,30,3,69,0,5.326666489111117,39.95,0,0,0,1,0,0,1,0,0,1,0,0,0,0
369.91,16,0,0,44,3,52,0,8.407045263476245,92.4775,0,0,0,0,0,0,0,1,0,1,0,0,0,0
42.65,5,0,0,87,0,40,1,0.49022987942264507,42.65,0,0,0,0,0,0,0,0,1,0,0,0,1,0
17.75,8,0,0,55,3,30,0,0.32272726685950426,4.4375,0,0,0,0,0,0,0,1,0,0,0,1,0,0
217.49,20,0,0,92,2,20,0,2.3640217134345467,72.49666666666667,0,0,0,0,0,1,0,0,0,0,1,0,0,0
180.78,16,0,0,69,1,34,0,2.619999962028986,90.39,0,0,0,0,0,0,0,0,1,1,0,0,0,0
0.14,2,0,0,83,1,47,1,0.0016867469676295549,0.07,0,0,0,0,0,0,0,0,1,0,0,0,1,0
226.83,9,0,1,86,1,58,0,2.6375581088656035,113.415,1,1,0,0,1,0,0,0,0,0,0,1,0,0
19.19,9,0,0,70,0,60,0,0.2741428532265307,19.19,0,0,0,0,0,0,0,1,0,0,0,1,0,0
143.17,22,0,0,62,1,20,0,2.30919351114204,71.585,0,0,0,0,0,0,0,1,0,0,1,0,0,0
106.74,8,0,0,35,5,56,0,3.0497141985795944,17.79,0,0,0,1,0,1,0,0,0,0,0,1,0,0
148.28,21,0,0,64,1,64,0,2.3168749637988286,74.14,0,0,0,0,1,0,0,0,0,0,1,0,0,0
125.75,22,0,0,88,5,29,0,1.428977256488895,20.958333333333332,0,0,0,0,0,0,0,1,0,0,1,0,0,0
47.74,7,0,0,50,1,69,0,0.9547999809040004,23.87,0,0,0,0,1,0,0,0,0,0,0,1,0,0
20.16,7,0,0,83,0,53,0,0.24289156333865589,20.16,0,0,0,0,0,0,0,0,1,0,0,1,0,0
25.27,9,0,0,36,4,25,0,0.7019444249459882,5.054,0,0,0,1,0,1,0,0,0,0,0,1,0,0
126.64,5,0,0,37,4,34,1,3.422702610197227,25.328,0,0,0,1,0,0,0,0,1,0,0,0,1,0
27.88,20,0,0,55,3,24,0,0.5069090816925621,6.97,0,0,0,0,1,0,0,0,0,0,1,0,0,0
120.72,0,0,0,83,4,45,1,1.454457813801713,24.144,0,0,0,0,0,0,0,0,1,0,0,0,1,0
39.04,12,0,0,62,4,69,0,0.6296774091987515,7.808,0,0,0,0,0,1,0,0,0,1,0,0,0,0
241.78,8,0,0,66,1,55,0,3.6633332778282837,120.89,0,0,0,0,0,0,1,0,0,0,0,1,0,0
141.91,3,0,0,30,1,27,1,4.73033317565556,70.955,0,0,0,1,0,0,0,0,1,0,0,0,1,0
32.1,9,0,0,52,3,54,0,0.6173076804363908,8.025,0,0,0,0,1,0,0,0,0,0,0,1,0,0
539.99,2,0,0,64,4,26,1,8.437343618166507,107.998,0,0,1,0,0,0,0,1,0,0,0,0,1,0
213.23,8,0,0,84,4,20,0,2.53845235073271,42.646,0,0,0,0,0,1,0,0,0,0,0,1,0,0
153.08,18,0,0,76,1,34,0,2.01421049981302,76.54,0,0,0,0,0,1,0,0,0,0,1,0,0,0
170.85,1,0,0,71,3,25,1,2.40633799427693,42.7125,0,0,0,0,0,0,0,1,0,0,0,0,1,0
100.83,11,0,0,70,1,34,0,1.4404285508510208,50.415,0,0,0,0,0,0,0,1,0,0,0,1,0,0
16.4,10,0,0,61,3,28,0,0.26885245460897617,4.1,0,0,0,0,0,1,0,0,0,0,0,1,0,0
397.47,2,0,0,75,2,56,1,5.299599929338668,132.49,0,0,0,0,0,0,1,0,0,0,0,0,1,0
9.68,0,0,0,65,1,46,1,0.1489230746319527,4.84,0,0,0,0,0,1,0,0,0,0,0,0,1,0
243.38,2,0,0,31,0,18,1,7.850967488678467,243.38,0,0,0,1,0,0,1,0,0,0,0,0,1,0
234.93,14,1,0,58,2,59,0,4.050517171542808,78.31,1,1,0,0,0,0,1,0,0,1,0,0,0,0
387.26,7,0,0,48,0,66,0,8.067916498585074,387.26,0,0,0,0,0,0,0,0,1,0,0,1,0,0
506.95,22,0,0,59,2,22,0,8.592372735722495,168.98333333333332,0,0,1,0,0,1,0,0,0,0,1,0,0,0
21.63,11,0,0,40,2,69,0,0.5407499864812504,7.21,0,0,0,0,0,0,0,0,1,0,0,1,0,0
206.86,3,0,0,81,0,26,1,2.5538271289650973,206.86,0,0,0,0,0,1,0,0,0,0,0,0,1,0
351.17,21,0,0,37,5,23,0,9.491080824565385,58.528333333333336,0,0,0,1,0,0,0,0,1,0,1,0,0,0
186.89,6,0,0,90,0,59,0,2.076555532482716,186.89,0,0,0,0,0,1,0,0,0,0,0,1,0,0
212.19,16,0,0,99,2,50,0,2.143333311683502,70.73,0,0,0,0,1,0,0,0,0,1,0,0,0,0
315.5,2,0,1,48,2,53,1,6.572916529730906,105.16666666666667,1,1,0,0,0,0,0,1,0,0,0,0,1,0
93.95,18,0,0,55,2,32,0,1.7081817871239677,31.316666666666666,0,0,0,0,0,1,0,0,0,0,1,0,0,0
10.09,11,0,0,58,3,51,0,0.1739655142419739,2.5225,0,0,0,0,1,0,0,0,0,0,0,1,0,0
255.67,19,0,1,25,5,44,0,10.226799590928016,42.611666666666665,1,1,0,1,0,0,1,0,0,0,1,0,0,1
229.38,12,1,0,81,4,67,0,2.8318518168907185,45.876,1,1,0,0,0,1,0,0,0,1,0,0,0,0
94.5,0,0,0,54,4,38,1,1.7499999675925932,18.9,0,0,0,0,0,0,0,0,1,0,0,0,1,0
31.27,18,0,0,35,2,39,0,0.8934285459020416,10.423333333333334,0,0,0,1,0,0,0,1,0,0,1,0,0,0
229.41,3,0,0,68,0,41,1,3.3736764209753467,229.41,0,0,0,0,0,1,0,0,0,0,0,0,1,0
860.84,15,1,0,82,3,52,0,10.498048652462822,215.21,1,1,1,0,0,0,0,1,0,1,0,0,0,0
1009.57,14,0,0,33,1,48,0,30.59302937596881,504.785,0,0,1,1,1,0,0,0,0,1,0,0,0,0
225.76,4,0,0,35,3,66,1,6.4502855299918425,56.44,0,0,0,1,1,0,0,0,0,0,0,0,1,0
204.28,1,0,0,55,2,50,1,3.714181750651241,68.09333333333333,0,0,0,0,1,0,0,0,0,0,0,0,1,0
150.32,19,0,0,30,1,69,0,5.01066649964445,75.16,0,0,0,1,0,0,0,1,0,0,1,0,0,0
730.15,19,0,0,60,2,55,0,12.169166463847226,243.38333333333333,0,0,1,0,1,0,0,0,0,0,1,0,0,0
1.28,17,0,0,79,3,45,0,0.016202531440474285,0.32,0,0,0,0,0,0,0,1,0,1,0,0,0,0
22.13,22,0,0,47,0,20,0,0.4708510538116797,22.13,0,0,0,0,1,0,0,0,0,0,1,0,0,0
102.4,19,0,0,35,4,59,0,2.925714202122452,20.48,0,0,0,1,0,0,1,0,0,0,1,0,0,0
22.96,21,0,0,62,2,32,0,0.3703225746722166,7.653333333333333,0,0,0,0,0,0,1,0,0,0,1,0,0,0
393.67,21,0,0,58,1,51,0,6.787413676079075,196.835,0,0,0,0,0,1,0,0,0,0,1,0,0,0
285.49,17,0,0,61,3,53,0,4.680163857702232,71.3725,0,0,0,0,0,0,0,0,1,1,0,0,0,0
136.87,6,0,0,52,1,60,0,2.632115333997782,68.435,0,0,0,0,0,0,1,0,0,0,0,1,0,0
0.99,4,0,0,60,2,54,1,0.016499999725000006,0.33,0,0,0,0,1,0,0,0,0,0,0,0,1,0
450.35,11,0,1,65,0,56,0,6.928461431869825,450.35,1,1,0,0,0,0,0,0,1,0,0,1,0,0
198.23,21,1,0,40,1,28,0,4.955749876106253,99.115,1,1,0,0,0,0,0,0,1,0,1,0,0,0
83.11,12,0,0,79,1,60,0,1.0520253031389202,41.555,0,0,0,0,0,0,0,1,0,1,0,0,0,0
222.97,23,1,0,50,0,62,0,4.459399910812002,222.97,1,1,0,0,1,0,0,0,0,0,1,0,0,0
3.81,3,0,0,40,1,35,1,0.09524999761875007,1.905,0,0,0,0,0,0,1,0,0,0,0,0,1,0
84.09,15,0,0,54,0,38,0,1.5572221933847743,84.09,0,0,0,0,0,0,0,1,0,1,0,0,0,0
681.21,7,1,0,81,1,57,0,8.409999896172842,340.605,1,1,1,0,0,1,0,0,0,0,0,1,0,0
6.93,23,0,0,98,0,26,0,0.07071428499271137,6.93,0,0,0,0,0,1,0,0,0,0,1,0,0,0
56.92,3,0,0,32,0,37,1,1.7787499444140644,56.92,0,0,0,1,0,0,1,0,0,0,0,0,1,0
214.18,17,0,0,98,0,43,0,2.1855101817805083,214.18,0,0,0,0,0,0,1,0,0,1,0,0,0,0
1036.82,0,0,0,28,0,20,1,37.02928439181127,1036.82,0,0,1,1,0,1,0,0,0,0,0,0,1,1
11.79,5,0,0,91,0,24,1,0.12956043813669849,11.79,0,0,0,0,0,1,0,0,0,0,0,0,1,0
47.9,7,0,0,49,3,38,0,0.9775510004581429,11.975,0,0,0,0,0,0,1,0,0,0,0,1,0,0
476.78,4,0,0,74,1,22,1,6.442972885905772,238.39,0,0,0,0,0,0,0,1,0,0,0,0,1,0
192.71,3,0,0,68,4,20,1,2.833970546559257,38.542,0,0,0,0,0,0,1,0,0,0,0,0,1,0
369.73,15,0,0,81,0,24,0,4.5645678448818785,369.73,0,0,0,0,0,0,0,1,0,1,0,0,0,0
65.68,5,0,0,29,1,47,1,2.2648275081093963,32.84,0,0,0,1,1,0,0,0,0,0,0,0,1,0
222.95,0,1,0,41,3,61,1,5.437804745419396,55.7375,1,1,0,0,1,0,0,0,0,0,0,0,1,0
76.92,1,0,0,28,1,53,1,2.747142759030616,38.46,0,0,0,1,0,0,1,0,0,0,0,0,1,0
99.78,11,0,1,54,4,63,0,1.8477777435596716,19.956,1,1,0,0,0,0,0,0,1,0,0,1,0,0
34.26,7,0,0,60,3,47,0,0.5709999904833335,8.565,0,0,0,0,0,0,0,1,0,0,0,1,0,0
139.64,1,0,0,92,2,21,1,1.5178260704584121,46.54666666666666,0,0,0,0,0,1,0,0,0,0,0,0,1,0
141.14,9,0,0,87,3,33,0,1.6222988319275995,35.285,0,0,0,0,1,0,0,0,0,0,0,1,0,0
91.6,14,0,0,29,4,35,0,3.158620580737221,18.32,0,0,0,1,0,0,1,0,0,1,0,0,0,0
110.36,4,0,0,60,4,37,1,1.8393333026777783,22.072,0,0,0,0,0,0,0,0,1,0,0,0,1,0
5.35,6,0,0,43,1,69,0,0.12441860175770693,2.675,0,0,0,0,0,0,0,0,1,0,0,1,0,0
182.25,18,0,0,63,2,22,0,2.8928570969387764,60.75,0,0,0,0,0,0,0,1,0,0,1,0,0,0
144.8,23,0,0,47,2,29,0,3.0808509982797663,48.26666666666667,0,0,0,0,0,0,1,0,0,0,1,0,0,0
88.17,8,0,0,34,3,36,0,2.5932352178460234,22.0425,0,0,0,1,0,0,0,0,1,0,0,1,0,0
58.0,10,0,0,35,0,33,0,1.6571428097959198,58.0,0,0,0,1,1,0,0,0,0,0,0,1,0,0
76.79,16,0,0,95,3,23,0,0.8083157809650972,19.1975,0,0,0,0,0,0,0,1,0,1,0,0,0,0
71.27,14,0,0,27,1,34,0,2.6396295318655727,35.635,0,0,0,1,0,0,0,0,1,1,0,0,0,0
93.51,3,0,1,40,2,57,1,2.3377499415562517,31.17,1,1,0,0,0,0,0,1,0,0,0,0,1,0
100.38,11,0,1,26,3,50,0,3.8607690822781118,25.095,1,1,0,1,1,0,0,0,0,0,0,1,0,0
76.38,18,0,0,34,2,57,0,2.2464705221626318,25.459999999999997,0,0,0,1,0,0,1,0,0,0,1,0,0,0
15.81,20,0,0,95,2,64,0,0.16642105087977843,5.2700000000000005,0,0,0,0,0,0,0,0,1,0,1,0,0,0
133.08,6,0,0,91,3,54,0,1.46241756634706,33.27,0,0,0,0,0,0,0,1,0,0,0,1,0,0
140.57,5,0,0,41,2,18,1,3.4285365017430123,46.85666666666666,0,0,0,0,0,0,0,1,0,0,0,0,1,0
994.44,15,0,0,68,0,36,0,14.624117431998274,994.44,0,0,1,0,0,0,1,0,0,1,0,0,0,0
23.63,21,0,0,56,2,56,0,0.42196427817920934,7.876666666666666,0,0,0,0,0,1,0,0,0,0,1,0,0,0
126.67,1,0,0,43,2,52,1,2.9458138849810727,42.223333333333336,0,0,0,0,0,1,0,0,0,0,0,0,1,0
291.18,16,0,0,76,4,34,0,3.831315739061635,58.236000000000004,0,0,0,0,0,0,1,0,0,1,0,0,0,0
134.02,7,0,0,97,1,42,0,1.3816494702922737,67.01,0,0,0,0,0,0,0,0,1,0,0,1,0,0
22.99,1,0,0,44,2,34,1,0.5224999881250003,7.663333333333333,0,0,0,0,0,0,1,0,0,0,0,0,1,0
21.55,1,0,0,37,3,40,1,0.5824324166910159,5.3875,0,0,0,1,0,0,0,0,1,0,0,0,1,0
530.87,6,1,0,42,3,58,0,12.6397616038152,132.7175,1,1,1,0,0,0,1,0,0,0,0,1,0,0
53.79,15,0,0,45,2,28,0,1.195333306770371,17.93,0,0,0,0,0,1,0,0,0,1,0,0,0,0
729.77,9,0,0,47,2,68,0,15.527020946233597,243.25666666666666,0,0,1,0,1,0,0,0,0,0,0,1,0,0
55.66,20,0,0,97,1,28,0,0.573814427074078,27.83,0,0,0,0,0,0,0,1,0,0,1,0,0,0
17.86,12,0,0,77,0,20,0,0.23194804893573961,17.86,0,0,0,0,0,0,0,1,0,1,0,0,0,0
470.09,15,0,0,46,2,26,0,10.219347603927226,156.69666666666666,0,0,0,0,1,0,0,0,0,1,0,0,0,0
220.83,11,0,1,69,0,29,0,3.2004347362255836,220.83,1,1,0,0,0,1,0,0,0,0,0,1,0,0
265.98,8,0,0,40,3,52,0,6.649499833762505,66.495,0,0,0,0,0,0,1,0,0,0,0,1,0,0
262.09,9,0,0,87,1,27,0,3.012528701005417,131.045,0,0,0,0,0,1,0,0,0,0,0,1,0,0
202.56,15,0,0,32,2,19,0,6.329999802187507,67.52,0,0,0,1,0,1,0,0,0,1,0,0,0,0
102.95,16,0,0,66,3,18,0,1.5598484612144174,25.7375,0,0,0,0,1,0,0,0,0,1,0,0,0,0
1.66,6,0,0,46,1,61,0,0.03608695573724009,0.83,0,0,0,0,1,0,0,0,0,0,0,1,0,0
560.3,14,1,0,39,1,23,0,14.366666298290607,280.15,1,1,1,1,0,0,1,0,0,1,0,0,0,0
86.31,13,0,0,76,6,49,0,1.1356578797939754,12.33,0,0,0,0,0,1,0,0,0,1,0,0,0,0
24.3,12,0,0,67,1,54,0,0.3626865617509469,12.15,0,0,0,0,0,0,0,0,1,1,0,0,0,0
38.76,21,0,0,27,0,33,0,1.4355555023868332,38.76,0,0,0,1,0,0,0,0,1,0,1,0,0,0
7.15,16,0,0,40,2,55,0,0.17874999553125012,2.3833333333333333,0,0,0,0,0,1,0,0,0,1,0,0,0,0
65.43,10,0,0,48,0,18,0,1.3631249716015632,65.43,0,0,0,0,0,0,1,0,0,0,0,1,0,0
161.58,1,0,0,62,1,48,1,2.606128990223726,80.79,0,0,0,0,0,1,0,0,0,0,0,0,1,0
329.86,23,0,1,45,3,20,0,7.330222059328399,82.465,1,1,0,0,0,0,0,0,1,0,1,0,0,0
293.49,16,0,0,71,3,33,0,4.133661913610396,73.3725,0,0,0,0,0,1,0,0,0,1,0,0,0,0
443.39,0,0,1,93,3,37,1,4.767634357337265,110.8475,1,1,0,0,0,0,0,1,0,0,0,0,1,0
261.49,2,0,0,68,2,64,1,3.845441119919984,87.16333333333334,0,0,0,0,0,0,0,1,0,0,0,0,1,0
138.55,20,1,0,60,3,67,0,2.3091666281805563,34.6375,1,1,0,0,0,0,0,1,0,0,1,0,0,0
484.24,14,0,0,71,4,47,0,6.820281594080542,96.848,0,0,0,0,1,0,0,0,0,1,0,0,0,0
279.24,2,0,0,81,1,44,1,3.447407364846823,139.62,0,0,0,0,0,0,1,0,0,0,0,0,1,0
70.62,3,0,0,49,1,19,1,1.4412244603831745,35.31,0,0,0,0,0,0,0,1,0,0,0,0,1,0
57.96,9,0,0,27,5,45,0,2.146666587160497,9.66,0,0,0,1,1,0,0,0,0,0,0,1,0,0
681.43,23,0,0,78,1,58,0,8.736281939278436,340.715,0,0,1,0,0,0,0,1,0,0,1,0,0,0
186.95,10,0,1,92,3,37,0,2.0320651953036393,46.7375,1,1,0,0,0,0,1,0,0,0,0,1,0,0
7.24,9,0,0,69,2,48,0,0.10492753471119516,2.4133333333333336,0,0,0,0,1,0,0,0,0,0,0,1,0,0
107.31,1,0,1,66,1,52,1,1.6259090662741051,53.655,1,1,0,0,1,0,0,0,0,0,0,0,1,0
191.21,11,0,0,51,0,32,0,3.7492156127604783,191.21,0,0,0,0,0,1,0,0,0,0,0,1,0,0
61.46,1,0,0,29,3,53,1,2.1193102717479215,15.365,0,0,0,1,0,0,1,0,0,0,0,0,1,0
28.33,18,0,0,47,3,46,0,0.6027659446220012,7.0825,0,0,0,0,0,0,0,1,0,0,1,0,0,0
30.28,0,0,0,34,5,38,1,0.8905882091003469,5.046666666666667,0,0,0,1,1,0,0,0,0,0,0,0,1,1
114.52,15,0,0,52,1,32,0,2.202307649955622,57.26,0,0,0,0,0,0,0,1,0,1,0,0,0,0
20.29,17,0,0,95,0,44,0,0.21357894512022163,20.29,0,0,0,0,1,0,0,0,0,1,0,0,0,0
181.21,20,0,0,96,5,37,0,1.8876041470041236,30.201666666666668,0,0,0,0,0,0,0,0,1,0,1,0,0,0
331.4,22,0,0,55,6,35,0,6.025454435900828,47.34285714285714,0,0,0,0,1,0,0,0,0,0,1,0,0,0
15.12,13,0,0,92,0,64,0,0.16434782430056713,15.12,0,0,0,0,0,1,0,0,0,1,0,0,0,0
369.27,3,1,0,75,1,39,1,4.9235999343520005,184.635,1,1,0,0,0,1,0,0,0,0,0,0,1,0
638.65,2,0,0,60,4,51,1,10.644166489263892,127.72999999999999,0,0,1,0,0,0,1,0,0,0,0,0,1,0
121.67,18,0,0,25,2,65,0,4.866799805328007,40.556666666666665,0,0,0,1,0,0,0,0,1,0,1,0,0,0
12.6,12,0,0,42,1,38,0,0.299999992857143,6.3,0,0,0,0,0,1,0,0,0,1,0,0,0,0
119.12,19,0,0,87,4,35,0,1.3691953865609727,23.824,0,0,0,0,0,0,1,0,0,0,1,0,0,0
212.23,0,0,0,59,2,23,1,3.597118583099685,70.74333333333333,0,0,0,0,0,0,1,0,0,0,0,0,1,0
85.8,15,0,0,85,1,54,0,1.00941175283045,42.9,0,0,0,0,0,1,0,0,0,1,0,0,0,0
74.04,8,0,1,50,3,63,0,1.4807999703840007,18.51,1,1,0,0,1,0,0,0,0,0,0,1,0,0
71.34,7,1,0,45,2,57,0,1.5853332981037047,23.78,1,1,0,0,0,0,0,0,1,0,0,1,0,0
54.81,18,0,0,89,0,19,0,0.6158426897096327,54.81,0,0,0,0,1,0,0,0,0,0,1,0,0,0
469.6,12,0,0,63,2,55,0,7.4539681356513,156.53333333333333,0,0,0,0,0,0,0,0,1,1,0,0,0,0
138.82,15,0,0,29,2,41,0,4.786896386658745,46.27333333333333,0,0,0,1,1,0,0,0,0,1,0,0,0,0
33.34,3,1,1,33,4,64,1,1.0103029996877881,6.668000000000001,1,2,0,1,0,0,1,0,0,0,0,0,1,1
263.43,17,0,0,48,2,66,0,5.488124885664066,87.81,0,0,0,0,0,1,0,0,0,1,0,0,0,0
119.86,20,0,0,54,7,52,0,2.219629588525378,14.9825,0,0,0,0,0,0,1,0,0,0,1,0,0,0
19.17,5,0,0,68,2,62,1,0.2819117605601212,6.390000000000001,0,0,0,0,0,1,0,0,0,0,0,0,1,0
193.18,9,0,0,89,1,45,0,2.1705617733644744,96.59,0,0,0,0,0,1,0,0,0,0,0,1,0,0
47.94,11,0,0,95,3,52,0,0.5046315736354571,11.985,0,0,0,0,0,0,0,0,1,0,0,1,0,0
68.54,6,0,0,74,2,50,0,0.9262162036997812,22.846666666666668,0,0,0,0,1,0,0,0,0,0,0,1,0,0
192.84,16,0,0,80,2,46,0,2.4104999698687504,64.28,0,0,0,0,0,0,1,0,0,1,0,0,0,0
107.1,0,0,0,38,1,22,1,2.8184209784626058,53.55,0,0,0,1,0,0,0,1,0,0,0,0,1,0
424.27,4,0,0,55,3,65,1,7.713999859745457,106.0675,0,0,0,0,0,0,0,1,0,0,0,0,1,0
211.04,9,0,0,44,4,66,0,4.796363527355375,42.208,0,0,0,0,1,0,0,0,0,0,0,1,0,0
426.86,13,0,0,95,5,27,0,4.493263110597231,71.14333333333333,0,0,0,0,1,0,0,0,0,1,0,0,0,0
21.1,15,0,1,81,2,57,0,0.2604938239445207,7.033333333333334,1,1,0,0,0,0,1,0,0,1,0,0,0,0
266.53,5,0,0,81,1,19,1,3.2904937865371133,133.265,0,0,0,0,0,1,0,0,0,0,0,0,1,0
58.39,15,0,0,89,1,27,0,0.6560674083587932,29.195,0,0,0,0,1,0,0,0,0,1,0,0,0,0
127.63,20,0,0,46,0,69,0,2.7745651570746706,127.63,0,0,0,0,0,0,1,0,0,0,1,0,0,0
431.94,7,0,0,58,0,63,0,7.4472412509096335,431.94,0,0,0,0,1,0,0,0,0,0,0,1,0,0
22.86,5,0,0,64,4,68,1,0.35718749441894543,4.572,0,0,0,0,0,0,1,0,0,0,0,0,1,0
250.46,21,1,0,86,1,69,0,2.9123255475310983,125.23,1,1,0,0,0,0,0,0,1,0,1,0,0,0
255.92,19,1,0,28,4,59,0,9.13999967357144,51.184,1,1,0,1,0,0,0,1,0,0,1,0,0,0
137.28,18,0,1,30,1,19,0,4.575999847466671,68.64,1,1,0,1,0,0,0,1,0,0,1,0,0,0
148.05,13,1,0,70,2,28,0,2.114999969785715,49.35,1,1,0,0,0,0,1,0,0,1,0,0,0,0
36.11,1,0,0,73,5,47,1,0.49465752747044484,6.0183333333333335,0,0,0,0,0,0,1,0,0,0,0,0,1,0
5.3,7,0,0,55,1,56,0,0.09636363461157028,2.65,0,0,0,0,0,0,0,1,0,0,0,1,0,0
44.24,16,0,0,93,3,63,0,0.4756989196161407,11.06,0,0,0,0,1,0,0,0,0,1,0,0,0,0
20.21,4,0,0,50,1,33,1,0.4041999919160002,10.105,0,0,0,0,1,0,0,0,0,0,0,0,1,0
436.13,22,0,0,41,0,31,0,10.63731681372398,436.13,0,0,0,0,0,0,1,0,0,0,1,0,0,0
36.12,15,0,0,37,2,69,0,0.9762161898319949,12.04,0,0,0,1,0,1,0,0,0,1,0,0,0,0
23.22,17,0,0,47,3,29,0,0.4940425426799459,5.805,0,0,0,0,0,0,1,0,0,1,0,0,0,0
56.37,22,0,0,49,2,68,0,1.150408139787589,18.79,0,0,0,0,0,0,1,0,0,0,1,0,0,0
385.53,23,1,0,74,2,53,0,5.209864794461287,128.51,1,1,0,0,0,0,0,1,0,0,1,0,0,0
324.86,3,0,0,35,2,39,1,9.281714020522458,108.28666666666668,0,0,0,1,0,1,0,0,0,0,0,0,1,0
82.72,9,1,0,71,3,19,0,1.1650704061257688,20.68,1,1,0,0,0,0,0,0,1,0,0,1,0,0
159.65,4,0,0,54,1,49,1,2.9564814267318256,79.825,0,0,0,0,0,0,0,1,0,0,0,0,1,0
60.54,14,0,0,56,3,33,0,1.081071409266582,15.135,0,0,0,0,0,0,0,1,0,1,0,0,0,0
77.79,4,0,0,61,6,37,1,1.2752458807336742,11.112857142857143,0,0,0,0,1,0,0,0,0,0,0,0,1,0
222.92,16,0,0,60,1,24,0,3.715333271411112,111.46,0,0,0,0,0,0,0,0,1,1,0,0,0,0
33.73,5,1,0,33,2,32,1,1.022121181147843,11.243333333333332,1,1,0,1,0,0,0,0,1,0,0,0,1,0
210.84,3,0,0,98,6,45,1,2.1514285494752188,30.12,0,0,0,0,1,0,0,0,0,0,0,0,1,0
293.58,21,0,0,29,1,66,0,10.123447926777656,146.79,0,0,0,1,0,0,0,0,1,0,1,0,0,0
206.34,17,0,0,77,5,29,0,2.6797402249384388,34.39,0,0,0,0,1,0,0,0,0,1,0,0,0,0
120.93,20,0,0,61,2,23,0,1.9824589838941151,40.31,0,0,0,0,0,1,0,0,0,0,1,0,0,0
212.14,13,0,0,88,1,61,0,2.4106817907877067,106.07,0,0,0,0,1,0,0,0,0,1,0,0,0,0
614.22,8,0,0,37,3,46,0,16.600540091877296,153.555,0,0,1,1,1,0,0,0,0,0,0,1,0,0
237.8,19,0,0,95,3,42,0,2.503157868387812,59.45,0,0,0,0,1,0,0,0,0,0,1,0,0,0
151.59,13,0,1,46,3,48,0,3.2954347109688107,37.8975,1,1,0,0,0,0,1,0,0,1,0,0,0,0
79.38,20,0,0,77,0,32,0,1.0309090775206613,79.38,0,0,0,0,0,0,0,1,0,0,1,0,0,0
38.01,3,0,0,87,2,61,1,0.4368965467023385,12.67,0,0,0,0,0,0,0,0,1,0,0,0,1,0
8.56,20,0,0,85,1,20,0,0.10070588116816612,4.28,0,0,0,0,0,0,0,1,0,0,1,0,0,0
539.46,3,0,0,34,3,18,1,15.86647012157441,134.865,0,0,1,1,1,0,0,0,0,0,0,0,1,0
169.74,4,0,0,25,1,64,1,6.789599728416011,84.87,0,0,0,1,0,0,0,0,1,0,0,0,1,0
164.12,22,0,0,79,3,62,0,2.0774683281333126,41.03,0,0,0,0,1,0,0,0,0,0,1,0,0,0
92.81,17,1,0,72,1,46,0,1.2890277598746145,46.405,1,1,0,0,0,0,0,0,1,1,0,0,0,0
5.08,16,0,0,38,2,59,0,0.13368420700831035,1.6933333333333334,0,0,0,1,1,0,0,0,0,1,0,0,0,0
285.95,15,0,0,32,0,31,0,8.935937220751962,285.95,0,0,0,1,0,0,0,0,1,1,0,0,0,0
91.02,13,0,0,38,3,21,0,2.3952630948614977,22.755,0,0,0,1,0,0,0,0,1,1,0,0,0,0
138.03,7,0,0,69,0,31,0,2.000434753616888,138.03,0,0,0,0,0,1,0,0,0,0,0,1,0,0
235.61,6,1,0,65,1,47,0,3.6247691750035513,117.805,1,1,0,0,0,0,0,1,0,0,0,1,0,0
73.79,9,0,0,36,5,31,0,2.0497221652854956,12.298333333333334,0,0,0,1,1,0,0,0,0,0,0,1,0,0
397.66,9,0,1,76,2,42,0,5.23236835220568,132.55333333333334,1,1,0,0,0,1,0,0,0,0,0,1,0,0
13.26,9,0,0,79,2,40,0,0.1678480991411633,4.42,0,0,0,0,0,1,0,0,0,0,0,1,0,0
197.88,10,0,0,87,1,62,0,2.27448273247721,98.94,0,0,0,0,0,1,0,0,0,0,0,1,0,0
248.56,20,0,0,50,0,24,0,4.971199900576003,248.56,0,0,0,0,0,0,0,1,0,0,1,0,0,0
48.8,11,0,0,63,1,44,0,0.7746031623078863,24.4,0,0,0,0,0,0,0,1,0,0,0,1,0,0
70.62,12,1,0,93,2,45,0,0.7593548305445718,23.540000000000003,1,1,0,0,0,1,0,0,0,1,0,0,0,0
105.99,9,0,0,50,2,19,0,2.119799957604001,35.33,0,0,0,0,0,0,0,0,1,0,0,1,0,0
32.33,20,0,0,29,6,63,0,1.1148275477645673,4.618571428571428,0,0,0,1,0,0,1,0,0,0,1,0,0,0
23.05,10,0,1,72,1,54,0,0.32013888444251554,11.525,1,1,0,0,0,1,0,0,0,0,0,1,0,0
124.98,17,1,0,88,1,33,0,1.4202272565883267,62.49,1,1,0,0,0,0,0,1,0,1,0,0,0,0
881.06,11,0,0,56,2,29,0,15.733214004764035,293.68666666666667,0,0,1,0,1,0,0,0,0,0,0,1,0,0
56.29,17,0,1,65,2,64,0,0.8659999866769234,18.763333333333332,1,1,0,0,0,0,0,0,1,1,0,0,0,0
530.67,5,0,0,55,2,33,1,9.648545279117359,176.89,0,0,1,0,0,1,0,0,0,0,0,0,1,0
190.14,14,1,0,72,1,34,0,2.640833296655093,95.07,1,1,0,0,0,0,0,1,0,1,0,0,0,0
282.08,19,0,0,97,1,48,0,2.908041207133596,141.04,0,0,0,0,0,1,0,0,0,0,1,0,0,0
303.41,1,0,1,88,1,64,1,3.4478408699108996,151.705,1,1,0,0,0,0,0,0,1,0,0,0,1,0
186.29,1,0,0,69,1,52,1,2.6998550333354343,93.145,0,0,0,0,0,0,0,1,0,0,0,0,1,0
171.02,23,0,0,62,1,42,0,2.75838705228408,85.51,0,0,0,0,1,0,0,0,0,0,1,0,0,0
117.19,17,0,0,60,4,39,0,1.9531666341138896,23.438,0,0,0,0,0,0,0,0,1,1,0,0,0,0
158.39,8,0,0,67,1,55,0,2.3640298154622412,79.195,0,0,0,0,0,0,1,0,0,0,0,1,0,0
163.56,12,0,0,53,1,27,0,3.0860376776219307,81.78,0,0,0,0,1,0,0,0,0,1,0,0,0,0
74.47,10,0,0,33,2,64,0,2.2566665982828304,24.823333333333334,0,0,0,1,0,0,0,0,1,0,0,1,0,0
5.49,7,0,0,57,4,65,0,0.09631578778393356,1.098,0,0,0,0,0,1,0,0,0,0,0,1,0,0
671.88,9,0,0,95,2,44,0,7.0724209781850425,223.96,0,0,1,0,0,0,1,0,0,0,0,1,0,0
159.11,5,0,1,33,1,49,1,4.821515005408637,79.555,1,1,0,1,0,1,0,0,0,0,0,0,1,0
102.08,18,0,0,72,1,22,0,1.4177777580864201,51.04,0,0,0,0,0,0,0,1,0,0,1,0,0,0
33.51,22,0,0,54,2,46,0,0.6205555440637862,11.17,0,0,0,0,0,0,1,0,0,0,1,0,0,0
261.53,4,1,0,42,3,39,1,6.226904613645128,65.3825,1,1,0,0,0,1,0,0,0,0,0,0,1,0
0.17,16,0,0,84,1,58,0,0.002023809499716554,0.085,0,0,0,0,0,0,1,0,0,1,0,0,0,0
440.01,9,0,0,88,4,47,0,5.000113579544164,88.002,0,0,0,0,1,0,0,0,0,0,0,1,0,0
127.78,21,0,0,49,1,40,0,2.6077550488213257,63.89,0,0,0,0,1,0,0,0,0,0,1,0,0,0
514.78,7,0,0,91,2,42,0,5.656923014759087,171.59333333333333,0,0,1,0,0,0,0,0,1,0,0,1,0,0
13.49,5,1,0,38,6,30,1,0.354999990657895,1.9271428571428573,1,1,0,1,0,0,0,1,0,0,0,0,1,1
9.19,2,0,0,75,2,51,1,0.12253333169955558,3.063333333333333,0,0,0,0,0,0,0,0,1,0,0,0,1,0
338.56,1,0,0,31,1,44,1,10.921289970280968,169.28,0,0,0,1,0,1,0,0,0,0,0,0,1,0
456.19,11,1,0,81,1,56,0,5.631975239111417,228.095,1,1,0,0,0,0,0,0,1,0,0,1,0,0
615.19,22,0,0,44,1,69,0,13.981590591327489,307.595,0,0,1,0,0,0,0,1,0,0,1,0,0,0
395.68,12,0,0,34,0,46,0,11.637646716539804,395.68,0,0,0,1,1,0,0,0,0,1,0,0,0,0
377.92,4,0,0,76,3,24,1,4.972631513518007,94.48,0,0,0,0,1,0,0,0,0,0,0,0,1,0
16.11,9,0,0,93,3,32,0,0.17322580458896983,4.0275,0,0,0,0,0,1,0,0,0,0,0,1,0,0
108.07,20,0,0,53,1,34,0,2.0390565653008195,54.035,0,0,0,0,0,1,0,0,0,0,1,0,0,0
152.19,16,0,0,92,0,51,0,1.6542391124539226,152.19,0,0,0,0,0,0,1,0,0,1,0,0,0,0
31.85,23,0,0,45,1,35,0,0.7077777620493831,15.925,0,0,0,0,0,0,0,0,1,0,1,0,0,0
67.79,14,1,0,41,1,19,0,1.6534145938191565,33.895,1,1,0,0,0,1,0,0,0,1,0,0,0,0
92.49,17,0,0,49,1,38,0,1.8875509818867147,46.245,0,0,0,0,1,0,0,0,0,1,0,0,0,0
7.66,14,0,0,44,1,51,0,0.17409090513429762,3.83,0,0,0,0,0,0,0,1,0,1,0,0,0,0
422.49,14,0,0,39,0,50,0,10.833076645305727,422.49,0,0,0,1,1,0,0,0,0,1,0,0,0,0
125.72,14,0,0,46,4,26,0,2.7330434188468824,25.144,0,0,0,0,0,0,0,0,1,1,0,0,0,0
92.79,7,1,0,92,2,61,0,1.0085869455588377,30.930000000000003,1,1,0,0,0,0,1,0,0,0,0,1,0,0
84.49,22,0,0,57,0,64,0,1.4822806757494618,84.49,0,0,0,0,0,1,0,0,0,0,1,0,0,0
5.15,13,0,0,34,3,42,0,0.15147058378027697,1.2875,0,0,0,1,0,1,0,0,0,1,0,0,0,0
229.34,4,0,0,48,3,49,1,4.777916567126739,57.335,0,0,0,0,0,0,1,0,0,0,0,0,1,0
8.68,16,0,0,35,2,55,0,0.24799999291428593,2.893333333333333,0,0,0,1,0,0,1,0,0,1,0,0,0,0
97.47,23,0,0,41,3,42,0,2.37731701518739,24.3675,0,0,0,0,0,1,0,0,0,0,1,0,0,0
167.02,4,0,0,42,3,44,1,3.9766665719841297,41.755,0,0,0,0,0,0,1,0,0,0,0,0,1,0
25.94,11,0,0,38,1,32,0,0.6826315609833801,12.97,0,0,0,1,0,0,1,0,0,0,0,1,0,0
25.2,21,0,0,68,3,56,0,0.37058822984429074,6.3,0,0,0,0,0,1,0,0,0,0,1,0,0,0
239.4,9,0,0,65,1,22,0,3.6830768664142024,119.7,0,0,0,0,1,0,0,0,0,0,0,1,0,0
59.51,9,0,0,92,2,20,0,0.646847819056002,19.836666666666666,0,0,0,0,0,0,0,1,0,0,0,1,0,0
446.75,20,0,1,53,2,47,0,8.429245123976507,148.91666666666666,1,1,0,0,0,1,0,0,0,0,1,0,0,0
101.23,1,0,0,69,1,65,1,1.4671014280130228,50.615,0,0,0,0,0,1,0,0,0,0,0,0,1,0
41.72,2,0,0,99,2,23,1,0.421414137157433,13.906666666666666,0,0,0,0,1,0,0,0,0,0,0,0,1,0
154.23,14,0,0,88,2,65,0,1.7526136164475725,51.41,0,0,0,0,0,0,0,0,1,1,0,0,0,0
68.89,9,0,0,45,0,36,0,1.5308888548691366,68.89,0,0,0,0,0,0,1,0,0,0,0,1,0,0
161.28,5,0,0,59,0,66,1,2.7335592757023854,161.28,0,0,0,0,0,0,0,0,1,0,0,0,1,0
28.41,20,0,0,84,2,32,0,0.3382142816879252,9.47,0,0,0,0,0,1,0,0,0,0,1,0,0,0
122.19,3,1,0,77,1,54,1,1.5868830962742455,61.095,1,1,0,0,0,1,0,0,0,0,0,0,1,0
151.65,23,0,0,47,3,67,0,3.2265956760298797,37.9125,0,0,0,0,0,0,0,0,1,0,1,0,0,0
105.44,20,0,0,44,4,62,0,2.396363581900828,21.088,0,0,0,0,1,0,0,0,0,0,1,0,0,0
121.95,1,0,0,41,2,49,1,2.9743901713563377,40.65,0,0,0,0,0,0,1,0,0,0,0,0,1,0
2.32,7,0,0,30,3,43,0,0.07733333075555564,0.58,0,0,0,1,1,0,0,0,0,0,0,1,0,0
106.27,13,0,0,80,0,60,0,1.3283749833953127,106.27,0,0,0,0,1,0,0,0,0,1,0,0,0,0
153.8,18,0,0,64,1,50,0,2.4031249624511726,76.9,0,0,0,0,1,0,0,0,0,0,1,0,0,0
455.84,14,0,0,54,1,51,0,8.441481325157753,227.92,0,0,0,0,0,0,1,0,0,1,0,0,0,0
18.86,9,0,0,45,2,36,0,0.4191111017975311,6.286666666666666,0,0,0,0,1,0,0,0,0,0,0,1,0,0
46.74,12,0,0,62,1,19,0,0.7538709555827265,23.37,0,0,0,0,0,0,1,0,0,1,0,0,0,0
391.15,21,0,0,30,1,47,0,13.038332898722235,195.575,0,0,0,1,1,0,0,0,0,0,1,0,0,0
379.6,0,1,0,90,1,33,1,4.217777730913581,189.8,1,1,0,0,1,0,0,0,0,0,0,0,1,0
89.96,2,0,0,43,2,55,1,2.092092974602489,29.986666666666665,0,0,0,0,0,0,0,0,1,0,0,0,1,0
149.86,14,0,0,97,6,42,0,1.5449484376809441,21.40857142857143,0,0,0,0,0,0,0,0,1,1,0,0,0,0
16.78,0,0,0,32,0,42,1,0.5243749836132818,16.78,0,0,0,1,0,0,1,0,0,0,0,0,1,0
163.3,10,0,0,80,6,68,0,2.0412499744843755,23.32857142857143,0,0,0,0,0,0,1,0,0,0,0,1,0,0
128.62,5,0,0,74,4,50,1,1.738108084620161,25.724,0,0,0,0,0,0,0,1,0,0,0,0,1,0
343.28,23,0,0,50,1,64,0,6.865599862688002,171.64,0,0,0,0,0,0,0,1,0,0,1,0,0,0
6.53,5,0,0,27,0,24,1,0.2418518428943762,6.53,0,0,0,1,0,0,0,0,1,0,0,0,1,0
84.74,4,0,0,90,2,63,1,0.9415555450938272,28.246666666666666,0,0,0,0,1,0,0,0,0,0,0,0,1,0
270.69,6,0,1,71,1,60,0,3.8125351575699273,135.345,1,1,0,0,0,1,0,0,0,0,0,1,0,0
59.3,6,0,0,58,3,37,0,1.0224137754756246,14.825,0,0,0,0,0,0,0,1,0,0,0,1,0,0
207.48,12,0,0,79,3,37,0,2.626329080679379,51.87,0,0,0,0,0,0,1,0,0,1,0,0,0,0
53.7,11,0,0,55,7,62,0,0.9763636186115706,6.7125,0,0,0,0,0,0,0,1,0,0,0,1,0,0
31.86,6,0,0,70,1,39,0,0.45514285064081644,15.93,0,0,0,0,0,1,0,0,0,0,0,1,0,0
42.9,3,0,0,70,2,57,1,0.6128571341020409,14.299999999999999,0,0,0,0,1,0,0,0,0,0,0,0,1,0
79.48,4,0,0,40,2,44,1,1.9869999503250015,26.493333333333336,0,0,0,0,0,1,0,0,0,0,0,0,1,0
90.18,2,0,0,36,1,23,1,2.504999930416669,45.09,0,0,0,1,0,0,0,1,0,0,0,0,1,0
185.06,22,1,0,99,0,35,0,1.8692929104111828,185.06,1,1,0,0,0,0,1,0,0,0,1,0,0,0
292.91,11,1,0,78,4,45,0,3.7552563621120982,58.58200000000001,1,1,0,0,0,0,0,1,0,0,0,1,0,0
287.73,13,0,0,50,1,54,0,5.754599884908003,143.865,0,0,0,0,0,0,0,0,1,1,0,0,0,0
377.75,8,0,0,61,2,58,0,6.192622849301265,125.91666666666667,0,0,0,0,1,0,0,0,0,0,0,1,0,0
90.75,20,0,0,39,2,45,0,2.3269230172583844,30.25,0,0,0,1,0,0,0,0,1,0,1,0,0,0
141.75,18,0,0,31,4,47,0,4.572580497658693,28.35,0,0,0,1,0,0,1,0,0,0,1,0,0,0
220.5,14,0,0,46,1,60,0,4.793478156663519,110.25,0,0,0,0,0,1,0,0,0,1,0,0,0,0
126.91,21,0,1,47,3,40,0,2.7002127085061125,31.7275,1,1,0,0,0,0,1,0,0,0,1,0,0,0
5.94,12,0,0,69,3,19,0,0.08608695527410211,1.485,0,0,0,0,0,0,1,0,0,1,0,0,0,0
82.11,14,0,0,49,2,27,0,1.6757142515160357,27.37,0,0,0,0,0,0,1,0,0,1,0,0,0,0
19.32,4,0,0,86,4,63,1,0.2246511601784749,3.864,0,0,0,0,0,0,0,0,1,0,0,0,1,0
76.53,22,0,0,49,3,32,0,1.5618367028196591,19.1325,0,0,0,0,1,0,0,0,0,0,1,0,0,0
47.88,17,0,0,89,3,20,0,0.5379775220451964,11.97,0,0,0,0,0,0,0,0,1,1,0,0,0,0
112.05,1,0,0,78,1,19,1,1.436538443121302,56.025,0,0,0,0,0,0,0,0,1,0,0,0,1,0
739.53,0,0,0,71,1,38,1,10.415915346254714,369.765,0,0,1,0,0,0,0,0,1,0,0,0,1,0
41.13,15,1,0,55,2,68,0,0.7478181682214879,13.71,1,1,0,0,0,0,0,0,1,1,0,0,0,0
164.17,3,0,0,91,1,22,1,1.8040659142410338,82.085,0,0,0,0,0,0,0,0,1,0,0,0,1,0
6.66,10,0,0,33,1,60,0,0.20181817570247954,3.33,0,0,0,1,0,0,1,0,0,0,0,1,0,0
116.62,16,0,0,86,1,33,0,1.3560464958599245,58.31,0,0,0,0,0,0,0,1,0,1,0,0,0,0
529.71,14,1,0,83,0,54,0,6.382048115878939,529.71,1,1,1,0,0,0,1,0,0,1,0,0,0,0
33.07,5,0,0,26,2,35,1,1.2719230280029605,11.023333333333333,0,0,0,1,0,0,1,0,0,0,0,0,1,0
326.57,19,0,0,82,2,19,0,3.98256092704194,108.85666666666667,0,0,0,0,1,0,0,0,0,0,1,0,0,0
97.93,6,0,0,86,1,55,0,1.1387209169916173,48.965,0,0,0,0,0,0,0,0,1,0,0,1,0,0
437.1,13,0,0,57,0,27,0,7.66842091809788,437.1,0,0,0,0,1,0,0,0,0,1,0,0,0,0
248.81,16,0,0,44,1,21,0,5.6547725987551685,124.405,0,0,0,0,1,0,0,0,0,1,0,0,0,0
72.16,5,0,0,25,0,59,1,2.886399884544004,72.16,0,0,0,1,0,0,0,0,1,0,0,0,1,0
195.8,9,0,0,56,2,55,0,3.4964285089923486,65.26666666666667,0,0,0,0,1,0,0,0,0,0,0,1,0,0
134.88,0,1,0,73,2,68,1,1.8476712075661479,44.96,1,1,0,0,0,0,1,0,0,0,0,0,1,0
704.63,19,0,0,90,2,60,0,7.829222135230865,234.87666666666667,0,0,1,0,0,1,0,0,0,0,1,0,0,0
197.61,17,0,0,81,4,42,0,2.439629599510746,39.522000000000006,0,0,0,0,0,1,0,0,0,1,0,0,0,0
303.91,21,0,0,45,0,38,0,6.753555405476548,303.91,0,0,0,0,0,1,0,0,0,0,1,0,0,0
431.51,8,0,0,88,2,64,0,4.903522671550879,143.83666666666667,0,0,0,0,0,1,0,0,0,0,0,1,0,0
8.48,16,0,0,46,4,66,0,0.18434782207939518,1.6960000000000002,0,0,0,0,0,0,0,1,0,1,0,0,0,0
27.17,18,0,0,69,0,40,0,0.39376811023524483,27.17,0,0,0,0,0,0,1,0,0,0,1,0,0,0
23.4,9,0,0,58,2,34,0,0.40344826890606433,7.8,0,0,0,0,0,0,0,0,1,0,0,1,0,0
217.08,20,0,0,90,2,52,0,2.4119999732000004,72.36,0,0,0,0,0,1,0,0,0,0,1,0,0,0
79.08,12,0,0,49,4,62,0,1.6138775180841323,15.815999999999999,0,0,0,0,0,0,0,1,0,1,0,0,0,0
107.53,1,0,1,46,2,55,1,2.337608644834595,35.843333333333334,1,1,0,0,0,0,1,0,0,0,0,0,1,0
182.9,6,0,0,72,2,31,0,2.5402777424961425,60.96666666666667,0,0,0,0,0,0,1,0,0,0,0,1,0,0
89.97,13,0,0,39,2,62,0,2.306923017771205,29.99,0,0,0,1,0,1,0,0,0,1,0,0,0,0
72.82,6,0,0,56,4,30,0,1.30035711963648,14.563999999999998,0,0,0,0,0,0,1,0,0,0,0,1,0,0
416.6,0,0,0,37,1,19,1,11.259459155149754,208.3,0,0,0,1,0,0,0,0,1,0,0,0,1,0
16.07,23,0,0,34,0,69,0,0.47264704492214576,16.07,0,0,0,1,0,0,0,1,0,0,1,0,0,0
327.45,13,0,0,98,1,51,0,3.3413264965170764,163.725,0,0,0,0,0,1,0,0,0,1,0,0,0,0
91.37,18,0,0,27,3,47,0,3.384073948738002,22.8425,0,0,0,1,0,1,0,0,0,0,1,0,0,0
317.77,13,0,0,81,2,18,0,3.923086371319921,105.92333333333333,0,0,0,0,1,0,0,0,0,1,0,0,0,0
247.7,7,0,0,76,1,25,0,3.259210483431441,123.85,0,0,0,0,0,0,0,1,0,0,0,1,0,0
459.7,14,0,0,45,2,43,0,10.215555328543216,153.23333333333332,0,0,0,0,0,0,1,0,0,1,0,0,0,0
92.71,23,0,0,74,0,25,0,1.252837820907597,92.71,0,0,0,0,0,0,0,0,1,0,1,0,0,0
252.02,11,0,0,88,3,57,0,2.863863603819732,63.005,0,0,0,0,0,0,0,0,1,0,0,1,0,0
650.66,23,1,0,47,2,62,0,13.84382949268448,216.88666666666666,1,1,1,0,0,0,1,0,0,0,1,0,0,0
33.49,6,0,0,85,2,20,0,0.393999995364706,11.163333333333334,0,0,0,0,0,0,0,1,0,0,0,1,0,0
18.95,18,0,0,98,5,30,0,0.19336734496563934,3.158333333333333,0,0,0,0,0,0,0,0,1,0,1,0,0,0
45.95,11,0,0,30,5,37,0,1.531666615611113,7.658333333333334,0,0,0,1,1,0,0,0,0,0,0,1,0,0
156.14,12,0,0,81,4,55,0,1.927654297189453,31.227999999999998,0,0,0,0,0,0,1,0,0,1,0,0,0,0
179.81,5,0,0,25,0,36,1,7.192399712304011,179.81,0,0,0,1,0,0,1,0,0,0,0,0,1,0
209.24,0,1,0,49,2,38,1,4.270203994485633,69.74666666666667,1,1,0,0,1,0,0,0,0,0,0,0,1,0
170.93,15,0,0,36,5,21,0,4.748055423665128,28.488333333333333,0,0,0,1,0,0,0,1,0,1,0,0,0,0
138.67,15,1,0,89,1,53,0,1.5580898701338215,69.335,1,1,0,0,0,1,0,0,0,1,0,0,0,0
43.55,5,0,0,51,3,25,1,0.8539215518838911,10.8875,0,0,0,0,1,0,0,0,0,0,0,0,1,0
80.83,6,0,0,99,6,21,0,0.8164646382175289,11.547142857142857,0,0,0,0,0,1,0,0,0,0,0,1,0,0
13.62,6,0,0,37,2,62,0,0.3681080981592406,4.54,0,0,0,1,0,0,1,0,0,0,0,1,0,0
694.15,6,1,0,61,2,21,0,11.379508010172,231.38333333333333,1,1,1,0,0,1,0,0,0,0,0,1,0,0
311.28,3,0,0,40,0,42,1,7.781999805450004,311.28,0,0,0,0,1,0,0,0,0,0,0,0,1,0
166.51,12,0,0,65,5,60,0,2.561692268281657,27.751666666666665,0,0,0,0,0,1,0,0,0,1,0,0,0,0
41.18,8,0,0,38,3,61,0,1.083684182008311,10.295,0,0,0,1,0,0,0,0,1,0,0,1,0,0
777.09,7,0,0,87,5,40,0,8.932068862849784,129.51500000000001,0,0,1,0,1,0,0,0,0,0,0,1,0,0
383.89,6,0,0,73,1,62,0,5.258767051249767,191.945,0,0,0,0,1,0,0,0,0,0,0,1,0,0
328.91,22,0,0,58,1,24,0,5.670861971192036,164.455,0,0,0,0,0,0,0,1,0,0,1,0,0,0
2.28,8,0,0,55,7,33,0,0.041454544700826455,0.285,0,0,0,0,1,0,0,0,0,0,0,1,0,0
162.79,17,0,0,61,0,46,0,2.6686884808411726,162.79,0,0,0,0,0,0,0,0,1,1,0,0,0,0
7.22,19,1,0,95,3,61,0,0.0759999992,1.805,1,1,0,0,1,0,0,0,0,0,1,0,0,0
175.74,9,0,0,33,1,34,0,5.3254543840771404,87.87,0,0,0,1,0,0,1,0,0,0,0,1,0,0
59.8,7,0,0,95,1,53,0,0.6294736775844876,29.9,0,0,0,0,0,0,1,0,0,0,0,1,0,0
36.08,12,0,0,25,3,43,0,1.443199942272002,9.02,0,0,0,1,0,0,1,0,0,1,0,0,0,0
80.35,22,0,0,66,2,61,0,1.2174242239784208,26.78333333333333,0,0,0,0,0,1,0,0,0,0,1,0,0,0
198.82,1,0,0,33,2,39,1,6.0248483022773245,66.27333333333333,0,0,0,1,0,0,1,0,0,0,0,0,1,0
160.37,5,0,0,81,0,21,1,1.9798765187669567,160.37,0,0,0,0,1,0,0,0,0,0,0,0,1,0
203.49,21,0,0,28,4,22,0,7.267499740446438,40.698,0,0,0,1,0,0,0,1,0,0,1,0,0,0
155.46,3,0,0,51,3,61,1,3.048235234348329,38.865,0,0,0,0,0,0,1,0,0,0,0,0,1,0
20.71,17,0,0,92,2,35,0,0.2251086932053403,6.903333333333333,0,0,0,0,0,0,0,1,0,1,0,0,0,0
115.8,12,0,0,70,1,32,0,1.6542856906530616,57.9,0,0,0,0,0,0,1,0,0,1,0,0,0,0
302.96,16,0,0,36,0,22,0,8.41555532179013,302.96,0,0,0,1,1,0,0,0,0,1,0,0,0,0
362.94,16,0,0,37,3,43,0,9.809188924075976,90.735,0,0,0,1,0,0,0,0,1,1,0,0,0,0
6.72,9,0,0,45,4,30,0,0.14933333001481489,1.3439999999999999,0,0,0,0,0,0,1,0,0,0,0,1,0,0
242.11,17,0,1,88,6,66,0,2.751249968735796,34.58714285714286,1,1,0,0,0,1,0,0,0,1,0,0,0,0
203.64,11,1,0,63,1,44,0,3.232380901073319,101.82,1,1,0,0,1,0,0,0,0,0,0,1,0,0
3.27,16,0,0,50,1,37,0,0.06539999869200003,1.635,0,0,0,0,0,0,0,1,0,1,0,0,0,0
21.39,6,0,1,87,3,19,0,0.2458620661395165,5.3475,1,1,0,0,0,0,1,0,0,0,0,1,0,0
6.52,14,0,0,73,2,42,0,0.08931506726965661,2.1733333333333333,0,0,0,0,1,0,0,0,0,1,0,0,0,0
49.46,18,0,0,34,0,23,0,1.4547058395674755,49.46,0,0,0,1,0,0,1,0,0,0,1,0,0,0
6.08,6,0,0,79,3,26,0,0.07696202434225285,1.52,0,0,0,0,0,1,0,0,0,0,0,1,0,0
53.34,0,0,0,59,3,65,1,0.9040677812869868,13.335,0,0,0,0,1,0,0,0,0,0,0,0,1,0
12.88,9,0,0,95,3,40,0,0.13557894594127426,3.22,0,0,0,0,0,0,1,0,0,0,0,1,0,0
589.51,17,0,0,43,2,38,0,13.709534564894545,196.50333333333333,0,0,1,0,0,1,0,0,0,1,0,0,0,0
206.8,11,0,0,36,3,24,0,5.744444284876549,51.7,0,0,0,1,0,0,1,0,0,0,0,1,0,0
75.69,16,0,0,59,2,42,0,1.282881334188452,25.23,0,0,0,0,0,0,1,0,0,1,0,0,0,0
171.82,21,0,0,26,1,33,0,6.60846128428995,85.91,0,0,0,1,1,0,0,0,0,0,1,0,0,0
7.64,2,0,0,62,6,46,1,0.12322580446409993,1.0914285714285714,0,0,0,0,0,1,0,0,0,0,0,0,1,0
314.29,23,0,0,33,2,28,0,9.52393910533518,104.76333333333334,0,0,0,1,0,0,0,1,0,0,1,0,0,0
107.98,2,0,1,99,0,52,1,1.0907070596898278,107.98,1,1,0,0,1,0,0,0,0,0,0,0,1,0
580.01,23,0,0,82,1,64,0,7.073292596667163,290.005,0,0,1,0,1,0,0,0,0,0,1,0,0,0
96.1,21,0,0,89,4,48,0,1.07977526876657,19.22,0,0,0,0,0,0,1,0,0,0,1,0,0,0
183.16,2,0,0,36,2,24,1,5.087777636450621,61.053333333333335,0,0,0,1,0,0,0,1,0,0,0,0,1,0
75.24,21,0,0,49,1,49,0,1.5355101727446903,37.62,0,0,0,0,0,0,0,1,0,0,1,0,0,0
253.49,5,1,0,69,1,44,1,3.673768062699014,126.745,1,1,0,0,0,1,0,0,0,0,0,0,1,0
5.26,7,0,0,30,0,56,0,0.17533332748888908,5.26,0,0,0,1,1,0,0,0,0,0,0,1,0,0
240.5,12,0,0,88,4,49,0,2.7329545143982443,48.1,0,0,0,0,0,0,0,0,1,1,0,0,0,0
320.76,13,1,0,27,2,33,0,11.879999560000016,106.92,1,1,0,1,0,0,0,0,1,1,0,0,0,0
88.74,20,0,1,89,0,29,0,0.9970786404822625,88.74,1,1,0,0,1,0,0,0,0,0,1,0,0,0
260.78,10,0,0,98,2,38,0,2.6610203810099957,86.92666666666666,0,0,0,0,1,0,0,0,0,0,0,1,0,0
33.9,9,0,0,48,1,52,0,0.7062499852864587,16.95,0,0,0,0,0,0,1,0,0,0,0,1,0,0
486.86,12,0,0,27,5,63,0,18.03185118400551,81.14333333333333,0,0,0,1,1,0,0,0,0,1,0,0,0,0
13.69,18,0,0,93,2,32,0,0.1472042994924269,4.5633333333333335,0,0,0,0,0,1,0,0,0,0,1,0,0,0
123.46,17,0,1,68,0,50,0,1.815588208594291,123.46,1,1,0,0,1,0,0,0,0,1,0,0,0,0
72.89,22,0,0,29,1,61,0,2.5134481891914415,36.445,0,0,0,1,0,1,0,0,0,0,1,0,0,0
5.48,9,0,0,79,2,48,0,0.06936708772953054,1.8266666666666669,0,0,0,0,0,0,1,0,0,0,0,1,0,0
106.72,17,0,0,26,2,53,0,4.104615226745568,35.57333333333333,0,0,0,1,0,0,0,1,0,1,0,0,0,0
100.45,1,0,0,90,1,68,1,1.1161110987098768,50.225,0,0,0,0,0,0,0,0,1,0,0,0,1,0
28.14,4,0,0,93,2,31,1,0.30258064190773504,9.38,0,0,0,0,0,0,0,0,1,0,0,0,1,0
118.94,3,0,0,27,5,20,1,4.405185022030184,19.823333333333334,0,0,0,1,0,0,1,0,0,0,0,0,1,1
302.73,23,0,0,69,0,63,0,4.3873912407624465,302.73,0,0,0,0,1,0,0,0,0,0,1,0,0,0
171.21,21,0,1,43,2,23,0,3.981627814380749,57.07,1,1,0,0,0,0,0,0,1,0,1,0,0,0
454.31,17,0,0,55,3,40,0,8.260181667996697,113.5775,0,0,0,0,0,0,0,1,0,1,0,0,0,0
526.26,8,0,0,99,4,50,0,5.3157575220630555,105.252,0,0,1,0,1,0,0,0,0,0,0,1,0,0
97.72,8,0,0,81,1,54,0,1.206419738192349,48.86,0,0,0,0,0,0,1,0,0,0,0,1,0,0
100.86,20,0,0,44,1,19,0,2.2922726751756213,50.43,0,0,0,0,0,0,1,0,0,0,1,0,0,0
44.75,12,0,1,41,1,43,0,1.0914633880130882,22.375,1,1,0,0,0,1,0,0,0,1,0,0,0,0
126.99,11,0,0,78,5,41,0,1.6280769022041424,21.165,0,0,0,0,0,0,0,1,0,0,0,1,0,0
380.74,10,0,0,62,0,27,0,6.140967642887619,380.74,0,0,0,0,0,1,0,0,0,0,0,1,0,0
163.17,15,0,0,82,4,41,0,1.9898780245136825,32.634,0,0,0,0,0,0,0,1,0,1,0,0,0,0
221.41,9,0,0,40,1,67,0,5.5352498616187535,110.705,0,0,0,0,1,0,0,0,0,0,0,1,0,0
2.8,8,0,0,75,1,37,0,0.03733333283555556,1.4,0,0,0,0,1,0,0,0,0,0,0,1,0,0
133.28,11,0,0,77,3,38,0,1.7309090684297523,33.32,0,0,0,0,0,1,0,0,0,0,0,1,0,0
72.96,19,0,1,45,1,51,0,1.6213332973037045,36.48,1,1,0,0,0,0,0,1,0,0,1,0,0,0
26.2,23,1,0,80,2,54,0,0.32749999590625006,8.733333333333333,1,1,0,0,0,0,1,0,0,0,1,0,0,0
193.84,11,0,0,35,2,21,0,5.538285556048985,64.61333333333333,0,0,0,1,1,0,0,0,0,0,0,1,0,0
24.27,3,0,0,46,2,36,1,0.5276086841824199,8.09,0,0,0,0,0,1,0,0,0,0,0,0,1,0
240.03,20,0,0,65,7,35,0,3.6927691739573976,30.00375,0,0,0,0,0,0,0,1,0,0,1,0,0,0
65.96,21,0,0,65,2,20,0,1.0147692151573966,21.986666666666665,0,0,0,0,1,0,0,0,0,0,1,0,0,0
17.95,21,1,0,29,1,68,0,0.6189654958977415,8.975,1,1,0,1,0,0,0,0,1,0,1,0,0,0
24.81,10,1,0,66,0,66,0,0.3759090852134987,24.81,1,1,0,0,0,0,0,0,1,0,0,1,0,0
10.86,3,0,0,83,0,50,1,0.13084337191754974,10.86,0,0,0,0,0,0,1,0,0,0,0,0,1,0
73.49,14,0,0,54,2,30,0,1.3609259007235943,24.496666666666666,0,0,0,0,1,0,0,0,0,1,0,0,0,0
485.22,18,0,0,76,1,37,0,6.384473600204295,242.61,0,0,0,0,0,1,0,0,0,0,1,0,0,0
72.99,17,0,0,53,1,35,0,1.377169785336419,36.495,0,0,0,0,1,0,0,0,0,1,0,0,0,0
215.56,17,0,0,99,3,29,0,2.1773737153800634,53.89,0,0,0,0,0,1,0,0,0,1,0,0,0,0
169.29,9,0,0,64,3,57,0,2.6451562086694342,42.3225,0,0,0,0,0,0,0,0,1,0,0,1,0,0
206.83,7,0,0,68,1,34,0,3.0416176023291532,103.415,0,0,0,0,0,1,0,0,0,0,0,1,0,0
6.28,9,0,0,96,4,45,0,0.06541666598524307,1.256,0,0,0,0,0,1,0,0,0,0,0,1,0,0
49.11,5,0,0,64,0,43,1,0.7673437380102541,49.11,0,0,0,0,1,0,0,0,0,0,0,0,1,0
94.79,21,0,1,34,0,31,0,2.787941094472321,94.79,1,1,0,1,0,1,0,0,0,0,1,0,0,0
50.89,17,0,0,32,1,33,0,1.5903124503027362,25.445,0,0,0,1,0,0,0,1,0,1,0,0,0,0
321.56,11,0,0,73,4,68,0,4.4049314465077885,64.312,0,0,0,0,1,0,0,0,0,0,0,1,0,0
184.81,19,0,0,74,4,63,0,2.497432398683346,36.962,0,0,0,0,0,0,1,0,0,0,1,0,0,0
562.32,23,1,0,84,2,29,0,6.6942856345918385,187.44000000000003,1,1,1,0,0,1,0,0,0,0,1,0,0,0
369.81,7,0,0,88,2,50,0,4.202386315881974,123.27,0,0,0,0,0,0,1,0,0,0,0,1,0,0
142.02,13,0,1,43,0,28,0,3.302790620865335,142.02,1,1,0,0,0,0,0,1,0,1,0,0,0,0
10.0,3,0,0,46,2,68,1,0.21739129962192827,3.3333333333333335,0,0,0,0,0,0,1,0,0,0,0,0,1,0
36.61,20,0,0,51,3,60,0,0.7178431231795467,9.1525,0,0,0,0,0,0,1,0,0,0,1,0,0,0
456.54,20,0,0,97,4,65,0,4.706597889622702,91.308,0,0,0,0,0,1,0,0,0,0,1,0,0,0
94.11,19,0,0,93,2,30,0,1.0119354729899412,31.37,0,0,0,0,0,0,0,1,0,0,1,0,0,0
198.23,20,0,1,77,5,31,0,2.574415550981616,33.038333333333334,1,1,0,0,0,0,1,0,0,0,1,0,0,0
98.16,19,0,0,42,2,52,0,2.3371428014966,32.72,0,0,0,0,0,0,1,0,0,0,1,0,0,0
88.58,13,0,0,56,0,54,0,1.5817856860395414,88.58,0,0,0,0,0,0,1,0,0,1,0,0,0,0
111.2,9,0,0,48,3,69,0,2.316666618402779,27.8,0,0,0,0,1,0,0,0,0,0,0,1,0,0
206.53,9,0,0,78,1,60,0,2.6478204788740967,103.265,0,0,0,0,0,0,1,0,0,0,0,1,0,0
1339.51,3,0,0,89,0,26,1,15.050673988194674,1339.51,0,0,1,0,0,0,0,1,0,0,0,0,1,0
151.28,8,0,0,27,0,50,0,5.602962755445824,151.28,0,0,0,1,0,0,1,0,0,0,0,1,0,0
416.56,15,0,0,79,3,29,0,5.272911325659351,104.14,0,0,0,0,0,0,0,1,0,1,0,0,0,0
95.26,21,0,0,45,3,41,0,2.1168888418469147,23.815,0,0,0,0,0,0,0,0,1,0,1,0,0,0
9.77,7,0,0,61,1,21,0,0.16016393180059127,4.885,0,0,0,0,0,0,0,1,0,0,0,1,0,0
84.94,15,1,0,69,0,18,0,1.2310144749128338,84.94,1,1,0,0,0,0,1,0,0,1,0,0,0,0
238.67,20,0,1,91,1,24,0,2.6227472239258547,119.335,1,1,0,0,1,0,0,0,0,0,1,0,0,0
73.4,17,0,0,41,3,32,0,1.7902438587745402,18.35,0,0,0,0,1,0,0,0,0,1,0,0,0,0
122.44,3,0,0,74,1,29,1,1.6545945722352084,61.22,0,0,0,0,0,0,1,0,0,0,0,0,1,0
113.55,10,0,0,72,1,24,0,1.5770833114293985,56.775,0,0,0,0,0,0,1,0,0,0,0,1,0,0
314.65,20,0,0,97,5,67,0,3.243814399548305,52.44166666666666,0,0,0,0,0,0,0,1,0,0,1,0,0,0
23.04,18,1,0,74,3,31,0,0.3113513471439007,5.76,1,1,0,0,0,0,1,0,0,0,1,0,0,0
340.4,22,0,0,38,1,67,0,8.95789450110804,170.2,0,0,0,1,0,0,1,0,0,0,1,0,0,0
64.18,10,0,0,49,2,67,0,1.3097958916368186,21.393333333333334,0,0,0,0,1,0,0,0,0,0,0,1,0,0
241.04,17,0,0,81,2,37,0,2.9758024323975008,80.34666666666666,0,0,0,0,1,0,0,0,0,1,0,0,0,0
23.12,8,0,0,93,0,50,0,0.24860214786449306,23.12,0,0,0,0,1,0,0,0,0,0,0,1,0,0
168.81,19,0,0,83,2,41,0,2.033855397182465,56.27,0,0,0,0,0,0,1,0,0,0,1,0,0,0
65.81,15,0,0,99,5,59,0,0.6647474680328539,10.968333333333334,0,0,0,0,0,0,0,1,0,1,0,0,0,0
25.38,19,0,0,68,0,40,0,0.3732352886288928,25.38,0,0,0,0,1,0,0,0,0,0,1,0,0,0
115.79,10,0,0,37,5,18,0,3.1294593748794766,19.298333333333336,0,0,0,1,1,0,0,0,0,0,0,1,0,0
33.64,12,0,0,70,3,53,0,0.48057142170612255,8.41,0,0,0,0,0,1,0,0,0,1,0,0,0,0
301.14,20,0,0,99,0,40,0,3.041818151092746,301.14,0,0,0,0,1,0,0,0,0,0,1,0,0,0
26.99,13,0,0,61,1,19,0,0.44245900914001624,13.495,0,0,0,0,0,0,0,1,0,1,0,0,0,0
87.67,9,0,0,36,1,65,0,2.435277710131175,43.835,0,0,0,1,1,0,0,0,0,0,0,1,0,0
160.87,19,0,0,75,3,59,0,2.1449333047342227,40.2175,0,0,0,0,1,0,0,0,0,0,1,0,0,0
351.76,8,0,0,62,0,24,0,5.67354829558793,351.76,0,0,0,0,0,0,0,1,0,0,0,1,0,0
75.52,11,0,0,45,4,19,0,1.6782221849283958,15.104,0,0,0,0,1,0,0,0,0,0,0,1,0,0
54.03,18,0,0,68,4,57,0,0.7945588118447234,10.806000000000001,0,0,0,0,0,0,1,0,0,0,1,0,0,0
20.38,5,0,0,85,2,62,1,0.23976470306159173,6.793333333333333,0,0,0,0,0,0,0,0,1,0,0,0,1,0
27.79,4,1,0,25,0,61,1,1.1115999555360017,27.79,1,1,0,1,1,0,0,0,0,0,0,0,1,0
46.18,2,0,0,79,1,42,1,0.5845569546258613,23.09,0,0,0,0,0,0,1,0,0,0,0,0,1,0
32.4,14,0,0,33,0,22,0,0.9818181520661167,32.4,0,0,0,1,0,0,0,1,0,1,0,0,0,0
65.1,13,0,0,70,4,61,0,0.9299999867142859,13.02,0,0,0,0,1,0,0,0,0,1,0,0,0,0
112.33,4,0,0,86,3,45,1,1.3061627755097351,28.0825,0,0,0,0,1,0,0,0,0,0,0,0,1,0
115.7,6,0,0,82,3,54,0,1.4109755925490781,28.925,0,0,0,0,0,0,1,0,0,0,0,1,0,0
233.47,22,0,0,88,2,55,0,2.65306815166968,77.82333333333334,0,0,0,0,0,0,1,0,0,0,1,0,0,0
50.14,2,0,0,63,2,29,1,0.7958730032401111,16.713333333333335,0,0,0,0,0,1,0,0,0,0,0,0,1,0
529.79,22,0,0,50,0,39,0,10.595799788084005,529.79,0,0,1,0,0,0,1,0,0,0,1,0,0,0
68.21,20,0,0,82,3,57,0,0.8318292581484237,17.0525,0,0,0,0,0,0,0,0,1,0,1,0,0,0
105.46,21,0,1,53,0,67,0,1.989811283211108,105.46,1,1,0,0,0,1,0,0,0,0,1,0,0,0
186.33,15,0,0,95,1,18,0,1.9613684004066485,93.165,0,0,0,0,0,0,1,0,0,1,0,0,0,0
715.85,1,0,0,67,2,61,1,10.68432819874137,238.61666666666667,0,0,1,0,1,0,0,0,0,0,0,0,1,0
319.61,20,0,0,76,5,36,0,4.205394681507965,53.26833333333334,0,0,0,0,0,0,0,0,1,0,1,0,0,0
360.08,16,0,0,53,2,50,0,6.793962135962978,120.02666666666666,0,0,0,0,0,0,1,0,0,1,0,0,0,0
108.1,22,0,0,60,1,31,0,1.8016666366388894,54.05,0,0,0,0,0,0,1,0,0,0,1,0,0,0
336.17,8,0,0,90,1,36,0,3.7352221807197536,168.085,0,0,0,0,0,0,0,0,1,0,0,1,0,0
182.6,3,0,1,71,1,59,1,2.571830949692522,91.3,1,1,0,0,0,0,0,0,1,0,0,0,1,0
3.31,5,0,0,61,4,69,1,0.05426229419242141,0.662,0,0,0,0,0,1,0,0,0,0,0,0,1,0
237.32,3,0,0,25,2,59,1,9.492799620288014,79.10666666666667,0,0,0,1,0,0,0,0,1,0,0,0,1,0
80.45,2,0,0,81,3,18,1,0.9932098642813597,20.1125,0,0,0,0,0,0,1,0,0,0,0,0,1,0
307.54,20,0,0,29,2,63,0,10.6048272205232,102.51333333333334,0,0,0,1,0,1,0,0,0,0,1,0,0,0
1.51,21,0,0,78,0,48,0,0.019358974110782384,1.51,0,0,0,0,0,0,0,0,1,0,1,0,0,0
191.68,4,0,0,68,3,31,1,2.818823487958478,47.92,0,0,0,0,0,0,1,0,0,0,0,0,1,0
453.27,23,0,1,47,4,48,0,9.644042347999099,90.654,1,1,0,0,0,0,0,0,1,0,1,0,0,0
37.29,10,0,1,76,0,25,0,0.49065788828081724,37.29,1,1,0,0,1,0,0,0,0,0,0,1,0,0
171.27,5,0,0,70,0,58,1,2.446714250761225,171.27,0,0,0,0,1,0,0,0,0,0,0,0,1,0
578.78,2,1,0,99,0,36,1,5.846262567209469,578.78,1,1,1,0,0,0,0,0,1,0,0,0,1,0
9.46,9,0,0,99,0,42,0,0.09555555459034794,9.46,0,0,0,0,0,0,0,0,1,0,0,1,0,0
292.44,17,0,1,83,2,52,0,3.523373451525621,97.48,1,1,0,0,0,0,0,1,0,1,0,0,0,0
541.16,20,0,0,45,2,66,0,12.025777510538278,180.38666666666666,0,0,1,0,0,1,0,0,0,0,1,0,0,0
5.66,20,0,0,78,4,69,0,0.07256410163379358,1.1320000000000001,0,0,0,0,1,0,0,0,0,0,1,0,0,0
429.01,8,0,0,37,4,66,0,11.594864551490147,85.80199999999999,0,0,0,1,0,1,0,0,0,0,0,1,0,0
204.63,0,0,1,51,2,51,1,4.012352862502885,68.21,1,1,0,0,1,0,0,0,0,0,0,0,1,0
35.58,11,0,0,55,3,33,0,0.6469090791471076,8.895,0,0,0,0,0,1,0,0,0,0,0,1,0,0
212.07,5,0,0,53,3,59,1,4.001320679220364,53.0175,0,0,0,0,0,1,0,0,0,0,0,0,1,0
373.87,23,0,0,80,4,44,0,4.673374941582813,74.774,0,0,0,0,1,0,0,0,0,0,1,0,0,0
42.82,12,0,0,53,1,18,0,0.8079245130580281,21.41,0,0,0,0,0,0,0,1,0,1,0,0,0,0
14.41,6,0,0,67,0,32,0,0.21507462365560265,14.41,0,0,0,0,0,1,0,0,0,0,0,1,0,0
226.35,17,0,0,51,1,40,0,4.4382352070934274,113.175,0,0,0,0,0,1,0,0,0,1,0,0,0,0
10.57,16,0,0,42,0,32,0,0.25166666067460336,10.57,0,0,0,0,0,1,0,0,0,1,0,0,0,0
139.77,5,0,0,25,4,41,1,5.5907997763680095,27.954,0,0,0,1,0,0,1,0,0,0,0,0,1,0
75.64,15,0,0,44,1,69,0,1.7190908700206622,37.82,0,0,0,0,0,0,0,1,0,1,0,0,0,0
566.35,0,0,0,37,0,48,1,15.306756343060641,566.35,0,0,1,1,0,1,0,0,0,0,0,0,1,0
1.26,6,0,0,74,1,22,0,0.01702702679693207,0.63,0,0,0,0,1,0,0,0,0,0,0,1,0,0
52.28,2,0,0,48,2,57,1,1.089166643975695,17.426666666666666,0,0,0,0,1,0,0,0,0,0,0,0,1,0
117.75,11,0,0,97,3,55,0,1.2139175132585824,29.4375,0,0,0,0,0,1,0,0,0,0,0,1,0,0
404.15,23,0,1,76,2,22,0,5.3177630879241695,134.71666666666667,1,1,0,0,0,0,0,0,1,0,1,0,0,0
48.57,12,0,0,99,0,45,0,0.4906060556504439,48.57,0,0,0,0,0,0,0,0,1,1,0,0,0,0
35.04,0,0,0,77,3,62,1,0.4550649291550009,8.76,0,0,0,0,1,0,0,0,0,0,0,0,1,0
222.65,13,0,0,95,2,58,0,2.343684185855956,74.21666666666667,0,0,0,0,0,0,0,1,0,1,0,0,0,0
80.73,15,0,0,30,1,67,0,2.690999910300003,40.365,0,0,0,1,0,0,0,1,0,1,0,0,0,0
36.23,18,0,0,82,1,66,0,0.4418292629045212,18.115,0,0,0,0,1,0,0,0,0,0,1,0,0,0
191.51,10,0,0,74,1,63,0,2.5879729380003655,95.755,0,0,0,0,0,0,0,1,0,0,0,1,0,0
28.0,19,1,0,46,1,31,0,0.6086956389413992,14.0,1,1,0,0,0,0,0,1,0,0,1,0,0,0
220.02,18,0,0,36,1,22,0,6.111666496898153,110.01,0,0,0,1,0,0,0,0,1,0,1,0,0,0
40.68,2,0,0,62,0,45,1,0.6561290216753384,40.68,0,0,0,0,0,1,0,0,0,0,0,0,1,0
94.65,2,0,0,37,0,55,1,2.5581080389700532,94.65,0,0,0,1,0,0,0,0,1,0,0,0,1,0
44.83,20,0,0,94,3,49,0,0.47691488854345865,11.2075,0,0,0,0,0,1,0,0,0,0,1,0,0,0
572.03,9,0,0,80,2,50,0,7.150374910620314,190.67666666666665,0,0,1,0,0,1,0,0,0,0,0,1,0,0
19.86,0,0,1,78,7,29,1,0.25461538135108486,2.4825,1,1,0,0,0,0,0,1,0,0,0,0,1,1
33.48,3,0,0,62,0,51,1,0.5399999912903227,33.48,0,0,0,0,0,1,0,0,0,0,0,0,1,0
76.97,1,0,0,41,3,22,1,1.8773170273825117,19.2425,0,0,0,0,0,0,0,0,1,0,0,0,1,0
31.79,7,0,0,63,1,44,0,0.5046031665936005,15.895,0,0,0,0,0,1,0,0,0,0,0,1,0,0
197.85,6,0,0,57,1,57,0,3.4710525706832884,98.925,0,0,0,0,0,0,0,1,0,0,0,1,0,0
131.68,7,1,0,64,3,32,0,2.0574999678515633,32.92,1,1,0,0,0,1,0,0,0,0,0,1,0,0
189.07,20,0,1,84,0,37,0,2.250833306537699,189.07,1,1,0,0,1,0,0,0,0,0,1,0,0,0
159.34,18,0,0,74,0,51,0,2.153243214145362,159.34,0,0,0,0,0,1,0,0,0,0,1,0,0,0
47.04,2,0,0,42,3,63,1,1.1199999733333341,11.76,0,0,0,0,0,0,0,1,0,0,0,0,1,0
619.97,17,0,1,83,2,64,0,7.469517982294964,206.65666666666667,1,1,1,0,0,0,0,1,0,1,0,0,0,0
48.79,19,0,0,45,2,37,0,1.0842221981283957,16.263333333333332,0,0,0,0,1,0,0,0,0,0,1,0,0,0
250.53,16,0,0,43,1,61,0,5.826278934272583,125.265,0,0,0,0,1,0,0,0,0,1,0,0,0,0
35.94,18,0,0,37,1,43,0,0.9713513250986129,17.97,0,0,0,1,1,0,0,0,0,0,1,0,0,0
61.98,13,0,0,34,2,58,0,1.8229411228546728,20.66,0,0,0,1,1,0,0,0,0,1,0,0,0,0
7.41,2,0,0,76,3,23,1,0.09749999871710528,1.8525,0,0,0,0,0,0,0,1,0,0,0,0,1,0
31.07,5,0,0,81,1,29,1,0.3835802421780217,15.535,0,0,0,0,0,0,1,0,0,0,0,0,1,0
192.58,19,0,0,72,4,44,0,2.6747221850733034,38.516000000000005,0,0,0,0,1,0,0,0,0,0,1,0,0,0
143.09,22,0,0,26,3,45,0,5.503461326789949,35.7725,0,0,0,1,0,0,1,0,0,0,1,0,0,0
39.81,11,0,0,43,1,52,0,0.9258139319578157,19.905,0,0,0,0,0,0,0,1,0,0,0,1,0,0
632.73,21,0,0,74,1,62,0,8.550405289859388,316.365,0,0,1,0,0,0,0,0,1,0,1,0,0,0
9.68,10,0,0,84,5,57,0,0.11523809386621317,1.6133333333333333,0,0,0,0,0,0,1,0,0,0,0,1,0,0
127.6,9,0,0,89,2,68,0,1.4337078490594624,42.53333333333333,0,0,0,0,0,0,0,0,1,0,0,1,0,0
177.76,20,0,0,50,3,34,0,3.5551999288960014,44.44,0,0,0,0,0,1,0,0,0,0,1,0,0,0
142.4,4,1,0,95,4,38,1,1.4989473526426595,28.48,1,1,0,0,0,0,0,1,0,0,0,0,1,0
131.55,12,0,1,79,3,49,0,1.6651898523393691,32.8875,1,1,0,0,0,0,1,0,0,1,0,0,0,0
536.63,4,0,0,34,1,62,1,15.78323482990486,268.315,0,0,1,1,0,0,1,0,0,0,0,0,1,0
276.74,2,0,1,53,2,68,1,5.221509335443221,92.24666666666667,1,1,0,0,0,0,1,0,0,0,0,0,1,0
66.21,12,1,0,74,4,64,0,0.8947297176387875,13.241999999999999,1,1,0,0,0,1,0,0,0,1,0,0,0,0
146.87,20,0,0,88,1,43,0,1.6689772537616223,73.435,0,0,0,0,0,0,1,0,0,0,1,0,0,0
203.12,2,0,0,33,0,50,1,6.155151328631779,203.12,0,0,0,1,0,1,0,0,0,0,0,0,1,0
285.09,15,0,1,64,2,37,0,4.45453118039795,95.02999999999999,1,1,0,0,0,1,0,0,0,1,0,0,0,0
359.6,23,0,0,85,0,67,0,4.2305881855224925,359.6,0,0,0,0,1,0,0,0,0,0,1,0,0,0
259.61,7,0,0,26,4,39,0,9.984999615961554,51.922000000000004,0,0,0,1,1,0,0,0,0,0,0,1,0,0
309.65,15,0,0,49,4,18,0,6.319387626134946,61.92999999999999,0,0,0,0,0,0,0,0,1,1,0,0,0,0
437.9,16,0,0,54,2,20,0,8.109259109087795,145.96666666666667,0,0,0,0,0,0,0,1,0,1,0,0,0,0
184.14,15,0,0,36,2,18,0,5.11499985791667,61.379999999999995,0,0,0,1,1,0,0,0,0,1,0,0,0,0
219.04,11,0,0,35,3,57,0,6.258285535477556,54.76,0,0,0,1,0,0,0,1,0,0,0,1,0,0
107.73,18,0,0,39,3,61,0,2.762307621479292,26.9325,0,0,0,1,0,0,1,0,0,0,1,0,0,0
19.2,21,0,0,52,4,50,0,0.36923076213017764,3.84,0,0,0,0,0,0,0,0,1,0,1,0,0,0
296.21,22,0,0,64,1,61,0,4.628281177683107,148.105,0,0,0,0,1,0,0,0,0,0,1,0,0,0
287.86,5,0,1,83,0,36,1,3.4681927292988832,287.86,1,1,0,0,0,1,0,0,0,0,0,0,1,0
317.07,17,0,0,71,4,66,0,4.465774584989091,63.414,0,0,0,0,0,0,1,0,0,1,0,0,0,0
76.94,9,0,1,91,0,51,0,0.8454944962033571,76.94,1,1,0,0,0,0,0,0,1,0,0,1,0,0
407.99,9,0,0,52,5,63,0,7.845961387577666,67.99833333333333,0,0,0,0,0,1,0,0,0,0,0,1,0,0
485.36,4,0,0,78,1,49,1,6.222564022787641,242.68,0,0,0,0,0,0,1,0,0,0,0,0,1,0
316.44,13,0,0,58,3,19,0,5.455861974898932,79.11,0,0,0,0,1,0,0,0,0,1,0,0,0,0
203.08,0,0,0,36,4,36,1,5.641110954413585,40.616,0,0,0,1,0,0,0,1,0,0,0,0,1,0
23.28,12,0,0,96,1,40,0,0.24249999747395837,11.64,0,0,0,0,1,0,0,0,0,1,0,0,0,0
134.6,20,0,0,74,3,33,0,1.8189188943389338,33.65,0,0,0,0,0,0,0,0,1,0,1,0,0,0
41.45,20,0,0,78,0,28,0,0.5314102495973045,41.45,0,0,0,0,0,1,0,0,0,0,1,0,0,0
142.42,18,0,1,51,2,41,0,2.792548964851981,47.47333333333333,1,1,0,0,0,0,0,0,1,0,1,0,0,0
179.72,16,0,0,68,4,62,0,2.642941137603807,35.944,0,0,0,0,1,0,0,0,0,1,0,0,0,0
24.14,5,0,0,81,0,62,1,0.2980246876787076,24.14,0,0,0,0,0,0,1,0,0,0,0,0,1,0
73.47,6,0,0,60,3,20,0,1.2244999795916671,18.3675,0,0,0,0,0,0,1,0,0,0,0,1,0,0
185.3,22,0,0,42,2,54,0,4.411904656859414,61.76666666666667,0,0,0,0,0,0,0,0,1,0,1,0,0,0
50.7,5,0,0,67,0,23,1,0.7567164066161731,50.7,0,0,0,0,0,0,0,1,0,0,0,0,1,0
482.66,7,0,0,46,3,38,0,10.49260846755199,120.665,0,0,0,0,0,0,0,0,1,0,0,1,0,0
218.92,7,0,0,78,2,29,0,2.806666630683761,72.97333333333333,0,0,0,0,0,0,0,0,1,0,0,1,0,0
66.7,13,0,0,41,3,34,0,1.6268292286139214,16.675,0,0,0,0,0,1,0,0,0,1,0,0,0,0
69.5,22,0,0,83,4,62,0,0.8373493875018146,13.9,0,0,0,0,1,0,0,0,0,0,1,0,0,0
212.8,8,0,0,61,2,26,0,3.488524532975008,70.93333333333334,0,0,0,0,1,0,0,0,0,0,0,1,0,0
13.23,9,0,0,47,1,68,0,0.28148935571299244,6.615,0,0,0,0,0,0,0,0,1,0,0,1,0,0
159.48,12,0,0,99,2,27,0,1.610909074637282,53.16,0,0,0,0,0,0,0,0,1,1,0,0,0,0
136.79,6,1,0,31,1,37,0,4.412580502819983,68.395,1,1,0,1,0,0,0,0,1,0,0,1,0,0
95.26,6,0,0,53,1,68,0,1.7973584566536143,47.63,0,0,0,0,0,0,0,0,1,0,0,1,0,0
161.24,9,0,0,77,3,62,0,2.094025946830832,40.31,0,0,0,0,0,0,0,1,0,0,0,1,0,0
125.25,21,0,0,93,1,40,0,1.3467741790669443,62.625,0,0,0,0,0,0,1,0,0,0,1,0,0,0
261.84,5,0,0,51,3,55,1,5.134117546389851,65.46,0,0,0,0,0,0,0,0,1,0,0,0,1,0
427.61,19,0,0,79,1,61,0,5.41278474161032,213.805,0,0,0,0,1,0,0,0,0,0,1,0,0,0
23.9,2,0,0,68,1,37,1,0.35147058306660905,11.95,0,0,0,0,0,0,0,0,1,0,0,0,1,0
11.84,19,0,0,93,2,36,0,0.12731182658804488,3.9466666666666668,0,0,0,0,0,0,1,0,0,0,1,0,0,0
127.39,5,0,0,30,1,65,1,4.246333191788893,63.695,0,0,0,1,1,0,0,0,0,0,0,0,1,0
73.28,7,1,0,47,6,23,0,1.559148902996832,10.468571428571428,1,1,0,0,0,0,0,1,0,0,0,1,0,0
52.47,20,0,0,32,3,31,0,1.6396874487597672,13.1175,0,0,0,1,0,1,0,0,0,0,1,0,0,0
129.12,7,0,1,85,1,65,0,1.5190588056581318,64.56,1,1,0,0,0,0,0,0,1,0,0,1,0,0
25.13,20,0,0,40,0,65,0,0.6282499842937505,25.13,0,0,0,0,0,0,0,0,1,0,1,0,0,0
155.54,21,1,0,98,1,18,0,1.587142840947522,77.77,1,1,0,0,1,0,0,0,0,0,1,0,0,0
442.77,18,0,0,32,5,18,0,13.836562067607437,73.795,0,0,0,1,0,0,0,1,0,0,1,0,0,0
97.82,21,0,0,74,2,34,0,1.3218918740284882,32.60666666666666,0,0,0,0,0,0,1,0,0,0,1,0,0,0
37.1,3,0,0,34,3,28,1,1.0911764384948108,9.275,0,0,0,1,0,0,0,1,0,0,0,0,1,0
86.61,3,0,0,91,0,54,1,0.9517582312993601,86.61,0,0,0,0,0,0,1,0,0,0,0,0,1,0
41.02,16,0,0,42,2,52,0,0.9766666434126992,13.673333333333334,0,0,0,0,0,0,1,0,0,1,0,0,0,0
84.19,1,1,0,33,2,21,1,2.5512120439026655,28.063333333333333,1,1,0,1,0,0,0,0,1,0,0,0,1,1
146.84,22,0,0,94,2,40,0,1.562127642956089,48.946666666666665,0,0,0,0,1,0,0,0,0,0,1,0,0,0
276.73,2,0,0,98,7,36,1,2.8237754813900464,34.59125,0,0,0,0,1,0,0,0,0,0,0,0,1,0
695.66,3,0,0,77,1,22,1,9.034545337213697,347.83,0,0,1,0,0,0,0,1,0,0,0,0,1,0
80.39,8,1,0,36,1,61,0,2.2330554935262366,40.195,1,1,0,1,1,0,0,0,0,0,0,1,0,0
100.39,12,0,0,31,1,48,0,3.238386992310097,50.195,0,0,0,1,0,0,0,1,0,1,0,0,0,0
150.14,12,0,0,62,1,38,0,2.4216128641675345,75.07,0,0,0,0,0,0,0,0,1,1,0,0,0,0
64.45,0,0,0,59,2,27,1,1.092372862841138,21.483333333333334,0,0,0,0,1,0,0,0,0,0,0,0,1,0
98.4,8,0,0,50,1,23,0,1.967999960640001,49.2,0,0,0,0,0,0,0,1,0,0,0,1,0,0
345.13,11,0,0,89,3,48,0,3.8778651249678076,86.2825,0,0,0,0,0,1,0,0,0,0,0,1,0,0
83.89,19,0,0,81,1,67,0,1.0356789995595186,41.945,0,0,0,0,0,1,0,0,0,0,1,0,0,0
368.92,23,0,0,81,6,59,0,4.5545678450053355,52.70285714285715,0,0,0,0,0,0,1,0,0,0,1,0,0,0
107.33,23,0,0,51,0,43,0,2.1045097626566713,107.33,0,0,0,0,1,0,0,0,0,0,1,0,0,0
205.73,22,0,0,72,1,28,0,2.8573610714255406,102.865,0,0,0,0,0,0,1,0,0,0,1,0,0,0
7.65,11,0,0,68,0,20,0,0.11249999834558827,7.65,0,0,0,0,0,0,0,0,1,0,0,1,0,0
339.15,8,0,0,77,1,42,0,4.404545397343566,169.575,0,0,0,0,0,0,1,0,0,0,0,1,0,0
145.97,12,0,0,62,5,49,0,2.354354800736213,24.328333333333333,0,0,0,0,0,0,0,1,0,1,0,0,0,0
13.52,22,0,0,73,3,40,0,0.18520547691499348,3.38,0,0,0,0,0,0,0,1,0,0,1,0,0,0
93.02,16,1,0,72,2,37,0,1.2919444265007718,31.006666666666664,1,1,0,0,1,0,0,0,0,1,0,0,0,0
125.08,18,0,0,31,0,19,0,4.034838579521336,125.08,0,0,0,1,1,0,0,0,0,0,1,0,0,0
107.59,0,0,0,42,4,34,1,2.561666605674605,21.518,0,0,0,0,0,0,0,1,0,0,0,0,1,0
33.74,21,0,0,63,1,21,0,0.5355555470546739,16.87,0,0,0,0,0,0,0,1,0,0,1,0,0,0
355.73,3,0,0,36,2,59,1,9.881388614405873,118.57666666666667,0,0,0,1,0,0,0,1,0,0,0,0,1,0
505.12,11,0,0,61,2,51,0,8.280655601956466,168.37333333333333,0,0,1,0,0,1,0,0,0,0,0,1,0,0
41.47,6,0,1,84,1,39,0,0.4936904703132087,20.735,1,1,0,0,0,0,0,0,1,0,0,1,0,0
78.47,20,0,0,51,3,24,0,1.5386274208112272,19.6175,0,0,0,0,0,1,0,0,0,0,1,0,0,0
143.62,15,0,0,97,2,42,0,1.4806185414369224,47.873333333333335,0,0,0,0,0,0,0,0,1,1,0,0,0,0
36.36,14,0,0,88,1,55,0,0.4131818134865703,18.18,0,0,0,0,0,0,0,1,0,1,0,0,0,0
30.79,7,0,0,72,1,26,0,0.42763888294945995,15.395,0,0,0,0,0,0,0,1,0,0,0,1,0,0
42.28,16,0,0,38,0,63,0,1.112631549667591,42.28,0,0,0,1,1,0,0,0,0,1,0,0,0,0
94.24,8,0,1,60,2,21,0,1.5706666404888894,31.41333333333333,1,1,0,0,0,0,1,0,0,0,0,1,0,0
441.23,1,0,0,98,0,53,1,4.502346892833195,441.23,0,0,0,0,0,0,0,1,0,0,0,0,1,0
85.52,3,0,0,33,3,18,1,2.5915150729843917,21.38,0,0,0,1,0,1,0,0,0,0,0,0,1,0
9.63,20,0,0,61,2,51,0,0.15786884987100247,3.2100000000000004,0,0,0,0,0,1,0,0,0,0,1,0,0,0
20.98,19,0,0,78,1,21,0,0.2689743555259698,10.49,0,0,0,0,0,0,1,0,0,0,1,0,0,0
20.46,1,1,0,95,0,66,1,0.2153684187855956,20.46,1,1,0,0,1,0,0,0,0,0,0,0,1,0
232.29,4,0,0,43,4,69,1,5.402092897625747,46.458,0,0,0,0,0,0,0,0,1,0,0,0,1,0
58.21,5,0,0,26,2,37,1,2.2388460677366897,19.403333333333332,0,0,0,1,0,0,0,0,1,0,0,0,1,0
323.86,21,0,0,36,0,68,0,8.996110861219144,323.86,0,0,0,1,0,1,0,0,0,0,1,0,0,0
79.52,2,0,0,27,1,34,1,2.945185076104256,39.76,0,0,0,1,0,0,1,0,0,0,0,0,1,0
18.4,7,0,0,85,0,21,0,0.21647058568858132,18.4,0,0,0,0,1,0,0,0,0,0,0,1,0,0
372.26,23,0,0,45,4,65,0,8.27244426061235,74.452,0,0,0,0,0,0,1,0,0,0,1,0,0,0
136.65,12,0,0,62,5,21,0,2.2040322225156097,22.775000000000002,0,0,0,0,1,0,0,0,0,1,0,0,0,0
26.98,3,0,0,45,2,60,1,0.5995555422320991,8.993333333333334,0,0,0,0,1,0,0,0,0,0,0,0,1,0
42.27,22,0,0,96,1,68,0,0.44031249541341155,21.135,0,0,0,0,0,0,0,1,0,0,1,0,0,0
508.68,21,0,0,83,4,68,0,6.128674624955727,101.736,0,0,1,0,0,0,0,1,0,0,1,0,0,0
353.47,12,0,0,84,3,60,0,4.207976140381237,88.3675,0,0,0,0,0,0,0,0,1,1,0,0,0,0
265.42,9,0,0,28,3,18,0,9.479285375739808,66.355,0,0,0,1,1,0,0,0,0,0,0,1,0,0
86.86,14,1,0,31,1,20,0,2.8019353934859548,43.43,1,1,0,1,0,1,0,0,0,1,0,0,0,0
8.88,16,0,0,71,3,31,0,0.12507042077365607,2.22,0,0,0,0,1,0,0,0,0,1,0,0,0,0
92.18,8,0,0,90,2,56,0,1.0242222108419756,30.72666666666667,0,0,0,0,1,0,0,0,0,0,0,1,0,0
29.69,9,0,0,74,1,42,0,0.4012162107943756,14.845,0,0,0,0,1,0,0,0,0,0,0,1,0,0
241.59,21,0,0,86,1,22,0,2.8091860138466744,120.795,0,0,0,0,0,0,1,0,0,0,1,0,0,0
34.02,6,0,0,47,0,42,0,0.7238297718334092,34.02,0,0,0,0,1,0,0,0,0,0,0,1,0,0
391.02,10,0,1,69,1,59,0,5.666956439609327,195.51,1,1,0,0,0,0,0,1,0,0,0,1,0,0
200.31,22,0,0,92,1,58,0,2.177282585029537,100.155,0,0,0,0,0,1,0,0,0,0,1,0,0,0
107.12,21,0,0,35,1,45,0,3.0605713411265336,53.56,0,0,0,1,0,0,0,0,1,0,1,0,0,0
94.38,7,0,0,51,2,59,0,1.8505881990080746,31.459999999999997,0,0,0,0,0,0,0,1,0,0,0,1,0,0
293.23,18,0,0,61,1,30,0,4.807049101523786,146.615,0,0,0,0,0,1,0,0,0,0,1,0,0,0
101.35,6,0,0,54,0,21,0,1.8768518170953368,101.35,0,0,0,0,1,0,0,0,0,0,0,1,0,0
114.16,0,0,0,93,6,68,1,1.2275268685212164,16.30857142857143,0,0,0,0,1,0,0,0,0,0,0,0,1,0
9.66,2,0,0,91,3,34,1,0.10615384498732039,2.415,0,0,0,0,0,1,0,0,0,0,0,0,1,0
521.12,16,0,0,57,2,68,0,9.142455979956914,173.70666666666668,0,0,1,0,0,0,1,0,0,1,0,0,0,0
292.43,8,0,0,86,1,38,0,3.400348797670363,146.215,0,0,0,0,0,1,0,0,0,0,0,1,0,0
377.89,3,1,0,99,0,29,1,3.8170706685144378,377.89,1,1,0,0,0,0,0,1,0,0,0,0,1,0
30.72,19,0,0,53,3,62,0,0.5796226305731579,7.68,0,0,0,0,1,0,0,0,0,0,1,0,0,0
4.03,21,0,0,99,0,51,0,0.04070707029588818,4.03,0,0,0,0,0,0,0,1,0,0,1,0,0,0
119.28,10,0,1,89,1,31,0,1.3402247040424191,59.64,1,1,0,0,0,0,0,1,0,0,0,1,0,0
332.35,20,0,0,41,0,36,0,8.106097363265919,332.35,0,0,0,0,0,1,0,0,0,0,1,0,0,0
100.66,21,0,0,37,2,30,0,2.72054046701242,33.553333333333335,0,0,0,1,0,0,1,0,0,0,1,0,0,0
122.02,17,0,0,31,0,65,0,3.936128905286164,122.02,0,0,0,1,0,0,1,0,0,1,0,0,0,0
276.59,5,0,0,96,1,38,1,2.881145803321398,138.295,0,0,0,0,0,0,0,0,1,0,0,0,1,0
212.27,0,0,0,90,3,22,1,2.3585555293493834,53.0675,0,0,0,0,1,0,0,0,0,0,0,0,1,0
34.15,17,0,0,42,2,59,0,0.8130952187358281,11.383333333333333,0,0,0,0,0,0,0,0,1,1,0,0,0,0
204.57,17,0,1,91,1,22,0,2.2480219533184402,102.285,1,1,0,0,0,0,0,1,0,1,0,0,0,0
182.75,5,0,0,62,1,39,1,2.947580597619668,91.375,0,0,0,0,0,0,0,0,1,0,0,0,1,0
32.71,20,0,0,98,0,20,0,0.3337755067982091,32.71,0,0,0,0,0,0,1,0,0,0,1,0,0,0
297.97,16,0,0,90,0,65,0,3.310777740991359,297.97,0,0,0,0,1,0,0,0,0,1,0,0,0,0
37.49,20,0,0,88,0,56,0,0.42602272243156003,37.49,0,0,0,0,0,1,0,0,0,0,1,0,0,0
299.9,17,0,0,49,0,28,0,6.120408038359019,299.9,0,0,0,0,0,1,0,0,0,1,0,0,0,0
106.15,19,0,1,64,5,50,0,1.6585937240844733,17.691666666666666,1,1,0,0,1,0,0,0,0,0,1,0,0,0
541.93,19,0,0,74,2,20,0,7.323378279413807,180.64333333333332,0,0,1,0,0,0,0,1,0,0,1,0,0,0
214.32,10,0,0,27,0,39,0,7.937777483786019,214.32,0,0,0,1,0,0,0,1,0,0,0,1,0,0
361.22,9,0,0,46,1,44,0,7.852608524943294,180.61,0,0,0,0,0,0,0,1,0,0,0,1,0,0
188.06,13,0,0,59,1,45,0,3.1874575730939396,94.03,0,0,0,0,0,0,0,1,0,1,0,0,0,0
164.29,1,0,0,89,1,57,1,1.8459550354387075,82.145,0,0,0,0,0,0,1,0,0,0,0,0,1,0
444.76,22,0,0,29,1,25,0,15.336551195291337,222.38,0,0,0,1,1,0,0,0,0,0,1,0,0,0
187.8,6,0,0,83,4,40,0,2.2626505751487884,37.56,0,0,0,0,1,0,0,0,0,0,0,1,0,0
329.12,19,0,0,79,2,26,0,4.166075896631951,109.70666666666666,0,0,0,0,0,1,0,0,0,0,1,0,0,0
57.22,15,1,0,93,3,41,0,0.6152688105885075,14.305,1,1,0,0,0,0,1,0,0,1,0,0,0,0
167.17,6,1,0,82,6,33,0,2.0386585117236766,23.881428571428568,1,1,0,0,0,0,0,1,0,0,0,1,0,0
64.47,9,0,1,34,4,42,0,1.8961764148183409,12.894,1,1,0,1,0,1,0,0,0,0,0,1,0,0
118.89,9,0,0,28,5,68,0,4.246071276926026,19.815,0,0,0,1,0,0,1,0,0,0,0,1,0,0
535.6,21,0,0,48,2,54,0,11.158333100868061,178.53333333333333,0,0,1,0,0,1,0,0,0,0,1,0,0,0
22.07,13,0,0,33,4,44,0,0.6687878585215801,4.414,0,0,0,1,1,0,0,0,0,1,0,0,0,0
204.26,14,0,0,38,2,18,0,5.375263016440447,68.08666666666666,0,0,0,1,0,0,1,0,0,1,0,0,0,0
139.08,22,0,0,54,0,24,0,2.5755555078600834,139.08,0,0,0,0,0,0,0,0,1,0,1,0,0,0
21.81,0,0,0,67,3,51,1,0.32552238320115845,5.4525,0,0,0,0,0,0,1,0,0,0,0,0,1,0
142.78,10,0,0,94,2,51,0,1.5189361540538708,47.593333333333334,0,0,0,0,0,1,0,0,0,0,0,1,0,0
53.46,9,0,0,87,2,35,0,0.6144827515576695,17.82,0,0,0,0,0,0,0,0,1,0,0,1,0,0
242.17,7,0,0,25,1,23,0,9.686799612528015,121.085,0,0,0,1,0,0,0,1,0,0,0,1,0,0
189.98,23,0,0,28,2,63,0,6.784999757678579,63.32666666666666,0,0,0,1,0,0,1,0,0,0,1,0,0,0
433.08,20,0,0,83,1,44,0,5.217831262435768,216.54,0,0,0,0,0,0,0,1,0,0,1,0,0,0
48.35,7,0,0,52,0,64,0,0.9298076744267756,48.35,0,0,0,0,0,0,0,1,0,0,0,1,0,0
138.76,18,0,0,53,3,63,0,2.6181131581488084,34.69,0,0,0,0,0,0,0,0,1,0,1,0,0,0
120.87,2,0,0,93,3,22,1,1.299677405379813,30.2175,0,0,0,0,0,0,0,0,1,0,0,0,1,0
302.56,13,1,0,45,1,67,0,6.7235554061432135,151.28,1,1,0,0,0,0,1,0,0,1,0,0,0,0
246.49,7,0,0,25,2,55,0,9.859599605616015,82.16333333333334,0,0,0,1,0,0,0,1,0,0,0,1,0,0
56.46,0,0,0,67,3,36,1,0.8426865545867679,14.115,0,0,0,0,0,0,0,0,1,0,0,0,1,0
27.4,0,0,1,99,4,61,1,0.2767676739720437,5.4799999999999995,1,1,0,0,0,1,0,0,0,0,0,0,1,0
306.66,4,0,0,79,0,24,1,3.881772102762379,306.66,0,0,0,0,0,0,1,0,0,0,0,0,1,0
217.2,7,0,0,89,1,29,0,2.440449410781467,108.6,0,0,0,0,1,0,0,0,0,0,0,1,0,0
91.86,2,0,0,63,3,20,1,1.4580952149508697,22.965,0,0,0,0,0,0,0,1,0,0,0,0,1,0
394.26,7,0,0,91,1,52,0,4.332527424917281,197.13,0,0,0,0,0,1,0,0,0,0,0,1,0,0
14.67,23,0,0,39,5,44,0,0.376153836508876,2.445,0,0,0,1,0,0,0,0,1,0,1,0,0,0
2.71,7,0,1,40,1,31,0,0.06774999830625004,1.355,1,1,0,0,0,1,0,0,0,0,0,1,0,0
106.73,4,0,0,94,3,31,1,1.135425519835899,26.6825,0,0,0,0,0,0,0,0,1,0,0,0,1,0
57.13,7,0,0,27,2,19,0,2.115925847558302,19.043333333333333,0,0,0,1,0,1,0,0,0,0,0,1,0,0
257.64,5,0,0,40,2,48,1,6.440999838975004,85.88,0,0,0,0,0,0,0,1,0,0,0,0,1,0
328.58,2,0,0,91,3,50,1,3.6107691910904482,82.145,0,0,0,0,0,0,0,0,1,0,0,0,1,0
91.2,2,0,0,38,0,37,1,2.399999936842107,91.2,0,0,0,1,0,1,0,0,0,0,0,0,1,0
2.72,23,0,0,96,0,51,0,0.02833333303819445,2.72,0,0,0,0,0,0,0,1,0,0,1,0,0,0
384.12,7,0,0,84,1,37,0,4.572857088418369,192.06,0,0,0,0,0,0,0,1,0,0,0,1,0,0
40.84,16,0,0,83,3,65,0,0.492048186842793,10.21,0,0,0,0,0,1,0,0,0,1,0,0,0,0
460.59,15,0,0,58,1,58,0,7.941206759634366,230.295,0,0,0,0,0,0,1,0,0,1,0,0,0,0
2.21,23,0,0,51,1,47,0,0.04333333248366015,1.105,0,0,0,0,0,0,0,0,1,0,1,0,0,0
117.93,3,0,0,43,2,40,1,2.742558075754464,39.31,0,0,0,0,0,0,0,1,0,0,0,0,1,0
46.46,8,1,0,43,0,63,0,1.0804650911519746,46.46,1,1,0,0,0,1,0,0,0,0,0,1,0,0
150.19,6,0,0,38,2,44,0,3.9523683170429393,50.06333333333333,0,0,0,1,1,0,0,0,0,0,0,1,0,0
9.62,7,0,0,95,0,44,0,0.10126315682880888,9.62,0,0,0,0,0,0,0,1,0,0,0,1,0,0
8.89,1,0,0,27,1,42,1,0.32925924706447235,4.445,0,0,0,1,0,0,0,1,0,0,0,0,1,0
368.29,18,0,0,29,4,44,0,12.699654734494665,73.658,0,0,0,1,0,0,1,0,0,0,1,0,0,0
211.17,5,0,0,43,3,42,1,4.910930118350462,52.7925,0,0,0,0,0,0,1,0,0,0,0,0,1,0
91.74,14,0,0,48,1,55,0,1.9112499601822925,45.87,0,0,0,0,1,0,0,0,0,1,0,0,0,0
170.29,15,0,0,25,1,44,0,6.81159972753601,85.145,0,0,0,1,0,0,0,1,0,1,0,0,0,0
309.17,20,0,0,51,1,38,0,6.06215674387928,154.585,0,0,0,0,1,0,0,0,0,0,1,0,0,0
15.56,11,0,0,60,4,67,0,0.2593333290111112,3.112,0,0,0,0,0,1,0,0,0,0,0,1,0,0
51.03,23,1,0,65,1,47,0,0.7850769109988168,25.515,1,1,0,0,0,0,0,0,1,0,1,0,0,0
212.52,2,0,0,68,1,61,1,3.1252940716868522,106.26,0,0,0,0,1,0,0,0,0,0,0,0,1,0
149.84,2,0,0,93,1,22,1,1.6111827783743788,74.92,0,0,0,0,0,0,0,0,1,0,0,0,1,0
386.2,17,0,0,67,0,23,0,5.764179018445089,386.2,0,0,0,0,0,0,1,0,0,1,0,0,0,0
716.23,9,0,1,65,0,30,0,11.018922907401187,716.23,1,1,1,0,1,0,0,0,0,0,0,1,0,0
62.82,19,0,1,37,1,38,0,1.69783779195033,31.41,1,1,0,1,0,0,1,0,0,0,1,0,0,0
606.82,5,0,0,42,1,37,1,14.44809489409298,303.41,0,0,1,0,1,0,0,0,0,0,0,0,1,0
95.4,15,0,1,41,1,22,0,2.326829211540751,47.7,1,1,0,0,0,0,0,1,0,1,0,0,0,0
203.59,20,0,0,50,5,46,0,4.071799918564002,33.931666666666665,0,0,0,0,0,0,1,0,0,0,1,0,0,0
11.6,3,0,0,48,1,62,1,0.24166666163194456,5.8,0,0,0,0,0,0,0,0,1,0,0,0,1,0
0.58,6,0,1,64,0,24,0,0.009062499858398439,0.58,1,1,0,0,0,1,0,0,0,0,0,1,0,0
181.37,7,0,1,48,4,31,0,3.7785415879470508,36.274,1,1,0,0,0,0,1,0,0,0,0,1,0,0
141.57,2,0,0,32,0,19,1,4.424062361748051,141.57,0,0,0,1,0,0,0,0,1,0,0,0,1,0
287.73,9,0,0,78,1,63,0,3.6888461065532554,143.865,0,0,0,0,0,0,1,0,0,0,0,1,0,0
21.89,14,0,0,61,2,39,0,0.35885245313356634,7.296666666666667,0,0,0,0,0,0,1,0,0,1,0,0,0,0
367.1,5,0,0,82,1,62,1,4.476829213697205,183.55,0,0,0,0,0,0,0,0,1,0,0,0,1,0
57.93,6,0,0,75,3,56,0,0.7723999897013335,14.4825,0,0,0,0,0,0,0,1,0,0,0,1,0,0
39.53,9,0,0,54,2,66,0,0.7320370234807959,13.176666666666668,0,0,0,0,1,0,0,0,0,0,0,1,0,0
86.87,15,0,0,29,1,31,0,2.995517138085616,43.435,0,0,0,1,0,1,0,0,0,1,0,0,0,0
191.82,15,0,0,48,6,25,0,3.9962499167447936,27.40285714285714,0,0,0,0,1,0,0,0,0,1,0,0,0,0
98.25,15,0,0,85,6,19,0,1.1558823393425608,14.035714285714286,0,0,0,0,0,0,0,0,1,1,0,0,0,0
101.92,15,0,0,93,3,18,0,1.0959139667106026,25.48,0,0,0,0,0,0,0,0,1,1,0,0,0,0
14.52,14,0,0,74,0,52,0,0.19621621356464578,14.52,0,0,0,0,0,0,0,0,1,1,0,0,0,0
25.26,7,0,0,60,1,26,0,0.4209999929833335,12.63,0,0,0,0,0,1,0,0,0,0,0,1,0,0
22.41,4,0,0,36,2,43,1,0.6224999827083338,7.47,0,0,0,1,0,1,0,0,0,0,0,0,1,0
371.95,3,0,0,68,4,39,1,5.469852860737458,74.39,0,0,0,0,1,0,0,0,0,0,0,0,1,0
15.13,17,0,0,28,4,43,0,0.5403571235586742,3.0260000000000002,0,0,0,1,0,0,1,0,0,1,0,0,0,0
3.18,3,0,0,29,3,54,1,0.10965516863258039,0.795,0,0,0,1,0,0,1,0,0,0,0,0,1,0
38.38,1,0,0,63,1,52,1,0.6092063395364073,19.19,0,0,0,0,0,0,0,1,0,0,0,0,1,0
348.45,2,1,0,99,5,30,1,3.5196969341444753,58.074999999999996,1,1,0,0,0,1,0,0,0,0,0,0,1,1
69.43,23,0,0,82,2,68,0,0.846707306747472,23.143333333333334,0,0,0,0,0,1,0,0,0,0,1,0,0,0
164.64,13,0,0,70,1,35,0,2.3519999664,82.32,0,0,0,0,1,0,0,0,0,1,0,0,0,0
89.41,6,0,1,34,2,67,0,2.629705805008653,29.80333333333333,1,1,0,1,0,0,0,0,1,0,0,1,0,0
173.32,16,0,0,45,2,19,0,3.851555469965434,57.77333333333333,0,0,0,0,0,0,0,1,0,1,0,0,0,0
183.45,16,0,0,85,0,27,0,2.158235268726644,183.45,0,0,0,0,0,1,0,0,0,1,0,0,0,0
392.35,16,0,0,73,2,20,0,5.3746574606211315,130.78333333333333,0,0,0,0,0,0,1,0,0,1,0,0,0,0
7.4,21,0,1,88,0,25,0,0.0840909081353306,7.4,1,1,0,0,0,0,1,0,0,0,1,0,0,0
353.71,15,0,0,62,2,61,0,5.704999907983872,117.90333333333332,0,0,0,0,0,0,0,1,0,1,0,0,0,0
120.45,14,0,0,47,3,32,0,2.5627659029198746,30.1125,0,0,0,0,0,1,0,0,0,1,0,0,0,0
21.65,5,0,0,68,2,37,1,0.3183823482590831,7.216666666666666,0,0,0,0,0,0,0,0,1,0,0,0,1,0
215.51,12,0,0,71,2,23,0,3.0353520699246186,71.83666666666666,0,0,0,0,0,1,0,0,0,1,0,0,0,0
501.4,23,0,0,99,4,67,0,5.06464641348842,100.28,0,0,1,0,0,0,1,0,0,0,1,0,0,0
91.68,19,0,0,79,3,60,0,1.160506314423971,22.92,0,0,0,0,0,0,0,1,0,0,1,0,0,0
309.93,16,0,0,85,0,55,0,3.646235251220762,309.93,0,0,0,0,0,1,0,0,0,1,0,0,0,0
57.3,14,0,0,78,2,35,0,0.7346153751972387,19.099999999999998,0,0,0,0,1,0,0,0,0,1,0,0,0,0
264.61,14,0,0,67,4,58,0,3.949402926128315,52.922000000000004,0,0,0,0,0,1,0,0,0,1,0,0,0,0
181.62,18,0,0,88,3,40,0,2.063863612910641,45.405,0,0,0,0,1,0,0,0,0,0,1,0,0,0
84.47,2,1,0,63,2,61,1,1.3407936295112122,28.156666666666666,1,1,0,0,0,1,0,0,0,0,0,0,1,0
0.01,17,0,0,71,4,68,0,0.00014084506843880186,0.002,0,0,0,0,0,0,0,0,1,1,0,0,0,0
4.59,12,0,0,87,2,42,0,0.05275862008323425,1.53,0,0,0,0,0,1,0,0,0,1,0,0,0,0
57.45,1,0,0,88,1,25,1,0.6528409016722625,28.725,0,0,0,0,0,0,1,0,0,0,0,0,1,0
52.37,17,0,0,75,4,45,0,0.6982666573564446,10.474,0,0,0,0,1,0,0,0,0,1,0,0,0,0
385.31,23,0,0,50,0,48,0,7.706199845876004,385.31,0,0,0,0,0,0,0,1,0,0,1,0,0,0
300.81,18,0,0,56,1,48,0,5.371607046935589,150.405,0,0,0,0,0,0,0,1,0,0,1,0,0,0
242.11,0,0,0,54,1,50,1,4.483518435490399,121.055,0,0,0,0,1,0,0,0,0,0,0,0,1,0
123.89,3,0,0,80,0,43,1,1.548624980642188,123.89,0,0,0,0,0,0,0,1,0,0,0,0,1,0
203.46,14,0,1,44,1,41,0,4.6240908039979365,101.73,1,1,0,0,0,0,0,0,1,1,0,0,0,0
391.19,12,0,0,95,2,58,0,4.117789430339059,130.39666666666668,0,0,0,0,0,0,0,1,0,1,0,0,0,0
78.36,14,1,0,79,0,18,0,0.9918987216215351,78.36,1,1,0,0,0,0,1,0,0,1,0,0,0,0
233.7,8,0,0,29,1,38,0,8.05862041177171,116.85,0,0,0,1,0,0,1,0,0,0,0,1,0,0
258.52,11,0,0,36,2,47,0,7.181110911635808,86.17333333333333,0,0,0,1,0,0,0,1,0,0,0,1,0,0
62.5,1,0,0,46,1,62,1,1.3586956226370517,31.25,0,0,0,0,0,0,0,1,0,0,0,0,1,0
74.58,7,0,0,54,3,51,0,1.38111108553498,18.645,0,0,0,0,1,0,0,0,0,0,0,1,0,0
54.81,23,0,0,28,3,28,0,1.9574999300892881,13.7025,0,0,0,1,0,1,0,0,0,0,1,0,0,0
80.98,5,0,1,50,3,23,1,1.6195999676080008,20.245,1,1,0,0,0,0,1,0,0,0,0,0,1,0
198.95,8,0,0,26,2,24,0,7.651922782618354,66.31666666666666,0,0,0,1,0,0,1,0,0,0,0,1,0,0
250.8,0,0,0,49,4,61,1,5.118367242482302,50.160000000000004,0,0,0,0,0,0,1,0,0,0,0,0,1,0
180.97,6,0,0,46,2,30,0,3.934130349258036,60.32333333333333,0,0,0,0,0,1,0,0,0,0,0,1,0,0
14.8,2,0,0,26,2,64,1,0.569230747337279,4.933333333333334,0,0,0,1,0,0,0,0,1,0,0,0,1,0
1.8,15,0,0,36,2,56,0,0.04999999861111115,0.6,0,0,0,1,0,0,0,1,0,1,0,0,0,0
96.03,12,0,0,95,3,18,0,1.0108420946227148,24.0075,0,0,0,0,0,0,0,0,1,1,0,0,0,0
240.75,5,0,0,70,0,55,1,3.439285665153062,240.75,0,0,0,0,0,0,0,0,1,0,0,0,1,0
241.01,13,0,0,69,6,60,0,3.4928985001029202,34.43,0,0,0,0,1,0,0,0,0,1,0,0,0,0
107.62,2,0,0,91,0,29,1,1.1826373496413478,107.62,0,0,0,0,0,0,0,0,1,0,0,0,1,0
358.37,11,0,0,52,3,65,0,6.891730636697488,89.5925,0,0,0,0,0,0,1,0,0,0,0,1,0,0
225.35,0,0,0,34,7,20,1,6.627940981531148,28.16875,0,0,0,1,0,1,0,0,0,0,0,0,1,1
42.69,23,1,1,39,4,46,0,1.0946153565483243,8.538,1,2,0,1,0,0,0,1,0,0,1,0,0,1
104.47,12,0,0,53,5,41,0,1.9711320382805277,17.411666666666665,0,0,0,0,0,0,1,0,0,1,0,0,0,0
50.22,4,0,1,45,2,26,1,1.1159999752000005,16.74,1,1,0,0,0,0,1,0,0,0,0,0,1,0
222.68,10,1,1,90,1,25,0,2.4742221947308645,111.34,1,2,0,0,1,0,0,0,0,0,0,1,0,0
214.59,5,0,0,41,1,54,1,5.233902311368237,107.295,0,0,0,0,0,1,0,0,0,0,0,0,1,0
196.43,0,0,0,26,3,63,1,7.554999709423088,49.1075,0,0,0,1,0,0,0,0,1,0,0,0,1,0
126.9,0,0,0,38,4,45,1,3.3394735963296425,25.380000000000003,0,0,0,1,0,1,0,0,0,0,0,0,1,0
7.74,4,1,0,39,1,18,1,0.19846153337278122,3.87,1,1,0,1,0,1,0,0,0,0,0,0,1,0
56.73,17,0,0,38,1,32,0,1.4928946975554027,28.365,0,0,0,1,0,0,1,0,0,1,0,0,0,0
48.82,13,0,0,30,4,31,0,1.6273332790888906,9.764,0,0,0,1,1,0,0,0,0,1,0,0,0,0
75.13,2,0,0,83,3,55,1,0.9051807119857745,18.7825,0,0,0,0,0,0,1,0,0,0,0,0,1,0
535.95,20,0,1,70,0,33,0,7.656428462051023,535.95,1,1,1,0,0,1,0,0,0,0,1,0,0,0
373.43,7,0,0,31,1,63,0,12.046128643673269,186.715,0,0,0,1,0,1,0,0,0,0,0,1,0,0
214.42,2,0,0,77,4,26,1,2.7846752885107104,42.884,0,0,0,0,0,0,0,0,1,0,0,0,1,0
109.88,0,0,0,78,1,23,1,1.4087179306574624,54.94,0,0,0,0,0,1,0,0,0,0,0,0,1,0
35.92,12,0,0,75,1,34,0,0.4789333269475557,17.96,0,0,0,0,0,0,1,0,0,1,0,0,0,0
19.62,15,0,0,36,3,53,0,0.5449999848611116,4.905,0,0,0,1,1,0,0,0,0,1,0,0,0,0
352.79,15,0,0,66,2,33,0,5.345302949313592,117.59666666666668,0,0,0,0,0,0,1,0,0,1,0,0,0,0
201.86,22,0,0,90,1,60,0,2.242888863967902,100.93,0,0,0,0,1,0,0,0,0,0,1,0,0,0
263.31,22,0,0,36,1,58,0,7.3141664634953765,131.655,0,0,0,1,0,0,0,1,0,0,1,0,0,0
6.85,14,0,0,92,0,23,0,0.07445652092982043,6.85,0,0,0,0,0,1,0,0,0,1,0,0,0,0
21.74,20,0,0,57,2,43,0,0.3814035020806403,7.246666666666666,0,0,0,0,0,0,0,1,0,0,1,0,0,0
156.47,0,0,0,74,0,69,1,2.1144594308856832,156.47,0,0,0,0,0,0,0,0,1,0,0,0,1,0
45.85,0,0,0,40,3,41,1,1.1462499713437508,11.4625,0,0,0,0,0,0,0,1,0,0,0,0,1,0
2.91,9,0,0,65,2,40,0,0.044769230080473385,0.9700000000000001,0,0,0,0,1,0,0,0,0,0,0,1,0,0
173.75,20,1,0,54,3,65,0,3.217592533007546,43.4375,1,1,0,0,0,1,0,0,0,0,1,0,0,0
118.92,17,0,0,65,1,49,0,1.8295384333917164,59.46,0,0,0,0,0,0,0,1,0,1,0,0,0,0
177.78,16,0,0,95,5,52,0,1.8713684013540168,29.63,0,0,0,0,0,0,0,1,0,1,0,0,0,0
71.23,22,0,0,39,2,52,0,1.8264102095792256,23.743333333333336,0,0,0,1,0,0,0,1,0,0,1,0,0,0
85.08,14,0,0,79,4,50,0,1.0769620116840253,17.016,0,0,0,0,0,0,0,0,1,1,0,0,0,0
10.81,7,0,0,44,3,22,0,0.24568181259814065,2.7025,0,0,0,0,1,0,0,0,0,0,0,1,0,0
406.39,16,0,0,36,0,41,0,11.28861079753859,406.39,0,0,0,1,0,1,0,0,0,1,0,0,0,0
126.1,14,0,0,51,2,27,0,2.472548971126491,42.03333333333333,0,0,0,0,0,0,0,0,1,1,0,0,0,0
10.25,8,0,0,31,1,40,0,0.33064515062434996,5.125,0,0,0,1,0,0,1,0,0,0,0,1,0,0
315.24,22,0,0,26,1,33,0,12.124614918284042,157.62,0,0,0,1,0,0,0,1,0,0,1,0,0,0
16.94,3,0,0,44,2,60,1,0.38499999125000023,5.646666666666667,0,0,0,0,1,0,0,0,0,0,0,0,1,0
25.52,8,0,0,49,3,22,0,0.5208163159017078,6.38,0,0,0,0,1,0,0,0,0,0,0,1,0,0
63.56,1,0,0,63,3,68,1,1.0088888728747798,15.89,0,0,0,0,0,0,1,0,0,0,0,0,1,0
311.06,10,0,0,31,4,45,0,10.034193224703444,62.212,0,0,0,1,0,1,0,0,0,0,0,1,0,0
533.75,3,0,0,81,2,43,1,6.589506091487579,177.91666666666666,0,0,1,0,1,0,0,0,0,0,0,0,1,0
74.79,3,0,0,59,4,59,1,1.267627097158863,14.958000000000002,0,0,0,0,0,1,0,0,0,0,0,0,1,0
31.37,3,0,0,71,1,30,1,0.44183097969252144,15.685,0,0,0,0,0,0,1,0,0,0,0,0,1,0
26.1,5,0,0,43,0,50,1,0.6069767300703087,26.1,0,0,0,0,1,0,0,0,0,0,0,0,1,0
13.66,16,0,0,49,2,30,0,0.27877550451478567,4.553333333333334,0,0,0,0,0,0,0,1,0,1,0,0,0,0
203.06,4,0,0,36,2,51,1,5.640555398873461,67.68666666666667,0,0,0,1,1,0,0,0,0,0,0,0,1,0
359.87,8,0,0,89,2,57,0,4.043483100635021,119.95666666666666,0,0,0,0,0,0,0,0,1,0,0,1,0,0
145.41,19,0,0,32,3,61,0,4.544062357998052,36.3525,0,0,0,1,0,0,0,0,1,0,1,0,0,0
454.72,17,0,0,80,3,21,0,5.683999928950001,113.68,0,0,0,0,0,1,0,0,0,1,0,0,0,0
228.31,6,0,0,50,3,69,0,4.566199908676002,57.0775,0,0,0,0,1,0,0,0,0,0,0,1,0,0
22.37,3,0,0,78,1,52,1,0.2867948681180145,11.185,0,0,0,0,0,0,0,1,0,0,0,0,1,0
308.06,7,0,0,54,0,28,0,5.7048147091700985,308.06,0,0,0,0,1,0,0,0,0,0,0,1,0,0
63.76,12,0,0,86,0,22,0,0.7413953402163332,63.76,0,0,0,0,0,1,0,0,0,1,0,0,0,0
544.68,8,0,0,93,1,64,0,5.856774130572321,272.34,0,0,1,0,0,0,0,1,0,0,0,1,0,0
126.31,13,0,0,86,1,19,0,1.4687209131544081,63.155,0,0,0,0,0,0,0,1,0,1,0,0,0,0
432.08,21,0,1,86,0,61,0,5.024185988090861,432.08,1,1,0,0,1,0,0,0,0,0,1,0,0,0
278.83,22,0,0,43,2,27,0,6.484418453850734,92.94333333333333,0,0,0,0,0,0,0,0,1,0,1,0,0,0
68.46,20,0,0,74,4,23,0,0.9251351226333091,13.691999999999998,0,0,0,0,0,0,1,0,0,0,1,0,0,0
429.51,15,0,0,69,4,24,0,6.224782518481413,85.902,0,0,0,0,0,0,0,0,1,1,0,0,0,0
253.2,17,0,0,71,0,69,0,3.566197132870463,253.2,0,0,0,0,1,0,0,0,0,1,0,0,0,0
215.62,20,0,0,60,3,47,0,3.5936666067722234,53.905,0,0,0,0,1,0,0,0,0,0,1,0,0,0
103.78,23,0,0,56,3,39,0,1.8532142526211741,25.945,0,0,0,0,0,0,1,0,0,0,1,0,0,0
111.16,17,0,0,44,2,22,0,2.5263635789462824,37.053333333333335,0,0,0,0,0,1,0,0,0,1,0,0,0,0
0.69,11,0,0,36,4,41,0,0.019166666134259273,0.13799999999999998,0,0,0,1,0,0,1,0,0,0,0,1,0,0
134.76,0,1,0,32,4,52,1,4.211249868398442,26.951999999999998,1,1,0,1,1,0,0,0,0,0,0,0,1,1
51.7,0,0,0,87,0,52,1,0.5942528667327257,51.7,0,0,0,0,0,0,0,0,1,0,0,0,1,0
175.16,2,0,0,69,1,29,1,2.5385506878470916,87.58,0,0,0,0,0,0,0,0,1,0,0,0,1,0
51.47,17,0,1,53,2,24,0,0.9711320571484517,17.156666666666666,1,1,0,0,1,0,0,0,0,1,0,0,0,0
43.41,14,0,0,76,3,35,0,0.5711842030107341,10.8525,0,0,0,0,0,0,0,1,0,1,0,0,0,0
15.65,22,0,0,81,1,56,0,0.1932098741579028,7.825,0,0,0,0,0,1,0,0,0,0,1,0,0,0
288.87,4,0,0,35,1,39,1,8.253428335616334,144.435,0,0,0,1,0,0,0,1,0,0,0,0,1,0
348.74,13,0,0,80,2,27,0,4.359249945509376,116.24666666666667,0,0,0,0,0,1,0,0,0,1,0,0,0,0
66.62,15,1,0,99,0,47,0,0.6729292861320275,66.62,1,1,0,0,0,0,1,0,0,1,0,0,0,0
117.2,16,0,0,79,1,19,0,1.4835442850184268,58.6,0,0,0,0,0,1,0,0,0,1,0,0,0,0
62.07,8,0,0,50,4,28,0,1.2413999751720006,12.414,0,0,0,0,0,0,1,0,0,0,0,1,0,0
23.97,5,0,0,39,0,67,1,0.6146153688560162,23.97,0,0,0,1,0,0,0,1,0,0,0,0,1,0
42.45,15,0,0,77,2,48,0,0.551298694138978,14.15,0,0,0,0,0,0,1,0,0,1,0,0,0,0
14.2,14,0,0,25,3,36,0,0.5679999772800008,3.55,0,0,0,1,0,1,0,0,0,1,0,0,0,0
49.56,8,1,0,79,3,56,0,0.6273417642108637,12.39,1,1,0,0,0,0,0,0,1,0,0,1,0,0
44.19,20,0,0,45,4,61,0,0.9819999781777783,8.838,0,0,0,0,1,0,0,0,0,0,1,0,0,0
59.14,1,0,0,68,1,23,1,0.869705869563149,29.57,0,0,0,0,1,0,0,0,0,0,0,0,1,0
49.96,23,0,0,45,1,29,0,1.110222197550618,24.98,0,0,0,0,0,1,0,0,0,0,1,0,0,0
137.07,3,0,0,91,2,37,1,1.5062637197113877,45.69,0,0,0,0,0,0,0,0,1,0,0,0,1,0
3.51,19,0,0,56,0,53,0,0.06267857030931125,3.51,0,0,0,0,0,1,0,0,0,0,1,0,0,0
91.26,10,0,0,41,1,67,0,2.2258536042474732,45.63,0,0,0,0,1,0,0,0,0,0,0,1,0,0
277.24,2,0,0,74,1,24,1,3.7464864358582917,138.62,0,0,0,0,1,0,0,0,0,0,0,0,1,0
93.35,3,0,0,84,4,39,1,1.1113095105796487,18.669999999999998,0,0,0,0,0,0,0,1,0,0,0,0,1,0
150.14,0,0,0,33,0,20,1,4.549696831827369,150.14,0,0,0,1,0,0,0,0,1,0,0,0,1,0
145.11,18,0,1,37,2,55,0,3.9218917858948172,48.370000000000005,1,1,0,1,1,0,0,0,0,0,1,0,0,0
173.35,5,0,0,34,1,64,1,5.098529261807963,86.675,0,0,0,1,0,0,0,0,1,0,0,0,1,0
198.48,23,0,0,33,2,54,0,6.014545272286507,66.16,0,0,0,1,0,0,1,0,0,0,1,0,0,0
195.23,5,0,0,94,1,69,1,2.0769148715221823,97.615,0,0,0,0,0,0,1,0,0,0,0,0,1,0
0.04,4,1,0,74,2,66,1,0.0005405405332359387,0.013333333333333334,1,1,0,0,0,0,0,0,1,0,0,0,1,0
102.62,14,0,0,47,4,20,0,2.1834042088637404,20.524,0,0,0,0,0,1,0,0,0,1,0,0,0,0
8.41,1,0,0,27,5,30,1,0.31148146994513076,1.4016666666666666,0,0,0,1,1,0,0,0,0,0,0,0,1,1
62.13,15,0,0,74,3,24,0,0.8395945832487219,15.5325,0,0,0,0,0,0,1,0,0,1,0,0,0,0
69.97,11,0,0,35,2,37,0,1.9991428000244915,23.323333333333334,0,0,0,1,0,0,1,0,0,0,0,1,0,0
32.36,20,0,0,67,1,25,0,0.48298506741813335,16.18,0,0,0,0,0,0,0,0,1,0,1,0,0,0
160.88,0,0,0,89,2,49,1,1.8076404291276356,53.626666666666665,0,0,0,0,0,0,1,0,0,0,0,0,1,0
63.11,6,0,0,98,0,54,0,0.6439795852655145,63.11,0,0,0,0,0,1,0,0,0,0,0,1,0,0
70.99,0,0,0,60,4,22,1,1.1831666469472226,14.197999999999999,0,0,0,0,0,0,0,0,1,0,0,0,1,0
130.22,3,0,0,59,4,35,1,2.207118606659007,26.044,0,0,0,0,0,0,0,1,0,0,0,0,1,0
43.76,15,0,0,26,4,46,0,1.6830768583431976,8.751999999999999,0,0,0,1,1,0,0,0,0,1,0,0,0,0
301.97,16,0,0,61,2,67,0,4.950327787699545,100.65666666666668,0,0,0,0,0,0,1,0,0,1,0,0,0,0
24.89,0,0,0,69,1,69,1,0.3607246324532662,12.445,0,0,0,0,0,0,0,0,1,0,0,0,1,0
145.78,10,1,0,80,1,18,0,1.8222499772218754,72.89,1,1,0,0,0,0,0,0,1,0,0,1,0,0
54.99,21,0,0,64,0,40,0,0.8592187365747073,54.99,0,0,0,0,0,1,0,0,0,0,1,0,0,0
191.65,7,0,0,95,2,33,0,2.0173683998171748,63.88333333333333,0,0,0,0,0,1,0,0,0,0,0,1,0,0
185.18,7,0,0,62,4,21,0,2.9867741453746106,37.036,0,0,0,0,0,0,1,0,0,0,0,1,0,0
97.24,12,0,0,94,1,63,0,1.0344680741014034,48.62,0,0,0,0,0,1,0,0,0,1,0,0,0,0
168.45,3,0,0,67,0,22,1,2.514179066952551,168.45,0,0,0,0,0,1,0,0,0,0,0,0,1,0
342.94,15,0,0,38,2,30,0,9.024736604612196,114.31333333333333,0,0,0,1,1,0,0,0,0,1,0,0,0,0
51.49,18,0,0,54,2,46,0,0.9535185008607686,17.163333333333334,0,0,0,0,0,0,0,0,1,0,1,0,0,0
155.54,13,0,0,70,3,45,0,2.221999968257143,38.885,0,0,0,0,1,0,0,0,0,1,0,0,0,0
76.51,17,0,0,81,1,40,0,0.944567889573236,38.255,0,0,0,0,0,0,1,0,0,1,0,0,0,0
141.42,23,1,0,59,3,37,0,2.3969491119161166,35.355,1,1,0,0,0,0,0,0,1,0,1,0,0,0
194.9,1,1,0,61,3,59,1,3.195081914834723,48.725,1,1,0,0,1,0,0,0,0,0,0,0,1,0
17.21,11,0,0,33,2,63,0,0.5215151357116626,5.736666666666667,0,0,0,1,0,0,0,0,1,0,0,1,0,0
3.97,15,0,0,40,1,62,0,0.09924999751875008,1.985,0,0,0,0,0,0,0,1,0,1,0,0,0,0
113.49,14,0,0,94,0,35,0,1.207340412687868,113.49,0,0,0,0,0,0,1,0,0,1,0,0,0,0
123.29,7,1,0,57,0,19,0,2.162982418193291,123.29,1,1,0,0,1,0,0,0,0,0,0,1,0,0
32.97,21,0,0,63,1,43,0,0.5233333250264551,16.485,0,0,0,0,0,0,1,0,0,0,1,0,0,0
53.42,22,1,0,98,0,24,0,0.5451020352540609,53.42,1,1,0,0,0,1,0,0,0,0,1,0,0,0
145.62,1,1,0,54,3,24,1,2.6966666167283964,36.405,1,1,0,0,0,0,1,0,0,0,0,0,1,0
184.74,8,0,0,41,1,41,0,4.5058535486377185,92.37,0,0,0,0,0,0,0,1,0,0,0,1,0,0
19.25,9,0,0,37,1,52,0,0.520270256208912,9.625,0,0,0,1,1,0,0,0,0,0,0,1,0,0
496.86,6,0,1,74,4,37,0,6.714324233590213,99.372,1,1,0,0,0,0,0,0,1,0,0,1,0,0
7.36,19,0,0,40,5,23,0,0.18399999540000014,1.2266666666666668,0,0,0,0,1,0,0,0,0,0,1,0,0,0
43.72,11,0,0,74,3,58,0,0.590810802826881,10.93,0,0,0,0,0,0,0,0,1,0,0,1,0,0
174.17,14,0,0,33,4,30,0,5.277878627943072,34.833999999999996,0,0,0,1,0,0,0,1,0,1,0,0,0,0
14.42,5,0,0,88,2,42,1,0.16386363450154962,4.806666666666667,0,0,0,0,0,1,0,0,0,0,0,0,1,0
194.91,14,0,0,85,3,62,0,2.2930587965522493,48.7275,0,0,0,0,0,1,0,0,0,1,0,0,0,0
203.73,13,0,0,74,3,37,0,2.753108070903945,50.9325,0,0,0,0,1,0,0,0,0,1,0,0,0,0
94.0,2,1,0,42,0,23,1,2.2380951848072574,94.0,1,1,0,0,0,0,1,0,0,0,0,0,1,0
308.16,14,0,0,96,2,62,0,3.2099999665625005,102.72000000000001,0,0,0,0,0,0,0,0,1,1,0,0,0,0
312.25,8,0,0,69,1,68,0,4.5253622532556195,156.125,0,0,0,0,0,1,0,0,0,0,0,1,0,0
481.12,19,0,0,45,1,60,0,10.691555317965438,240.56,0,0,0,0,0,0,1,0,0,0,1,0,0,0
20.35,14,0,0,85,1,29,0,0.2394117618892734,10.175,0,0,0,0,0,0,0,1,0,1,0,0,0,0
94.03,12,1,0,87,2,61,0,1.0808045852781083,31.343333333333334,1,1,0,0,0,1,0,0,0,1,0,0,0,0
78.44,7,0,1,54,2,49,0,1.4525925656927303,26.146666666666665,1,1,0,0,0,1,0,0,0,0,0,1,0,0
224.11,7,0,1,31,2,57,0,7.229354605504691,74.70333333333333,1,1,0,1,0,1,0,0,0,0,0,1,0,0
62.45,4,1,0,88,1,68,1,0.7096590828447832,31.225,1,1,0,0,0,0,0,0,1,0,0,0,1,0
94.41,8,0,0,73,1,56,0,1.2932876535166076,47.205,0,0,0,0,0,0,0,0,1,0,0,1,0,0
32.04,4,0,1,56,4,33,1,0.5721428469260206,6.4079999999999995,1,1,0,0,1,0,0,0,0,0,0,0,1,0
52.4,7,0,0,88,1,35,0,0.5954545386880166,26.2,0,0,0,0,1,0,0,0,0,0,0,1,0,0
190.6,16,0,1,60,2,21,0,3.1766666137222233,63.53333333333333,1,1,0,0,0,1,0,0,0,1,0,0,0,0
57.22,14,0,0,65,4,39,0,0.8803076787644972,11.443999999999999,0,0,0,0,0,1,0,0,0,1,0,0,0,0
44.31,2,0,0,54,0,19,1,0.8205555403600827,44.31,0,0,0,0,1,0,0,0,0,0,0,0,1,0
144.0,20,0,0,62,2,36,0,2.322580607700313,48.0,0,0,0,0,0,0,1,0,0,0,1,0,0,0
322.85,18,0,0,43,2,69,0,7.5081393602758295,107.61666666666667,0,0,0,0,1,0,0,0,0,0,1,0,0,0
215.56,11,0,1,26,3,34,0,8.290768911893503,53.89,1,1,0,1,0,0,1,0,0,0,0,1,0,0
356.93,12,1,0,53,3,50,0,6.734528174820223,89.2325,1,1,0,0,0,1,0,0,0,1,0,0,0,0
30.21,18,1,0,84,1,50,0,0.35964285286139464,15.105,1,1,0,0,0,1,0,0,0,0,1,0,0,0
2.71,11,0,0,34,2,51,0,0.07970588000865059,0.9033333333333333,0,0,0,1,0,1,0,0,0,0,0,1,0,0
106.27,7,0,0,91,1,21,0,1.1678021849692068,53.135,0,0,0,0,0,0,1,0,0,0,0,1,0,0
36.47,10,0,0,36,2,66,0,1.0130555274151243,12.156666666666666,0,0,0,1,1,0,0,0,0,0,0,1,0,0
80.17,6,0,0,47,2,28,0,1.7057446445586246,26.723333333333333,0,0,0,0,0,0,0,0,1,0,0,1,0,0
235.22,19,0,0,68,1,25,0,3.459117596189447,117.61,0,0,0,0,0,1,0,0,0,0,1,0,0,0
450.81,13,0,0,47,4,36,0,9.59170192358081,90.162,0,0,0,0,0,0,0,1,0,1,0,0,0,0
101.16,11,1,0,38,0,48,0,2.662105193102495,101.16,1,1,0,1,0,0,0,0,1,0,0,1,0,0
108.54,18,0,0,70,2,26,0,1.5505714064204086,36.18,0,0,0,0,0,0,1,0,0,0,1,0,0,0
167.98,23,0,0,80,0,55,0,2.0997499737531253,167.98,0,0,0,0,0,0,0,1,0,0,1,0,0,0
258.6,21,0,0,66,6,53,0,3.9181817588154284,36.94285714285714,0,0,0,0,0,0,0,0,1,0,1,0,0,0
225.1,21,0,0,89,0,68,0,2.529213454727939,225.1,0,0,0,0,0,0,0,1,0,0,1,0,0,0
6.08,6,0,0,77,3,48,0,0.07896103793557094,1.52,0,0,0,0,1,0,0,0,0,0,0,1,0,0
126.44,23,0,0,67,3,68,0,1.8871641509378485,31.61,0,0,0,0,0,0,1,0,0,0,1,0,0,0
129.54,2,0,0,77,2,28,1,1.6823376404891215,43.18,0,0,0,0,0,0,0,0,1,0,0,0,1,0
6.0,19,0,0,95,0,69,0,0.06315789407202217,6.0,0,0,0,0,0,0,1,0,0,0,1,0,0,0
96.45,11,0,0,61,1,29,0,1.5811475150631555,48.225,0,0,0,0,0,0,0,1,0,0,0,1,0,0
78.23,5,0,0,29,4,22,1,2.697586113876341,15.646,0,0,0,1,1,0,0,0,0,0,0,0,1,0
371.24,21,0,0,70,0,33,0,5.303428495665307,371.24,0,0,0,0,0,0,0,0,1,0,1,0,0,0
40.27,18,1,0,96,3,66,0,0.4194791622970921,10.0675,1,1,0,0,0,0,1,0,0,0,1,0,0,0
185.89,0,0,1,76,0,60,1,2.4459210204484076,185.89,1,1,0,0,0,0,0,0,1,0,0,0,1,0
357.84,17,0,0,55,1,50,0,6.506181699887605,178.92,0,0,0,0,1,0,0,0,0,1,0,0,0,0
35.85,8,1,0,29,0,41,0,1.2362068539239015,35.85,1,1,0,1,0,0,1,0,0,0,0,1,0,0
231.74,18,0,0,90,4,19,0,2.574888860279013,46.348,0,0,0,0,0,0,0,1,0,0,1,0,0,0
222.31,19,0,0,41,2,55,0,5.422194989702562,74.10333333333334,0,0,0,0,1,0,0,0,0,0,1,0,0,0
24.07,8,0,0,35,2,30,0,0.6877142660653067,8.023333333333333,0,0,0,1,0,0,1,0,0,0,0,1,0,0
129.59,0,0,0,93,1,45,1,1.393440845231819,64.795,0,0,0,0,0,0,0,0,1,0,0,0,1,0
178.67,11,0,0,58,2,32,0,3.080517188266945,59.556666666666665,0,0,0,0,0,1,0,0,0,0,0,1,0,0
44.86,18,0,0,48,3,46,0,0.9345833138628477,11.215,0,0,0,0,1,0,0,0,0,0,1,0,0,0
232.09,11,0,0,60,0,31,0,3.8681666021972236,232.09,0,0,0,0,0,0,0,1,0,0,0,1,0,0
291.35,19,0,0,80,2,48,0,3.6418749544765636,97.11666666666667,0,0,0,0,0,0,0,1,0,0,1,0,0,0
257.63,20,0,0,94,3,27,0,2.740744651694206,64.4075,0,0,0,0,0,0,0,1,0,0,1,0,0,0
15.23,7,0,0,94,1,31,0,0.1620212748721141,7.615,0,0,0,0,0,1,0,0,0,0,0,1,0,0
222.97,20,0,0,68,6,24,0,3.2789705400151394,31.852857142857143,0,0,0,0,0,0,0,0,1,0,1,0,0,0
2.87,17,0,0,98,3,28,0,0.02928571398688047,0.7175,0,0,0,0,1,0,0,0,0,1,0,0,0,0
10.72,19,0,0,85,2,59,0,0.12611764557508653,3.5733333333333337,0,0,0,0,1,0,0,0,0,0,1,0,0,0
73.83,0,0,0,90,0,43,1,0.8203333242185187,73.83,0,0,0,0,1,0,0,0,0,0,0,0,1,0
186.69,6,0,0,32,2,35,0,5.834062317685553,62.23,0,0,0,1,1,0,0,0,0,0,0,1,0,0
103.65,10,0,0,49,4,65,0,2.115306079279468,20.73,0,0,0,0,0,1,0,0,0,0,0,1,0,0
147.82,9,0,0,99,3,59,0,1.4931312980491789,36.955,0,0,0,0,1,0,0,0,0,0,0,1,0,0
247.0,17,0,0,73,2,24,0,3.383561597485458,82.33333333333333,0,0,0,0,0,0,0,1,0,1,0,0,0,0
386.74,7,0,0,55,1,46,0,7.031636235788433,193.37,0,0,0,0,0,0,0,1,0,0,0,1,0,0
593.08,22,0,0,95,3,59,0,6.242947302705819,148.27,0,0,1,0,0,1,0,0,0,0,1,0,0,0
1.66,0,0,0,60,4,18,1,0.02766666620555556,0.33199999999999996,0,0,0,0,1,0,0,0,0,0,0,0,1,0
116.02,20,0,0,93,5,59,0,1.2475268683061627,19.336666666666666,0,0,0,0,1,0,0,0,0,0,1,0,0,0
227.47,14,0,0,90,1,37,0,2.5274444163617287,113.735,0,0,0,0,0,0,0,0,1,1,0,0,0,0
124.75,14,0,0,69,0,65,0,1.8079709882902757,124.75,0,0,0,0,0,0,0,1,0,1,0,0,0,0
13.43,13,0,0,73,2,46,0,0.18397260021955342,4.476666666666667,0,0,0,0,1,0,0,0,0,1,0,0,0,0
27.15,16,0,0,68,2,49,0,0.3992647000108132,9.049999999999999,0,0,0,0,0,1,0,0,0,1,0,0,0,0
76.33,19,0,0,65,2,60,0,1.1743076742414205,25.44333333333333,0,0,0,0,1,0,0,0,0,0,1,0,0,0
164.94,13,0,0,29,6,21,0,5.687586010772896,23.562857142857144,0,0,0,1,0,1,0,0,0,1,0,0,0,0
269.66,22,0,0,54,0,48,0,4.993703611227712,269.66,0,0,0,0,1,0,0,0,0,0,1,0,0,0
36.9,3,0,0,49,3,29,1,0.7530612091211998,9.225,0,0,0,0,0,0,0,1,0,0,0,0,1,0
234.76,14,1,0,91,1,50,0,2.579780191430987,117.38,1,1,0,0,1,0,0,0,0,1,0,0,0,0
66.44,6,0,0,33,0,42,0,2.0133332723232344,66.44,0,0,0,1,0,0,0,1,0,0,0,1,0,0
30.48,17,0,1,67,1,63,0,0.45492536634439756,15.24,1,1,0,0,0,0,0,0,1,1,0,0,0,0
15.3,3,0,0,43,5,45,1,0.35581394521362925,2.5500000000000003,0,0,0,0,0,1,0,0,0,0,0,0,1,0
93.01,4,0,0,58,2,20,1,1.6036206620065405,31.003333333333334,0,0,0,0,0,0,0,1,0,0,0,0,1,0
140.02,19,0,1,88,4,26,0,1.591136345555269,28.004,1,1,0,0,0,0,1,0,0,0,1,0,0,0
295.56,2,0,0,71,1,65,1,4.162816842777228,147.78,0,0,0,0,1,0,0,0,0,0,0,0,1,0
260.4,17,0,0,53,2,63,0,4.913207454467783,86.8,0,0,0,0,1,0,0,0,0,1,0,0,0,0
444.33,19,0,0,99,1,37,0,4.488181772846649,222.165,0,0,0,0,1,0,0,0,0,0,1,0,0,0
73.96,1,0,0,60,1,44,1,1.2326666461222224,36.98,0,0,0,0,1,0,0,0,0,0,0,0,1,0
4.82,0,0,0,72,4,40,1,0.06694444351466051,0.9640000000000001,0,0,0,0,0,0,0,0,1,0,0,0,1,0
288.31,3,0,0,89,0,52,1,3.2394381658490095,288.31,0,0,0,0,0,1,0,0,0,0,0,0,1,0
331.93,1,0,0,99,2,53,1,3.352828248961331,110.64333333333333,0,0,0,0,1,0,0,0,0,0,0,0,1,0
24.57,9,1,1,55,6,27,0,0.4467272646049589,3.5100000000000002,1,2,0,0,0,0,0,0,1,0,0,1,0,1
172.01,9,0,1,45,1,40,0,3.8224443595012363,86.005,1,1,0,0,0,0,1,0,0,0,0,1,0,0
234.43,23,0,0,99,1,61,0,2.3679797740608106,117.215,0,0,0,0,0,0,1,0,0,0,1,0,0,0
560.81,13,0,0,34,3,57,0,16.494411279576138,140.2025,0,0,1,1,1,0,0,0,0,1,0,0,0,0
59.59,22,0,0,27,2,24,0,2.2070369552949276,19.863333333333333,0,0,0,1,0,0,0,1,0,0,1,0,0,0
203.99,9,0,0,73,1,58,0,2.7943835233646097,101.995,0,0,0,0,0,0,1,0,0,0,0,1,0,0
306.13,3,0,0,54,1,54,1,5.669073969091223,153.065,0,0,0,0,0,1,0,0,0,0,0,0,1,0
183.46,7,0,0,73,1,53,0,2.5131506505047856,91.73,0,0,0,0,0,0,0,1,0,0,0,1,0,0
54.48,20,0,0,69,0,67,0,0.7895652059483304,54.48,0,0,0,0,0,0,0,0,1,0,1,0,0,0
143.95,7,0,0,81,1,47,0,1.7771604718869076,71.975,0,0,0,0,0,0,0,1,0,0,0,1,0,0
525.13,23,0,1,69,4,28,0,7.610579599846672,105.026,1,1,1,0,0,0,0,0,1,0,1,0,0,0
230.63,16,0,0,83,1,65,0,2.7786746653171726,115.315,0,0,0,0,0,1,0,0,0,1,0,0,0,0
181.04,16,0,0,44,3,33,0,4.11454536103306,45.26,0,0,0,0,0,1,0,0,0,1,0,0,0,0
142.38,7,0,1,91,0,35,0,1.564615367421809,142.38,1,1,0,0,0,0,0,0,1,0,0,1,0,0
33.17,13,0,0,83,2,56,0,0.3996385494019452,11.056666666666667,0,0,0,0,0,0,0,0,1,1,0,0,0,0
490.38,15,0,0,47,3,30,0,10.43361679928475,122.595,0,0,0,0,0,0,0,0,1,1,0,0,0,0
499.83,21,0,0,32,3,63,0,15.619687011884782,124.9575,0,0,0,1,0,0,0,0,1,0,1,0,0,0
61.58,8,0,1,25,0,39,0,2.4631999014720036,61.58,1,1,0,1,1,0,0,0,0,0,0,1,0,0
208.52,13,0,0,27,2,47,0,7.722962676927309,69.50666666666667,0,0,0,1,1,0,0,0,0,1,0,0,0,0
95.27,19,0,0,41,3,26,0,2.323658479910769,23.8175,0,0,0,0,0,1,0,0,0,0,1,0,0,0
379.46,15,0,0,85,0,59,0,4.464235241597232,379.46,0,0,0,0,0,1,0,0,0,1,0,0,0,0
388.49,7,0,0,53,2,46,0,7.329999861698116,129.49666666666667,0,0,0,0,0,1,0,0,0,0,0,1,0,0
204.93,14,0,0,62,2,60,0,3.305322527333508,68.31,0,0,0,0,0,1,0,0,0,1,0,0,0,0
36.99,11,0,0,60,3,28,0,0.6164999897250002,9.2475,0,0,0,0,0,0,0,0,1,0,0,1,0,0
56.15,14,1,0,26,0,69,0,2.1596153015532575,56.15,1,1,0,1,0,1,0,0,0,1,0,0,0,0
5.66,14,0,0,71,4,22,0,0.07971830873636185,1.1320000000000001,0,0,0,0,0,0,1,0,0,1,0,0,0,0
84.69,23,0,0,73,3,60,0,1.1601369704090827,21.1725,0,0,0,0,0,0,1,0,0,0,1,0,0,0
7.93,8,1,0,99,1,53,0,0.080101009291909,3.965,1,1,0,0,0,0,0,0,1,0,0,1,0,0
18.5,1,0,0,82,2,64,1,0.22560975334622252,6.166666666666667,0,0,0,0,0,1,0,0,0,0,0,0,1,0
67.22,0,0,0,61,1,30,1,1.101967195049718,33.61,0,0,0,0,0,0,0,0,1,0,0,0,1,0
83.58,23,1,0,63,4,34,0,1.326666645608466,16.716,1,1,0,0,1,0,0,0,0,0,1,0,0,0
21.5,21,0,0,69,0,27,0,0.3115941983826928,21.5,0,0,0,0,0,0,1,0,0,0,1,0,0,0
7.53,10,0,0,66,3,55,0,0.11409090736225899,1.8825,0,0,0,0,0,0,0,0,1,0,0,1,0,0
158.42,0,0,0,38,3,25,1,4.168947258711914,39.605,0,0,0,1,0,0,0,1,0,0,0,0,1,0
326.54,20,0,0,43,4,59,0,7.593953311768528,65.308,0,0,0,0,0,0,0,1,0,0,1,0,0,0
41.09,9,0,0,95,0,57,0,0.4325263112365652,41.09,0,0,0,0,0,0,0,0,1,0,0,1,0,0
359.65,9,0,0,63,3,50,0,5.708730068115395,89.9125,0,0,0,0,0,0,1,0,0,0,0,1,0,0
39.93,22,0,0,53,2,24,0,0.7533962122000715,13.31,0,0,0,0,0,1,0,0,0,0,1,0,0,0
91.14,8,0,0,65,4,30,0,1.402153824582249,18.228,0,0,0,0,1,0,0,0,0,0,0,1,0,0
166.4,4,0,0,55,0,40,1,3.025454490446282,166.4,0,0,0,0,0,0,0,1,0,0,0,0,1,0
435.09,7,0,0,84,0,58,0,5.179642795480443,435.09,0,0,0,0,0,0,0,0,1,0,0,1,0,0
55.92,15,0,0,84,4,26,0,0.6657142777891157,11.184000000000001,0,0,0,0,0,0,0,1,0,1,0,0,0,0
285.76,4,0,0,52,3,22,1,5.495384509704144,71.44,0,0,0,0,0,0,1,0,0,0,0,0,1,0
16.53,10,0,0,78,2,37,0,0.21192307420611445,5.510000000000001,0,0,0,0,0,0,1,0,0,0,0,1,0,0
3.03,5,0,0,54,1,69,1,0.05611111007201648,1.515,0,0,0,0,0,0,1,0,0,0,0,0,1,0
91.35,22,0,0,71,1,50,0,1.286619700188455,45.675,0,0,0,0,0,0,0,1,0,0,1,0,0,0
569.91,10,0,0,91,1,22,0,6.262747183925855,284.955,0,0,1,0,0,1,0,0,0,0,0,1,0,0
29.7,19,0,0,26,3,58,0,1.1423076483727828,7.425,0,0,0,1,0,0,0,0,1,0,1,0,0,0
36.65,14,0,0,42,1,41,0,0.8726190268424041,18.325,0,0,0,0,0,0,0,0,1,1,0,0,0,0
60.92,17,0,0,30,2,24,0,2.03066659897778,20.30666666666667,0,0,0,1,0,0,1,0,0,1,0,0,0,0
42.69,6,0,0,73,1,63,0,0.5847945125370615,21.345,0,0,0,0,0,0,0,0,1,0,0,1,0,0
53.59,16,0,1,67,2,46,0,0.7998507343305862,17.863333333333333,1,1,0,0,0,0,1,0,0,1,0,0,0,0
101.08,6,0,0,28,2,57,0,3.609999871071433,33.693333333333335,0,0,0,1,0,0,0,0,1,0,0,1,0,0
16.8,20,0,0,35,1,35,0,0.4799999862857147,8.4,0,0,0,1,0,0,0,0,1,0,1,0,0,0
191.11,6,0,0,32,1,41,0,5.972187313369147,95.555,0,0,0,1,0,0,0,1,0,0,0,1,0,0
177.95,23,0,0,46,4,35,0,3.8684781767722134,35.589999999999996,0,0,0,0,0,0,0,1,0,0,1,0,0,0
341.45,7,0,0,53,4,56,0,6.442452708632968,68.28999999999999,0,0,0,0,0,0,1,0,0,0,0,1,0,0
71.52,1,1,0,31,3,28,1,2.307096699771074,17.88,1,1,0,1,0,0,0,1,0,0,0,0,1,1
137.96,15,0,0,59,1,38,0,2.338305045113474,68.98,0,0,0,0,1,0,0,0,0,1,0,0,0,0
5.68,15,0,0,69,2,28,0,0.08231883938668348,1.8933333333333333,0,0,0,0,0,0,0,1,0,1,0,0,0,0
638.22,22,0,0,77,2,40,0,8.288571320927646,212.74,0,0,1,0,0,1,0,0,0,0,1,0,0,0
216.09,6,0,0,55,5,63,0,3.9289090194743816,36.015,0,0,0,0,0,0,1,0,0,0,0,1,0,0
69.24,8,0,0,82,0,63,0,0.8443902336049971,69.24,0,0,0,0,0,1,0,0,0,0,0,1,0,0
404.14,21,0,1,26,1,18,0,15.54384555600594,202.07,1,1,0,1,0,1,0,0,0,0,1,0,0,0
219.43,20,0,0,57,0,63,0,3.8496490552693152,219.43,0,0,0,0,0,0,1,0,0,0,1,0,0,0
596.47,17,0,0,58,3,34,0,10.283965339931633,149.1175,0,0,1,0,0,0,1,0,0,1,0,0,0,0
73.18,1,0,0,66,4,62,1,1.108787861988063,14.636000000000001,0,0,0,0,0,0,0,0,1,0,0,0,1,0
128.3,22,0,0,43,0,45,0,2.983720860843701,128.3,0,0,0,0,0,0,0,1,0,0,1,0,0,0
65.36,5,0,0,97,2,54,1,0.6738144260431502,21.786666666666665,0,0,0,0,0,0,0,1,0,0,0,0,1,0
146.22,14,0,0,96,0,62,0,1.5231249841341148,146.22,0,0,0,0,0,0,0,0,1,1,0,0,0,0
6.3,10,0,0,57,1,31,0,0.11052631385041554,3.15,0,0,0,0,0,0,0,0,1,0,0,1,0,0
74.76,8,0,0,74,1,46,0,1.0102702566179695,37.38,0,0,0,0,0,0,0,0,1,0,0,1,0,0
356.51,15,0,0,63,1,35,0,5.658888799065258,178.255,0,0,0,0,1,0,0,0,0,1,0,0,0,0
130.88,18,0,0,85,5,39,0,1.5397646877674742,21.813333333333333,0,0,0,0,1,0,0,0,0,0,1,0,0,0
5.85,3,0,1,60,0,28,1,0.09749999837500002,5.85,1,1,0,0,0,0,1,0,0,0,0,0,1,0
367.11,4,0,0,39,4,40,1,9.413076681715983,73.422,0,0,0,1,0,1,0,0,0,0,0,0,1,0
7.05,11,0,0,83,2,22,0,0.084939758012774,2.35,0,0,0,0,0,0,0,1,0,0,0,1,0,0
61.01,11,0,1,25,3,44,0,2.4403999023840037,15.2525,1,1,0,1,1,0,0,0,0,0,0,1,0,0
4.71,17,0,0,65,1,67,0,0.07246153734674558,2.355,0,0,0,0,0,0,1,0,0,1,0,0,0,0
107.13,4,0,0,53,1,38,1,2.0213207165788543,53.565,0,0,0,0,0,1,0,0,0,0,0,0,1,0
23.05,10,0,0,80,2,23,0,0.2881249963984376,7.683333333333334,0,0,0,0,0,0,0,0,1,0,0,1,0,0
69.42,0,0,0,49,2,59,1,1.4167346649645989,23.14,0,0,0,0,0,1,0,0,0,0,0,0,1,0
30.66,8,0,0,45,2,67,0,0.681333318192593,10.22,0,0,0,0,0,0,1,0,0,0,0,1,0,0
129.91,7,0,0,47,1,67,0,2.7640424943820747,64.955,0,0,0,0,0,0,1,0,0,0,0,1,0,0
44.62,0,0,0,27,2,22,1,1.6525925313854617,14.873333333333333,0,0,0,1,0,0,1,0,0,0,0,0,1,0
66.73,22,0,0,86,4,32,0,0.7759302235356952,13.346,0,0,0,0,0,0,0,1,0,0,1,0,0,0
210.79,12,0,0,84,1,40,0,2.509404732030896,105.395,0,0,0,0,0,0,0,1,0,1,0,0,0,0
203.76,10,0,0,75,1,57,0,2.7167999637760003,101.88,0,0,0,0,0,0,0,0,1,0,0,1,0,0
99.45,12,0,0,78,0,42,0,1.2749999836538464,99.45,0,0,0,0,0,0,0,0,1,1,0,0,0,0
354.22,9,0,0,81,2,60,0,4.373086365764366,118.07333333333334,0,0,0,0,0,0,0,0,1,0,0,1,0,0
148.38,22,0,0,36,1,19,0,4.121666552175929,74.19,0,0,0,1,0,0,1,0,0,0,1,0,0,0
75.54,5,0,0,76,2,65,1,0.9939473553427981,25.180000000000003,0,0,0,0,0,1,0,0,0,0,0,0,1,0
105.19,9,0,0,47,4,60,0,2.2380850587641477,21.038,0,0,0,0,0,0,0,0,1,0,0,1,0,0
212.93,12,0,0,83,3,49,0,2.5654216558382936,53.2325,0,0,0,0,0,0,0,0,1,1,0,0,0,0
28.43,13,0,0,33,1,52,0,0.8615151254086326,14.215,0,0,0,1,0,1,0,0,0,1,0,0,0,0
46.47,0,0,0,87,1,68,1,0.5341379248949664,23.235,0,0,0,0,0,0,0,0,1,0,0,0,1,0
126.37,9,0,0,75,0,46,0,1.684933310867556,126.37,0,0,0,0,0,0,0,1,0,0,0,1,0,0
265.7,7,0,0,29,1,47,0,9.162068649583839,132.85,0,0,0,1,0,0,0,1,0,0,0,1,0,0
129.39,17,0,0,76,0,31,0,1.7024999775986844,129.39,0,0,0,0,0,0,0,1,0,1,0,0,0,0
282.04,22,1,0,83,4,33,0,3.3980722482159975,56.408,1,1,0,0,0,0,0,0,1,0,1,0,0,0
152.59,6,0,0,88,2,39,0,1.7339772530229858,50.86333333333334,0,0,0,0,0,0,1,0,0,0,0,1,0,0
91.8,15,0,0,25,2,36,0,3.6719998531200058,30.599999999999998,0,0,0,1,0,1,0,0,0,1,0,0,0,0
413.48,0,0,0,67,3,47,1,6.1713431914724906,103.37,0,0,0,0,0,0,1,0,0,0,0,0,1,0
246.25,21,0,1,31,1,27,0,7.943548130853286,123.125,1,1,0,1,0,0,1,0,0,0,1,0,0,0
143.54,23,0,0,85,1,26,0,1.6887058624858133,71.77,0,0,0,0,0,0,1,0,0,0,1,0,0,0
198.34,16,0,0,48,2,65,0,4.132083247248266,66.11333333333333,0,0,0,0,0,0,0,0,1,1,0,0,0,0
201.04,6,0,0,51,0,60,0,3.941960707020378,201.04,0,0,0,0,0,0,1,0,0,0,0,1,0,0
154.05,8,0,0,73,3,34,0,2.1102739436948776,38.5125,0,0,0,0,0,0,0,0,1,0,0,1,0,0
344.56,20,0,0,37,3,54,0,9.312432180745077,86.14,0,0,0,1,0,0,0,0,1,0,1,0,0,0
158.01,20,0,0,89,3,43,0,1.7753932384787277,39.5025,0,0,0,0,0,0,1,0,0,0,1,0,0,0
301.7,1,0,0,61,1,41,1,4.945901558263909,150.85,0,0,0,0,0,1,0,0,0,0,0,0,1,0
6.17,8,0,0,44,1,38,0,0.14022726954028933,3.085,0,0,0,0,0,0,0,1,0,0,0,1,0,0
298.47,16,0,0,33,3,55,0,9.04454518046833,74.6175,0,0,0,1,0,1,0,0,0,1,0,0,0,0
0.96,3,1,0,58,1,69,1,0.016551723852556485,0.48,1,1,0,0,0,1,0,0,0,0,0,0,1,0
2.69,11,1,0,68,7,45,0,0.03955882294766437,0.33625,1,1,0,0,0,0,1,0,0,0,0,1,0,0
113.39,7,0,0,54,1,31,0,2.099814775929356,56.695,0,0,0,0,0,0,1,0,0,0,0,1,0,0
476.69,1,0,0,92,1,34,1,5.181412987158555,238.345,0,0,0,0,0,1,0,0,0,0,0,0,1,0
200.27,1,0,0,34,0,50,1,5.89029394440312,200.27,0,0,0,1,1,0,0,0,0,0,0,0,1,0
216.92,14,1,0,52,0,28,0,4.171538381316569,216.92,1,1,0,0,0,1,0,0,0,1,0,0,0,0
146.57,15,0,0,52,1,45,0,2.8186537919489654,73.285,0,0,0,0,0,1,0,0,0,1,0,0,0,0
145.43,6,0,0,54,2,64,0,2.6931480982750355,48.47666666666667,0,0,0,0,0,0,0,0,1,0,0,1,0,0
169.27,5,0,0,79,5,54,1,2.1426582007258457,28.21166666666667,0,0,0,0,1,0,0,0,0,0,0,0,1,0
11.51,15,0,0,99,0,62,0,0.11626262508825631,11.51,0,0,0,0,0,0,0,1,0,1,0,0,0,0
266.51,23,0,0,94,2,44,0,2.835212735795609,88.83666666666666,0,0,0,0,0,1,0,0,0,0,1,0,0,0
132.18,5,0,0,93,1,28,1,1.4212903072979537,66.09,0,0,0,0,0,0,1,0,0,0,0,0,1,0
502.2,15,0,0,41,1,61,0,12.248780189054143,251.1,0,0,1,0,0,0,0,0,1,1,0,0,0,0
104.42,15,0,0,72,0,61,0,1.4502777576350312,104.42,0,0,0,0,0,0,0,0,1,1,0,0,0,0
49.21,0,0,0,95,3,65,1,0.5179999945473684,12.3025,0,0,0,0,0,1,0,0,0,0,0,0,1,0
47.75,9,0,0,46,1,44,0,1.0380434556947076,23.875,0,0,0,0,1,0,0,0,0,0,0,1,0,0
792.0,6,0,0,81,1,43,0,9.777777657064474,396.0,0,0,1,0,0,0,0,0,1,0,0,1,0,0
117.66,20,0,0,96,1,64,0,1.2256249872330731,58.83,0,0,0,0,0,0,1,0,0,0,1,0,0,0
57.64,8,0,0,42,1,59,0,1.3723809197052164,28.82,0,0,0,0,0,1,0,0,0,0,0,1,0,0
76.57,0,0,0,72,3,38,1,1.0634722074517748,19.1425,0,0,0,0,0,0,0,1,0,0,0,0,1,0
157.36,23,0,0,87,1,28,0,1.8087356113938438,78.68,0,0,0,0,0,0,0,1,0,0,1,0,0,0
97.88,23,0,0,40,1,23,0,2.4469999388250017,48.94,0,0,0,0,0,1,0,0,0,0,1,0,0,0
655.56,12,0,0,88,1,66,0,7.4495453698915295,327.78,0,0,1,0,0,0,0,1,0,1,0,0,0,0
254.43,1,0,0,95,1,35,1,2.6782104981241,127.215,0,0,0,0,0,0,1,0,0,0,0,0,1,0
142.59,15,0,0,50,1,47,0,2.8517999429640013,71.295,0,0,0,0,0,1,0,0,0,1,0,0,0,0
26.58,14,0,0,97,0,50,0,0.27402061573174624,26.58,0,0,0,0,1,0,0,0,0,1,0,0,0,0
294.37,0,0,0,48,0,40,1,6.132708205568579,294.37,0,0,0,0,0,0,1,0,0,0,0,0,1,0
404.3,4,0,1,33,1,38,1,12.251514780257128,202.15,1,1,0,1,1,0,0,0,0,0,0,0,1,0
181.88,9,0,1,87,2,25,0,2.090574688614084,60.626666666666665,1,1,0,0,0,0,0,1,0,0,0,1,0,0
100.27,13,0,0,95,0,61,0,1.0554736731002772,100.27,0,0,0,0,0,1,0,0,0,1,0,0,0,0
126.06,10,0,0,41,2,39,0,3.074634071350389,42.02,0,0,0,0,1,0,0,0,0,0,0,1,0,0
359.42,22,0,0,85,2,23,0,4.228470538488582,119.80666666666667,0,0,0,0,0,1,0,0,0,0,1,0,0,0
124.21,5,0,0,84,0,24,1,1.4786904585870184,124.21,0,0,0,0,0,0,0,0,1,0,0,0,1,0
57.88,5,0,0,91,2,24,1,0.6360439490544622,19.293333333333333,0,0,0,0,0,0,1,0,0,0,0,0,1,0
502.06,19,0,0,41,2,33,0,12.245365554991086,167.35333333333332,0,0,1,0,0,0,0,1,0,0,1,0,0,0
102.46,19,0,0,29,2,41,0,3.5331033264447127,34.15333333333333,0,0,0,1,0,0,1,0,0,0,1,0,0,0
89.78,5,0,0,47,0,22,1,1.910212725314623,89.78,0,0,0,0,0,1,0,0,0,0,0,0,1,0
95.22,17,0,0,75,4,55,0,1.2695999830720002,19.044,0,0,0,0,0,0,0,0,1,1,0,0,0,0
339.66,8,0,0,28,1,34,0,12.130713852474505,169.83,0,0,0,1,0,0,1,0,0,0,0,1,0,0
316.89,19,0,0,49,6,50,0,6.467142725160353,45.269999999999996,0,0,0,0,0,0,1,0,0,0,1,0,0,0
18.8,13,0,0,81,2,31,0,0.23209876256668197,6.266666666666667,0,0,0,0,0,0,0,0,1,1,0,0,0,0
195.42,15,0,0,47,2,24,0,4.157872251960165,65.14,0,0,0,0,0,0,0,1,0,1,0,0,0,0
92.91,10,0,0,96,2,49,0,0.9678124899186199,30.97,0,0,0,0,0,1,0,0,0,0,0,1,0,0
208.84,9,0,0,97,6,63,0,2.15298966852588,29.834285714285716,0,0,0,0,0,0,1,0,0,0,0,1,0,0
73.79,16,0,0,52,3,34,0,1.419038434249261,18.4475,0,0,0,0,0,0,0,1,0,1,0,0,0,0
119.82,15,0,0,63,2,63,0,1.9019047317157978,39.94,0,0,0,0,0,0,1,0,0,1,0,0,0,0
228.43,2,0,0,69,1,62,1,3.3105796621655124,114.215,0,0,0,0,0,0,1,0,0,0,0,0,1,0
321.02,5,0,0,83,3,29,1,3.8677107967745687,80.255,0,0,0,0,0,1,0,0,0,0,0,0,1,0
86.67,13,0,0,83,0,23,0,1.0442168548889537,86.67,0,0,0,0,0,1,0,0,0,1,0,0,0,0
293.44,22,0,0,95,1,57,0,3.088842072749031,146.72,0,0,0,0,1,0,0,0,0,0,1,0,0,0
204.35,23,0,0,31,2,60,0,6.591935271227894,68.11666666666666,0,0,0,1,1,0,0,0,0,0,1,0,0,0
540.72,23,0,0,29,4,26,0,18.64551659843046,108.144,0,0,1,1,0,1,0,0,0,0,1,0,0,0
90.73,17,0,0,77,3,46,0,1.1783116730089394,22.6825,0,0,0,0,0,0,1,0,0,1,0,0,0,0
12.95,16,0,0,31,1,62,0,0.41774192200832505,6.475,0,0,0,1,1,0,0,0,0,1,0,0,0,0
212.19,7,0,0,35,2,19,0,6.062571255355107,70.73,0,0,0,1,0,0,0,1,0,0,0,1,0,0
22.51,16,0,0,59,3,66,0,0.3815254172622811,5.6275,0,0,0,0,0,0,0,0,1,1,0,0,0,0
270.84,8,0,0,94,2,25,0,2.8812765650928025,90.27999999999999,0,0,0,0,0,0,1,0,0,0,0,1,0,0
138.83,9,0,0,35,3,21,0,3.96657131524082,34.7075,0,0,0,1,0,0,1,0,0,0,0,1,0,0
299.82,0,0,0,78,4,54,1,3.8438461045660755,59.964,0,0,0,0,0,1,0,0,0,0,0,0,1,0
237.17,8,0,0,33,1,37,0,7.186969479182744,118.585,0,0,0,1,0,0,0,1,0,0,0,1,0,0
71.92,23,0,0,36,0,61,0,1.9977777222839523,71.92,0,0,0,1,0,0,1,0,0,0,1,0,0,0
462.03,10,0,1,88,4,64,0,5.250340849427944,92.40599999999999,1,1,0,0,1,0,0,0,0,0,0,1,0,0
20.33,22,0,0,78,2,65,0,0.26064102229947406,6.776666666666666,0,0,0,0,0,0,0,0,1,0,1,0,0,0
74.17,22,0,0,28,3,53,0,2.648928476823983,18.5425,0,0,0,1,0,0,0,1,0,0,1,0,0,0
66.49,6,0,0,81,4,47,0,0.8208641873967384,13.297999999999998,0,0,0,0,0,0,0,1,0,0,0,1,0,0
507.79,21,0,0,70,4,40,0,7.254142753512247,101.558,0,0,1,0,0,0,0,1,0,0,1,0,0,0
212.34,16,0,0,92,1,40,0,2.3080434531734406,106.17,0,0,0,0,0,0,1,0,0,1,0,0,0,0
92.82,17,0,0,84,0,62,0,1.1049999868452383,92.82,0,0,0,0,0,0,0,1,0,1,0,0,0,0
568.27,1,0,0,29,4,31,1,19.59551656567184,113.654,0,0,1,1,0,0,1,0,0,0,0,0,1,0
17.68,21,0,0,83,1,33,0,0.2130120456263609,8.84,0,0,0,0,0,1,0,0,0,0,1,0,0,0
398.66,3,0,0,30,5,61,1,13.288666223711127,66.44333333333334,0,0,0,1,0,0,0,1,0,0,0,0,1,1
8.11,21,0,0,78,4,58,0,0.10397435764135439,1.6219999999999999,0,0,0,0,0,0,0,0,1,0,1,0,0,0
90.5,0,0,0,39,2,62,1,2.3205127610124934,30.166666666666668,0,0,0,1,1,0,0,0,0,0,0,0,1,0
46.63,11,0,0,73,2,54,0,0.6387671145374368,15.543333333333335,0,0,0,0,0,0,0,1,0,0,0,1,0,0
119.54,17,0,0,92,1,41,0,1.2993478119636108,59.77,0,0,0,0,0,0,0,0,1,1,0,0,0,0
234.31,4,0,0,50,1,63,1,4.686199906276002,117.155,0,0,0,0,0,0,0,0,1,0,0,0,1,0
131.63,20,0,0,35,1,27,0,3.7608570354040847,65.815,0,0,0,1,1,0,0,0,0,0,1,0,0,0
6.73,10,0,0,62,3,29,0,0.1085483853459938,1.6825,0,0,0,0,0,1,0,0,0,0,0,1,0,0
128.81,23,0,0,32,2,56,0,4.025312374208989,42.93666666666667,0,0,0,1,0,0,0,1,0,0,1,0,0,0
261.63,15,0,0,92,5,38,0,2.8438043169151705,43.605,0,0,0,0,0,0,0,0,1,1,0,0,0,0
79.01,1,0,0,99,4,53,1,0.798080800019386,15.802000000000001,0,0,0,0,0,1,0,0,0,0,0,0,1,0
266.72,4,0,0,45,0,38,1,5.9271109793975345,266.72,0,0,0,0,0,0,0,0,1,0,0,0,1,0
15.98,7,0,0,63,2,37,0,0.25365078962459064,5.326666666666667,0,0,0,0,0,0,1,0,0,0,0,1,0,0
186.49,14,0,0,46,1,34,0,4.054130346649341,93.245,0,0,0,0,0,0,0,0,1,1,0,0,0,0
76.98,10,0,0,75,2,24,0,1.026399986314667,25.66,0,0,0,0,0,0,0,0,1,0,0,1,0,0
106.08,8,0,0,35,3,56,0,3.030857056261227,26.52,0,0,0,1,0,0,1,0,0,0,0,1,0,0
246.9,22,0,0,34,0,21,0,7.261764492301045,246.9,0,0,0,1,0,0,1,0,0,0,1,0,0,0
93.88,16,0,0,36,7,27,0,2.607777705339508,11.735,0,0,0,1,0,0,0,0,1,1,0,0,0,0
13.85,23,0,0,36,4,67,0,0.38472221153549413,2.77,0,0,0,1,0,0,0,0,1,0,1,0,0,0
96.46,0,0,1,38,2,60,1,2.5384209858310265,32.15333333333333,1,1,0,1,0,0,1,0,0,0,0,0,1,1
145.23,9,0,0,52,2,30,0,2.792884561675297,48.41,0,0,0,0,0,1,0,0,0,0,0,1,0,0
710.94,20,0,0,28,1,21,0,25.390713378903094,355.47,0,0,1,1,0,1,0,0,0,0,1,0,0,0
375.0,3,0,0,79,2,24,1,4.746835382951451,125.0,0,0,0,0,0,0,1,0,0,0,0,0,1,0
103.36,7,0,0,89,2,56,0,1.1613483015578843,34.45333333333333,0,0,0,0,0,0,0,1,0,0,0,1,0,0
2.0,6,1,0,93,1,63,0,0.02150537611284542,1.0,1,1,0,0,0,1,0,0,0,0,0,1,0,0
156.25,1,0,0,54,1,34,1,2.8935184649348433,78.125,0,0,0,0,1,0,0,0,0,0,0,0,1,0
21.68,5,0,0,40,3,23,1,0.5419999864500004,5.42,0,0,0,0,1,0,0,0,0,0,0,0,1,0
135.39,5,0,1,88,3,27,1,1.5385227097895144,33.8475,1,1,0,0,0,0,1,0,0,0,0,0,1,0
817.59,12,0,0,60,2,27,0,13.626499772891671,272.53000000000003,0,0,1,0,0,0,0,1,0,1,0,0,0,0
93.58,23,0,0,53,1,68,0,1.7656603440441445,46.79,0,0,0,0,0,1,0,0,0,0,1,0,0,0
486.35,3,0,0,58,4,50,1,8.385344683011299,97.27000000000001,0,0,0,0,0,0,0,1,0,0,0,0,1,0
518.08,14,0,0,71,1,38,0,7.296901305677447,259.04,0,0,1,0,0,0,0,1,0,1,0,0,0,0
313.45,17,0,0,97,2,55,0,3.231443265655224,104.48333333333333,0,0,0,0,0,0,0,0,1,1,0,0,0,0
143.28,2,0,0,45,3,44,1,3.1839999292444463,35.82,0,0,0,0,0,1,0,0,0,0,0,0,1,0
441.04,8,0,0,75,1,66,0,5.880533254926224,220.52,0,0,0,0,0,0,0,1,0,0,0,1,0,0
8.99,9,0,0,56,3,39,0,0.16053571141900516,2.2475,0,0,0,0,1,0,0,0,0,0,0,1,0,0
118.45,12,0,0,93,1,36,0,1.27365590028327,59.225,0,0,0,0,0,0,0,0,1,1,0,0,0,0
30.56,7,1,0,78,2,23,0,0.3917948667718607,10.186666666666666,1,1,0,0,0,0,1,0,0,0,0,1,0,0
82.9,19,0,0,37,0,18,0,2.2405404799853925,82.9,0,0,0,1,0,0,0,0,1,0,1,0,0,0
19.09,13,0,0,30,1,50,0,0.6363333121222229,9.545,0,0,0,1,0,0,0,1,0,1,0,0,0,0
70.4,14,0,0,28,1,23,0,2.514285624489799,35.2,0,0,0,1,0,1,0,0,0,1,0,0,0,0
70.88,23,0,0,53,0,33,0,1.3373584653328592,70.88,0,0,0,0,1,0,0,0,0,0,1,0,0,0
60.49,5,0,0,37,3,54,1,1.6348648206793293,15.1225,0,0,0,1,0,0,0,0,1,0,0,0,1,0
201.13,17,0,0,96,2,27,0,2.095104144842665,67.04333333333334,0,0,0,0,0,0,0,1,0,1,0,0,0,0
174.8,5,0,0,64,0,24,1,2.7312499573242195,174.8,0,0,0,0,0,0,0,1,0,0,0,0,1,0
113.82,1,0,0,41,5,42,1,2.776097493265915,18.97,0,0,0,0,0,0,0,1,0,0,0,0,1,0
192.47,4,0,0,91,2,21,1,2.1150549218125834,64.15666666666667,0,0,0,0,0,0,0,0,1,0,0,0,1,0
177.64,2,0,0,70,1,27,1,2.537714249461225,88.82,0,0,0,0,0,0,0,0,1,0,0,0,1,0
114.88,2,0,0,95,2,25,1,1.209263145165651,38.29333333333333,0,0,0,0,0,1,0,0,0,0,0,0,1,0
102.39,20,0,0,42,7,25,0,2.4378570848129266,12.79875,0,0,0,0,0,0,0,0,1,0,1,0,0,0
405.74,8,0,0,84,1,60,0,4.830238037735262,202.87,0,0,0,0,0,1,0,0,0,0,0,1,0,0
298.62,9,0,0,93,2,65,0,3.2109677074089493,99.54,0,0,0,0,0,1,0,0,0,0,0,1,0,0
880.32,23,0,0,32,3,54,0,27.50999914031253,220.08,0,0,1,1,0,1,0,0,0,0,1,0,0,0
224.89,13,1,0,75,3,57,0,2.998533293352889,56.2225,1,1,0,0,0,0,0,0,1,1,0,0,0,0
129.89,18,0,0,48,0,66,0,2.7060416102907996,129.89,0,0,0,0,0,0,0,0,1,0,1,0,0,0
115.7,4,0,1,91,3,25,1,1.2714285574568291,28.925,1,1,0,0,0,0,1,0,0,0,0,0,1,0
249.43,15,0,1,64,1,50,0,3.897343689104005,124.715,1,1,0,0,0,0,0,1,0,1,0,0,0,0
409.84,3,0,0,92,2,43,1,4.4547825602741025,136.61333333333332,0,0,0,0,0,0,0,1,0,0,0,0,1,0
122.13,12,0,0,76,3,42,0,1.606973663066136,30.5325,0,0,0,0,1,0,0,0,0,1,0,0,0,0
42.16,13,0,0,69,1,23,0,0.6110144838983408,21.08,0,0,0,0,0,0,0,0,1,1,0,0,0,0
19.6,8,0,0,90,2,67,0,0.21777777535802473,6.533333333333334,0,0,0,0,0,0,0,1,0,0,0,1,0,0
72.62,14,1,0,98,5,67,0,0.7410204006018327,12.103333333333333,1,1,0,0,0,1,0,0,0,1,0,0,0,0
776.66,3,1,0,32,4,56,1,24.270624241542993,155.332,1,1,1,1,0,0,0,1,0,0,0,0,1,1
93.31,4,0,0,65,0,22,1,1.4355384394532549,93.31,0,0,0,0,0,1,0,0,0,0,0,0,1,0
241.04,17,1,0,70,2,23,0,3.4434285222367356,80.34666666666666,1,1,0,0,0,1,0,0,0,1,0,0,0,0
66.85,1,0,0,90,4,39,1,0.7427777695246914,13.37,0,0,0,0,0,0,0,0,1,0,0,0,1,0
88.99,13,1,0,57,1,67,0,1.561228042785473,44.495,1,1,0,0,0,0,0,1,0,1,0,0,0,0
87.76,13,0,0,78,2,30,0,1.125128190703485,29.253333333333334,0,0,0,0,0,0,0,0,1,1,0,0,0,0
17.58,11,0,0,96,2,55,0,0.18312499809244792,5.859999999999999,0,0,0,0,0,1,0,0,0,0,0,1,0,0
25.99,1,0,0,70,4,65,1,0.3712857089816327,5.1979999999999995,0,0,0,0,0,0,1,0,0,0,0,0,1,0
86.37,5,0,1,28,3,60,1,3.0846427469770448,21.5925,1,1,0,1,0,1,0,0,0,0,0,0,1,0
60.3,7,0,0,88,2,45,0,0.6852272649405993,20.099999999999998,0,0,0,0,0,0,0,0,1,0,0,1,0,0
25.0,18,0,0,78,2,41,0,0.32051281640368184,8.333333333333334,0,0,0,0,0,0,0,1,0,0,1,0,0,0
442.24,8,0,0,67,2,40,0,6.6005969164090015,147.41333333333333,0,0,0,0,0,0,0,1,0,0,0,1,0,0
40.3,20,0,0,59,3,60,0,0.6830508358804943,10.075,0,0,0,0,0,0,0,0,1,0,1,0,0,0
177.85,9,0,0,25,2,64,0,7.113999715440011,59.28333333333333,0,0,0,1,1,0,0,0,0,0,0,1,0,0
389.68,1,0,0,76,3,29,1,5.127368353587259,97.42,0,0,0,0,1,0,0,0,0,0,0,0,1,0
19.81,3,0,0,29,1,42,1,0.6831034247205715,9.905,0,0,0,1,0,0,0,0,1,0,0,0,1,0
190.14,22,0,0,97,1,36,0,1.9602061653586993,95.07,0,0,0,0,0,0,1,0,0,0,1,0,0,0
201.76,10,0,1,70,1,60,0,2.8822856731102044,100.88,1,1,0,0,0,0,0,0,1,0,0,1,0,0
324.66,8,0,0,69,1,57,0,4.705217323112793,162.33,0,0,0,0,0,0,1,0,0,0,0,1,0,0
516.59,10,0,0,32,3,37,0,16.143436995517597,129.1475,0,0,1,1,0,0,0,1,0,0,0,1,0,0
39.88,19,0,0,29,1,29,0,1.3751723663733668,19.94,0,0,0,1,1,0,0,0,0,0,1,0,0,0
389.33,3,0,0,54,1,25,1,7.209814681299728,194.665,0,0,0,0,0,0,0,0,1,0,0,0,1,0
89.49,19,0,0,56,1,28,0,1.5980356857493627,44.745,0,0,0,0,0,1,0,0,0,0,1,0,0,0
173.29,0,0,0,53,4,52,1,3.2696225798184417,34.658,0,0,0,0,0,0,1,0,0,0,0,0,1,0
1390.24,1,0,0,43,1,61,1,32.331162038810184,695.12,0,0,1,0,1,0,0,0,0,0,0,0,1,0
3.66,6,0,0,93,3,49,0,0.03935483828650712,0.915,0,0,0,0,1,0,0,0,0,0,0,1,0,0
152.7,16,0,0,99,0,36,0,1.5424242268441997,152.7,0,0,0,0,0,1,0,0,0,1,0,0,0,0
69.31,22,0,0,25,0,53,0,2.7723998891040043,69.31,0,0,0,1,0,0,0,1,0,0,1,0,0,0
405.37,16,1,0,49,1,21,0,8.272856974023327,202.685,1,1,0,0,0,0,0,1,0,1,0,0,0,0
3.01,16,0,0,72,0,55,0,0.041805554974922846,3.01,0,0,0,0,0,0,1,0,0,1,0,0,0,0
188.95,1,0,0,98,3,19,1,1.928061204815702,47.2375,0,0,0,0,0,0,0,1,0,0,0,0,1,0
107.3,8,0,0,32,2,45,0,3.3531248952148474,35.766666666666666,0,0,0,1,1,0,0,0,0,0,0,1,0,0
495.23,14,0,0,50,0,59,0,9.904599801908004,495.23,0,0,0,0,0,0,0,1,0,1,0,0,0,0
121.88,18,0,0,96,4,53,0,1.2695833201085072,24.375999999999998,0,0,0,0,0,0,1,0,0,0,1,0,0,0
775.84,7,0,0,95,1,26,0,8.166736756139613,387.92,0,0,1,0,0,0,1,0,0,0,0,1,0,0
173.28,2,0,0,87,1,21,1,1.991724115037654,86.64,0,0,0,0,0,1,0,0,0,0,0,0,1,0
10.16,15,0,0,33,1,31,0,0.30787877854912793,5.08,0,0,0,1,0,0,1,0,0,1,0,0,0,0
46.34,18,0,0,28,2,40,0,1.6549999408928593,15.446666666666667,0,0,0,1,0,0,0,0,1,0,1,0,0,0
18.85,11,0,1,49,0,39,0,0.38469386970012515,18.85,1,1,0,0,0,0,1,0,0,0,0,1,0,0
192.62,1,0,0,48,2,69,1,4.012916583064238,64.20666666666666,0,0,0,0,0,0,1,0,0,0,0,0,1,0
70.19,5,0,0,40,2,40,1,1.7547499561312512,23.396666666666665,0,0,0,0,0,0,0,1,0,0,0,0,1,0
1.37,6,0,0,30,0,22,0,0.0456666651444445,1.37,0,0,0,1,0,0,0,1,0,0,0,1,0,0
229.71,20,1,0,83,2,25,0,2.7675903281013214,76.57000000000001,1,1,0,0,0,0,1,0,0,0,1,0,0,0
404.15,2,0,0,61,6,46,1,6.6254097274523,57.73571428571428,0,0,0,0,0,0,1,0,0,0,0,0,1,0
24.67,23,0,0,78,0,67,0,0.31628204722715325,24.67,0,0,0,0,1,0,0,0,0,0,1,0,0,0
36.98,18,0,0,34,5,37,0,1.087647026833911,6.163333333333333,0,0,0,1,0,0,1,0,0,0,1,0,0,0
296.9,9,0,0,61,0,35,0,4.86721303496372,296.9,0,0,0,0,0,1,0,0,0,0,0,1,0,0
299.34,1,0,0,64,1,22,1,4.677187426918946,149.67,0,0,0,0,0,0,0,0,1,0,0,0,1,0
292.86,1,0,0,44,2,69,1,6.655908939638434,97.62,0,0,0,0,0,1,0,0,0,0,0,0,1,0
125.31,3,0,0,95,2,64,1,1.319052617694183,41.77,0,0,0,0,0,1,0,0,0,0,0,0,1,0
488.92,9,0,0,34,1,38,0,14.379999577058838,244.46,0,0,0,1,1,0,0,0,0,0,0,1,0,0
191.76,9,0,0,73,3,59,0,2.6268492790842566,47.94,0,0,0,0,0,0,0,0,1,0,0,1,0,0
12.53,20,0,0,70,1,65,0,0.1789999974428572,6.265,0,0,0,0,0,0,0,1,0,0,1,0,0,0
174.31,0,0,0,46,2,29,1,3.7893477437098317,58.10333333333333,0,0,0,0,1,0,0,0,0,0,0,0,1,0
37.47,0,0,0,25,0,39,1,1.4987999400480023,37.47,0,0,0,1,0,0,0,1,0,0,0,0,1,0
27.96,0,0,0,70,1,60,1,0.3994285657224491,13.98,0,0,0,0,0,0,1,0,0,0,0,0,1,0
3.98,3,0,0,60,1,57,1,0.0663333322277778,1.99,0,0,0,0,1,0,0,0,0,0,0,0,1,0
318.31,22,0,0,99,5,64,0,3.2152524927752273,53.05166666666667,0,0,0,0,0,0,0,1,0,0,1,0,0,0
595.19,14,0,0,38,7,68,0,15.662894324660678,74.39875,0,0,1,1,0,0,0,0,1,1,0,0,0,0
114.54,5,0,0,61,2,37,1,1.8777048872507398,38.18,0,0,0,0,0,0,1,0,0,0,0,0,1,0
355.77,16,0,0,53,1,46,0,6.712641382780351,177.885,0,0,0,0,0,0,0,0,1,1,0,0,0,0
53.62,18,0,0,48,4,39,0,1.1170833100607644,10.724,0,0,0,0,1,0,0,0,0,0,1,0,0,0
12.95,2,0,1,79,1,59,1,0.16392404855792342,6.475,1,1,0,0,0,0,1,0,0,0,0,0,1,0
330.85,14,0,0,56,2,32,0,5.908035608785079,110.28333333333335,0,0,0,0,0,1,0,0,0,1,0,0,0,0
93.93,1,0,1,27,3,69,1,3.478888760041157,23.4825,1,1,0,1,0,0,0,0,1,0,0,0,1,1
236.68,18,0,0,89,5,28,0,2.659325812816564,39.446666666666665,0,0,0,0,0,1,0,0,0,0,1,0,0,0
49.75,0,0,0,41,2,44,1,1.2134146045508634,16.583333333333332,0,0,0,0,0,0,0,0,1,0,0,0,1,0
89.9,16,0,0,36,3,51,0,2.4972221528549405,22.475,0,0,0,1,0,0,0,0,1,1,0,0,0,0
335.96,17,0,1,78,1,20,0,4.307179431959238,167.98,1,1,0,0,1,0,0,0,0,1,0,0,0,0
250.1,8,0,0,48,2,48,0,5.2104165581163215,83.36666666666666,0,0,0,0,1,0,0,0,0,0,0,1,0,0
284.55,15,0,0,69,3,51,0,4.123912983711406,71.1375,0,0,0,0,0,1,0,0,0,1,0,0,0,0
69.53,5,0,0,78,1,32,1,0.89141024498192,34.765,0,0,0,0,0,0,1,0,0,0,0,0,1,0
152.29,4,1,0,99,1,35,1,1.538282812744618,76.145,1,1,0,0,0,0,0,1,0,0,0,0,1,0
319.22,18,0,0,60,4,29,0,5.320333244661113,63.84400000000001,0,0,0,0,0,1,0,0,0,0,1,0,0,0
222.61,20,0,0,95,5,33,0,2.343263133228809,37.10166666666667,0,0,0,0,1,0,0,0,0,0,1,0,0,0
62.87,17,0,0,25,1,61,0,2.5147998994080036,31.435,0,0,0,1,1,0,0,0,0,1,0,0,0,0
299.58,21,0,0,55,3,51,0,5.446908991874382,74.895,0,0,0,0,0,1,0,0,0,0,1,0,0,0
47.68,1,0,0,80,3,52,1,0.5959999925500001,11.92,0,0,0,0,0,0,0,0,1,0,0,0,1,0
253.57,21,0,1,38,2,25,0,6.672894561239617,84.52333333333333,1,1,0,1,0,0,0,0,1,0,1,0,0,0
118.15,19,0,1,75,3,59,0,1.5753333123288893,29.5375,1,1,0,0,0,0,1,0,0,0,1,0,0,0
213.07,20,0,0,86,0,51,0,2.4775581107260685,213.07,0,0,0,0,0,0,0,0,1,0,1,0,0,0
334.83,16,0,0,70,1,37,0,4.783285645953062,167.415,0,0,0,0,0,1,0,0,0,1,0,0,0,0
12.38,12,0,0,49,2,32,0,0.252653056068305,4.126666666666667,0,0,0,0,1,0,0,0,0,1,0,0,0,0
59.62,0,1,0,57,3,25,1,1.0459648939304405,14.905,1,1,0,0,0,0,1,0,0,0,0,0,1,0
210.32,6,0,0,40,1,59,0,5.257999868550003,105.16,0,0,0,0,0,0,0,0,1,0,0,1,0,0
74.4,0,1,0,36,1,57,1,2.0666666092592614,37.2,1,1,0,1,0,0,0,1,0,0,0,0,1,1
200.25,1,1,0,63,2,55,1,3.1785713781179146,66.75,1,1,0,0,0,0,0,0,1,0,0,0,1,0
401.12,14,0,0,32,1,29,0,12.534999608281263,200.56,0,0,0,1,0,1,0,0,0,1,0,0,0,0
342.18,13,0,0,46,5,54,0,7.438695490463142,57.03,0,0,0,0,1,0,0,0,0,1,0,0,0,0
198.12,10,0,0,60,1,41,0,3.301999944966668,99.06,0,0,0,0,0,0,1,0,0,0,0,1,0,0
20.56,16,0,0,78,1,47,0,0.26358974021038795,10.28,0,0,0,0,0,1,0,0,0,1,0,0,0,0
103.65,15,1,0,72,0,60,0,1.4395833133391207,103.65,1,1,0,0,1,0,0,0,0,1,0,0,0,0
18.27,19,0,0,86,0,63,0,0.21244185799486212,18.27,0,0,0,0,0,0,0,0,1,0,1,0,0,0
76.4,17,0,0,60,1,33,0,1.2733333121111117,38.2,0,0,0,0,0,1,0,0,0,1,0,0,0,0
223.89,17,0,0,58,2,63,0,3.8601723472384077,74.63,0,0,0,0,0,0,0,0,1,1,0,0,0,0
115.91,19,0,0,31,2,45,0,3.739032137450576,38.63666666666666,0,0,0,1,0,0,0,1,0,0,1,0,0,0
120.35,22,0,0,85,2,56,0,1.4158823362837372,40.11666666666667,0,0,0,0,1,0,0,0,0,0,1,0,0,0
157.75,7,1,0,45,6,62,0,3.505555477654323,22.535714285714285,1,1,0,0,1,0,0,0,0,0,0,1,0,0
68.16,17,0,0,32,1,28,0,2.129999933437502,34.08,0,0,0,1,0,0,0,1,0,1,0,0,0,0
88.77,13,0,0,49,2,34,0,1.8116326160891303,29.59,0,0,0,0,0,0,1,0,0,1,0,0,0,0
42.24,18,0,0,98,1,69,0,0.4310204037650979,21.12,0,0,0,0,0,1,0,0,0,0,1,0,0,0
88.42,3,0,0,81,6,45,1,1.091604924795001,12.631428571428572,0,0,0,0,1,0,0,0,0,0,0,0,1,0
25.01,22,0,0,96,3,57,0,0.2605208306195747,6.2525,0,0,0,0,1,0,0,0,0,0,1,0,0,0
283.11,3,1,0,86,0,58,1,3.291976705907248,283.11,1,1,0,0,1,0,0,0,0,0,0,0,1,0
15.82,21,0,1,34,5,23,0,0.46529410396193815,2.6366666666666667,1,1,0,1,0,0,1,0,0,0,1,0,0,1
226.01,3,0,0,75,3,37,1,3.0134666264871117,56.5025,0,0,0,0,0,0,0,1,0,0,0,0,1,0
136.91,12,0,0,41,2,51,0,3.3392682112373606,45.63666666666666,0,0,0,0,1,0,0,0,0,1,0,0,0,0
109.08,19,0,0,69,1,53,0,1.5808695423062384,54.54,0,0,0,0,1,0,0,0,0,0,1,0,0,0
23.61,21,0,0,33,4,39,0,0.7154545237741053,4.7219999999999995,0,0,0,1,0,0,0,0,1,0,1,0,0,0
53.78,21,1,0,65,6,47,0,0.8273846026556215,7.682857142857143,1,1,0,0,1,0,0,0,0,0,1,0,0,0
258.53,1,0,0,62,0,50,1,4.169838642421957,258.53,0,0,0,0,0,1,0,0,0,0,0,0,1,0
62.19,10,0,0,64,2,30,0,0.9717187348168947,20.73,0,0,0,0,0,0,0,1,0,0,0,1,0,0
139.04,12,0,0,81,1,38,0,1.716543188684652,69.52,0,0,0,0,0,0,1,0,0,1,0,0,0,0
977.98,18,0,0,65,2,22,0,15.045845922371601,325.99333333333334,0,0,1,0,1,0,0,0,0,0,1,0,0,0
188.33,5,0,0,49,1,29,1,3.843469309316953,94.165,0,0,0,0,0,0,0,0,1,0,0,0,1,0
473.08,13,0,0,72,1,35,0,6.570555464297841,236.54,0,0,0,0,1,0,0,0,0,1,0,0,0,0
60.41,13,0,0,45,3,68,0,1.3424444146123464,15.1025,0,0,0,0,0,0,0,1,0,1,0,0,0,0
73.36,19,0,0,76,2,66,0,0.965263145193906,24.453333333333333,0,0,0,0,0,0,0,0,1,0,1,0,0,0
131.04,9,0,0,48,2,36,0,2.729999943125001,43.68,0,0,0,0,1,0,0,0,0,0,0,1,0,0
426.09,17,0,0,63,3,60,0,6.763333225978838,106.5225,0,0,0,0,0,0,0,1,0,1,0,0,0,0
34.82,1,0,0,89,0,42,1,0.3912359506602702,34.82,0,0,0,0,0,1,0,0,0,0,0,0,1,0
105.63,4,0,0,93,4,24,1,1.1358064393999308,21.125999999999998,0,0,0,0,0,1,0,0,0,0,0,0,1,0
175.44,14,0,0,95,1,38,0,1.8467368226659282,87.72,0,0,0,0,0,0,1,0,0,1,0,0,0,0
671.45,9,0,1,39,1,61,0,17.21666622521369,335.725,1,1,1,1,1,0,0,0,0,0,0,1,0,0
206.96,6,0,0,87,1,66,0,2.378850547369534,103.48,0,0,0,0,0,1,0,0,0,0,0,1,0,0
24.62,4,0,1,62,2,31,1,0.39709676778876185,8.206666666666667,1,1,0,0,0,0,1,0,0,0,0,0,1,0
178.1,16,0,0,49,2,33,0,3.634693803373596,59.36666666666667,0,0,0,0,0,1,0,0,0,1,0,0,0,0
35.98,13,0,0,45,2,43,0,0.7995555377876546,11.993333333333332,0,0,0,0,0,0,1,0,0,1,0,0,0,0
187.08,14,0,1,41,2,44,0,4.562926717977398,62.36000000000001,1,1,0,0,0,1,0,0,0,1,0,0,0,0
81.05,12,1,0,83,3,29,0,0.9765060123312529,20.2625,1,1,0,0,1,0,0,0,0,1,0,0,0,0
582.79,17,0,0,62,0,23,0,9.39983855806712,582.79,0,0,1,0,0,0,0,0,1,1,0,0,0,0
28.04,4,0,0,27,1,50,1,1.038518480054871,14.02,0,0,0,1,0,0,1,0,0,0,0,0,1,0
168.83,13,0,0,77,0,63,0,2.192597374122112,168.83,0,0,0,0,0,0,0,1,0,1,0,0,0,0
455.07,21,0,0,53,1,35,0,8.586226253090071,227.535,0,0,0,0,0,0,1,0,0,0,1,0,0,0
215.65,11,0,0,98,2,69,0,2.2005101816274473,71.88333333333334,0,0,0,0,1,0,0,0,0,0,0,1,0,0
30.48,14,0,1,38,4,46,0,0.8021052420498621,6.096,1,1,0,1,1,0,0,0,0,1,0,0,0,0
95.29,14,0,0,43,4,39,0,2.216046460091943,19.058,0,0,0,0,0,0,0,1,0,1,0,0,0,0
30.69,12,0,0,39,2,20,0,0.7869230567455627,10.23,0,0,0,1,0,1,0,0,0,1,0,0,0,0
78.84,4,0,1,44,4,45,1,1.7918181410950424,15.768,1,1,0,0,0,0,0,1,0,0,0,0,1,0
12.61,3,0,0,32,2,28,1,0.39406248768554725,4.203333333333333,0,0,0,1,0,0,1,0,0,0,0,0,1,0
242.8,8,0,0,69,1,21,0,3.5188405287124565,121.4,0,0,0,0,0,0,0,0,1,0,0,1,0,0
61.13,20,0,1,47,1,42,0,1.3006382701991859,30.565,1,1,0,0,0,0,0,1,0,0,1,0,0,0
16.17,7,0,0,94,2,26,0,0.17202127476573115,5.390000000000001,0,0,0,0,0,0,0,0,1,0,0,1,0,0
159.7,6,0,0,66,4,63,0,2.4196969330348947,31.939999999999998,0,0,0,0,0,0,1,0,0,0,0,1,0,0
58.48,1,0,0,97,5,50,1,0.6028865917228187,9.746666666666666,0,0,0,0,1,0,0,0,0,0,0,0,1,0
125.54,10,1,1,40,1,48,0,3.1384999215375022,62.77,1,2,0,0,0,1,0,0,0,0,0,1,0,0
314.05,8,0,0,61,2,21,0,5.148360571338352,104.68333333333334,0,0,0,0,1,0,0,0,0,0,0,1,0,0
431.28,10,0,0,78,4,25,0,5.529230698343196,86.256,0,0,0,0,0,1,0,0,0,0,0,1,0,0
49.16,15,1,0,71,0,51,0,0.6923943564451499,49.16,1,1,0,0,0,0,0,1,0,1,0,0,0,0
113.53,11,1,0,93,1,63,0,1.2207526750456703,56.765,1,1,0,0,0,0,0,0,1,0,0,1,0,0
100.61,17,0,1,91,3,34,0,1.105604383454897,25.1525,1,1,0,0,0,0,0,0,1,1,0,0,0,0
29.02,18,0,0,83,2,67,0,0.34963855000435484,9.673333333333334,0,0,0,0,0,0,0,1,0,0,1,0,0,0
307.73,16,0,0,93,4,33,0,3.3089246956029608,61.54600000000001,0,0,0,0,0,1,0,0,0,1,0,0,0,0
64.53,12,0,0,89,1,61,0,0.7250561716285824,32.265,0,0,0,0,0,0,0,1,0,1,0,0,0,0
2.07,19,0,0,43,1,22,0,0.04813953376419689,1.035,0,0,0,0,1,0,0,0,0,0,1,0,0,0
83.81,10,0,0,72,4,33,0,1.1640277616107255,16.762,0,0,0,0,0,0,0,1,0,0,0,1,0,0
36.67,8,1,0,46,1,67,0,0.7971738957136111,18.335,1,1,0,0,0,1,0,0,0,0,0,1,0,0
88.16,9,0,0,28,2,21,0,3.1485713161224527,29.386666666666667,0,0,0,1,0,1,0,0,0,0,0,1,0,0
116.33,11,0,0,95,0,58,0,1.224526302899723,116.33,0,0,0,0,0,0,0,1,0,0,0,1,0,0
483.23,17,0,0,47,3,58,0,10.28148914294704,120.8075,0,0,0,0,0,1,0,0,0,1,0,0,0,0
39.86,9,0,1,50,3,38,0,0.7971999840560003,9.965,1,1,0,0,0,1,0,0,0,0,0,1,0,0
681.24,22,0,0,49,2,36,0,13.902856859125372,227.08,0,0,1,0,0,0,0,1,0,0,1,0,0,0
331.91,14,0,0,82,1,45,0,4.047682877467283,165.955,0,0,0,0,1,0,0,0,0,1,0,0,0,0
97.43,11,0,0,98,1,46,0,0.9941836633246566,48.715,0,0,0,0,0,0,0,0,1,0,0,1,0,0
17.39,22,0,0,93,1,67,0,0.18698924530119093,8.695,0,0,0,0,0,0,0,1,0,0,1,0,0,0
44.58,15,0,0,70,2,40,0,0.6368571337591838,14.86,0,0,0,0,0,0,1,0,0,1,0,0,0,0
394.72,18,0,0,85,1,61,0,4.643764651249828,197.36,0,0,0,0,0,0,0,0,1,0,1,0,0,0
356.09,20,0,1,54,0,20,0,6.594259137143349,356.09,1,1,0,0,1,0,0,0,0,0,1,0,0,0
429.99,3,0,0,25,2,44,1,17.199599312016026,143.33,0,0,0,1,0,1,0,0,0,0,0,0,1,0
162.73,10,0,0,90,0,47,0,1.8081110910209879,162.73,0,0,0,0,0,0,0,1,0,0,0,1,0,0
525.28,9,0,0,45,1,59,0,11.672888629491364,262.64,0,0,1,0,1,0,0,0,0,0,0,1,0,0
86.2,8,0,0,60,2,54,0,1.4366666427222228,28.733333333333334,0,0,0,0,0,0,0,0,1,0,0,1,0,0
227.9,16,0,0,53,2,63,0,4.299999918867926,75.96666666666667,0,0,0,0,0,0,1,0,0,1,0,0,0,0
114.38,20,1,0,87,1,57,0,1.3147126285665216,57.19,1,1,0,0,1,0,0,0,0,0,1,0,0,0
168.67,14,0,0,84,1,62,0,2.007976166571712,84.335,0,0,0,0,0,0,0,0,1,1,0,0,0,0
121.36,9,1,0,49,2,51,0,2.4767346433319464,40.45333333333333,1,1,0,0,0,1,0,0,0,0,0,1,0,0
192.29,19,0,0,42,2,56,0,4.5783332243254,64.09666666666666,0,0,0,0,0,0,0,0,1,0,1,0,0,0
75.3,11,0,0,60,5,65,0,1.2549999790833337,12.549999999999999,0,0,0,0,0,0,1,0,0,0,0,1,0,0
1.73,23,0,0,83,2,67,0,0.020843373242850925,0.5766666666666667,0,0,0,0,0,0,0,0,1,0,1,0,0,0
603.51,10,0,0,33,6,25,0,18.28818126399451,86.21571428571428,0,0,1,1,0,0,0,0,1,0,0,1,0,0
195.41,9,0,0,42,0,45,0,4.652618936842407,195.41,0,0,0,0,0,0,0,0,1,0,0,1,0,0
200.86,9,1,1,89,2,29,0,2.2568539072263607,66.95333333333333,1,2,0,0,0,0,1,0,0,0,0,1,0,0
71.6,14,0,0,38,1,69,0,1.8842104767313033,35.8,0,0,0,1,0,0,1,0,0,1,0,0,0,0
217.62,4,0,0,81,2,37,1,2.6866666334979428,72.54,0,0,0,0,0,1,0,0,0,0,0,0,1,0
197.89,5,1,0,82,0,43,1,2.413292653496431,197.89,1,1,0,0,0,0,0,0,1,0,0,0,1,0
65.6,5,0,0,54,2,22,1,1.2148147923182446,21.866666666666664,0,0,0,0,0,0,0,1,0,0,0,0,1,0
16.76,20,0,0,83,3,37,0,0.20192770841050955,4.19,0,0,0,0,1,0,0,0,0,0,1,0,0,0
217.4,16,0,0,61,3,44,0,3.5639343678043547,54.35,0,0,0,0,0,0,0,1,0,1,0,0,0,0
184.69,6,0,1,93,2,35,0,1.98591395714071,61.56333333333333,1,1,0,0,0,0,1,0,0,0,0,1,0,0
58.34,12,0,0,45,2,22,0,1.2964444156345687,19.44666666666667,0,0,0,0,0,0,0,1,0,1,0,0,0,0
276.0,16,0,0,95,1,36,0,2.90526312731302,138.0,0,0,0,0,0,0,0,1,0,1,0,0,0,0
304.76,7,0,0,37,2,57,0,8.236756534141715,101.58666666666666,0,0,0,1,0,0,1,0,0,0,0,1,0,0
175.38,16,0,0,72,2,44,0,2.435833299502315,58.46,0,0,0,0,0,0,1,0,0,1,0,0,0,0
16.09,16,1,0,45,1,35,0,0.35755554760987673,8.045,1,1,0,0,1,0,0,0,0,1,0,0,0,0
142.5,5,0,0,77,3,46,1,1.850649326614944,35.625,0,0,0,0,0,0,0,0,1,0,0,0,1,0
30.85,16,0,1,25,2,21,0,1.233999950640002,10.283333333333333,1,1,0,1,0,0,1,0,0,1,0,0,0,0
136.46,21,0,0,37,1,19,0,3.6881080084295137,68.23,0,0,0,1,0,0,1,0,0,0,1,0,0,0
503.64,11,0,0,72,1,27,0,6.994999902847224,251.82,0,0,1,0,1,0,0,0,0,0,0,1,0,0
203.72,16,0,0,32,2,63,0,6.366249801054694,67.90666666666667,0,0,0,1,1,0,0,0,0,1,0,0,0,0
318.49,7,0,0,82,5,68,0,3.884024342877752,53.08166666666667,0,0,0,0,0,0,0,1,0,0,0,1,0,0
193.88,20,0,0,47,0,19,0,4.125106295210505,193.88,0,0,0,0,0,0,0,1,0,0,1,0,0,0
22.49,4,0,0,49,3,65,1,0.4589795824698044,5.6225,0,0,0,0,0,0,1,0,0,0,0,0,1,0
22.96,5,0,1,88,1,36,1,0.2609090879442149,11.48,1,1,0,0,0,0,1,0,0,0,0,0,1,0
384.2,18,0,0,86,2,60,0,4.467441808518118,128.06666666666666,0,0,0,0,0,1,0,0,0,0,1,0,0,0
23.21,20,0,0,89,1,64,0,0.2607865139237471,11.605,0,0,0,0,0,0,0,1,0,0,1,0,0,0
452.23,2,0,0,70,3,60,1,6.460428479136737,113.0575,0,0,0,0,0,0,0,1,0,0,0,0,1,0
47.83,13,0,0,68,0,18,0,0.7033823425973185,47.83,0,0,0,0,0,0,0,0,1,1,0,0,0,0
115.82,22,1,0,36,3,23,0,3.217222132854941,28.955,1,1,0,1,0,0,0,1,0,0,1,0,0,0
45.72,21,1,0,81,1,49,0,0.5644444374759946,22.86,1,1,0,0,0,0,0,0,1,0,1,0,0,0
516.27,7,0,0,70,4,45,0,7.375285608924491,103.25399999999999,0,0,1,0,1,0,0,0,0,0,0,1,0,0
131.04,11,0,0,82,0,51,0,1.5980487609994054,131.04,0,0,0,0,1,0,0,0,0,0,0,1,0,0
141.45,16,0,0,79,3,57,0,1.7905063064492872,35.3625,0,0,0,0,1,0,0,0,0,1,0,0,0,0
10.41,3,0,0,66,0,42,1,0.1577272703374656,10.41,0,0,0,0,1,0,0,0,0,0,0,0,1,0
126.55,7,0,0,58,3,40,0,2.1818965141052327,31.6375,0,0,0,0,1,0,0,0,0,0,0,1,0,0
222.4,2,0,0,29,4,30,1,7.668965252794302,44.480000000000004,0,0,0,1,0,1,0,0,0,0,0,0,1,0
21.46,12,0,0,51,3,43,0,0.4207843054748176,5.365,0,0,0,0,0,0,0,1,0,1,0,0,0,0
60.8,15,1,0,49,3,49,0,1.2408163012078306,15.2,1,1,0,0,0,1,0,0,0,1,0,0,0,0
36.34,11,0,0,50,3,69,0,0.7267999854640004,9.085,0,0,0,0,0,0,0,1,0,0,0,1,0,0
76.79,17,0,0,28,0,42,0,2.742499902053575,76.79,0,0,0,1,0,0,0,1,0,1,0,0,0,0
125.69,10,0,0,46,3,49,0,2.7323912449480163,31.4225,0,0,0,0,0,0,0,1,0,0,0,1,0,0
78.59,21,0,0,84,2,25,0,0.9355952269571998,26.19666666666667,0,0,0,0,1,0,0,0,0,0,1,0,0,0
289.5,7,0,0,80,2,31,0,3.618749954765626,96.5,0,0,0,0,0,0,0,1,0,0,0,1,0,0
122.27,21,0,0,65,1,66,0,1.8810768941372786,61.135,0,0,0,0,0,1,0,0,0,0,1,0,0,0
462.21,16,0,0,75,0,65,0,6.162799917829334,462.21,0,0,0,0,0,1,0,0,0,1,0,0,0,0
280.05,20,0,1,73,1,34,0,3.8363013173109413,140.025,1,1,0,0,0,1,0,0,0,0,1,0,0,0
214.63,23,0,0,87,4,23,0,2.46701146589642,42.926,0,0,0,0,0,0,0,1,0,0,1,0,0,0
2.06,11,0,0,27,1,25,0,0.07629629347050765,1.03,0,0,0,1,1,0,0,0,0,0,0,1,0,0
335.72,4,0,0,25,1,43,1,13.428799462848023,167.86,0,0,0,1,0,0,0,0,1,0,0,0,1,0
98.84,3,0,1,67,3,53,1,1.4752238585787485,24.71,1,1,0,0,0,0,1,0,0,0,0,0,1,0
598.76,17,0,0,34,6,21,0,17.610587717335655,85.53714285714285,0,0,1,1,0,0,0,0,1,1,0,0,0,0
268.22,18,0,0,69,2,53,0,3.8872463204746914,89.40666666666668,0,0,0,0,0,0,1,0,0,0,1,0,0,0
61.35,10,0,0,44,2,48,0,1.394318150129133,20.45,0,0,0,0,1,0,0,0,0,0,0,1,0,0
59.03,20,0,0,64,3,36,0,0.9223437355883792,14.7575,0,0,0,0,0,1,0,0,0,0,1,0,0,0
196.75,16,0,0,93,1,44,0,2.115591375101168,98.375,0,0,0,0,1,0,0,0,0,1,0,0,0,0
253.27,0,0,0,58,3,30,1,4.366724062642689,63.3175,0,0,0,0,0,0,0,1,0,0,0,0,1,0
32.01,8,0,0,68,2,34,0,0.4707352871950693,10.67,0,0,0,0,0,0,0,0,1,0,0,1,0,0
91.5,19,0,0,44,2,58,0,2.0795454072830593,30.5,0,0,0,0,0,0,0,0,1,0,1,0,0,0
13.08,9,0,0,26,2,69,0,0.5030769037278113,4.36,0,0,0,1,0,0,1,0,0,0,0,1,0,0
69.67,2,0,0,83,3,56,1,0.839397580248222,17.4175,0,0,0,0,0,0,1,0,0,0,0,0,1,0
25.98,21,0,0,35,0,45,0,0.7422856930775517,25.98,0,0,0,1,0,1,0,0,0,0,1,0,0,0
288.17,7,0,0,71,0,38,0,4.058732337200953,288.17,0,0,0,0,0,0,0,1,0,0,0,1,0,0
487.67,1,0,0,78,2,35,1,6.252179407023341,162.55666666666667,0,0,0,0,1,0,0,0,0,0,0,0,1,0
119.96,22,1,0,28,3,40,0,4.2842855612755155,29.99,1,1,0,1,0,0,1,0,0,0,1,0,0,0
36.61,15,0,0,31,1,19,0,1.1809677038397515,18.305,0,0,0,1,0,0,0,1,0,1,0,0,0,0
417.95,9,0,0,82,2,61,0,5.096951157354254,139.31666666666666,0,0,0,0,0,0,1,0,0,0,0,1,0,0
109.69,12,0,0,45,1,47,0,2.4375555013876555,54.845,0,0,0,0,0,0,1,0,0,1,0,0,0,0
335.43,20,1,1,29,2,44,0,11.566551325291334,111.81,1,2,0,1,0,0,1,0,0,0,1,0,0,1
332.05,9,0,0,59,3,67,0,5.627966006305662,83.0125,0,0,0,0,1,0,0,0,0,0,0,1,0,0
135.36,5,0,0,58,3,23,1,2.333793063210465,33.84,0,0,0,0,0,0,1,0,0,0,0,0,1,0
397.67,2,0,0,52,2,38,1,7.647499852932696,132.55666666666667,0,0,0,0,0,0,0,1,0,0,0,0,1,0
433.82,7,0,0,35,2,39,0,12.394856788718378,144.60666666666665,0,0,0,1,1,0,0,0,0,0,0,1,0,0
457.6,3,1,0,51,1,24,1,8.972548843675513,228.8,1,1,0,0,0,0,1,0,0,0,0,0,1,0
166.88,7,0,0,45,5,46,0,3.70844436203457,27.813333333333333,0,0,0,0,0,0,0,0,1,0,0,1,0,0
214.38,5,0,0,38,2,59,1,5.6415787989058215,71.46,0,0,0,1,1,0,0,0,0,0,0,0,1,0
318.2,20,0,0,99,3,39,0,3.2141413816753395,79.55,0,0,0,0,0,1,0,0,0,0,1,0,0,0
209.5,16,0,0,84,3,64,0,2.4940475893565766,52.375,0,0,0,0,0,0,0,0,1,1,0,0,0,0
141.14,3,0,0,79,0,58,1,1.7865822558660474,141.14,0,0,0,0,0,0,1,0,0,0,0,0,1,0
193.05,1,0,0,26,1,55,1,7.424999714423088,96.525,0,0,0,1,0,0,1,0,0,0,0,0,1,0
47.07,3,0,0,25,1,36,1,1.882799924688003,23.535,0,0,0,1,0,0,1,0,0,0,0,0,1,0
199.96,14,0,0,36,1,65,0,5.554444290154326,99.98,0,0,0,1,0,0,1,0,0,1,0,0,0,0
120.46,10,0,0,38,1,39,0,3.1699999165789494,60.23,0,0,0,1,0,1,0,0,0,0,0,1,0,0
282.61,8,0,0,73,1,21,0,3.871369809981236,141.305,0,0,0,0,0,0,1,0,0,0,0,1,0,0
52.34,7,1,0,63,0,57,0,0.8307936376064503,52.34,1,1,0,0,1,0,0,0,0,0,0,1,0,0
938.66,17,0,0,87,1,43,0,10.789195278285112,469.33,0,0,1,0,0,0,0,0,1,1,0,0,0,0
55.05,16,0,0,74,1,37,0,0.7439189088659607,27.525,0,0,0,0,1,0,0,0,0,1,0,0,0,0
8.08,8,0,0,38,2,57,0,0.21263157335180072,2.6933333333333334,0,0,0,1,0,0,0,0,1,0,0,1,0,0
630.1,12,0,1,77,2,45,0,8.18311677684264,210.03333333333333,1,1,1,0,0,0,0,0,1,1,0,0,0,0
17.06,16,0,0,70,3,19,0,0.2437142822326531,4.265,0,0,0,0,0,0,0,1,0,1,0,0,0,0
103.1,20,0,0,79,2,28,0,1.3050632746194522,34.36666666666667,0,0,0,0,0,0,1,0,0,0,1,0,0,0
259.36,12,0,0,51,3,56,0,5.08549009636294,64.84,0,0,0,0,0,0,0,0,1,1,0,0,0,0
6.26,23,0,0,33,1,44,0,0.18969696394857685,3.13,0,0,0,1,1,0,0,0,0,0,1,0,0,0
208.01,9,0,0,67,3,43,0,3.104626819333928,52.0025,0,0,0,0,0,0,0,0,1,0,0,1,0,0
30.08,6,0,0,72,1,56,0,0.4177777719753087,15.04,0,0,0,0,0,1,0,0,0,0,0,1,0,0
211.33,2,0,0,40,0,55,1,5.283249867918754,211.33,0,0,0,0,0,1,0,0,0,0,0,0,1,0
133.27,21,1,1,58,1,48,0,2.2977585810731282,66.635,1,2,0,0,0,0,1,0,0,0,1,0,0,0
172.39,14,1,0,77,3,42,0,2.2388311397554395,43.0975,1,1,0,0,0,0,0,1,0,1,0,0,0,0
24.26,19,0,1,52,1,41,0,0.4665384525665683,12.13,1,1,0,0,0,1,0,0,0,0,1,0,0,0
69.12,2,0,0,56,0,56,1,1.2342856922448986,69.12,0,0,0,0,0,0,1,0,0,0,0,0,1,0
40.43,14,0,1,46,0,66,0,0.878913024371456,40.43,1,1,0,0,0,0,0,0,1,1,0,0,0,0
299.04,17,0,0,65,1,18,0,4.600615313836688,149.52,0,0,0,0,0,0,1,0,0,1,0,0,0,0
42.18,21,0,0,70,1,30,0,0.6025714199632655,21.09,0,0,0,0,0,0,0,0,1,0,1,0,0,0
20.05,23,0,1,86,1,40,0,0.23313953217279615,10.025,1,1,0,0,0,1,0,0,0,0,1,0,0,0
606.71,7,0,0,66,5,33,0,9.19257561829431,101.11833333333334,0,0,1,0,0,0,0,0,1,0,0,1,0,0
20.11,6,0,0,90,2,43,0,0.2234444419617284,6.703333333333333,0,0,0,0,0,0,1,0,0,0,0,1,0,0
26.19,1,0,0,26,0,64,1,1.0073076535650902,26.19,0,0,0,1,0,0,1,0,0,0,0,0,1,0
67.64,13,0,1,94,1,64,0,0.7195744604300589,33.82,1,1,0,0,0,1,0,0,0,1,0,0,0,0
49.11,17,0,0,53,1,43,0,0.926603756101816,24.555,0,0,0,0,1,0,0,0,0,1,0,0,0,0
72.08,13,0,0,57,3,19,0,1.2645613813234846,18.02,0,0,0,0,0,1,0,0,0,1,0,0,0,0
53.27,17,0,0,63,3,48,0,0.845555542134039,13.3175,0,0,0,0,0,0,0,1,0,1,0,0,0,0
177.98,20,0,0,65,2,34,0,2.738153804028403,59.32666666666666,0,0,0,0,0,1,0,0,0,0,1,0,0,0
415.84,8,0,1,79,2,45,0,5.263797401724084,138.61333333333332,1,1,0,0,0,0,0,0,1,0,0,1,0,0
171.84,18,0,0,53,2,21,0,3.2422640897686024,57.28,0,0,0,0,1,0,0,0,0,0,1,0,0,0
565.54,8,0,0,78,1,35,0,7.2505127275575285,282.77,0,0,1,0,0,0,1,0,0,0,0,1,0,0
516.78,15,0,0,60,2,38,0,8.612999856450003,172.26,0,0,1,0,0,0,1,0,0,1,0,0,0,0
92.06,20,0,0,70,1,68,0,1.3151428383551025,46.03,0,0,0,0,1,0,0,0,0,0,1,0,0,0
29.98,2,0,0,75,1,20,1,0.39973332800355565,14.99,0,0,0,0,0,0,0,1,0,0,0,0,1,0
262.39,4,0,0,34,1,35,1,7.717352714195509,131.195,0,0,0,1,0,0,1,0,0,0,0,0,1,0
595.88,8,0,0,96,2,23,0,6.207083268676216,198.62666666666667,0,0,1,0,0,1,0,0,0,0,0,1,0,0
69.86,19,0,0,43,2,32,0,1.6246511250081135,23.286666666666665,0,0,0,0,0,0,0,0,1,0,1,0,0,0
111.09,22,0,0,61,3,27,0,1.8211475111287294,27.7725,0,0,0,0,0,0,0,0,1,0,1,0,0,0
155.13,5,0,0,32,3,46,1,4.847812348505864,38.7825,0,0,0,1,1,0,0,0,0,0,0,0,1,0
356.66,18,0,0,60,3,18,0,5.944333234261113,89.165,0,0,0,0,0,1,0,0,0,0,1,0,0,0
451.12,20,0,0,72,1,64,0,6.265555468533952,225.56,0,0,0,0,1,0,0,0,0,0,1,0,0,0
63.7,13,0,0,78,5,57,0,0.8166666561965814,10.616666666666667,0,0,0,0,0,1,0,0,0,1,0,0,0,0
385.43,7,0,0,74,1,41,0,5.208513443128197,192.715,0,0,0,0,0,0,1,0,0,0,0,1,0,0
77.58,9,0,0,69,2,50,0,1.1243478097920607,25.86,0,0,0,0,1,0,0,0,0,0,0,1,0,0
93.9,0,0,0,56,0,21,1,1.676785684343113,93.9,0,0,0,0,0,0,1,0,0,0,0,0,1,0
119.75,10,0,0,67,1,33,0,1.7873134061595015,59.875,0,0,0,0,1,0,0,0,0,0,0,1,0,0
193.92,5,0,0,26,3,68,1,7.458461251597644,48.48,0,0,0,1,0,0,1,0,0,0,0,0,1,0
49.59,8,0,0,79,1,34,0,0.6277215110414999,24.795,0,0,0,0,0,0,0,1,0,0,0,1,0,0
7.37,23,0,0,38,3,42,0,0.19394736331717466,1.8425,0,0,0,1,0,0,0,1,0,0,1,0,0,0
249.28,4,0,0,82,1,23,1,3.0399999629268297,124.64,0,0,0,0,0,0,0,0,1,0,0,0,1,0
83.44,13,0,0,58,1,23,0,1.438620664851368,41.72,0,0,0,0,0,0,0,0,1,1,0,0,0,0
12.15,14,0,0,65,2,18,0,0.18692307404733732,4.05,0,0,0,0,0,0,0,1,0,1,0,0,0,0
244.05,20,0,0,44,2,60,0,5.546590783032028,81.35000000000001,0,0,0,0,0,0,0,0,1,0,1,0,0,0
218.3,10,0,0,48,1,53,0,4.547916571918405,109.15,0,0,0,0,0,0,0,1,0,0,0,1,0,0
98.9,10,1,0,76,2,37,0,1.3013157723511084,32.96666666666667,1,1,0,0,0,0,1,0,0,0,0,1,0,0
251.93,13,0,0,40,2,60,0,6.298249842543754,83.97666666666667,0,0,0,0,1,0,0,0,0,1,0,0,0,0
64.58,15,0,0,53,1,26,0,1.2184905430473483,32.29,0,0,0,0,0,0,0,0,1,1,0,0,0,0
294.86,8,0,0,53,4,53,0,5.563396121445357,58.972,0,0,0,0,0,0,1,0,0,0,0,1,0,0
214.72,12,0,0,47,4,68,0,4.56851054109552,42.944,0,0,0,0,0,1,0,0,0,1,0,0,0,0
53.86,3,0,0,79,2,65,1,0.681772143268707,17.953333333333333,0,0,0,0,0,1,0,0,0,0,0,0,1,0
7.12,5,1,0,87,1,60,1,0.08183907951909104,3.56,1,1,0,0,0,1,0,0,0,0,0,0,1,0
10.77,15,0,0,57,3,23,0,0.18894736510618657,2.6925,0,0,0,0,0,0,0,1,0,1,0,0,0,0
172.57,20,0,0,88,1,56,0,1.9610227049883784,86.285,0,0,0,0,0,0,0,0,1,0,1,0,0,0
36.71,8,0,1,73,1,43,0,0.5028767054400451,18.355,1,1,0,0,0,0,0,1,0,0,0,1,0,0
97.42,0,0,0,78,4,62,1,1.2489743429618674,19.484,0,0,0,0,0,1,0,0,0,0,0,0,1,0
329.2,3,0,0,44,3,52,1,7.481818011776864,82.3,0,0,0,0,0,0,1,0,0,0,0,0,1,0
66.63,3,0,0,28,1,59,1,2.379642772155615,33.315,0,0,0,1,0,0,0,0,1,0,0,0,1,0
8.24,19,0,0,50,2,61,0,0.16479999670400008,2.7466666666666666,0,0,0,0,0,1,0,0,0,0,1,0,0,0
50.2,23,0,0,74,1,33,0,0.6783783692111032,25.1,0,0,0,0,0,0,1,0,0,0,1,0,0,0
9.75,16,1,0,46,4,62,0,0.21195651713138008,1.95,1,1,0,0,1,0,0,0,0,1,0,0,0,0
220.74,2,0,0,47,0,46,1,4.696595644753285,220.74,0,0,0,0,0,0,1,0,0,0,0,0,1,0
101.17,23,0,0,63,2,64,0,1.6058729903829685,33.723333333333336,0,0,0,0,0,0,0,0,1,0,1,0,0,0
292.04,15,0,0,54,4,55,0,5.408148047997259,58.408,0,0,0,0,1,0,0,0,0,1,0,0,0,0
11.15,3,0,0,35,4,59,1,0.31857141946938805,2.23,0,0,0,1,0,0,1,0,0,0,0,0,1,0
153.38,4,0,0,94,3,23,1,1.6317021103010414,38.345,0,0,0,0,0,0,0,1,0,0,0,0,1,0
110.85,11,0,0,98,0,32,0,1.1311224374375262,110.85,0,0,0,0,0,0,0,0,1,0,0,1,0,0
18.53,1,0,0,36,3,57,1,0.5147222079243832,4.6325,0,0,0,1,0,0,0,0,1,0,0,0,1,0
131.88,20,1,0,27,3,67,0,4.884444263539101,32.97,1,1,0,1,0,0,0,0,1,0,1,0,0,0
45.92,20,0,0,40,1,59,0,1.1479999713000009,22.96,0,0,0,0,0,1,0,0,0,0,1,0,0,0
91.49,15,0,0,80,1,33,0,1.1436249857046876,45.745,0,0,0,0,1,0,0,0,0,1,0,0,0,0
6.77,0,0,0,87,2,26,1,0.07781609105958516,2.2566666666666664,0,0,0,0,1,0,0,0,0,0,0,0,1,0
6.73,22,0,0,83,0,30,0,0.08108433637247789,6.73,0,0,0,0,0,0,1,0,0,0,1,0,0,0
7.22,18,0,0,76,5,37,0,0.09499999875000002,1.2033333333333334,0,0,0,0,0,0,1,0,0,0,1,0,0,0
426.44,13,1,0,28,1,31,0,15.229999456071447,213.22,1,1,0,1,1,0,0,0,0,1,0,0,0,0
123.45,0,1,0,27,0,30,1,4.572222052880664,123.45,1,1,0,1,1,0,0,0,0,0,0,0,1,1
134.12,10,0,0,90,3,18,0,1.4902222056641978,33.53,0,0,0,0,1,0,0,0,0,0,0,1,0,0
155.33,8,0,0,56,2,31,0,2.7737499504687513,51.77666666666667,0,0,0,0,0,0,0,0,1,0,0,1,0,0
618.23,1,0,0,78,4,38,1,7.926025539409929,123.646,0,0,1,0,0,1,0,0,0,0,0,0,1,0
388.28,2,0,0,68,3,18,1,5.709999916029413,97.07,0,0,0,0,0,0,0,0,1,0,0,0,1,0
4.3,23,1,0,77,2,36,0,0.05584415511890708,1.4333333333333333,1,1,0,0,0,0,1,0,0,0,1,0,0,0
126.62,23,0,0,40,2,23,0,3.1654999208625023,42.20666666666667,0,0,0,0,0,1,0,0,0,0,1,0,0,0
314.19,12,0,0,98,3,65,0,3.2060203754487717,78.5475,0,0,0,0,1,0,0,0,0,1,0,0,0,0
193.6,4,0,0,90,1,32,1,2.151111087209877,96.8,0,0,0,0,0,0,1,0,0,0,0,0,1,0
65.09,4,0,0,26,1,50,1,2.50346144217456,32.545,0,0,0,1,0,0,0,1,0,0,0,0,1,0
92.77,19,0,0,41,2,68,0,2.262682871641881,30.923333333333332,0,0,0,0,0,1,0,0,0,0,1,0,0,0
15.69,13,0,0,61,2,54,0,0.25721311053749,5.2299999999999995,0,0,0,0,1,0,0,0,0,1,0,0,0,0
305.91,15,0,0,47,4,64,0,6.508723265771846,61.182,0,0,0,0,1,0,0,0,0,1,0,0,0,0
182.11,23,0,0,94,2,41,0,1.9373404049219107,60.70333333333334,0,0,0,0,1,0,0,0,0,0,1,0,0,0
25.85,18,0,0,38,3,69,0,0.6802631399930753,6.4625,0,0,0,1,0,0,0,0,1,0,1,0,0,0
229.21,5,0,0,65,0,43,1,3.5263076380568057,229.21,0,0,0,0,1,0,0,0,0,0,0,0,1,0
124.99,22,0,0,58,1,29,0,2.1549999628448284,62.495,0,0,0,0,0,0,0,0,1,0,1,0,0,0
262.8,12,0,0,67,4,50,0,3.9223880011583883,52.56,0,0,0,0,0,1,0,0,0,1,0,0,0,0
12.76,1,0,0,31,6,58,1,0.4116128899479713,1.8228571428571427,0,0,0,1,1,0,0,0,0,0,0,0,1,1
132.15,21,0,0,52,1,41,0,2.5413461049741137,66.075,0,0,0,0,0,0,0,0,1,0,1,0,0,0
45.79,10,0,0,40,0,61,0,1.1447499713812508,45.79,0,0,0,0,0,0,0,1,0,0,0,1,0,0
180.82,15,0,0,76,2,20,0,2.3792104950103883,60.27333333333333,0,0,0,0,0,0,1,0,0,1,0,0,0,0
121.0,12,0,0,90,2,47,0,1.344444429506173,40.333333333333336,0,0,0,0,0,1,0,0,0,1,0,0,0,0
304.66,4,0,0,81,5,48,1,3.761234521466241,50.77666666666667,0,0,0,0,0,0,0,1,0,0,0,0,1,0
172.27,8,0,0,44,7,68,0,3.9152271837448374,21.53375,0,0,0,0,0,0,0,0,1,0,0,1,0,0
65.07,1,0,0,34,2,18,1,1.913823473122839,21.689999999999998,0,0,0,1,0,0,0,1,0,0,0,0,1,0
154.27,16,1,0,59,0,47,0,2.6147457183941407,154.27,1,1,0,0,0,0,1,0,0,1,0,0,0,0
458.56,18,1,0,66,4,59,0,6.947878682607899,91.712,1,1,0,0,0,0,0,1,0,0,1,0,0,0
23.68,10,0,0,95,0,65,0,0.24926315527091417,23.68,0,0,0,0,0,0,0,1,0,0,0,1,0,0
157.61,16,0,0,54,2,44,0,2.9187036496536365,52.53666666666667,0,0,0,0,0,0,0,1,0,1,0,0,0,0
152.28,3,0,0,37,2,49,1,4.115675564441201,50.76,0,0,0,1,0,0,1,0,0,0,0,0,1,0
161.23,16,0,0,78,1,66,0,2.067051255550625,80.615,0,0,0,0,0,0,0,0,1,1,0,0,0,0
84.1,3,0,0,85,3,21,1,0.989411753065744,21.025,0,0,0,0,0,0,1,0,0,0,0,0,1,0
420.71,12,1,0,72,3,19,0,5.843194363288967,105.1775,1,1,0,0,0,0,1,0,0,1,0,0,0,0
285.42,20,0,0,77,4,66,0,3.7067531986135953,57.084,0,0,0,0,0,0,1,0,0,0,1,0,0,0
20.85,3,0,0,97,3,61,1,0.21494845139228402,5.2125,0,0,0,0,0,0,1,0,0,0,0,0,1,0
175.39,22,1,0,95,0,25,0,1.8462105068819945,175.39,1,1,0,0,1,0,0,0,0,0,1,0,0,0
680.38,17,0,0,83,3,32,0,8.197349298827117,170.095,0,0,1,0,0,0,0,0,1,1,0,0,0,0
25.39,11,0,0,39,3,18,0,0.6510256243326763,6.3475,0,0,0,1,0,0,1,0,0,0,0,1,0,0
196.38,1,0,0,46,2,60,1,4.269130341975427,65.46,0,0,0,0,0,0,1,0,0,0,0,0,1,0
104.43,17,0,0,32,0,61,0,3.2634373980175817,104.43,0,0,0,1,0,0,1,0,0,1,0,0,0,0
183.59,3,0,0,86,1,18,1,2.134767417037588,91.795,0,0,0,0,0,0,0,0,1,0,0,0,1,0
363.53,18,0,0,70,2,48,0,5.193285640095919,121.17666666666666,0,0,0,0,0,0,0,1,0,0,1,0,0,0
138.87,12,0,0,59,2,46,0,2.353728773665614,46.29,0,0,0,0,0,1,0,0,0,1,0,0,0,0
126.24,7,0,0,66,1,25,0,1.912727243746557,63.12,0,0,0,0,1,0,0,0,0,0,0,1,0,0
185.34,4,0,0,72,3,68,1,2.5741666309143523,46.335,0,0,0,0,0,0,0,1,0,0,0,0,1,0
214.34,3,0,0,36,2,27,1,5.953888723503091,71.44666666666667,0,0,0,1,0,1,0,0,0,0,0,0,1,0
243.6,10,0,0,39,2,32,0,6.24615368599606,81.2,0,0,0,1,0,0,0,1,0,0,0,1,0,0
1027.58,4,0,0,91,2,51,1,11.292087787999035,342.52666666666664,0,0,1,0,0,0,0,0,1,0,0,0,1,0
61.13,23,0,1,73,6,67,0,0.8373972488027774,8.732857142857144,1,1,0,0,0,1,0,0,0,0,1,0,0,0
59.96,2,0,0,36,0,44,1,1.6655555092901249,59.96,0,0,0,1,0,1,0,0,0,0,0,0,1,0
229.81,3,0,0,85,8,65,1,2.7036470270159176,25.534444444444446,0,0,0,0,0,1,0,0,0,0,0,0,1,0
266.14,8,1,0,28,5,68,0,9.504999660535725,44.35666666666666,1,1,0,1,0,0,1,0,0,0,0,1,0,1
33.36,13,0,0,75,2,44,0,0.4447999940693334,11.12,0,0,0,0,0,0,1,0,0,1,0,0,0,0
196.05,11,0,0,43,0,55,0,4.559302219551112,196.05,0,0,0,0,1,0,0,0,0,0,0,1,0,0
78.83,0,0,0,61,2,42,1,1.2922950607820483,26.276666666666667,0,0,0,0,0,0,0,0,1,0,0,0,1,0
15.77,0,0,0,71,0,53,1,0.22211267292799053,15.77,0,0,0,0,0,0,1,0,0,0,0,0,1,0
24.38,7,0,0,82,5,27,0,0.29731706954491377,4.0633333333333335,0,0,0,0,0,1,0,0,0,0,0,1,0,0
165.42,19,0,0,50,2,25,0,3.308399933832001,55.13999999999999,0,0,0,0,1,0,0,0,0,0,1,0,0,0
366.82,19,0,0,29,1,56,0,12.64896508107017,183.41,0,0,0,1,0,0,0,0,1,0,1,0,0,0
560.82,19,0,0,85,3,56,0,6.597882275319033,140.205,0,0,1,0,0,0,1,0,0,0,1,0,0,0
87.32,8,0,0,84,3,50,0,1.0395237971485263,21.83,0,0,0,0,1,0,0,0,0,0,0,1,0,0
97.55,11,0,0,58,2,47,0,1.681896522725922,32.516666666666666,0,0,0,0,0,0,0,1,0,0,0,1,0,0
67.81,0,0,0,65,2,44,1,1.0432307531810654,22.603333333333335,0,0,0,0,0,0,0,0,1,0,0,0,1,0
425.88,12,0,0,52,0,19,0,8.189999842500002,425.88,0,0,0,0,0,0,0,1,0,1,0,0,0,0
117.95,4,0,0,32,1,37,1,3.685937384814457,58.975,0,0,0,1,0,0,0,1,0,0,0,0,1,0
442.84,5,1,0,27,3,68,1,16.401480874019224,110.71,1,1,0,1,0,0,0,0,1,0,0,0,1,0
67.58,5,0,0,39,2,34,1,1.7328204683892188,22.526666666666667,0,0,0,1,0,0,1,0,0,0,0,0,1,0
630.45,5,0,0,27,0,38,1,23.349999135185218,630.45,0,0,1,1,0,1,0,0,0,0,0,0,1,0
244.04,22,0,0,26,2,43,0,9.386153485147942,81.34666666666666,0,0,0,1,0,1,0,0,0,0,1,0,0,0
244.36,2,0,1,72,2,51,1,3.393888841751544,81.45333333333333,1,1,0,0,0,1,0,0,0,0,0,0,1,0
320.41,9,0,0,74,3,44,0,4.329864806353179,80.1025,0,0,0,0,0,1,0,0,0,0,0,1,0,0
207.29,16,0,0,66,3,27,0,3.1407575281703406,51.8225,0,0,0,0,0,1,0,0,0,1,0,0,0,0
342.51,0,0,0,61,3,60,1,5.61491794073905,85.6275,0,0,0,0,0,0,0,1,0,0,0,0,1,0
42.05,1,0,0,87,0,55,1,0.4833333277777778,42.05,0,0,0,0,0,1,0,0,0,0,0,0,1,0
42.22,12,0,0,59,2,46,0,0.7155932082102846,14.073333333333332,0,0,0,0,0,0,0,1,0,1,0,0,0,0
359.99,8,0,1,75,4,57,0,4.799866602668446,71.998,1,1,0,0,0,1,0,0,0,0,0,1,0,0
38.74,20,0,0,30,2,57,0,1.2913332902888903,12.913333333333334,0,0,0,1,0,0,0,1,0,0,1,0,0,0
123.09,5,1,0,33,3,23,1,3.7299998869697006,30.7725,1,1,0,1,0,1,0,0,0,0,0,0,1,0
11.48,11,0,0,84,2,30,0,0.13666666503968256,3.8266666666666667,0,0,0,0,0,1,0,0,0,0,0,1,0,0
73.94,22,0,1,74,2,53,0,0.9991891756866328,24.646666666666665,1,1,0,0,0,0,1,0,0,0,1,0,0,0
222.0,1,0,0,50,2,27,1,4.439999911200002,74.0,0,0,0,0,0,0,1,0,0,0,0,0,1,0
316.77,10,0,0,28,3,60,0,11.313213881670931,79.1925,0,0,0,1,0,0,0,1,0,0,0,1,0,0
95.34,14,0,1,61,3,57,0,1.5629507940499872,23.835,1,1,0,0,0,1,0,0,0,1,0,0,0,0
49.78,8,0,0,74,1,28,0,0.6727026936121258,24.89,0,0,0,0,1,0,0,0,0,0,0,1,0,0
91.52,3,0,0,99,4,28,1,0.9244444351066219,18.304,0,0,0,0,0,0,0,0,1,0,0,0,1,0
41.87,18,0,0,58,0,44,0,0.7218965392776459,41.87,0,0,0,0,0,1,0,0,0,0,1,0,0,0
7.14,5,0,0,74,0,48,1,0.09648648518261506,7.14,0,0,0,0,0,1,0,0,0,0,0,0,1,0
9.29,18,0,0,74,3,23,0,0.12554053884404676,2.3225,0,0,0,0,0,1,0,0,0,0,1,0,0,0
64.56,18,0,0,57,0,68,0,1.1326315590766394,64.56,0,0,0,0,1,0,0,0,0,0,1,0,0,0
167.73,19,1,0,28,3,46,0,5.990356928915824,41.9325,1,1,0,1,0,0,1,0,0,0,1,0,0,0
72.45,7,0,0,88,2,21,0,0.8232954451898246,24.150000000000002,0,0,0,0,1,0,0,0,0,0,0,1,0,0
16.51,8,0,0,69,3,25,0,0.23927535885108178,4.1275,0,0,0,0,0,0,1,0,0,0,0,1,0,0
68.61,11,0,0,27,2,36,0,2.541111016995888,22.87,0,0,0,1,1,0,0,0,0,0,0,1,0,0
304.53,2,0,0,93,0,68,1,3.2745160938224074,304.53,0,0,0,0,0,0,0,0,1,0,0,0,1,0
58.79,15,0,0,44,0,66,0,1.3361363332696288,58.79,0,0,0,0,0,0,1,0,0,1,0,0,0,0
124.42,13,0,1,78,2,55,0,1.5951281846778438,41.473333333333336,1,1,0,0,0,0,0,1,0,1,0,0,0,0
132.72,14,0,0,94,4,39,0,1.4119148785966502,26.544,0,0,0,0,0,1,0,0,0,1,0,0,0,0
77.4,18,0,0,62,0,30,0,1.2483870766389182,77.4,0,0,0,0,0,1,0,0,0,0,1,0,0,0
634.65,5,0,0,38,3,41,1,16.701315349965387,158.6625,0,0,1,1,0,1,0,0,0,0,0,0,1,0
148.64,1,0,0,56,5,23,1,2.654285666887756,24.77333333333333,0,0,0,0,1,0,0,0,0,0,0,0,1,0
123.42,1,0,0,60,1,67,1,2.0569999657166673,61.71,0,0,0,0,0,0,0,0,1,0,0,0,1,0
146.69,5,0,0,75,3,21,1,1.9558666405884448,36.6725,0,0,0,0,0,0,0,1,0,0,0,0,1,0
33.22,6,0,0,26,3,40,0,1.2776922585502977,8.305,0,0,0,1,0,1,0,0,0,0,0,1,0,0
102.43,6,0,0,71,1,38,0,1.4426760360186475,51.215,0,0,0,0,0,1,0,0,0,0,0,1,0,0
53.89,17,0,0,48,1,69,0,1.1227083099435768,26.945,0,0,0,0,0,1,0,0,0,1,0,0,0,0
12.94,14,0,0,76,2,54,0,0.17026315565443217,4.3133333333333335,0,0,0,0,1,0,0,0,0,1,0,0,0,0
390.85,21,1,0,62,0,54,0,6.304032156386579,390.85,1,1,0,0,0,0,0,1,0,0,1,0,0,0
132.18,20,0,0,64,2,62,0,2.065312467729493,44.06,0,0,0,0,0,0,0,0,1,0,1,0,0,0
300.04,16,0,0,82,0,44,0,3.659024345621655,300.04,0,0,0,0,0,0,1,0,0,1,0,0,0,0
286.35,16,0,0,85,1,64,0,3.3688234897785474,143.175,0,0,0,0,0,0,0,1,0,1,0,0,0,0
189.81,9,0,0,49,0,46,0,3.8736733903331966,189.81,0,0,0,0,0,0,1,0,0,0,0,1,0,0
122.2,22,0,0,33,1,58,0,3.7030301908172674,61.1,0,0,0,1,0,0,0,0,1,0,1,0,0,0
373.18,16,0,0,51,1,25,0,7.317254758485201,186.59,0,0,0,0,0,1,0,0,0,1,0,0,0,0
29.35,8,0,0,97,1,69,0,0.3025773164682751,14.675,0,0,0,0,0,1,0,0,0,0,0,1,0,0
162.1,6,0,0,78,4,38,0,2.078205101561473,32.42,0,0,0,0,0,0,1,0,0,0,0,1,0,0
19.01,9,0,0,32,1,26,0,0.5940624814355475,9.505,0,0,0,1,0,0,1,0,0,0,0,1,0,0
153.58,21,1,1,77,1,31,0,1.9945454286422675,76.79,1,2,0,0,0,1,0,0,0,0,1,0,0,0
53.69,13,0,1,36,4,41,0,1.491388847461421,10.738,1,1,0,1,0,0,1,0,0,1,0,0,0,0
128.35,4,0,0,72,3,61,1,1.7826388641300157,32.0875,0,0,0,0,0,0,0,1,0,0,0,0,1,0
91.39,10,0,0,81,5,39,0,1.1282715910089927,15.231666666666667,0,0,0,0,0,1,0,0,0,0,0,1,0,0
209.72,21,0,0,81,3,29,0,2.589135770504497,52.43,0,0,0,0,0,0,0,0,1,0,1,0,0,0
102.36,23,0,1,34,2,39,0,3.010588146747408,34.12,1,1,0,1,0,0,1,0,0,0,1,0,0,0
218.95,7,0,0,53,1,62,0,4.131131997525811,109.475,0,0,0,0,0,0,0,0,1,0,0,1,0,0
308.73,0,0,0,91,5,68,1,3.392637325355634,51.455000000000005,0,0,0,0,0,0,1,0,0,0,0,0,1,0
110.35,22,0,0,98,3,34,0,1.1260203966732611,27.5875,0,0,0,0,0,0,1,0,0,0,1,0,0,0
232.62,19,0,0,44,3,57,0,5.286818061663226,58.155,0,0,0,0,0,0,0,1,0,0,1,0,0,0
211.22,18,0,0,82,1,60,0,2.5758536271237364,105.61,0,0,0,0,0,1,0,0,0,0,1,0,0,0
30.08,2,1,0,85,1,28,1,0.35388234877785474,15.04,1,1,0,0,0,0,1,0,0,0,0,0,1,0
1.83,8,0,0,32,1,26,0,0.05718749821289069,0.915,0,0,0,1,0,0,0,0,1,0,0,1,0,0
453.58,0,0,0,53,2,64,1,8.55811304607334,151.19333333333333,0,0,0,0,0,0,1,0,0,0,0,0,1,0
313.19,4,0,0,43,0,19,1,7.283488202709577,313.19,0,0,0,0,0,0,1,0,0,0,0,0,1,0
83.66,22,0,0,60,1,27,0,1.3943333100944448,41.83,0,0,0,0,0,0,0,0,1,0,1,0,0,0
326.1,17,0,0,63,0,46,0,5.176190394028724,326.1,0,0,0,0,0,0,0,0,1,1,0,0,0,0
38.44,22,0,0,29,2,58,0,1.3255171956718208,12.813333333333333,0,0,0,1,0,0,0,1,0,0,1,0,0,0
351.21,8,0,0,79,3,60,0,4.445696146257011,87.8025,0,0,0,0,0,0,1,0,0,0,0,1,0,0
316.33,20,0,0,45,2,35,0,7.029555399343214,105.44333333333333,0,0,0,0,1,0,0,0,0,0,1,0,0,0
159.61,2,0,0,86,0,63,1,1.855930210977556,159.61,0,0,0,0,0,0,0,0,1,0,0,0,1,0
12.27,20,0,0,88,3,35,0,0.13943181659736573,3.0675,0,0,0,0,0,0,1,0,0,0,1,0,0,0
9.49,3,0,0,87,2,39,1,0.10908045851631658,3.1633333333333336,0,0,0,0,0,0,0,0,1,0,0,0,1,0
45.56,16,0,0,35,1,45,0,1.3017142485224502,22.78,0,0,0,1,0,0,0,1,0,1,0,0,0,0
414.5,3,0,0,84,1,52,1,4.934523750779479,207.25,0,0,0,0,0,0,0,1,0,0,0,0,1,0
334.21,7,0,0,29,3,47,0,11.524482361224745,83.5525,0,0,0,1,0,1,0,0,0,0,0,1,0,0
15.6,7,0,0,86,3,41,0,0.1813953467279611,3.9,0,0,0,0,0,1,0,0,0,0,0,1,0,0
13.17,23,0,0,88,1,68,0,0.14965908920841944,6.585,0,0,0,0,0,0,1,0,0,0,1,0,0,0
2.06,3,0,0,36,5,36,1,0.0572222206327161,0.3433333333333333,0,0,0,1,0,0,0,1,0,0,0,0,1,1
121.99,23,0,0,61,4,57,0,1.9998360327895732,24.398,0,0,0,0,1,0,0,0,0,0,1,0,0,0
0.0,16,0,0,72,1,23,0,0.0,0.0,0,0,0,0,0,0,0,0,1,1,0,0,0,0
260.58,7,0,0,72,3,22,0,3.6191666164004634,65.145,0,0,0,0,0,0,0,1,0,0,0,1,0,0
40.95,22,0,0,55,2,56,0,0.7445454410082648,13.65,0,0,0,0,0,0,1,0,0,0,1,0,0,0
66.89,18,0,0,38,2,65,0,1.7602631115720235,22.296666666666667,0,0,0,1,0,0,1,0,0,0,1,0,0,0
265.18,18,0,0,78,2,20,0,3.399743546157134,88.39333333333333,0,0,0,0,0,0,1,0,0,0,1,0,0,0
12.5,3,0,0,87,3,64,1,0.14367815926806715,3.125,0,0,0,0,0,1,0,0,0,0,0,0,1,0
124.9,13,0,0,41,3,69,0,3.046341389113625,31.225,0,0,0,0,0,0,0,1,0,1,0,0,0,0
93.43,15,0,0,41,1,19,0,2.2787804322248677,46.715,0,0,0,0,0,0,0,0,1,1,0,0,0,0
456.55,19,0,0,90,2,53,0,5.072777721413581,152.18333333333334,0,0,0,0,0,0,0,1,0,0,1,0,0,0
271.33,18,0,0,59,6,37,0,4.598813481376043,38.76142857142857,0,0,0,0,0,0,1,0,0,0,1,0,0,0
332.94,19,0,0,82,0,27,0,4.060243852923856,332.94,0,0,0,0,0,0,1,0,0,0,1,0,0,0
22.26,3,1,0,87,4,32,1,0.25586206602457395,4.452,1,1,0,0,0,0,0,1,0,0,0,0,1,0
145.54,9,0,0,62,0,40,0,2.3474193169771076,145.54,0,0,0,0,1,0,0,0,0,0,0,1,0,0
118.57,6,0,0,96,3,35,0,1.2351041538009984,29.6425,0,0,0,0,0,0,0,1,0,0,0,1,0,0
47.99,13,0,0,75,1,36,0,0.6398666581351112,23.995,0,0,0,0,0,0,0,1,0,1,0,0,0,0
99.68,12,0,0,38,2,52,0,2.6231578257063735,33.22666666666667,0,0,0,1,0,1,0,0,0,1,0,0,0,0
59.21,13,0,0,59,5,42,0,1.0035593050244187,9.868333333333334,0,0,0,0,0,0,0,1,0,1,0,0,0,0
258.02,19,0,0,39,5,63,0,6.6158972662590445,43.00333333333333,0,0,0,1,0,1,0,0,0,0,1,0,0,0
134.98,4,0,0,66,3,53,1,2.0451514841643714,33.745,0,0,0,0,0,0,0,0,1,0,0,0,1,0
19.79,15,0,1,52,1,59,0,0.38057691575813624,9.895,1,1,0,0,0,0,1,0,0,1,0,0,0,0
47.91,7,0,0,47,3,28,0,1.0193616804391132,11.9775,0,0,0,0,1,0,0,0,0,0,0,1,0,0
74.07,16,0,0,33,3,32,0,2.2445453865289275,18.5175,0,0,0,1,0,1,0,0,0,1,0,0,0,0
23.72,8,0,0,50,4,54,0,0.4743999905120002,4.744,0,0,0,0,0,0,0,1,0,0,0,1,0,0
273.1,12,0,0,31,1,52,0,8.809677135171706,136.55,0,0,0,1,0,0,0,0,1,1,0,0,0,0
343.96,17,0,0,87,3,20,0,3.9535631729475496,85.99,0,0,0,0,0,1,0,0,0,1,0,0,0,0
245.2,18,0,0,95,3,23,0,2.5810526044099724,61.3,0,0,0,0,1,0,0,0,0,0,1,0,0,0
8.81,7,0,0,62,3,49,0,0.14209677190166498,2.2025,0,0,0,0,1,0,0,0,0,0,0,1,0,0
409.34,5,0,0,87,2,22,1,4.705057417183248,136.44666666666666,0,0,0,0,0,0,1,0,0,0,0,0,1,0
225.56,21,0,0,52,3,60,0,4.33769222427515,56.39,0,0,0,0,0,0,0,0,1,0,1,0,0,0
49.85,2,0,1,99,1,63,1,0.5035353484491379,24.925,1,1,0,0,0,0,0,1,0,0,0,0,1,0
40.47,5,0,0,48,1,48,1,0.8431249824348962,20.235,0,0,0,0,0,0,0,1,0,0,0,0,1,0
189.28,16,0,0,78,3,41,0,2.426666635555556,47.32,0,0,0,0,0,0,0,1,0,1,0,0,0,0
142.41,14,0,0,48,0,49,0,2.9668749381901054,142.41,0,0,0,0,0,0,1,0,0,1,0,0,0,0
228.33,1,0,0,31,1,18,1,7.365483633371496,114.165,0,0,0,1,0,0,0,0,1,0,0,0,1,0
710.09,1,0,0,52,0,53,1,13.65557666046968,710.09,0,0,1,0,0,1,0,0,0,0,0,0,1,0
55.56,18,1,0,38,1,30,0,1.4621052246814417,27.78,1,1,0,1,0,0,0,1,0,0,1,0,0,0
307.41,3,0,0,29,0,39,1,10.600344462057087,307.41,0,0,0,1,0,0,0,0,1,0,0,0,1,0
7.24,22,0,0,60,2,18,0,0.1206666646555556,2.4133333333333336,0,0,0,0,1,0,0,0,0,0,1,0,0,0
62.25,18,0,0,80,2,55,0,0.7781249902734376,20.75,0,0,0,0,0,1,0,0,0,0,1,0,0,0
193.62,20,0,0,71,0,62,0,2.7270422151120814,193.62,0,0,0,0,1,0,0,0,0,0,1,0,0,0
607.79,15,0,0,26,1,43,0,23.37653756244086,303.895,0,0,1,1,1,0,0,0,0,1,0,0,0,0
88.38,15,0,0,36,2,56,0,2.4549999318055575,29.459999999999997,0,0,0,1,1,0,0,0,0,1,0,0,0,0
71.93,10,0,0,32,2,22,0,2.247812429755862,23.97666666666667,0,0,0,1,0,0,0,0,1,0,0,1,0,0
83.13,17,0,0,58,5,32,0,1.4332758373573131,13.854999999999999,0,0,0,0,0,1,0,0,0,1,0,0,0,0
258.66,11,0,0,31,4,42,0,8.343870698584817,51.732000000000006,0,0,0,1,0,0,1,0,0,0,0,1,0,0
124.35,5,0,0,97,2,64,1,1.2819587496705283,41.449999999999996,0,0,0,0,0,1,0,0,0,0,0,0,1,0
175.9,6,0,1,30,7,44,0,5.863333137888896,21.9875,1,1,0,1,0,1,0,0,0,0,0,1,0,1
538.51,0,0,1,73,0,42,1,7.376849214015764,538.51,1,1,1,0,0,0,0,0,1,0,0,0,1,0
150.97,9,0,0,73,5,62,0,2.068082163450929,25.161666666666665,0,0,0,0,1,0,0,0,0,0,0,1,0,0
74.9,22,0,0,62,3,50,0,1.2080644966441212,18.725,0,0,0,0,1,0,0,0,0,0,1,0,0,0
108.68,5,0,1,44,1,47,1,2.469999943863638,54.34,1,1,0,0,0,0,1,0,0,0,0,0,1,0
585.89,6,0,0,53,2,46,0,11.054528093310791,195.29666666666665,0,0,1,0,1,0,0,0,0,0,0,1,0,0
132.14,0,0,0,30,2,23,1,4.404666519844449,44.04666666666666,0,0,0,1,1,0,0,0,0,0,0,0,1,0
68.1,1,1,0,68,3,36,1,1.0014705735077856,17.025,1,1,0,0,1,0,0,0,0,0,0,0,1,0
235.35,9,0,0,50,2,45,0,4.706999905860002,78.45,0,0,0,0,0,0,1,0,0,0,0,1,0,0
317.43,17,0,0,56,0,24,0,5.668392755921558,317.43,0,0,0,0,0,0,0,0,1,1,0,0,0,0
197.86,5,1,0,56,3,45,1,3.533214222621175,49.465,1,1,0,0,1,0,0,0,0,0,0,0,1,0
834.14,21,0,0,85,1,67,0,9.81341164925398,417.07,0,0,1,0,0,0,0,0,1,0,1,0,0,0
183.58,2,0,1,83,0,49,1,2.211807202267383,183.58,1,1,0,0,0,0,1,0,0,0,0,0,1,0
350.75,15,0,0,54,4,66,0,6.495370250085736,70.15,0,0,0,0,0,0,0,1,0,1,0,0,0,0
70.83,2,0,0,27,1,43,1,2.6233332361728428,35.415,0,0,0,1,0,0,1,0,0,0,0,0,1,0
217.4,9,0,0,64,0,57,0,3.396874946923829,217.4,0,0,0,0,0,0,1,0,0,0,0,1,0,0
127.48,1,0,0,62,2,44,1,2.056128999094694,42.49333333333333,0,0,0,0,0,0,1,0,0,0,0,0,1,0
140.33,21,0,0,43,2,56,0,3.2634882961979472,46.77666666666667,0,0,0,0,0,0,0,1,0,0,1,0,0,0
218.54,15,0,0,90,0,63,0,2.428222195241976,218.54,0,0,0,0,0,0,0,0,1,1,0,0,0,0
99.24,8,0,0,55,2,66,0,1.8043636035570254,33.08,0,0,0,0,0,1,0,0,0,0,0,1,0,0
53.65,0,0,1,82,3,65,1,0.6542682847040453,13.4125,1,1,0,0,1,0,0,0,0,0,0,0,1,0
97.97,5,0,1,44,3,44,1,2.2265908584865715,24.4925,1,1,0,0,0,0,0,1,0,0,0,0,1,0
126.76,6,0,0,84,2,44,0,1.5090476010827667,42.25333333333334,0,0,0,0,0,0,1,0,0,0,0,1,0,0
13.72,22,1,1,59,1,69,0,0.23254236893995986,6.86,1,2,0,0,1,0,0,0,0,0,1,0,0,0
174.6,19,1,0,58,4,54,0,3.010344775683711,34.92,1,1,0,0,0,0,0,1,0,0,1,0,0,0
551.55,0,0,0,34,1,55,1,16.222058346410048,275.775,0,0,1,1,0,0,1,0,0,0,0,0,1,0
14.68,5,0,0,46,2,23,1,0.3191304278449907,4.8933333333333335,0,0,0,0,0,0,1,0,0,0,0,0,1,0
154.95,8,0,0,68,4,46,0,2.2786764370782877,30.99,0,0,0,0,0,0,0,1,0,0,0,1,0,0
35.56,23,0,1,95,2,61,0,0.3743157855335181,11.853333333333333,1,1,0,0,0,0,0,0,1,0,1,0,0,0
293.03,1,0,0,81,4,61,1,3.6176542763252555,58.605999999999995,0,0,0,0,1,0,0,0,0,0,0,0,1,0
12.64,10,0,0,79,0,67,0,0.1599999979746836,12.64,0,0,0,0,0,1,0,0,0,0,0,1,0,0
84.16,22,0,0,68,0,38,0,1.2376470406228377,84.16,0,0,0,0,0,0,0,0,1,0,1,0,0,0
34.36,20,0,0,41,6,67,0,0.8380487600475912,4.908571428571428,0,0,0,0,1,0,0,0,0,0,1,0,0,0
331.1,0,0,0,56,1,29,1,5.912499894419645,165.55,0,0,0,0,1,0,0,0,0,0,0,0,1,0
136.02,14,0,0,95,3,55,0,1.4317894586127426,34.005,0,0,0,0,0,1,0,0,0,1,0,0,0,0
7.31,13,0,0,65,2,37,0,0.11246153673136097,2.4366666666666665,0,0,0,0,0,0,1,0,0,1,0,0,0,0
20.04,17,0,0,48,4,44,0,0.41749999130208354,4.008,0,0,0,0,0,1,0,0,0,1,0,0,0,0
40.96,21,0,0,59,2,62,0,0.6942372763688598,13.653333333333334,0,0,0,0,1,0,0,0,0,0,1,0,0,0
48.38,13,0,0,74,1,22,0,0.653783774948868,24.19,0,0,0,0,0,1,0,0,0,1,0,0,0,0
460.94,9,0,0,94,7,21,0,4.903616969110458,57.6175,0,0,0,0,0,1,0,0,0,0,0,1,0,0
25.89,10,0,0,25,2,61,0,1.0355999585760016,8.63,0,0,0,1,0,0,1,0,0,0,0,1,0,0
74.79,21,0,0,88,2,37,0,0.8498863539785643,24.930000000000003,0,0,0,0,0,0,0,0,1,0,1,0,0,0
473.35,9,0,0,76,0,69,0,6.228289391733035,473.35,0,0,0,0,0,0,0,0,1,0,0,1,0,0
243.73,6,0,0,63,2,21,0,3.8687300973217447,81.24333333333333,0,0,0,0,0,0,1,0,0,0,0,1,0,0
167.99,23,0,0,73,1,26,0,2.3012328451885913,83.995,0,0,0,0,0,0,0,0,1,0,1,0,0,0
25.24,5,1,0,59,2,26,1,0.42779660291870164,8.413333333333332,1,1,0,0,0,0,0,1,0,0,0,0,1,0
202.67,12,0,0,87,0,32,0,2.329540203108733,202.67,0,0,0,0,0,0,0,1,0,1,0,0,0,0
178.59,13,0,0,64,3,49,0,2.7904687063989266,44.6475,0,0,0,0,1,0,0,0,0,1,0,0,0,0
56.99,1,0,0,26,2,45,1,2.1919229926183466,18.996666666666666,0,0,0,1,0,1,0,0,0,0,0,0,1,0
156.56,19,0,0,43,1,54,0,3.6409301478853457,78.28,0,0,0,0,0,0,0,1,0,0,1,0,0,0
311.97,13,0,0,92,4,41,0,3.3909782240111066,62.394000000000005,0,0,0,0,0,0,0,0,1,1,0,0,0,0
39.26,13,1,0,47,1,52,0,0.8353191311634227,19.63,1,1,0,0,0,0,1,0,0,1,0,0,0,0
43.73,0,1,0,52,0,44,1,0.8409615222892015,43.73,1,1,0,0,0,0,0,1,0,0,0,0,1,0
74.32,15,0,0,45,1,18,0,1.6515555188543218,37.16,0,0,0,0,1,0,0,0,0,1,0,0,0,0
15.13,7,0,0,75,3,49,0,0.20173333064355561,3.7825,0,0,0,0,0,0,0,1,0,0,0,1,0,0
35.58,2,0,0,26,2,33,1,1.3684614858284043,11.86,0,0,0,1,1,0,0,0,0,0,0,0,1,0
306.51,21,1,0,91,4,30,0,3.368241721228113,61.302,1,1,0,0,1,0,0,0,0,0,1,0,0,0
200.93,10,0,0,40,1,49,0,5.023249874418753,100.465,0,0,0,0,0,0,1,0,0,0,0,1,0,0
666.49,22,0,0,70,1,48,0,9.52128557826735,333.245,0,0,1,0,0,0,0,1,0,0,1,0,0,0
119.95,13,0,0,39,2,55,0,3.0756409467784374,39.983333333333334,0,0,0,1,0,0,0,1,0,1,0,0,0,0
361.31,16,0,0,69,2,67,0,5.2363767357046855,120.43666666666667,0,0,0,0,0,0,0,1,0,1,0,0,0,0
143.72,13,0,0,74,2,26,0,1.942162135916728,47.906666666666666,0,0,0,0,0,0,0,1,0,1,0,0,0,0
57.8,9,0,0,26,1,26,0,2.223076837573968,28.9,0,0,0,1,0,0,1,0,0,0,0,1,0,0
70.04,12,0,0,91,2,60,0,0.7696703212124142,23.346666666666668,0,0,0,0,0,0,0,0,1,1,0,0,0,0
68.27,9,0,0,26,1,23,0,2.62576912977811,34.135,0,0,0,1,1,0,0,0,0,0,0,1,0,0
186.71,11,0,0,58,1,31,0,3.219137875532106,93.355,0,0,0,0,0,0,0,1,0,0,0,1,0,0
42.32,10,0,0,36,1,44,0,1.1755555229012356,21.16,0,0,0,1,0,0,1,0,0,0,0,1,0,0
18.3,19,0,0,25,3,47,0,0.7319999707200011,4.575,0,0,0,1,0,0,0,0,1,0,1,0,0,0
744.48,20,0,0,92,1,52,0,8.092173825085068,372.24,0,0,1,0,0,0,0,1,0,0,1,0,0,0
79.24,10,0,0,88,2,42,0,0.9004545352221075,26.41333333333333,0,0,0,0,1,0,0,0,0,0,0,1,0,0
18.19,4,0,0,76,1,29,1,0.23934210211391974,9.095,0,0,0,0,0,0,1,0,0,0,0,0,1,0
154.22,16,0,0,38,5,31,0,4.058420945831028,25.703333333333333,0,0,0,1,0,1,0,0,0,1,0,0,0,0
2.19,11,0,0,83,4,20,0,0.026385541850776604,0.438,0,0,0,0,0,0,0,1,0,0,0,1,0,0
22.98,16,1,1,64,3,29,0,0.35906249438964855,5.745,1,2,0,0,0,1,0,0,0,1,0,0,0,0
239.74,5,0,1,53,2,54,1,4.523396141067998,79.91333333333334,1,1,0,0,0,0,0,1,0,0,0,0,1,0
106.41,21,0,0,52,5,24,0,2.046346114493344,17.735,0,0,0,0,0,0,1,0,0,0,1,0,0,0
607.71,3,0,1,25,1,43,1,24.308399027664038,303.855,1,1,1,1,1,0,0,0,0,0,0,0,1,1
180.67,10,0,0,65,4,63,0,2.779538418776332,36.134,0,0,0,0,0,0,0,1,0,0,0,1,0,0
162.72,4,0,0,89,2,68,1,1.8283145861987125,54.24,0,0,0,0,0,0,0,1,0,0,0,0,1,0
251.5,20,0,0,43,2,49,0,5.848837073282859,83.83333333333333,0,0,0,0,0,0,0,0,1,0,1,0,0,0
268.09,1,0,0,63,0,59,1,4.2553967578508445,268.09,0,0,0,0,1,0,0,0,0,0,0,0,1,0
32.01,12,0,0,76,3,32,0,0.42118420498441833,8.0025,0,0,0,0,0,0,1,0,0,1,0,0,0,0
283.73,20,1,0,99,0,41,0,2.86595956701051,283.73,1,1,0,0,0,1,0,0,0,0,1,0,0,0
18.35,22,0,0,50,4,23,0,0.3669999926600002,3.6700000000000004,0,0,0,0,0,1,0,0,0,0,1,0,0,0
542.61,23,0,0,60,2,48,0,9.043499849275003,180.87,0,0,1,0,0,0,0,1,0,0,1,0,0,0
17.74,20,0,0,45,3,18,0,0.3942222134617286,4.435,0,0,0,0,0,0,0,0,1,0,1,0,0,0
615.51,18,0,0,88,4,64,0,6.99443173869964,123.102,0,0,1,0,1,0,0,0,0,0,1,0,0,0
145.08,20,0,0,76,1,43,0,1.9089473433033246,72.54,0,0,0,0,0,0,0,1,0,0,1,0,0,0
56.74,18,0,0,78,2,22,0,0.7274358881097963,18.913333333333334,0,0,0,0,0,0,0,0,1,0,1,0,0,0
108.84,2,0,1,61,2,62,1,1.7842622658317662,36.28,1,1,0,0,0,1,0,0,0,0,0,0,1,0
188.53,12,0,0,59,0,49,0,3.1954236746538363,188.53,0,0,0,0,0,0,0,0,1,1,0,0,0,0
61.87,13,0,0,28,2,31,0,2.2096427782270434,20.62333333333333,0,0,0,1,0,0,0,1,0,1,0,0,0,0
420.04,14,1,0,90,2,48,0,4.667111059254322,140.01333333333335,1,1,0,0,0,0,0,0,1,1,0,0,0,0
516.63,15,0,1,99,2,56,0,5.218484795772881,172.21,1,1,1,0,0,0,0,1,0,1,0,0,0,0
58.8,9,1,0,84,2,35,0,0.6999999916666667,19.599999999999998,1,1,0,0,0,0,1,0,0,0,0,1,0,0
19.65,8,0,0,57,6,35,0,0.3447368360572485,2.807142857142857,0,0,0,0,0,0,0,1,0,0,0,1,0,0
192.93,11,0,0,52,3,56,0,3.7101922363424573,48.2325,0,0,0,0,0,0,0,1,0,0,0,1,0,0
297.8,23,0,0,42,2,25,0,7.090476021655333,99.26666666666667,0,0,0,0,0,1,0,0,0,0,1,0,0,0
260.18,9,1,0,83,3,33,0,3.1346987574132683,65.045,1,1,0,0,0,0,1,0,0,0,0,1,0,0
299.06,22,0,0,78,1,36,0,3.834102514947404,149.53,0,0,0,0,0,0,0,1,0,0,1,0,0,0
158.84,0,0,0,97,2,52,1,1.6375257563141676,52.946666666666665,0,0,0,0,0,0,0,0,1,0,0,0,1,0
272.93,1,0,0,44,1,55,1,6.20295440447831,136.465,0,0,0,0,0,0,0,0,1,0,0,0,1,0
169.85,6,0,0,58,2,21,0,2.9284482253715822,56.61666666666667,0,0,0,0,0,0,0,1,0,0,0,1,0,0
300.0,4,0,0,88,5,63,1,3.4090908703512404,50.0,0,0,0,0,0,0,0,1,0,0,0,0,1,0
41.08,16,0,0,67,1,25,0,0.6131343192069505,20.54,0,0,0,0,0,0,1,0,0,1,0,0,0,0
250.38,4,0,0,79,1,25,1,3.1693670484890246,125.19,0,0,0,0,0,1,0,0,0,0,0,0,1,0
470.89,8,0,0,52,1,28,0,9.055576748931216,235.445,0,0,0,0,0,0,0,1,0,0,0,1,0,0
180.95,22,0,1,49,2,32,0,3.692857067492713,60.31666666666666,1,1,0,0,1,0,0,0,0,0,1,0,0,0
148.94,17,0,0,87,3,67,0,1.7119540033108736,37.235,0,0,0,0,0,0,1,0,0,1,0,0,0,0
0.79,12,0,0,51,1,38,0,0.015490195774702046,0.395,0,0,0,0,0,0,0,0,1,1,0,0,0,0
45.61,4,0,0,30,3,59,1,1.5203332826555571,11.4025,0,0,0,1,0,1,0,0,0,0,0,0,1,0
154.83,20,0,0,53,2,66,0,2.921320699597723,51.61000000000001,0,0,0,0,0,0,0,1,0,0,1,0,0,0
70.57,20,1,0,79,0,20,0,0.8932911279330237,70.57,1,1,0,0,1,0,0,0,0,0,1,0,0,0
556.75,18,0,0,64,3,23,0,8.69921861407471,139.1875,0,0,1,0,0,1,0,0,0,0,1,0,0,0
670.34,17,0,0,54,2,68,0,12.413703473820307,223.4466666666667,0,0,1,0,0,0,0,1,0,1,0,0,0,0
106.7,2,0,0,25,3,19,1,4.267999829280007,26.675,0,0,0,1,0,1,0,0,0,0,0,0,1,0
12.08,8,0,0,71,1,46,0,0.17014084267407265,6.04,0,0,0,0,0,0,1,0,0,0,0,1,0,0
242.83,5,0,0,34,3,63,1,7.1420586134688655,60.7075,0,0,0,1,0,0,0,0,1,0,0,0,1,0
268.9,12,0,1,45,1,29,0,5.975555422765435,134.45,1,1,0,0,0,0,0,1,0,1,0,0,0,0
146.34,23,1,0,98,1,42,0,1.4932652908850481,73.17,1,1,0,0,1,0,0,0,0,0,1,0,0,0
7.04,3,0,0,80,0,46,1,0.08799999890000001,7.04,0,0,0,0,0,1,0,0,0,0,0,0,1,0
31.02,21,0,0,95,3,66,0,0.32652631235235463,7.755,0,0,0,0,1,0,0,0,0,0,1,0,0,0
162.01,13,0,0,70,3,39,0,2.3144285383653065,40.5025,0,0,0,0,0,0,0,1,0,1,0,0,0,0
9.55,17,0,0,46,3,29,0,0.20760869113894154,2.3875,0,0,0,0,0,0,0,0,1,1,0,0,0,0
65.87,7,0,0,60,0,47,0,1.0978333150361115,65.87,0,0,0,0,0,0,1,0,0,0,0,1,0,0
18.64,22,0,0,59,3,51,0,0.3159321980350475,4.66,0,0,0,0,1,0,0,0,0,0,1,0,0,0
5.33,22,0,0,47,0,45,0,0.1134042529062925,5.33,0,0,0,0,0,0,0,1,0,0,1,0,0,0
4.43,7,0,0,38,1,56,0,0.1165789443005541,2.215,0,0,0,1,0,0,1,0,0,0,0,1,0,0
168.26,5,1,0,78,3,55,1,2.15717945952334,42.065,1,1,0,0,0,0,0,1,0,0,0,0,1,0
78.93,12,1,0,91,1,28,0,0.86736262783118,39.465,1,1,0,0,0,1,0,0,0,1,0,0,0,0
302.88,20,0,0,31,1,18,0,9.770322265473474,151.44,0,0,0,1,0,0,0,0,1,0,1,0,0,0
82.75,22,0,0,30,1,19,0,2.758333241388892,41.375,0,0,0,1,1,0,0,0,0,0,1,0,0,0
200.98,10,0,0,56,4,68,0,3.5889285073405626,40.196,0,0,0,0,0,0,0,0,1,0,0,1,0,0
219.55,12,0,0,34,0,66,0,6.457352751254332,219.55,0,0,0,1,0,0,0,1,0,1,0,0,0,0
17.46,22,0,0,92,1,34,0,0.18978260663279778,8.73,0,0,0,0,0,0,0,1,0,0,1,0,0,0
93.65,18,0,0,28,3,51,0,3.344642737691331,23.4125,0,0,0,1,0,0,1,0,0,0,1,0,0,0
31.02,18,0,1,63,0,46,0,0.49238094456538184,31.02,1,1,0,0,0,0,0,0,1,0,1,0,0,0
25.9,2,0,0,26,3,26,1,0.9961538078402381,6.475,0,0,0,1,0,0,0,1,0,0,0,0,1,0
287.48,11,0,1,94,0,24,0,3.058297839805342,287.48,1,1,0,0,0,0,1,0,0,0,0,1,0,0
91.23,2,0,0,33,2,36,1,2.7645453707713528,30.41,0,0,0,1,0,0,0,1,0,0,0,0,1,0
90.91,11,0,0,95,3,48,0,0.9569473583479225,22.7275,0,0,0,0,0,1,0,0,0,0,0,1,0,0
71.19,13,0,0,81,2,18,0,0.8788888780384089,23.73,0,0,0,0,0,0,0,0,1,1,0,0,0,0
677.45,7,0,0,96,1,51,0,7.056770759825305,338.725,0,0,1,0,0,1,0,0,0,0,0,1,0,0
122.35,17,0,0,92,3,61,0,1.329891289892486,30.5875,0,0,0,0,0,0,0,1,0,1,0,0,0,0
115.37,2,0,0,79,1,27,1,1.4603797283496238,57.685,0,0,0,0,1,0,0,0,0,0,0,0,1,0
7.33,22,0,0,77,3,59,0,0.09519480395850904,1.8325,0,0,0,0,0,1,0,0,0,0,1,0,0,0
197.76,4,0,0,86,0,48,1,2.2995348569821528,197.76,0,0,0,0,0,0,0,0,1,0,0,0,1,0
60.53,1,0,0,60,0,47,1,1.0088333165194447,60.53,0,0,0,0,0,0,0,0,1,0,0,0,1,0
67.54,8,0,0,74,2,56,0,0.9127026903688826,22.513333333333335,0,0,0,0,0,0,0,1,0,0,0,1,0,0
75.08,17,0,0,87,4,36,0,0.8629884958277184,15.016,0,0,0,0,0,0,0,0,1,1,0,0,0,0
362.82,4,0,0,36,1,22,1,10.078333053379637,181.41,0,0,0,1,0,0,0,1,0,0,0,0,1,0
229.16,20,0,0,49,0,69,0,4.676734598433988,229.16,0,0,0,0,0,1,0,0,0,0,1,0,0,0
493.46,23,1,0,43,3,69,0,11.475813686608983,123.365,1,1,0,0,1,0,0,0,0,0,1,0,0,0
117.98,5,1,0,89,0,45,1,1.325617962633506,117.98,1,1,0,0,0,1,0,0,0,0,0,0,1,0
64.82,0,0,0,54,2,53,1,1.2003703481412897,21.606666666666666,0,0,0,0,0,1,0,0,0,0,0,0,1,0
220.98,10,0,0,65,1,54,0,3.39969225538935,110.49,0,0,0,0,1,0,0,0,0,0,0,1,0,0
35.87,20,0,0,49,2,69,0,0.7320408013869224,11.956666666666665,0,0,0,0,0,0,1,0,0,0,1,0,0,0
177.14,15,0,1,77,4,22,0,2.3005194506426045,35.428,1,1,0,0,0,0,1,0,0,1,0,0,0,0
220.04,4,0,0,80,2,57,1,2.7504999656187503,73.34666666666666,0,0,0,0,0,0,1,0,0,0,0,0,1,0
1.65,18,0,1,25,0,22,0,0.0659999973600001,1.65,1,1,0,1,0,1,0,0,0,0,1,0,0,0
34.96,14,0,0,79,1,38,0,0.44253163996795397,17.48,0,0,0,0,0,0,0,1,0,1,0,0,0,0
73.3,0,0,0,70,0,59,1,1.0471428421836737,73.3,0,0,0,0,0,0,0,1,0,0,0,0,1,0
311.3,11,1,1,43,3,39,0,7.2395347153596585,77.825,1,2,0,0,0,1,0,0,0,0,0,1,0,0
186.83,16,1,0,28,0,38,0,6.672499761696438,186.83,1,1,0,1,0,0,0,1,0,1,0,0,0,0
48.21,22,0,0,80,2,32,0,0.6026249924671876,16.07,0,0,0,0,0,0,0,0,1,0,1,0,0,0
60.61,15,0,0,88,4,22,0,0.6887499921732956,12.122,0,0,0,0,0,0,0,1,0,1,0,0,0,0
443.43,2,0,0,67,3,62,1,6.61835811017376,110.8575,0,0,0,0,1,0,0,0,0,0,0,0,1,0
55.65,9,0,0,51,2,63,0,1.0911764491926186,18.55,0,0,0,0,0,0,1,0,0,0,0,1,0,0
146.47,19,0,0,50,0,45,0,2.9293999414120013,146.47,0,0,0,0,0,0,0,0,1,0,1,0,0,0
266.78,10,0,0,63,2,29,0,4.234603107387252,88.92666666666666,0,0,0,0,0,0,1,0,0,0,0,1,0,0
460.34,22,0,0,88,3,51,0,5.231136304191633,115.085,0,0,0,0,0,0,0,1,0,0,1,0,0,0
216.43,6,0,0,75,3,37,0,2.8857332948568897,54.1075,0,0,0,0,1,0,0,0,0,0,0,1,0,0
184.96,19,0,0,71,2,18,0,2.6050703858440794,61.653333333333336,0,0,0,0,0,0,1,0,0,0,1,0,0,0
378.42,7,0,0,45,0,53,0,8.409333146459264,378.42,0,0,0,0,0,1,0,0,0,0,0,1,0,0
15.32,15,0,0,55,0,51,0,0.27854544948099186,15.32,0,0,0,0,1,0,0,0,0,1,0,0,0,0
153.72,22,0,0,96,3,64,0,1.6012499833203127,38.43,0,0,0,0,1,0,0,0,0,0,1,0,0,0
499.66,4,1,0,89,2,19,1,5.6141572402903686,166.55333333333334,1,1,0,0,0,1,0,0,0,0,0,0,1,0
196.81,12,0,0,45,1,31,0,4.373555458365434,98.405,0,0,0,0,0,0,1,0,0,1,0,0,0,0
83.35,0,1,0,30,2,52,1,2.778333240722225,27.78333333333333,1,1,0,1,0,0,0,1,0,0,0,0,1,1
137.53,3,0,0,94,2,46,1,1.4630850908182438,45.843333333333334,0,0,0,0,1,0,0,0,0,0,0,0,1,0
165.34,22,0,0,57,1,40,0,2.9007017034964617,82.67,0,0,0,0,1,0,0,0,0,0,1,0,0,0
350.91,22,0,0,99,4,37,0,3.544545418741966,70.182,0,0,0,0,0,0,1,0,0,0,1,0,0,0
56.85,20,0,0,27,4,27,0,2.105555477572019,11.370000000000001,0,0,0,1,1,0,0,0,0,0,1,0,0,0
104.64,12,0,0,26,3,51,0,4.024615229822491,26.16,0,0,0,1,0,0,0,1,0,1,0,0,0,0
69.68,19,0,0,71,2,65,0,0.9814084368815714,23.22666666666667,0,0,0,0,0,0,0,1,0,0,1,0,0,0
34.58,9,0,0,78,1,49,0,0.44333332764957273,17.29,0,0,0,0,0,1,0,0,0,0,0,1,0,0
157.58,13,0,0,85,1,64,0,1.8538823311307964,78.79,0,0,0,0,0,1,0,0,0,1,0,0,0,0
17.59,10,0,0,31,1,34,0,0.5674193365348601,8.795,0,0,0,1,0,0,1,0,0,0,0,1,0,0
20.65,2,1,0,94,0,48,1,0.21968084872679947,20.65,1,1,0,0,0,0,1,0,0,0,0,0,1,0
88.33,12,0,1,99,2,33,0,0.8922222132098766,29.44333333333333,1,1,0,0,0,0,0,0,1,1,0,0,0,0
197.6,0,0,0,37,4,39,1,5.340540396201611,39.519999999999996,0,0,0,1,0,0,1,0,0,0,0,0,1,0
14.89,23,0,0,40,3,63,0,0.37224999069375025,3.7225,0,0,0,0,0,0,0,1,0,0,1,0,0,0
43.44,18,0,0,65,1,55,0,0.6683076820260356,21.72,0,0,0,0,0,1,0,0,0,0,1,0,0,0
34.4,3,0,0,89,3,32,1,0.38651684958969834,8.6,0,0,0,0,0,0,0,0,1,0,0,0,1,0
24.74,17,0,0,49,2,63,0,0.5048979488796337,8.246666666666666,0,0,0,0,1,0,0,0,0,1,0,0,0,0
75.15,18,0,0,98,2,69,0,0.766836726869013,25.05,0,0,0,0,0,1,0,0,0,0,1,0,0,0
315.66,8,0,0,49,2,64,0,6.442040684856313,105.22000000000001,0,0,0,0,0,0,0,0,1,0,0,1,0,0
121.82,9,0,0,33,4,30,0,3.6915150396510596,24.363999999999997,0,0,0,1,0,0,1,0,0,0,0,1,0,0
320.85,18,0,0,50,2,32,0,6.416999871660003,106.95,0,0,0,0,0,1,0,0,0,0,1,0,0,0
442.33,22,1,0,38,1,31,0,11.64026285157203,221.165,1,1,0,1,0,0,0,0,1,0,1,0,0,0
279.72,19,0,0,55,0,24,0,5.085818089348763,279.72,0,0,0,0,0,1,0,0,0,0,1,0,0,0
188.86,0,0,0,29,1,47,1,6.512413568537464,94.43,0,0,0,1,0,0,0,1,0,0,0,0,1,0
785.57,11,1,0,74,1,66,0,10.61581066735391,392.785,1,1,1,0,0,0,0,0,1,0,0,1,0,0
248.79,19,0,0,41,2,44,0,6.068048632486619,82.92999999999999,0,0,0,0,0,0,0,0,1,0,1,0,0,0
1.64,17,0,0,54,2,61,0,0.030370369807956113,0.5466666666666666,0,0,0,0,0,1,0,0,0,1,0,0,0,0
91.38,7,1,0,67,1,49,0,1.363880576658499,45.69,1,1,0,0,0,0,0,1,0,0,0,1,0,0
89.7,18,0,0,85,0,55,0,1.055294105231834,89.7,0,0,0,0,1,0,0,0,0,0,1,0,0,0
171.91,9,0,0,44,0,58,0,3.907045365748969,171.91,0,0,0,0,0,0,0,0,1,0,0,1,0,0
82.04,20,0,1,93,1,57,0,0.8821505281489191,41.02,1,1,0,0,0,0,0,1,0,0,1,0,0,0
47.37,18,1,0,26,2,24,0,1.821923006849115,15.79,1,1,0,1,0,1,0,0,0,0,1,0,0,0
611.63,4,0,0,45,0,62,1,13.59177747573828,611.63,0,0,1,0,0,0,0,0,1,0,0,0,1,0
20.87,20,0,0,82,3,34,0,0.254512192018144,5.2175,0,0,0,0,1,0,0,0,0,0,1,0,0,0
18.12,20,0,0,39,5,58,0,0.46461537270216996,3.02,0,0,0,1,0,0,1,0,0,0,1,0,0,0
62.68,1,0,0,60,2,58,1,1.0446666492555559,20.893333333333334,0,0,0,0,1,0,0,0,0,0,0,0,1,0
35.65,16,0,0,56,2,34,0,0.6366071314891584,11.883333333333333,0,0,0,0,0,0,0,0,1,1,0,0,0,0
86.16,19,0,0,54,1,62,0,1.595555526008231,43.08,0,0,0,0,0,0,0,0,1,0,1,0,0,0
103.1,9,0,0,40,4,28,0,2.5774999355625017,20.619999999999997,0,0,0,0,0,0,1,0,0,0,0,1,0,0
203.13,9,1,0,73,2,63,0,2.782602701608182,67.71,1,1,0,0,0,1,0,0,0,0,0,1,0,0
337.39,19,0,0,71,3,36,0,4.751971764056735,84.3475,0,0,0,0,1,0,0,0,0,0,1,0,0,0
367.27,14,0,0,84,2,24,0,4.372261852711168,122.42333333333333,0,0,0,0,0,0,1,0,0,1,0,0,0,0
316.36,11,0,0,25,3,29,0,12.65439949382402,79.09,0,0,0,1,0,0,0,0,1,0,0,1,0,0
147.63,18,0,0,59,4,41,0,2.5022033474202825,29.526,0,0,0,0,0,0,1,0,0,0,1,0,0,0
200.16,2,0,0,53,1,43,1,3.776603702328232,100.08,0,0,0,0,0,0,0,1,0,0,0,0,1,0
38.77,15,0,0,45,5,46,0,0.861555536409877,6.461666666666667,0,0,0,0,1,0,0,0,0,1,0,0,0,0
21.3,3,0,0,91,2,68,1,0.234065931493781,7.1000000000000005,0,0,0,0,1,0,0,0,0,0,0,0,1,0
121.84,15,0,0,87,1,49,0,1.400459754017704,60.92,0,0,0,0,1,0,0,0,0,1,0,0,0,0
49.98,12,0,0,45,2,68,0,1.1106666419851858,16.66,0,0,0,0,0,0,0,0,1,1,0,0,0,0
372.04,3,0,0,26,1,43,1,14.309230218875761,186.02,0,0,0,1,1,0,0,0,0,0,0,0,1,0
745.27,11,0,0,86,3,66,0,8.66593013179151,186.3175,0,0,1,0,0,0,0,0,1,0,0,1,0,0
96.99,23,0,0,52,4,34,0,1.8651922718232254,19.398,0,0,0,0,0,0,0,1,0,0,1,0,0,0
160.59,14,0,0,96,0,39,0,1.67281248257487,160.59,0,0,0,0,0,0,0,1,0,1,0,0,0,0
326.93,17,0,0,52,1,47,0,6.287115263709322,163.465,0,0,0,0,1,0,0,0,0,1,0,0,0,0
67.24,11,0,0,67,2,41,0,1.0035820745734019,22.41333333333333,0,0,0,0,0,0,1,0,0,0,0,1,0,0
531.25,17,0,0,75,1,56,0,7.0833332388888905,265.625,0,0,1,0,0,0,0,0,1,1,0,0,0,0
134.06,9,0,0,41,4,63,0,3.269756017810829,26.812,0,0,0,0,0,0,0,0,1,0,0,1,0,0
334.67,18,0,1,28,3,66,0,11.952499573125015,83.6675,1,1,0,1,0,0,0,1,0,0,1,0,0,0
232.22,12,0,1,44,1,52,0,5.277727152778929,116.11,1,1,0,0,1,0,0,0,0,1,0,0,0,0
105.38,14,0,1,56,1,58,0,1.8817856806823985,52.69,1,1,0,0,1,0,0,0,0,1,0,0,0,0
1004.26,23,1,0,90,3,30,0,11.15844432046173,251.065,1,1,1,0,1,0,0,0,0,0,1,0,0,0
33.82,2,0,0,82,1,21,1,0.41243901936049976,16.91,0,0,0,0,0,0,0,1,0,0,0,0,1,0
304.66,20,0,0,47,4,29,0,6.482127521656862,60.932,0,0,0,0,0,1,0,0,0,0,1,0,0,0
80.15,14,0,1,38,4,23,0,2.1092104708102513,16.03,1,1,0,1,0,1,0,0,0,1,0,0,0,0
226.68,3,0,0,75,0,27,1,3.022399959701334,226.68,0,0,0,0,1,0,0,0,0,0,0,0,1,0
167.61,1,0,1,91,0,28,1,1.841868111627823,167.61,1,1,0,0,0,0,0,0,1,0,0,0,1,0
147.96,17,0,0,65,5,28,0,2.2763076572875747,24.66,0,0,0,0,0,0,1,0,0,1,0,0,0,0
98.87,19,0,0,37,1,29,0,2.6721620899415655,49.435,0,0,0,1,0,0,0,0,1,0,1,0,0,0
40.54,14,0,1,42,2,59,0,0.9652380722562364,13.513333333333334,1,1,0,0,0,0,0,1,0,1,0,0,0,0
269.19,3,0,0,27,1,47,1,9.969999630740753,134.595,0,0,0,1,0,0,0,1,0,0,0,0,1,0
295.8,22,0,0,80,6,52,0,3.697499953781251,42.25714285714286,0,0,0,0,0,1,0,0,0,0,1,0,0,0
5.7,3,0,0,81,4,64,1,0.07037036950160037,1.1400000000000001,0,0,0,0,1,0,0,0,0,0,0,0,1,0
432.34,7,0,0,70,0,51,0,6.176285626053063,432.34,0,0,0,0,1,0,0,0,0,0,0,1,0,0
155.14,14,0,0,56,0,48,0,2.7703570933864805,155.14,0,0,0,0,0,0,1,0,0,1,0,0,0,0
35.97,20,0,0,47,2,49,0,0.7653191326527844,11.99,0,0,0,0,1,0,0,0,0,0,1,0,0,0
515.59,13,0,0,60,1,67,0,8.593166523447225,257.795,0,0,1,0,0,0,0,0,1,1,0,0,0,0
82.99,19,0,0,30,4,39,0,2.7663332411222252,16.598,0,0,0,1,0,1,0,0,0,0,1,0,0,0
49.84,23,0,0,72,2,18,0,0.6922222126080249,16.613333333333333,0,0,0,0,0,0,0,0,1,0,1,0,0,0
157.49,18,0,0,98,3,23,0,1.6070407999281553,39.3725,0,0,0,0,0,0,0,1,0,0,1,0,0,0
386.63,19,1,0,39,5,63,0,9.913589489395141,64.43833333333333,1,1,0,1,0,0,0,0,1,0,1,0,0,1
662.28,23,1,0,29,3,35,0,22.83724059181929,165.57,1,1,1,1,1,0,0,0,0,0,1,0,0,0
217.9,18,0,0,27,1,29,0,8.070370071467774,108.95,0,0,0,1,0,0,0,1,0,0,1,0,0,0
104.09,19,0,0,85,1,65,0,1.2245882208871974,52.045,0,0,0,0,0,1,0,0,0,0,1,0,0,0
300.71,12,0,0,69,2,63,0,4.358115878867886,100.23666666666666,0,0,0,0,0,0,1,0,0,1,0,0,0,0
50.99,14,1,0,48,1,59,0,1.0622916445355908,25.495,1,1,0,0,0,0,1,0,0,1,0,0,0,0
401.74,5,0,0,37,3,41,1,10.85783754438277,100.435,0,0,0,1,0,0,0,0,1,0,0,0,1,0
768.26,22,0,0,83,2,58,0,9.25614446679344,256.08666666666664,0,0,1,0,0,0,0,0,1,0,1,0,0,0
71.75,16,0,0,66,1,61,0,1.087121195649679,35.875,0,0,0,0,1,0,0,0,0,1,0,0,0,0
19.86,12,1,0,26,3,66,0,0.7638461244674567,4.965,1,1,0,1,1,0,0,0,0,1,0,0,0,0
227.38,12,1,0,86,1,38,0,2.6439534576284482,113.69,1,1,0,0,1,0,0,0,0,1,0,0,0,0
20.06,5,0,1,32,3,61,1,0.6268749804101569,5.015,1,1,0,1,1,0,0,0,0,0,0,0,1,0
101.75,9,0,0,98,6,62,0,1.0382652955279053,14.535714285714286,0,0,0,0,0,0,1,0,0,0,0,1,0,0
65.03,23,1,0,80,2,32,0,0.8128749898390627,21.676666666666666,1,1,0,0,0,0,0,0,1,0,1,0,0,0
47.89,15,0,0,90,3,58,0,0.5321111051987655,11.9725,0,0,0,0,0,0,1,0,0,1,0,0,0,0
99.34,10,0,0,79,0,43,0,1.2574683385130592,99.34,0,0,0,0,0,0,0,0,1,0,0,1,0,0
116.48,13,0,0,86,3,53,0,1.3544185889021094,29.12,0,0,0,0,0,1,0,0,0,1,0,0,0,0
107.8,21,0,0,46,1,60,0,2.343478209924387,53.9,0,0,0,0,0,1,0,0,0,0,1,0,0,0
270.95,21,0,0,88,1,59,0,3.078977237738895,135.475,0,0,0,0,0,0,1,0,0,0,1,0,0,0
274.51,2,0,0,61,5,21,1,4.500163860653052,45.751666666666665,0,0,0,0,0,1,0,0,0,0,0,0,1,0
108.22,16,0,0,85,2,38,0,1.2731764556096887,36.07333333333333,0,0,0,0,0,0,0,0,1,1,0,0,0,0
241.06,4,0,1,85,2,55,1,2.8359999666352946,80.35333333333334,1,1,0,0,0,0,0,0,1,0,0,0,1,0
216.3,4,0,0,43,2,61,1,5.030232441157386,72.10000000000001,0,0,0,0,0,1,0,0,0,0,0,0,1,0
33.0,18,0,0,81,0,44,0,0.4074074023776864,33.0,0,0,0,0,0,0,1,0,0,0,1,0,0,0
372.97,22,0,0,25,1,60,0,14.918799403248025,186.485,0,0,0,1,1,0,0,0,0,0,1,0,0,0
257.45,15,0,0,94,1,24,0,2.738829758097556,128.725,0,0,0,0,1,0,0,0,0,1,0,0,0,0
427.5,2,0,0,88,2,67,1,4.857954490250517,142.5,0,0,0,0,0,0,0,1,0,0,0,0,1,0
34.39,7,0,0,94,2,46,0,0.3658510599377547,11.463333333333333,0,0,0,0,0,0,0,0,1,0,0,1,0,0
195.08,12,0,1,71,3,62,0,2.747605595104147,48.77,1,1,0,0,0,0,0,0,1,1,0,0,0,0
113.16,6,0,0,43,2,49,0,2.6316278457760967,37.72,0,0,0,0,1,0,0,0,0,0,0,1,0,0
43.51,16,0,0,73,3,35,0,0.5960273890955152,10.8775,0,0,0,0,0,0,0,0,1,1,0,0,0,0
525.63,8,0,1,25,4,52,0,21.02519915899203,105.126,1,1,1,1,0,0,1,0,0,0,0,1,0,0
72.51,17,0,0,52,2,29,0,1.3944230501072492,24.17,0,0,0,0,0,0,0,1,0,1,0,0,0,0
4.81,1,0,0,85,0,35,1,0.05658823462837371,4.81,0,0,0,0,1,0,0,0,0,0,0,0,1,0
17.96,18,0,0,49,1,43,0,0.3665306047646816,8.98,0,0,0,0,0,1,0,0,0,0,1,0,0,0
67.78,23,0,0,43,2,32,0,1.57627903310979,22.593333333333334,0,0,0,0,0,0,1,0,0,0,1,0,0,0
332.76,16,0,0,76,1,41,0,4.378420995020776,166.38,0,0,0,0,0,1,0,0,0,1,0,0,0,0
16.87,14,0,0,79,0,69,0,0.21354430109437594,16.87,0,0,0,0,0,1,0,0,0,1,0,0,0,0
48.75,12,0,0,53,1,26,0,0.9198113033997868,24.375,0,0,0,0,0,1,0,0,0,1,0,0,0,0
115.45,8,0,0,39,5,43,0,2.960256334352402,19.241666666666667,0,0,0,1,0,0,0,1,0,0,0,1,0,0
11.62,22,0,0,75,1,46,0,0.15493333126755557,5.81,0,0,0,0,0,0,0,1,0,0,1,0,0,0
268.22,15,0,0,72,1,18,0,3.72527772603781,134.11,0,0,0,0,0,0,1,0,0,1,0,0,0,0
24.97,23,0,0,63,0,44,0,0.3963492000579492,24.97,0,0,0,0,0,0,1,0,0,0,1,0,0,0
155.64,18,0,0,74,3,58,0,2.1032432148210374,38.91,0,0,0,0,0,0,0,1,0,0,1,0,0,0
56.4,20,0,0,33,3,35,0,1.7090908573002772,14.1,0,0,0,1,0,0,1,0,0,0,1,0,0,0
24.27,11,0,0,90,1,43,0,0.2696666636703704,12.135,0,0,0,0,1,0,0,0,0,0,0,1,0,0
108.19,21,0,1,43,3,60,0,2.516046453115199,27.0475,1,1,0,0,1,0,0,0,0,0,1,0,0,0
22.17,1,0,0,92,1,32,1,0.24097825825023636,11.085,0,0,0,0,0,1,0,0,0,0,0,0,1,0
127.28,1,1,0,63,0,38,1,2.02031742824893,127.28,1,1,0,0,0,0,0,1,0,0,0,0,1,0
81.49,16,0,0,48,0,43,0,1.6977082979644105,81.49,0,0,0,0,1,0,0,0,0,1,0,0,0,0
100.39,8,0,0,61,2,32,0,1.6457376779387267,33.46333333333333,0,0,0,0,0,0,0,1,0,0,0,1,0,0
91.66,8,0,0,88,1,28,0,1.0415908972546488,45.83,0,0,0,0,0,0,1,0,0,0,0,1,0,0
52.6,19,0,0,56,4,55,0,0.9392856975127555,10.52,0,0,0,0,0,0,0,1,0,0,1,0,0,0
42.66,21,0,0,26,2,31,0,1.640769167662724,14.219999999999999,0,0,0,1,0,0,1,0,0,0,1,0,0,0
11.82,2,0,0,29,1,21,1,0.40758619284185543,5.91,0,0,0,1,0,0,0,0,1,0,0,0,1,0
129.02,8,1,0,43,2,46,0,3.000465046500813,43.00666666666667,1,1,0,0,0,0,1,0,0,0,0,1,0,0
200.42,21,0,1,93,1,53,0,2.1550537402682393,100.21,1,1,0,0,0,0,1,0,0,0,1,0,0,0
16.21,3,0,0,44,3,64,1,0.36840908253615723,4.0525,0,0,0,0,0,1,0,0,0,0,0,0,1,0
39.48,8,0,0,67,2,61,0,0.5892537225484519,13.159999999999998,0,0,0,0,0,0,1,0,0,0,0,1,0,0
351.78,12,1,0,61,3,18,0,5.766885151362538,87.945,1,1,0,0,0,0,0,0,1,1,0,0,0,0
96.76,9,0,0,65,0,26,0,1.48861536171361,96.76,0,0,0,0,0,0,1,0,0,0,0,1,0,0
10.49,20,0,0,60,2,42,0,0.17483333041944452,3.4966666666666666,0,0,0,0,0,0,0,1,0,0,1,0,0,0
50.67,23,0,0,39,1,65,0,1.2992307359171607,25.335,0,0,0,1,0,0,1,0,0,0,1,0,0,0
66.67,13,0,0,86,3,67,0,0.775232549125203,16.6675,0,0,0,0,0,1,0,0,0,1,0,0,0,0
8.35,14,0,0,46,0,28,0,0.1815217351843101,8.35,0,0,0,0,0,0,0,1,0,1,0,0,0,0
62.78,18,0,0,49,0,43,0,1.2812244636484804,62.78,0,0,0,0,1,0,0,0,0,0,1,0,0,0
59.39,14,0,0,76,1,25,0,0.7814473581388506,29.695,0,0,0,0,1,0,0,0,0,1,0,0,0,0
54.21,11,0,0,26,3,69,0,2.084999919807695,13.5525,0,0,0,1,0,0,1,0,0,0,0,1,0,0
205.16,19,0,0,56,2,58,0,3.6635713631505116,68.38666666666667,0,0,0,0,0,0,0,1,0,0,1,0,0,0
384.56,6,0,0,32,1,26,0,12.017499624453137,192.28,0,0,0,1,0,0,0,0,1,0,0,1,0,0
205.12,2,0,0,26,5,45,1,7.889230465798828,34.18666666666667,0,0,0,1,0,0,0,0,1,0,0,0,1,1
16.82,13,0,0,33,1,53,0,0.5096969542516075,8.41,0,0,0,1,1,0,0,0,0,1,0,0,0,0
200.51,16,0,1,40,3,34,0,5.012749874681253,50.1275,1,1,0,0,0,0,0,0,1,1,0,0,0,0
107.09,8,0,1,83,4,58,0,1.29024094831035,21.418,1,1,0,0,0,1,0,0,0,0,0,1,0,0
1.33,11,0,0,70,1,40,0,0.018999999728571436,0.665,0,0,0,0,0,0,0,1,0,0,0,1,0,0
122.39,20,0,0,66,1,29,0,1.854393911297062,61.195,0,0,0,0,1,0,0,0,0,0,1,0,0,0
109.61,23,0,0,99,2,35,0,1.1071717059881645,36.53666666666667,0,0,0,0,0,0,1,0,0,0,1,0,0,0
234.87,7,0,0,33,3,18,0,7.117272511597803,58.7175,0,0,0,1,0,1,0,0,0,0,0,1,0,0
46.23,11,1,0,34,3,58,0,1.3597058423615929,11.5575,1,1,0,1,0,0,0,1,0,0,0,1,0,0
56.35,19,0,0,97,2,39,0,0.5809278290625998,18.783333333333335,0,0,0,0,0,0,0,1,0,0,1,0,0,0
107.7,22,0,0,95,5,39,0,1.133684198592798,17.95,0,0,0,0,0,1,0,0,0,0,1,0,0,0
156.85,9,0,0,59,2,34,0,2.658474531212296,52.28333333333333,0,0,0,0,0,0,0,1,0,0,0,1,0,0
140.42,1,0,0,43,2,46,1,3.2655813194050856,46.806666666666665,0,0,0,0,0,0,0,0,1,0,0,0,1,0
12.64,4,0,0,29,2,36,1,0.43586205393579125,4.213333333333334,0,0,0,1,0,1,0,0,0,0,0,0,1,0
24.35,16,0,0,66,4,22,0,0.36893938834940326,4.87,0,0,0,0,0,0,1,0,0,1,0,0,0,0
350.79,23,0,0,51,2,41,0,6.878235159250292,116.93,0,0,0,0,0,1,0,0,0,0,1,0,0,0
79.02,0,0,0,39,2,21,1,2.0261537942011847,26.34,0,0,0,1,1,0,0,0,0,0,0,0,1,0
488.38,21,0,0,67,2,63,0,7.289253622548453,162.79333333333332,0,0,0,0,1,0,0,0,0,0,1,0,0,0
41.29,12,0,0,60,0,52,0,0.6881666551972224,41.29,0,0,0,0,0,0,0,1,0,1,0,0,0,0
88.03,18,0,0,51,1,22,0,1.7260783975278746,44.015,0,0,0,0,1,0,0,0,0,0,1,0,0,0
75.62,3,0,0,88,1,26,1,0.8593181720532027,37.81,0,0,0,0,0,0,0,1,0,0,0,0,1,0
232.0,14,0,0,39,1,40,0,5.948717796186724,116.0,0,0,0,1,1,0,0,0,0,1,0,0,0,0
740.75,1,0,0,73,3,25,1,10.14726013496904,185.1875,0,0,1,0,0,0,1,0,0,0,0,0,1,0
32.79,6,0,0,35,1,44,0,0.9368571160897967,16.395,0,0,0,1,0,1,0,0,0,0,0,1,0,0
98.58,16,0,0,34,0,18,0,2.8994116794290683,98.58,0,0,0,1,0,0,0,1,0,1,0,0,0,0
180.52,8,0,0,54,2,68,0,3.342962901056243,60.17333333333334,0,0,0,0,1,0,0,0,0,0,0,1,0,0
53.7,1,0,0,26,3,23,1,2.0653845359467486,13.425,0,0,0,1,0,1,0,0,0,0,0,0,1,0
429.16,5,0,0,73,2,46,1,5.87890402905611,143.05333333333334,0,0,0,0,0,0,0,0,1,0,0,0,1,0
809.75,8,0,0,87,1,35,0,9.30747115738539,404.875,0,0,1,0,0,0,0,0,1,0,0,1,0,0
135.69,5,0,0,76,0,69,1,1.7853947133500696,135.69,0,0,0,0,0,0,1,0,0,0,0,0,1,0
78.87,5,0,0,78,2,34,1,1.0111538331903356,26.290000000000003,0,0,0,0,1,0,0,0,0,0,0,0,1,0
128.97,21,0,0,98,1,25,0,1.3160203947344857,64.485,0,0,0,0,0,1,0,0,0,0,1,0,0,0
35.4,5,1,0,39,2,33,1,0.9076922844181465,11.799999999999999,1,1,0,1,0,0,0,0,1,0,0,0,1,0
23.43,12,0,0,54,1,60,0,0.43388888085390964,11.715,0,0,0,0,0,0,0,0,1,1,0,0,0,0
71.73,0,0,0,31,2,68,1,2.313870893100939,23.91,0,0,0,1,1,0,0,0,0,0,0,0,1,0
97.65,1,0,0,63,3,45,1,1.5499999753968259,24.4125,0,0,0,0,1,0,0,0,0,0,0,0,1,0
23.27,22,0,0,88,0,52,0,0.26443181517691117,23.27,0,0,0,0,0,0,1,0,0,0,1,0,0,0
214.94,3,0,0,75,2,30,1,2.8658666284551115,71.64666666666666,0,0,0,0,0,1,0,0,0,0,0,0,1,0
82.25,9,0,1,84,3,56,0,0.9791666550099208,20.5625,1,1,0,0,1,0,0,0,0,0,0,1,0,0
416.75,4,0,0,56,1,45,1,7.441964152822069,208.375,0,0,0,0,0,0,0,1,0,0,0,0,1,0
27.92,23,0,0,80,2,21,0,0.34899999563750006,9.306666666666667,0,0,0,0,0,1,0,0,0,0,1,0,0,0
138.44,6,1,0,93,1,34,0,1.48860213453116,69.22,1,1,0,0,0,0,0,1,0,0,0,1,0,0
129.28,6,0,0,48,4,24,0,2.6933332772222234,25.856,0,0,0,0,0,0,0,1,0,0,0,1,0,0
200.39,9,0,0,84,4,55,0,2.385595209695295,40.077999999999996,0,0,0,0,0,0,0,1,0,0,0,1,0,0
318.68,3,0,0,44,2,60,1,7.242727108119839,106.22666666666667,0,0,0,0,1,0,0,0,0,0,0,0,1,0
88.8,7,0,0,77,3,47,0,1.1532467382695228,22.2,0,0,0,0,1,0,0,0,0,0,0,1,0,0
62.64,7,0,0,72,5,24,0,0.8699999879166669,10.44,0,0,0,0,0,0,1,0,0,0,0,1,0,0
5.08,11,0,0,40,0,63,0,0.1269999968250001,5.08,0,0,0,0,0,0,0,0,1,0,0,1,0,0
30.64,4,1,0,43,4,20,1,0.7125581229637646,6.128,1,1,0,0,1,0,0,0,0,0,0,0,1,0
87.18,16,0,0,54,1,19,0,1.6144444145473258,43.59,0,0,0,0,0,0,1,0,0,1,0,0,0,0
86.02,5,0,0,26,3,40,1,3.308461411213022,21.505,0,0,0,1,0,0,0,1,0,0,0,0,1,0
39.36,14,0,0,25,3,65,0,1.5743999370240025,9.84,0,0,0,1,0,1,0,0,0,1,0,0,0,0
65.82,22,0,0,97,2,36,0,0.6785566940354979,21.939999999999998,0,0,0,0,0,0,0,1,0,0,1,0,0,0
12.99,21,0,0,29,3,66,0,0.4479310190368614,3.2475,0,0,0,1,1,0,0,0,0,0,1,0,0,0
180.69,14,0,1,75,2,64,0,2.409199967877334,60.23,1,1,0,0,1,0,0,0,0,1,0,0,0,0
728.02,13,0,0,98,0,54,0,7.428775434400251,728.02,0,0,1,0,0,0,0,1,0,1,0,0,0,0
293.63,18,1,1,62,1,36,0,4.735967665548909,146.815,1,2,0,0,1,0,0,0,0,0,1,0,0,0
145.71,17,1,0,50,1,31,0,2.9141999417160016,72.855,1,1,0,0,0,1,0,0,0,1,0,0,0,0
512.22,18,0,0,75,3,30,0,6.829599908938668,128.055,0,0,1,0,0,1,0,0,0,0,1,0,0,0
23.29,10,0,0,30,1,20,0,0.7763333074555564,11.645,0,0,0,1,0,0,1,0,0,0,0,1,0,0
252.85,5,1,0,53,0,60,1,4.770754626966894,252.85,1,1,0,0,0,0,1,0,0,0,0,0,1,0
115.72,6,0,0,28,1,24,0,4.132856995255107,57.86,0,0,0,1,0,1,0,0,0,0,0,1,0,0
337.88,3,0,0,91,1,48,1,3.7129669921651978,168.94,0,0,0,0,1,0,0,0,0,0,0,0,1,0
642.61,0,0,0,64,0,20,1,10.040781093112797,642.61,0,0,1,0,0,0,0,1,0,0,0,0,1,0
97.72,15,0,0,91,1,40,0,1.0738461420456469,48.86,0,0,0,0,0,0,0,0,1,1,0,0,0,0
385.35,6,0,0,89,3,29,0,4.329775232249717,96.3375,0,0,0,0,0,0,0,1,0,0,0,1,0,0
113.4,5,0,0,72,4,65,1,1.5749999781250004,22.68,0,0,0,0,0,0,0,1,0,0,0,0,1,0
274.04,21,0,1,73,2,47,0,3.753972551315445,91.34666666666668,1,1,0,0,0,0,0,1,0,0,1,0,0,0
309.92,16,0,0,48,0,28,0,6.456666532152782,309.92,0,0,0,0,0,0,1,0,0,1,0,0,0,0
34.14,7,0,0,96,2,44,0,0.355624996295573,11.38,0,0,0,0,0,0,0,1,0,0,0,1,0,0
229.4,5,1,0,36,3,25,1,6.372222045216055,57.35,1,1,0,1,0,0,0,1,0,0,0,0,1,0
16.66,9,0,0,86,2,55,0,0.19372092797998922,5.553333333333334,0,0,0,0,0,0,1,0,0,0,0,1,0,0
107.54,22,0,0,33,1,56,0,3.258787780036734,53.77,0,0,0,1,0,0,0,0,1,0,1,0,0,0
44.06,2,0,0,38,0,66,1,1.1594736536980619,44.06,0,0,0,1,1,0,0,0,0,0,0,0,1,0
278.66,19,1,0,76,0,54,0,3.6665788991239623,278.66,1,1,0,0,1,0,0,0,0,0,1,0,0,0
112.45,12,1,0,93,2,68,0,1.2091397719447337,37.483333333333334,1,1,0,0,1,0,0,0,0,1,0,0,0,0
24.63,17,0,0,54,0,49,0,0.4561111026646092,24.63,0,0,0,0,0,0,0,1,0,1,0,0,0,0
118.37,2,1,0,60,5,57,1,1.9728333004527785,19.728333333333335,1,1,0,0,0,0,0,1,0,0,0,0,1,1
60.7,3,0,0,83,3,66,1,0.7313252923936713,15.175,0,0,0,0,1,0,0,0,0,0,0,0,1,0
426.28,5,0,0,47,4,34,1,9.069787041068361,85.256,0,0,0,0,0,1,0,0,0,0,0,0,1,0
154.95,9,0,0,30,2,55,0,5.164999827833339,51.65,0,0,0,1,0,0,0,1,0,0,0,1,0,0
111.14,4,0,0,38,1,26,1,2.9247367651385066,55.57,0,0,0,1,1,0,0,0,0,0,0,0,1,0
131.09,19,0,0,46,3,35,0,2.849782546743858,32.7725,0,0,0,0,1,0,0,0,0,0,1,0,0,0
484.2,11,0,0,67,2,26,0,7.226865563778126,161.4,0,0,0,0,0,0,1,0,0,0,0,1,0,0
485.06,4,0,0,63,2,58,1,7.6993649571529374,161.68666666666667,0,0,0,0,0,0,1,0,0,0,0,0,1,0
333.76,12,0,0,41,3,41,0,8.140487606329572,83.44,0,0,0,0,0,0,1,0,0,1,0,0,0,0
264.88,9,1,0,38,0,46,0,6.970526132354576,264.88,1,1,0,1,0,0,1,0,0,0,0,1,0,0
168.72,15,0,0,86,1,29,0,1.9618604423039483,84.36,0,0,0,0,0,0,1,0,0,1,0,0,0,0
243.61,20,0,0,82,4,25,0,2.9708536223066635,48.722,0,0,0,0,0,0,0,0,1,0,1,0,0,0
78.77,21,0,0,57,1,34,0,1.381929800317021,39.385,0,0,0,0,0,0,1,0,0,0,1,0,0,0
2.15,13,0,0,70,0,43,0,0.03071428527551021,2.15,0,0,0,0,0,0,0,1,0,1,0,0,0,0
111.73,16,0,0,25,1,38,0,4.469199821232007,55.865,0,0,0,1,0,1,0,0,0,1,0,0,0,0
41.98,12,0,0,30,1,55,0,1.3993332866888903,20.99,0,0,0,1,1,0,0,0,0,1,0,0,0,0
299.22,11,0,1,25,0,53,0,11.96879952124802,299.22,1,1,0,1,0,1,0,0,0,0,0,1,0,0
127.87,17,0,0,43,1,65,0,2.9737208610762593,63.935,0,0,0,0,0,0,0,0,1,1,0,0,0,0
384.24,20,0,0,98,1,67,0,3.920816286522283,192.12,0,0,0,0,1,0,0,0,0,0,1,0,0,0
65.31,15,0,0,56,0,57,0,1.1662499791741077,65.31,0,0,0,0,0,0,1,0,0,1,0,0,0,0
156.14,8,1,1,41,4,55,0,3.808292590041644,31.227999999999998,1,2,0,0,0,1,0,0,0,0,0,1,0,0
66.39,17,0,0,62,2,28,0,1.0708064343418318,22.13,0,0,0,0,0,0,0,0,1,1,0,0,0,0
144.55,19,0,0,80,3,65,0,1.8068749774140629,36.1375,0,0,0,0,1,0,0,0,0,0,1,0,0,0
219.18,13,0,0,28,2,34,0,7.827856863290826,73.06,0,0,0,1,0,0,0,1,0,1,0,0,0,0
361.91,15,0,0,62,2,24,0,5.8372579703668075,120.63666666666667,0,0,0,0,0,0,1,0,0,1,0,0,0,0
67.95,8,0,0,27,3,45,0,2.5166665734567935,16.9875,0,0,0,1,0,0,1,0,0,0,0,1,0,0
24.66,8,0,0,31,3,68,0,0.7954838453069727,6.165,0,0,0,1,0,0,1,0,0,0,0,1,0,0
39.38,9,1,0,35,2,44,0,1.1251428249959194,13.126666666666667,1,1,0,1,0,0,0,0,1,0,0,1,0,0
236.26,23,0,0,28,3,49,0,8.437856841505113,59.065,0,0,0,1,0,1,0,0,0,0,1,0,0,0
112.99,12,0,0,61,0,61,0,1.8522950516017205,112.99,0,0,0,0,0,0,0,1,0,1,0,0,0,0
113.35,4,0,0,65,2,40,1,1.7438461270177519,37.78333333333333,0,0,0,0,0,0,1,0,0,0,0,0,1,0
450.61,3,0,0,52,2,34,1,8.665576756431216,150.20333333333335,0,0,0,0,0,0,1,0,0,0,0,0,1,0
254.13,11,0,1,87,2,63,0,2.9210344491835123,84.71,1,1,0,0,0,0,0,0,1,0,0,1,0,0
15.04,3,0,0,36,3,29,1,0.41777776617283985,3.76,0,0,0,1,0,1,0,0,0,0,0,0,1,0
284.32,23,0,0,50,3,23,0,5.686399886272002,71.08,0,0,0,0,0,0,0,1,0,0,1,0,0,0
536.06,10,0,0,28,2,49,0,19.144999316250022,178.68666666666664,0,0,1,1,0,0,1,0,0,0,0,1,0,0
13.86,20,0,0,87,5,26,0,0.15931034299643285,2.31,0,0,0,0,0,0,0,1,0,0,1,0,0,0
1.8,15,0,0,92,3,21,0,0.019565217178638943,0.45,0,0,0,0,1,0,0,0,0,1,0,0,0,0
49.01,5,0,0,72,2,27,1,0.6806944349903551,16.336666666666666,0,0,0,0,0,0,0,1,0,0,0,0,1,0
178.45,10,0,0,58,0,64,0,3.0767240848840673,178.45,0,0,0,0,0,0,0,1,0,0,0,1,0,0
196.04,18,0,0,54,6,45,0,3.630370303141291,28.005714285714284,0,0,0,0,0,0,0,1,0,0,1,0,0,0
12.58,15,0,0,44,0,49,0,0.2859090844111572,12.58,0,0,0,0,0,0,0,1,0,1,0,0,0,0
288.61,1,0,0,91,1,21,1,3.171538426686391,144.305,0,0,0,0,0,1,0,0,0,0,0,0,1,0
34.52,16,0,0,94,4,38,0,0.36723403864644644,6.904000000000001,0,0,0,0,0,0,0,1,0,1,0,0,0,0
173.77,19,0,0,60,1,68,0,2.8961666183972232,86.885,0,0,0,0,1,0,0,0,0,0,1,0,0,0
176.86,18,0,0,75,0,69,0,2.3581333018915562,176.86,0,0,0,0,1,0,0,0,0,0,1,0,0,0
606.12,13,0,0,86,2,19,0,7.0479068947917805,202.04,0,0,1,0,0,0,1,0,0,1,0,0,0,0
84.56,5,0,0,86,3,31,1,0.9832558025202814,21.14,0,0,0,0,1,0,0,0,0,0,0,0,1,0
33.57,15,0,0,97,2,35,0,0.3460824706589436,11.19,0,0,0,0,0,0,1,0,0,1,0,0,0,0
88.43,17,0,0,75,0,53,0,1.1790666509457781,88.43,0,0,0,0,0,1,0,0,0,1,0,0,0,0
3.64,7,0,0,48,3,19,0,0.07583333175347226,0.91,0,0,0,0,0,1,0,0,0,0,0,1,0,0
244.0,9,0,0,50,3,25,0,4.8799999024000025,61.0,0,0,0,0,0,1,0,0,0,0,0,1,0,0
54.15,2,0,0,54,3,35,1,1.0027777592078193,13.5375,0,0,0,0,0,1,0,0,0,0,0,0,1,0
105.59,15,0,0,49,2,18,0,2.154897915206165,35.196666666666665,0,0,0,0,0,1,0,0,0,1,0,0,0,0
620.65,12,0,0,80,2,41,0,7.758124903023439,206.88333333333333,0,0,1,0,0,1,0,0,0,1,0,0,0,0
316.34,14,0,0,94,2,57,0,3.3653191131349027,105.44666666666666,0,0,0,0,0,0,0,0,1,1,0,0,0,0
29.92,9,0,0,70,1,67,0,0.4274285653224491,14.96,0,0,0,0,0,0,0,0,1,0,0,1,0,0
146.44,0,0,1,79,2,50,1,1.8536708626117613,48.81333333333333,1,1,0,0,0,0,1,0,0,0,0,0,1,0
234.66,9,0,0,36,0,46,0,6.518333152268524,234.66,0,0,0,1,0,0,1,0,0,0,0,1,0,0
87.06,12,0,0,93,3,18,0,0.9361290221921611,21.765,0,0,0,0,1,0,0,0,0,1,0,0,0,0
497.13,17,0,0,77,4,24,0,6.456233682386576,99.426,0,0,0,0,1,0,0,0,0,1,0,0,0,0
11.57,10,0,0,97,0,59,0,0.11927834928579022,11.57,0,0,0,0,0,1,0,0,0,0,0,1,0,0
158.56,20,0,0,54,0,58,0,2.93629624192044,158.56,0,0,0,0,0,0,0,0,1,0,1,0,0,0
56.23,1,0,0,67,3,34,1,0.8392537188171086,14.0575,0,0,0,0,0,0,0,0,1,0,0,0,1,0
3.48,9,0,0,83,3,52,0,0.04192771033822036,0.87,0,0,0,0,0,0,0,1,0,0,0,1,0,0
26.24,17,0,0,58,4,33,0,0.4524137853032106,5.247999999999999,0,0,0,0,1,0,0,0,0,1,0,0,0,0
11.92,3,0,0,56,3,62,1,0.21285713905612252,2.98,0,0,0,0,1,0,0,0,0,0,0,0,1,0
78.37,15,0,1,32,1,42,0,2.4490624234667995,39.185,1,1,0,1,0,0,0,1,0,1,0,0,0,0
140.27,15,0,0,58,2,66,0,2.418448234164686,46.75666666666667,0,0,0,0,1,0,0,0,0,1,0,0,0,0
77.74,13,0,0,70,1,32,0,1.1105714127061226,38.87,0,0,0,0,0,0,1,0,0,1,0,0,0,0
85.27,14,0,0,49,3,36,0,1.7402040461182848,21.3175,0,0,0,0,0,0,1,0,0,1,0,0,0,0
68.08,17,0,1,85,1,43,0,0.800941167047751,34.04,1,1,0,0,0,0,0,0,1,1,0,0,0,0
216.54,6,0,0,27,4,28,0,8.019999702962973,43.308,0,0,0,1,1,0,0,0,0,0,0,1,0,0
25.61,9,0,0,90,2,28,0,0.2845555523938272,8.536666666666667,0,0,0,0,0,0,0,0,1,0,0,1,0,0
132.81,3,0,0,62,3,45,1,2.142096739643601,33.2025,0,0,0,0,0,0,0,1,0,0,0,0,1,0
52.22,8,0,1,77,2,53,0,0.6781818093742622,17.406666666666666,1,1,0,0,0,0,0,0,1,0,0,1,0,0
63.93,16,0,0,31,2,53,0,2.0622579979916775,21.31,0,0,0,1,0,0,0,1,0,1,0,0,0,0
112.25,1,0,0,62,4,30,1,1.8104838417663898,22.45,0,0,0,0,0,0,1,0,0,0,0,0,1,0
291.26,18,0,0,83,0,62,0,3.509156584227029,291.26,0,0,0,0,0,0,0,0,1,0,1,0,0,0
19.09,19,0,0,62,3,64,0,0.30790322084027066,4.7725,0,0,0,0,0,0,0,1,0,0,1,0,0,0
16.66,20,0,0,94,3,44,0,0.17723404066772297,4.165,0,0,0,0,1,0,0,0,0,0,1,0,0,0
180.69,7,0,0,26,0,22,0,6.949615117322495,180.69,0,0,0,1,0,0,0,1,0,0,0,1,0,0
56.52,23,0,0,81,4,18,0,0.6977777691632375,11.304,0,0,0,0,0,0,1,0,0,0,1,0,0,0
193.63,17,0,0,29,4,24,0,6.676896321486334,38.726,0,0,0,1,0,0,1,0,0,1,0,0,0,0
263.56,7,1,0,39,3,49,0,6.757948544667986,65.89,1,1,0,1,0,1,0,0,0,0,0,1,0,0
534.63,9,0,0,81,1,40,0,6.600370288884317,267.315,0,0,1,0,0,0,0,0,1,0,0,1,0,0
101.84,12,0,0,51,2,47,0,1.9968627059438686,33.946666666666665,0,0,0,0,0,0,1,0,0,1,0,0,0,0
146.48,11,0,0,55,2,20,0,2.6632726788495877,48.82666666666666,0,0,0,0,0,0,1,0,0,0,0,1,0,0
79.37,8,0,1,64,3,21,0,1.240156230622559,19.8425,1,1,0,0,0,0,0,1,0,0,0,1,0,0
276.18,8,0,0,93,4,66,0,2.969677387422824,55.236000000000004,0,0,0,0,0,0,1,0,0,0,0,1,0,0
362.02,13,0,0,68,1,40,0,5.323823451120243,181.01,0,0,0,0,0,1,0,0,0,1,0,0,0,0
40.38,19,0,0,85,0,34,0,0.47505881794048455,40.38,0,0,0,0,0,0,1,0,0,0,1,0,0,0
52.55,8,0,0,42,2,25,0,1.2511904464002275,17.516666666666666,0,0,0,0,0,0,0,1,0,0,0,1,0,0
40.17,23,0,0,86,1,56,0,0.4670930178244998,20.085,0,0,0,0,0,0,1,0,0,0,1,0,0,0
205.24,13,0,0,95,4,46,0,2.1604210298903053,41.048,0,0,0,0,0,0,0,0,1,1,0,0,0,0
102.21,15,0,0,89,1,23,0,1.1484269533884612,51.105,0,0,0,0,0,0,1,0,0,1,0,0,0,0
118.74,20,0,0,92,1,69,0,1.2906521598842156,59.37,0,0,0,0,0,1,0,0,0,0,1,0,0,0
418.55,6,0,0,45,2,69,0,9.301110904419758,139.51666666666668,0,0,0,0,0,0,0,1,0,0,0,1,0,0
175.47,19,0,0,29,5,40,0,6.05068944652795,29.245,0,0,0,1,0,0,0,0,1,0,1,0,0,0
377.7,7,1,0,81,2,62,0,4.66296290539552,125.89999999999999,1,1,0,0,0,0,0,0,1,0,0,1,0,0
586.8,18,0,0,50,1,21,0,11.735999765280004,293.4,0,0,1,0,0,0,1,0,0,0,1,0,0,0
188.11,18,0,0,27,2,37,0,6.967036778998638,62.70333333333334,0,0,0,1,0,0,0,0,1,0,1,0,0,0
167.84,9,0,0,96,1,63,0,1.7483333151215281,83.92,0,0,0,0,0,1,0,0,0,0,0,1,0,0
148.43,8,0,0,78,1,45,0,1.90294869355194,74.215,0,0,0,0,0,0,0,1,0,0,0,1,0,0
295.84,11,0,1,69,4,39,0,4.287536169745852,59.16799999999999,1,1,0,0,0,1,0,0,0,0,0,1,0,0
142.51,7,0,0,74,2,44,0,1.9258107847863406,47.50333333333333,0,0,0,0,0,0,0,0,1,0,0,1,0,0
177.15,10,0,0,95,4,32,0,1.8647368224764547,35.43,0,0,0,0,0,1,0,0,0,0,0,1,0,0
512.7,6,0,0,39,3,26,0,13.146153509072988,128.175,0,0,1,1,0,0,1,0,0,0,0,1,0,0
31.53,12,0,0,96,1,28,0,0.3284374965787761,15.765,0,0,0,0,1,0,0,0,0,1,0,0,0,0
391.17,23,0,0,62,0,20,0,6.309193446625913,391.17,0,0,0,0,0,0,0,0,1,0,1,0,0,0
44.43,3,0,0,52,3,26,1,0.8544230604918642,11.1075,0,0,0,0,1,0,0,0,0,0,0,0,1,0
288.4,10,0,0,75,3,42,0,3.8453332820622226,72.1,0,0,0,0,0,0,0,1,0,0,0,1,0,0
224.18,6,0,0,29,0,26,0,7.730344561022601,224.18,0,0,0,1,0,0,0,0,1,0,0,1,0,0
175.38,22,0,0,68,2,30,0,2.5791176091306234,58.46,0,0,0,0,0,0,1,0,0,0,1,0,0,0
123.98,2,0,0,43,1,56,1,2.8832557469010296,61.99,0,0,0,0,0,0,1,0,0,0,0,0,1,0
51.0,6,0,0,55,3,33,0,0.9272727104132235,12.75,0,0,0,0,1,0,0,0,0,0,0,1,0,0
223.08,21,0,0,85,2,63,0,2.62447055735917,74.36,0,0,0,0,1,0,0,0,0,0,1,0,0,0
31.7,0,0,0,62,1,53,1,0.5112903143340272,15.85,0,0,0,0,0,0,1,0,0,0,0,0,1,0
107.63,13,1,0,59,4,63,0,1.8242372572163177,21.526,1,1,0,0,0,0,1,0,0,1,0,0,0,0
311.58,21,1,0,66,0,60,0,4.720909019380167,311.58,1,1,0,0,0,0,0,0,1,0,1,0,0,0
189.7,23,0,0,90,1,27,0,2.107777754358025,94.85,0,0,0,0,0,0,0,0,1,0,1,0,0,0
90.33,7,0,0,87,2,25,0,1.0382758501347604,30.11,0,0,0,0,0,0,0,0,1,0,0,1,0,0
1285.21,10,0,0,63,2,54,0,20.400158406346694,428.40333333333336,0,0,1,0,0,1,0,0,0,0,0,1,0,0
195.16,16,0,1,90,2,40,0,2.1684444203506175,65.05333333333333,1,1,0,0,1,0,0,0,0,1,0,0,0,0
514.42,12,0,0,52,3,28,0,9.892692117448227,128.605,0,0,1,0,0,1,0,0,0,1,0,0,0,0
64.5,4,0,0,35,1,32,1,1.8428570902040833,32.25,0,0,0,1,0,0,0,0,1,0,0,0,1,0
112.83,11,0,0,74,2,66,0,1.5247297091252743,37.61,0,0,0,0,0,1,0,0,0,0,0,1,0,0
55.45,2,0,0,93,3,65,1,0.5962365527286393,13.8625,0,0,0,0,0,1,0,0,0,0,0,0,1,0
768.38,5,0,0,93,4,31,1,8.262150448794081,153.676,0,0,1,0,0,0,0,0,1,0,0,0,1,0
645.08,23,0,0,86,1,64,0,7.500930145338022,322.54,0,0,1,0,0,0,0,0,1,0,1,0,0,0
26.26,2,0,0,73,2,53,1,0.3597260224695066,8.753333333333334,0,0,0,0,0,0,0,1,0,0,0,0,1,0
67.24,12,0,0,31,3,38,0,2.1690321880957355,16.81,0,0,0,1,0,1,0,0,0,1,0,0,0,0
537.51,14,1,0,29,2,65,0,18.534826947074933,179.17,1,1,1,1,1,0,0,0,0,1,0,0,0,0
120.67,5,0,0,40,1,41,1,3.016749924581252,60.335,0,0,0,0,0,1,0,0,0,0,0,0,1,0
39.96,12,0,0,35,1,51,0,1.1417142530938786,19.98,0,0,0,1,0,0,1,0,0,1,0,0,0,0
593.99,4,0,1,47,2,53,1,12.638084837487558,197.99666666666667,1,1,1,0,0,1,0,0,0,0,0,0,1,0
210.75,4,0,0,41,1,22,1,5.140243777067226,105.375,0,0,0,0,0,0,0,0,1,0,0,0,1,0
231.42,5,0,1,66,2,58,1,3.5063635832369155,77.14,1,1,0,0,0,0,0,0,1,0,0,0,1,0
67.76,9,0,0,30,2,44,0,2.2586665913777804,22.58666666666667,0,0,0,1,0,0,0,1,0,0,0,1,0,0
200.53,16,0,0,42,0,33,0,4.774523695844675,200.53,0,0,0,0,0,0,0,1,0,1,0,0,0,0
22.27,3,0,1,67,2,47,1,0.3323880547404768,7.423333333333333,1,1,0,0,0,0,0,1,0,0,0,0,1,0
383.53,4,0,1,55,1,34,1,6.973272600485952,191.765,1,1,0,0,0,1,0,0,0,0,0,0,1,0
401.55,4,0,0,81,2,58,1,4.957407346204848,133.85,0,0,0,0,0,1,0,0,0,0,0,0,1,0
31.98,22,1,0,55,2,64,0,0.5814545348826449,10.66,1,1,0,0,0,1,0,0,0,0,1,0,0,0
95.13,15,0,0,85,2,66,0,1.1191764574214533,31.709999999999997,0,0,0,0,0,1,0,0,0,1,0,0,0,0
194.02,14,0,0,33,2,46,0,5.879393761230493,64.67333333333333,0,0,0,1,0,0,0,0,1,1,0,0,0,0
236.74,18,1,0,52,3,42,0,4.552692220140535,59.185,1,1,0,0,0,1,0,0,0,0,1,0,0,0
239.67,1,0,0,42,0,69,1,5.706428435561228,239.67,0,0,0,0,0,0,1,0,0,0,0,0,1,0
413.7,4,0,0,93,1,59,1,4.448387048942075,206.85,0,0,0,0,0,1,0,0,0,0,0,0,1,0
71.8,9,0,0,33,2,40,0,2.17575750982553,23.933333333333334,0,0,0,1,0,0,1,0,0,0,0,1,0,0
99.56,14,0,0,49,2,29,0,2.031836693227823,33.18666666666667,0,0,0,0,0,0,1,0,0,1,0,0,0,0
162.11,3,0,0,79,3,30,1,2.052025290480693,40.5275,0,0,0,0,0,0,0,1,0,0,0,0,1,0
220.72,17,1,0,42,5,68,0,5.255237970113382,36.78666666666667,1,1,0,0,0,0,0,1,0,1,0,0,0,0
46.04,19,0,0,92,2,68,0,0.5004347771691872,15.346666666666666,0,0,0,0,0,0,1,0,0,0,1,0,0,0
9.31,9,0,0,67,2,41,0,0.1389552218066385,3.1033333333333335,0,0,0,0,0,0,0,1,0,0,0,1,0,0
97.68,1,0,0,42,2,18,1,2.3257142303401377,32.56,0,0,0,0,0,0,0,0,1,0,0,0,1,0
171.58,6,0,0,36,2,64,0,4.76611097871914,57.193333333333335,0,0,0,1,0,1,0,0,0,0,0,1,0,0
169.64,21,0,1,27,2,68,0,6.282962730260639,56.54666666666666,1,1,0,1,0,0,0,1,0,0,1,0,0,0
50.23,16,0,0,66,1,32,0,0.7610605945293849,25.115,0,0,0,0,0,0,0,1,0,1,0,0,0,0
24.17,2,0,0,45,1,53,1,0.537111099175309,12.085,0,0,0,0,0,0,1,0,0,0,0,0,1,0
194.86,8,0,0,57,2,32,0,3.4185964312526944,64.95333333333333,0,0,0,0,0,0,0,0,1,0,0,1,0,0
3.65,3,0,0,87,1,51,1,0.041954022506275605,1.825,0,0,0,0,0,1,0,0,0,0,0,0,1,0
218.02,2,0,0,96,1,29,1,2.271041643009983,109.01,0,0,0,0,1,0,0,0,0,0,0,0,1,0
203.39,23,0,0,42,1,35,0,4.842618932318596,101.695,0,0,0,0,0,0,0,0,1,0,1,0,0,0
220.58,23,0,0,84,4,33,0,2.6259523496910435,44.116,0,0,0,0,1,0,0,0,0,0,1,0,0,0
739.03,22,0,0,76,1,30,0,9.724078819420015,369.515,0,0,1,0,0,0,0,0,1,0,1,0,0,0
21.22,10,1,0,50,6,36,0,0.42439999151200014,3.031428571428571,1,1,0,0,1,0,0,0,0,0,0,1,0,0
13.49,22,0,0,25,1,58,0,0.5395999784160008,6.745,0,0,0,1,0,0,1,0,0,0,1,0,0,0
17.16,22,1,0,43,2,55,0,0.39906975816116846,5.72,1,1,0,0,0,0,1,0,0,0,1,0,0,0
232.32,8,0,0,42,1,36,0,5.531428439727894,116.16,0,0,0,0,0,0,1,0,0,0,0,1,0,0
19.47,1,0,0,39,1,56,1,0.4992307564299806,9.735,0,0,0,1,1,0,0,0,0,0,0,0,1,0
352.39,6,0,0,93,1,65,0,3.7891397442027985,176.195,0,0,0,0,0,0,1,0,0,0,0,1,0,0
96.75,5,0,0,51,0,58,1,1.8970587863321808,96.75,0,0,0,0,0,1,0,0,0,0,0,0,1,0
85.14,23,0,0,71,1,23,0,1.199154912687959,42.57,0,0,0,0,0,0,0,0,1,0,1,0,0,0
294.65,5,0,0,55,1,26,1,5.35727262986777,147.325,0,0,0,0,0,0,0,1,0,0,0,0,1,0
110.21,11,0,1,48,3,57,0,2.2960416188324664,27.5525,1,1,0,0,0,0,0,0,1,0,0,1,0,0
332.17,22,0,0,39,2,49,0,8.517179268790276,110.72333333333334,0,0,0,1,1,0,0,0,0,0,1,0,0,0
202.76,18,0,0,68,2,37,0,2.9817646620328726,67.58666666666666,0,0,0,0,0,1,0,0,0,0,1,0,0,0
485.78,9,0,1,98,1,24,0,4.956938724929197,242.89,1,1,0,0,1,0,0,0,0,0,0,1,0,0
13.16,1,1,0,58,2,46,1,0.2268965478121285,4.386666666666667,1,1,0,0,1,0,0,0,0,0,0,0,1,0
294.23,17,0,0,37,1,34,0,7.952161947238867,147.115,0,0,0,1,1,0,0,0,0,1,0,0,0,0
380.12,15,0,0,62,3,37,0,6.130967643048909,95.03,0,0,0,0,0,0,0,1,0,1,0,0,0,0
42.35,11,0,0,80,5,35,0,0.5293749933828126,7.058333333333334,0,0,0,0,1,0,0,0,0,0,0,1,0,0
176.65,16,0,0,46,3,62,0,3.840217307821363,44.1625,0,0,0,0,0,0,0,0,1,1,0,0,0,0
508.34,16,0,0,50,1,69,0,10.166799796664003,254.17,0,0,1,0,0,0,0,1,0,1,0,0,0,0
244.7,12,0,1,64,0,69,0,3.82343744025879,244.7,1,1,0,0,1,0,0,0,0,1,0,0,0,0
13.54,17,1,0,30,0,24,0,0.45133331828888934,13.54,1,1,0,1,0,0,0,0,1,1,0,0,0,0
106.22,21,0,0,70,3,30,0,1.5174285497510207,26.555,0,0,0,0,0,0,0,1,0,0,1,0,0,0
63.31,23,0,0,29,3,59,0,2.1831033729964355,15.8275,0,0,0,1,1,0,0,0,0,0,1,0,0,0
147.73,3,0,0,71,1,52,1,2.08070419604642,73.865,0,0,0,0,0,1,0,0,0,0,0,0,1,0
37.17,15,0,0,66,1,31,0,0.5631818096487605,18.585,0,0,0,0,0,0,1,0,0,1,0,0,0,0
439.96,13,0,0,92,4,45,0,4.7821738610633275,87.99199999999999,0,0,0,0,0,0,1,0,0,1,0,0,0,0
42.36,8,1,0,95,4,47,0,0.4458947321484765,8.472,1,1,0,0,0,1,0,0,0,0,0,1,0,0
137.29,10,0,0,95,1,53,0,1.4451578795246538,68.645,0,0,0,0,0,1,0,0,0,0,0,1,0,0
53.49,7,1,0,77,0,64,0,0.6946753156535673,53.49,1,1,0,0,0,1,0,0,0,0,0,1,0,0
83.88,6,0,0,68,2,35,0,1.2335293936245677,27.959999999999997,0,0,0,0,0,0,0,1,0,0,0,1,0,0
236.93,1,0,0,60,2,54,1,3.9488332675194457,78.97666666666667,0,0,0,0,1,0,0,0,0,0,0,0,1,0
73.08,20,0,0,84,4,19,0,0.8699999896428573,14.616,0,0,0,0,0,0,0,1,0,0,1,0,0,0
314.7,13,0,0,58,3,45,0,5.425861975416173,78.675,0,0,0,0,0,0,1,0,0,1,0,0,0,0
10.57,16,1,0,65,1,56,0,0.1626153821136095,5.285,1,1,0,0,1,0,0,0,0,1,0,0,0,0
45.93,10,0,0,81,3,18,0,0.5670370300365799,11.4825,0,0,0,0,1,0,0,0,0,0,0,1,0,0
13.35,16,0,1,58,3,64,0,0.23017240982461362,3.3375,1,1,0,0,0,0,0,1,0,1,0,0,0,0
65.3,21,0,0,35,1,25,0,1.8657142324081648,32.65,0,0,0,1,0,0,1,0,0,0,1,0,0,0
39.2,1,0,0,73,2,54,1,0.5369862940138864,13.066666666666668,0,0,0,0,0,0,0,0,1,0,0,0,1,0
503.64,9,1,0,51,1,37,0,9.875293924013844,251.82,1,1,1,0,0,1,0,0,0,0,0,1,0,0
503.76,21,0,0,84,4,28,0,5.9971427857483,100.752,0,0,1,0,0,0,1,0,0,0,1,0,0,0
59.75,7,0,0,29,1,41,0,2.060344756539836,29.875,0,0,0,1,0,0,1,0,0,0,0,1,0,0
579.02,2,0,0,97,3,28,1,5.969278288976512,144.755,0,0,1,0,0,0,0,0,1,0,0,0,1,0
419.75,6,0,0,67,0,37,0,6.264925279627981,419.75,0,0,0,0,0,0,0,1,0,0,0,1,0,0
100.02,23,0,0,88,1,42,0,1.1365908961751034,50.01,0,0,0,0,0,0,1,0,0,0,1,0,0,0
276.84,20,0,0,62,3,42,0,4.465161218303851,69.21,0,0,0,0,0,0,0,1,0,0,1,0,0,0
115.05,17,0,0,37,9,29,0,3.109459375420017,11.504999999999999,0,0,0,1,0,0,0,0,1,1,0,0,0,0
16.31,23,0,0,38,1,50,0,0.4292105150207759,8.155,0,0,0,1,0,0,1,0,0,0,1,0,0,0
72.9,0,0,0,46,2,22,1,1.5847825742438573,24.3,0,0,0,0,1,0,0,0,0,0,0,0,1,0
90.92,12,0,1,27,1,50,0,3.367407282688619,45.46,1,1,0,1,0,0,0,1,0,1,0,0,0,0
243.01,16,0,0,40,3,26,0,6.075249848118754,60.7525,0,0,0,0,1,0,0,0,0,1,0,0,0,0
42.44,18,0,0,42,2,23,0,1.0104761664172341,14.146666666666667,0,0,0,0,1,0,0,0,0,0,1,0,0,0
488.15,1,0,0,28,0,21,1,17.433927948788288,488.15,0,0,0,1,0,0,1,0,0,0,0,0,1,0
158.68,12,1,0,88,0,30,0,1.803181797691116,158.68,1,1,0,0,0,1,0,0,0,1,0,0,0,0
52.31,22,0,0,62,6,26,0,0.8437096638111345,7.472857142857143,0,0,0,0,0,0,1,0,0,0,1,0,0,0
547.57,22,0,0,99,1,59,0,5.531010045141313,273.785,0,0,1,0,0,0,1,0,0,0,1,0,0,0
272.85,19,0,0,58,1,59,0,4.7043102637187895,136.425,0,0,0,0,0,0,1,0,0,0,1,0,0,0
220.1,21,0,1,31,2,48,0,7.099999770967749,73.36666666666666,1,1,0,1,0,0,1,0,0,0,1,0,0,0
164.14,21,0,0,59,3,28,0,2.7820338511519687,41.035,0,0,0,0,0,0,0,1,0,0,1,0,0,0
296.36,13,0,0,76,2,32,0,3.899473632901663,98.78666666666668,0,0,0,0,0,0,0,0,1,1,0,0,0,0
313.07,20,0,0,60,2,23,0,5.217833246369446,104.35666666666667,0,0,0,0,0,0,0,0,1,0,1,0,0,0
586.94,23,1,0,55,1,59,0,10.671636169606616,293.47,1,1,1,0,0,0,0,1,0,0,1,0,0,0
129.27,14,0,0,56,2,58,0,2.308392815921557,43.09,0,0,0,0,0,0,0,0,1,1,0,0,0,0
422.03,7,0,0,50,2,33,0,8.440599831188003,140.67666666666665,0,0,0,0,0,0,0,1,0,0,0,1,0,0
116.35,20,0,0,65,0,68,0,1.789999972461539,116.35,0,0,0,0,1,0,0,0,0,0,1,0,0,0
262.03,23,0,0,35,3,20,0,7.486571214669394,65.5075,0,0,0,1,0,0,1,0,0,0,1,0,0,0
14.87,14,0,0,82,4,29,0,0.18134146120315292,2.9739999999999998,0,0,0,0,0,0,0,1,0,1,0,0,0,0
38.22,14,0,1,61,0,47,0,0.6265573667777481,38.22,1,1,0,0,0,0,1,0,0,1,0,0,0,0
531.09,11,0,0,48,3,47,0,11.064374769492193,132.7725,0,0,1,0,0,0,0,1,0,0,0,1,0,0
265.26,9,0,0,96,0,49,0,2.763124971217448,265.26,0,0,0,0,0,0,1,0,0,0,0,1,0,0
30.25,19,1,0,45,4,24,0,0.672222207283951,6.05,1,1,0,0,1,0,0,0,0,0,1,0,0,0
358.99,7,0,0,39,2,49,0,9.204871558849447,119.66333333333334,0,0,0,1,0,0,0,0,1,0,0,1,0,0
153.39,3,1,0,81,2,19,1,1.8937036803246459,51.129999999999995,1,1,0,0,0,0,0,1,0,0,0,0,1,0
109.99,12,0,0,76,1,42,0,1.4472368230626733,54.995,0,0,0,0,0,0,0,0,1,1,0,0,0,0
36.48,19,0,0,77,2,44,0,0.4737662276134256,12.159999999999998,0,0,0,0,0,0,1,0,0,0,1,0,0,0
201.67,18,0,0,53,3,48,0,3.80509426782841,50.4175,0,0,0,0,0,0,1,0,0,0,1,0,0,0
311.69,2,0,0,47,4,22,1,6.631701986559532,62.338,0,0,0,0,1,0,0,0,0,0,0,0,1,0
3.28,4,1,0,52,4,37,1,0.06307692186390534,0.6559999999999999,1,1,0,0,1,0,0,0,0,0,0,0,1,0
356.97,10,0,0,65,1,38,0,5.491846069356215,178.485,0,0,0,0,0,0,0,1,0,0,0,1,0,0
6.35,1,0,0,41,2,25,1,0.1548780450029745,2.1166666666666667,0,0,0,0,0,0,0,0,1,0,0,0,1,0
158.82,15,0,0,75,2,43,0,2.1175999717653338,52.94,0,0,0,0,0,0,0,0,1,1,0,0,0,0
189.47,12,0,0,54,0,26,0,3.5087036387277104,189.47,0,0,0,0,1,0,0,0,0,1,0,0,0,0
0.2,5,0,0,25,3,25,1,0.007999999680000014,0.05,0,0,0,1,0,0,1,0,0,0,0,0,1,0
42.41,22,0,0,99,3,46,0,0.4283838340567289,10.6025,0,0,0,0,1,0,0,0,0,0,1,0,0,0
13.89,21,1,0,71,2,20,0,0.19563380006149578,4.63,1,1,0,0,0,0,0,1,0,0,1,0,0,0
393.21,20,0,0,46,2,44,0,8.548043292433842,131.07,0,0,0,0,0,1,0,0,0,0,1,0,0,0
212.69,15,0,0,94,1,34,0,2.2626595503972387,106.345,0,0,0,0,0,0,0,0,1,1,0,0,0,0
81.17,17,0,0,91,1,22,0,0.8919780121760659,40.585,0,0,0,0,1,0,0,0,0,1,0,0,0,0
583.59,14,0,0,99,1,51,0,5.894848425304562,291.795,0,0,1,0,1,0,0,0,0,1,0,0,0,0
13.95,3,0,0,59,1,39,1,0.23644067395863264,6.975,0,0,0,0,0,1,0,0,0,0,0,0,1,0
129.87,8,0,0,61,2,64,0,2.129016358540716,43.29,0,0,0,0,0,0,0,1,0,0,0,1,0,0
66.25,3,0,0,67,3,54,1,0.988805955390956,16.5625,0,0,0,0,0,0,1,0,0,0,0,0,1,0
26.21,14,0,0,48,0,58,0,0.5460416552907988,26.21,0,0,0,0,0,0,0,0,1,1,0,0,0,0
68.43,16,0,0,26,0,40,0,2.6319229756952702,68.43,0,0,0,1,0,0,0,0,1,1,0,0,0,0
9.48,17,0,0,45,1,31,0,0.2106666619851853,4.74,0,0,0,0,0,0,0,0,1,1,0,0,0,0
172.59,8,0,0,37,4,38,0,4.6645944685244745,34.518,0,0,0,1,0,0,0,1,0,0,0,1,0,0
199.16,2,0,0,32,2,35,1,6.223749805507819,66.38666666666667,0,0,0,1,1,0,0,0,0,0,0,0,1,0
12.76,20,0,0,50,2,32,0,0.2551999948960001,4.253333333333333,0,0,0,0,0,0,0,1,0,0,1,0,0,0
119.53,11,0,0,95,2,58,0,1.2582105130714683,39.843333333333334,0,0,0,0,0,1,0,0,0,0,0,1,0,0
92.91,15,0,1,47,1,61,0,1.9768084685785432,46.455,1,1,0,0,1,0,0,0,0,1,0,0,0,0
50.22,13,0,0,69,1,57,0,0.7278260764083178,25.11,0,0,0,0,0,0,0,1,0,1,0,0,0,0
224.7,7,0,0,56,2,57,0,4.012499928348215,74.89999999999999,0,0,0,0,0,0,1,0,0,0,0,1,0,0
8.61,23,0,0,61,1,45,0,0.14114753866971247,4.305,0,0,0,0,0,0,0,0,1,0,1,0,0,0
65.03,12,0,0,48,2,64,0,1.354791638441841,21.676666666666666,0,0,0,0,0,1,0,0,0,1,0,0,0,0
563.15,11,0,0,25,5,47,0,22.525999098960035,93.85833333333333,0,0,1,1,0,0,0,0,1,0,0,1,0,0
113.05,19,0,0,38,2,29,0,2.9749999217105283,37.68333333333333,0,0,0,1,0,0,0,0,1,0,1,0,0,0
586.51,5,0,0,38,3,28,1,15.434473278040178,146.6275,0,0,1,1,0,0,0,1,0,0,0,0,1,0
11.05,3,1,0,57,3,56,1,0.19385964572176062,2.7625,1,1,0,0,1,0,0,0,0,0,0,0,1,0
438.47,0,0,0,39,2,54,1,11.242820224543072,146.15666666666667,0,0,0,1,0,0,0,1,0,0,0,0,1,0
136.42,7,0,1,72,1,33,0,1.894722195906636,68.21,1,1,0,0,1,0,0,0,0,0,0,1,0,0
20.1,20,0,0,28,3,59,0,0.7178571172193887,5.025,0,0,0,1,1,0,0,0,0,0,1,0,0,0
398.95,20,0,0,81,0,42,0,4.92530858116903,398.95,0,0,0,0,0,0,0,0,1,0,1,0,0,0
84.86,2,1,0,85,2,61,1,0.9983529294311421,28.286666666666665,1,1,0,0,0,0,1,0,0,0,0,0,1,0
280.64,22,0,0,56,3,23,0,5.011428481938777,70.16,0,0,0,0,0,0,0,0,1,0,1,0,0,0
94.3,20,0,1,30,0,32,0,3.1433332285555586,94.3,1,1,0,1,0,1,0,0,0,0,1,0,0,0
143.94,0,0,0,42,3,28,1,3.42714277554422,35.985,0,0,0,0,1,0,0,0,0,0,0,0,1,0
153.59,19,0,0,95,1,52,0,1.616736825086981,76.795,0,0,0,0,0,0,0,1,0,0,1,0,0,0
12.21,23,0,1,44,5,31,0,0.277499993693182,2.035,1,1,0,0,0,0,0,1,0,0,1,0,0,0
860.19,5,0,0,98,1,38,1,8.777448890026033,430.095,0,0,1,0,0,0,0,1,0,0,0,0,1,0
120.83,6,0,1,78,5,53,0,1.549102544242275,20.138333333333332,1,1,0,0,0,0,0,1,0,0,0,1,0,0
76.21,6,0,0,50,2,48,0,1.5241999695160005,25.403333333333332,0,0,0,0,0,0,0,0,1,0,0,1,0,0
325.84,23,0,0,87,1,39,0,3.7452873132725593,162.92,0,0,0,0,0,1,0,0,0,0,1,0,0,0
36.3,1,0,0,46,2,19,1,0.7891304176275996,12.1,0,0,0,0,0,0,1,0,0,0,0,0,1,0
38.03,21,0,0,53,0,20,0,0.7175471562726953,38.03,0,0,0,0,0,1,0,0,0,0,1,0,0,0
448.76,14,0,0,69,1,68,0,6.503768021684522,224.38,0,0,0,0,0,0,1,0,0,1,0,0,0,0
173.38,7,0,0,78,1,61,0,2.2228204843228143,86.69,0,0,0,0,0,1,0,0,0,0,0,1,0,0
358.52,18,0,0,48,2,45,0,7.469166511059031,119.50666666666666,0,0,0,0,1,0,0,0,0,0,1,0,0,0
134.98,7,0,0,90,1,66,0,1.4997777611135803,67.49,0,0,0,0,0,0,0,0,1,0,0,1,0,0
21.09,3,1,0,73,3,21,1,0.28890410563145064,5.2725,1,1,0,0,0,0,0,1,0,0,0,0,1,0
432.32,8,0,0,33,0,66,0,13.10060566361801,432.32,0,0,0,1,0,0,0,0,1,0,0,1,0,0
232.55,18,1,0,45,3,56,0,5.167777662938275,58.1375,1,1,0,0,0,1,0,0,0,0,1,0,0,0
387.42,9,0,0,62,1,40,0,6.248709576633717,193.71,0,0,0,0,0,0,0,1,0,0,0,1,0,0
59.32,23,0,0,71,3,19,0,0.8354929459789726,14.83,0,0,0,0,1,0,0,0,0,0,1,0,0,0
119.54,3,0,0,43,0,69,1,2.779999935348839,119.54,0,0,0,0,0,1,0,0,0,0,0,0,1,0
424.42,22,0,0,57,1,22,0,7.445964781649741,212.21,0,0,0,0,0,1,0,0,0,0,1,0,0,0
193.41,15,1,0,62,1,46,0,3.1195160787174827,96.705,1,1,0,0,0,0,1,0,0,1,0,0,0,0
3.46,12,0,0,60,0,64,0,0.05766666570555557,3.46,0,0,0,0,0,1,0,0,0,1,0,0,0,0
229.31,13,0,0,25,2,24,0,9.172399633104014,76.43666666666667,0,0,0,1,0,1,0,0,0,1,0,0,0,0
85.77,12,0,1,90,2,41,0,0.9529999894111112,28.59,1,1,0,0,0,0,1,0,0,1,0,0,0,0
299.5,2,0,0,61,4,63,1,4.909835985084656,59.9,0,0,0,0,0,0,1,0,0,0,0,0,1,0
22.5,2,0,0,58,1,61,1,0.3879310277942926,11.25,0,0,0,0,0,0,1,0,0,0,0,0,1,0
682.62,2,0,0,33,4,25,1,20.68545391862261,136.524,0,0,1,1,0,0,0,1,0,0,0,0,1,0
44.43,13,0,0,55,0,61,0,0.8078181671305789,44.43,0,0,0,0,1,0,0,0,0,1,0,0,0,0
119.45,17,0,0,51,5,26,0,2.342156816820455,19.908333333333335,0,0,0,0,0,0,0,0,1,1,0,0,0,0
32.52,3,0,0,39,3,64,1,0.8338461324654839,8.13,0,0,0,1,0,1,0,0,0,0,0,0,1,0
243.86,16,0,0,36,2,36,0,6.773888700725315,81.28666666666668,0,0,0,1,0,0,0,1,0,1,0,0,0,0
160.45,5,0,0,92,4,37,1,1.744021720173677,32.089999999999996,0,0,0,0,0,0,0,1,0,0,0,0,1,0
49.76,0,0,0,88,2,53,1,0.5654545390289257,16.586666666666666,0,0,0,0,0,0,0,0,1,0,0,0,1,0
56.88,13,0,0,80,2,30,0,0.7109999911125001,18.96,0,0,0,0,0,0,0,1,0,1,0,0,0,0
312.6,14,0,0,58,2,29,0,5.389655079488707,104.2,0,0,0,0,1,0,0,0,0,1,0,0,0,0
36.62,1,0,0,84,4,19,1,0.4359523757624717,7.324,0,0,0,0,0,0,1,0,0,0,0,0,1,0
152.03,13,0,0,68,1,32,0,2.2357352612391876,76.015,0,0,0,0,1,0,0,0,0,1,0,0,0,0
457.94,13,0,0,97,1,19,0,4.72103087916463,228.97,0,0,0,0,0,0,1,0,0,1,0,0,0,0
9.09,10,0,0,81,2,61,0,0.11222222083676271,3.03,0,0,0,0,0,0,1,0,0,0,0,1,0,0
88.74,13,0,0,31,3,38,0,2.8625805528199817,22.185,0,0,0,1,1,0,0,0,0,1,0,0,0,0
167.54,2,0,0,63,1,30,1,2.659365037152936,83.77,0,0,0,0,0,0,0,1,0,0,0,0,1,0
575.06,2,0,0,74,2,24,1,7.7710809760664725,191.68666666666664,0,0,1,0,0,0,1,0,0,0,0,0,1,0
140.05,10,0,0,44,1,37,0,3.1829544731146715,70.025,0,0,0,0,0,0,1,0,0,0,0,1,0,0
222.14,10,0,0,79,1,25,0,2.8118986985835606,111.07,0,0,0,0,0,0,0,1,0,0,0,1,0,0
397.94,1,0,0,33,2,40,1,12.058787513370076,132.64666666666668,0,0,0,1,1,0,0,0,0,0,0,0,1,0
21.94,0,0,0,31,2,36,1,0.7077419126534867,7.3133333333333335,0,0,0,1,0,0,0,1,0,0,0,0,1,0
142.41,7,0,0,58,3,65,0,2.455344785252676,35.6025,0,0,0,0,0,1,0,0,0,0,0,1,0,0
73.03,16,0,0,38,6,51,0,1.9218420546883672,10.432857142857143,0,0,0,1,0,1,0,0,0,1,0,0,0,0
278.13,8,0,0,25,3,33,0,11.125199554992017,69.5325,0,0,0,1,1,0,0,0,0,0,0,1,0,0
93.45,6,0,0,45,4,27,0,2.0766666205185196,18.69,0,0,0,0,0,0,1,0,0,0,0,1,0,0
83.04,22,0,0,97,2,64,0,0.8560824654012118,27.680000000000003,0,0,0,0,0,0,1,0,0,0,1,0,0,0
49.13,2,0,0,82,0,40,1,0.5991463341567521,49.13,0,0,0,0,0,0,0,1,0,0,0,0,1,0
195.45,1,0,0,53,1,28,1,3.687735779476683,97.725,0,0,0,0,1,0,0,0,0,0,0,0,1,0
114.66,20,0,0,64,2,51,0,1.7915624720068364,38.22,0,0,0,0,0,0,0,0,1,0,1,0,0,0
14.14,9,0,0,59,1,36,0,0.2396610128871015,7.07,0,0,0,0,0,0,0,0,1,0,0,1,0,0
9.27,2,0,0,41,2,52,1,0.22609755546103524,3.09,0,0,0,0,0,0,1,0,0,0,0,0,1,0
182.11,2,0,0,66,3,34,1,2.7592423824357217,45.5275,0,0,0,0,1,0,0,0,0,0,0,0,1,0
29.12,9,0,1,33,2,20,0,0.8824242156841148,9.706666666666667,1,1,0,1,0,0,1,0,0,0,0,1,0,0
47.27,7,0,0,42,3,68,0,1.125476163679139,11.8175,0,0,0,0,0,1,0,0,0,0,0,1,0,0
43.88,11,1,0,74,3,43,0,0.5929729649598249,10.97,1,1,0,0,1,0,0,0,0,0,0,1,0,0
240.7,18,1,0,96,4,50,0,2.5072916405490453,48.14,1,1,0,0,0,0,0,1,0,0,1,0,0,0
435.47,6,0,0,90,4,48,0,4.838555501793828,87.09400000000001,0,0,0,0,0,0,1,0,0,0,0,1,0,0
214.74,17,0,0,29,2,39,0,7.404827330868023,71.58,0,0,0,1,0,0,0,1,0,1,0,0,0,0
293.3,20,0,0,71,2,18,0,4.130985857310058,97.76666666666667,0,0,0,0,0,0,1,0,0,0,1,0,0,0
57.84,12,0,1,82,1,58,0,0.7053658450565141,28.92,1,1,0,0,1,0,0,0,0,1,0,0,0,0
235.83,0,0,0,84,4,45,1,2.8074999665773817,47.166000000000004,0,0,0,0,1,0,0,0,0,0,0,0,1,0
228.65,2,0,0,52,2,21,1,4.397115300055475,76.21666666666667,0,0,0,0,0,0,0,0,1,0,0,0,1,0
184.77,0,0,0,61,0,62,1,3.0290163437866178,184.77,0,0,0,0,1,0,0,0,0,0,0,0,1,0
133.91,3,0,0,71,2,25,1,1.8860563114639957,44.63666666666666,0,0,0,0,1,0,0,0,0,0,0,0,1,0
86.95,20,0,0,60,2,62,0,1.4491666425138894,28.983333333333334,0,0,0,0,0,0,1,0,0,0,1,0,0,0
65.57,4,0,0,99,2,49,1,0.6623232256330986,21.856666666666666,0,0,0,0,0,0,0,1,0,0,0,0,1,0
27.0,17,0,0,55,3,20,0,0.4909090819834713,6.75,0,0,0,0,0,0,0,1,0,1,0,0,0,0
565.21,16,0,0,39,1,44,0,14.492563730959906,282.605,0,0,1,1,0,0,0,0,1,1,0,0,0,0
494.78,3,0,0,52,1,35,1,9.514999817019234,247.39,0,0,0,0,0,0,1,0,0,0,0,0,1,0
258.49,8,0,0,52,3,28,0,4.970961442866127,64.6225,0,0,0,0,0,0,0,1,0,0,0,1,0,0
126.96,10,0,0,98,2,21,0,1.295510190862141,42.32,0,0,0,0,0,0,0,1,0,0,0,1,0,0
331.69,20,0,0,91,2,23,0,3.6449450148907143,110.56333333333333,0,0,0,0,0,1,0,0,0,0,1,0,0,0
14.17,8,0,0,66,2,29,0,0.21469696644398537,4.723333333333334,0,0,0,0,0,0,1,0,0,0,0,1,0,0
37.69,17,1,0,82,0,50,0,0.459634140736169,37.69,1,1,0,0,1,0,0,0,0,1,0,0,0,0
64.04,4,0,0,46,2,67,1,1.3921738827788288,21.346666666666668,0,0,0,0,1,0,0,0,0,0,0,0,1,0
183.01,3,1,0,49,1,60,1,3.734897882961268,91.505,1,1,0,0,0,0,0,0,1,0,0,0,1,0
36.12,22,1,0,49,1,36,0,0.7371428420991256,18.06,1,1,0,0,0,0,0,1,0,0,1,0,0,0
5.68,12,0,0,48,1,51,0,0.11833333086805561,2.84,0,0,0,0,1,0,0,0,0,1,0,0,0,0
149.18,18,0,0,67,4,38,0,2.2265671309467594,29.836000000000002,0,0,0,0,1,0,0,0,0,0,1,0,0,0
108.92,0,0,0,31,7,46,1,3.5135482737565074,13.615,0,0,0,1,1,0,0,0,0,0,0,0,1,1
14.93,7,0,0,86,1,45,0,0.17360464914413198,7.465,0,0,0,0,1,0,0,0,0,0,0,1,0,0
126.81,13,0,0,56,1,30,0,2.2644642452774244,63.405,0,0,0,0,1,0,0,0,0,1,0,0,0,0
83.09,2,0,0,76,7,51,1,1.093289459298823,10.38625,0,0,0,0,0,0,1,0,0,0,0,0,1,0
182.62,12,0,0,81,0,54,0,2.2545678734003967,182.62,0,0,0,0,0,0,1,0,0,1,0,0,0,0
105.58,22,0,0,69,1,62,0,1.5301449053602187,52.79,0,0,0,0,1,0,0,0,0,0,1,0,0,0
79.23,17,0,1,97,2,44,0,0.8168041152906793,26.41,1,1,0,0,0,0,0,0,1,1,0,0,0,0
132.82,15,0,0,71,1,42,0,1.8707041990041662,66.41,0,0,0,0,0,0,0,0,1,1,0,0,0,0
438.67,19,0,1,94,3,58,0,4.666702078013808,109.6675,1,1,0,0,1,0,0,0,0,0,1,0,0,0
94.75,2,0,0,42,1,49,1,2.2559523272392306,47.375,0,0,0,0,0,1,0,0,0,0,0,0,1,0
32.74,21,0,0,91,3,54,0,0.3597802158265911,8.185,0,0,0,0,1,0,0,0,0,0,1,0,0,0
131.58,5,0,1,74,0,31,1,1.7781080840796206,131.58,1,1,0,0,1,0,0,0,0,0,0,0,1,0
24.42,21,0,0,72,0,68,0,0.33916666195601863,24.42,0,0,0,0,0,0,0,0,1,0,1,0,0,0
14.11,16,0,0,95,4,27,0,0.1485263142260388,2.822,0,0,0,0,0,0,1,0,0,1,0,0,0,0
281.35,13,0,0,35,3,67,0,8.038571198897968,70.3375,0,0,0,1,1,0,0,0,0,1,0,0,0,0
167.23,8,0,0,70,1,52,0,2.388999965871429,83.615,0,0,0,0,0,0,1,0,0,0,0,1,0,0
527.84,2,1,0,30,0,51,1,17.5946660801778,527.84,1,1,1,1,0,0,1,0,0,0,0,0,1,1
227.57,13,0,1,69,1,49,0,3.2981158942302042,113.785,1,1,0,0,1,0,0,0,0,1,0,0,0,0
15.77,12,0,0,53,3,69,0,0.2975471641972233,3.9425,0,0,0,0,0,1,0,0,0,1,0,0,0,0
9.45,14,0,0,67,4,53,0,0.1410447740142571,1.89,0,0,0,0,1,0,0,0,0,1,0,0,0,0
27.33,16,0,0,61,1,67,0,0.44803277954044624,13.665,0,0,0,0,0,1,0,0,0,1,0,0,0,0
28.05,0,0,0,68,2,19,1,0.41249999393382364,9.35,0,0,0,0,0,0,0,0,1,0,0,0,1,0
356.29,19,0,0,76,5,36,0,4.688026254104918,59.38166666666667,0,0,0,0,1,0,0,0,0,0,1,0,0,0
558.66,16,0,0,98,1,58,0,5.7006121867284465,279.33,0,0,1,0,0,0,0,0,1,1,0,0,0,0
206.93,10,0,0,84,1,64,0,2.4634523516255675,103.465,0,0,0,0,1,0,0,0,0,0,0,1,0,0
68.9,5,0,0,51,3,22,1,1.3509803656670518,17.225,0,0,0,0,0,0,1,0,0,0,0,0,1,0
204.05,1,0,0,81,2,53,1,2.5191357713686946,68.01666666666667,0,0,0,0,0,0,0,1,0,0,0,0,1,0
70.78,18,0,0,67,1,40,0,1.05641789468033,35.39,0,0,0,0,1,0,0,0,0,0,1,0,0,0
162.75,19,0,0,67,1,44,0,2.42910444135665,81.375,0,0,0,0,0,0,1,0,0,0,1,0,0,0
438.0,13,0,0,74,2,33,0,5.918918838933529,146.0,0,0,0,0,0,1,0,0,0,1,0,0,0,0
11.31,6,0,0,41,1,29,0,0.27585365180844756,5.655,0,0,0,0,0,1,0,0,0,0,0,1,0,0
4.48,0,1,0,76,1,20,1,0.058947367645429384,2.24,1,1,0,0,0,0,0,1,0,0,0,0,1,0
163.15,19,0,0,27,2,27,0,6.042592368792875,54.38333333333333,0,0,0,1,0,0,0,1,0,0,1,0,0,0
23.96,22,0,0,28,2,19,0,0.8557142551530623,7.986666666666667,0,0,0,1,0,0,1,0,0,0,1,0,0,0
2.36,11,1,0,69,6,44,0,0.03420289805503046,0.33714285714285713,1,1,0,0,0,1,0,0,0,0,0,1,0,0
474.05,8,0,0,66,1,55,0,7.182575648748855,237.025,0,0,0,0,0,1,0,0,0,0,0,1,0,0
151.58,18,0,0,83,4,32,0,1.8262650382377708,30.316000000000003,0,0,0,0,0,0,0,0,1,0,1,0,0,0
206.61,19,0,0,27,1,58,0,7.652221938806595,103.305,0,0,0,1,0,0,1,0,0,0,1,0,0,0
92.01,3,0,0,42,1,66,1,2.190714233554423,46.005,0,0,0,0,0,0,1,0,0,0,0,0,1,0
527.92,3,0,0,87,1,25,1,6.06804590726384,263.96,0,0,1,0,0,0,1,0,0,0,0,0,1,0
53.9,16,0,0,94,2,34,0,0.5734042492191037,17.966666666666665,0,0,0,0,0,0,0,1,0,1,0,0,0,0
122.75,23,0,1,59,1,52,0,2.0805084393134163,61.375,1,1,0,0,0,0,1,0,0,0,1,0,0,0
5.03,9,0,0,91,2,21,0,0.055274724667310725,1.6766666666666667,0,0,0,0,0,0,1,0,0,0,0,1,0,0
38.21,14,0,0,25,2,27,0,1.5283999388640024,12.736666666666666,0,0,0,1,1,0,0,0,0,1,0,0,0,0
106.53,5,0,0,51,0,60,1,2.0888234884544414,106.53,0,0,0,0,0,0,0,0,1,0,0,0,1,0
102.32,2,0,0,82,4,54,1,1.247804862831648,20.464,0,0,0,0,0,0,0,0,1,0,0,0,1,0
762.35,2,0,0,57,2,45,1,13.374561168867348,254.11666666666667,0,0,1,0,0,0,0,0,1,0,0,0,1,0
123.78,8,0,0,69,1,69,0,1.7939130174795215,61.89,0,0,0,0,0,0,0,1,0,0,0,1,0,0
169.03,10,0,0,33,1,30,0,5.1221210569054225,84.515,0,0,0,1,0,0,0,1,0,0,0,1,0,0
2.54,17,0,0,89,2,36,0,0.028539325522030052,0.8466666666666667,0,0,0,0,0,0,1,0,0,1,0,0,0,0
159.61,15,0,0,41,1,35,0,3.8929267343188605,79.805,0,0,0,0,0,0,0,0,1,1,0,0,0,0
166.74,20,0,0,90,1,35,0,1.8526666460814818,83.37,0,0,0,0,0,0,1,0,0,0,1,0,0,0
219.47,1,0,1,45,2,67,1,4.877111002730867,73.15666666666667,1,1,0,0,1,0,0,0,0,0,0,0,1,0
47.73,15,0,0,28,1,53,0,1.704642796262757,23.865,0,0,0,1,1,0,0,0,0,1,0,0,0,0
62.21,0,0,1,30,0,58,1,2.0736665975444466,62.21,1,1,0,1,0,0,1,0,0,0,0,0,1,1
347.02,20,1,0,78,0,38,0,4.448974301936227,347.02,1,1,0,0,0,0,0,0,1,0,1,0,0,0
154.62,16,0,0,98,4,53,0,1.5777550859412748,30.924,0,0,0,0,0,0,0,0,1,1,0,0,0,0
39.76,14,0,0,72,1,58,0,0.5522222145524692,19.88,0,0,0,0,1,0,0,0,0,1,0,0,0,0
4.85,22,0,0,88,0,35,0,0.05511363573734505,4.85,0,0,0,0,0,1,0,0,0,0,1,0,0,0
210.39,21,0,0,76,0,69,0,2.7682894372593494,210.39,0,0,0,0,1,0,0,0,0,0,1,0,0,0
263.7,4,0,0,97,3,49,1,2.7185566730045703,65.925,0,0,0,0,0,1,0,0,0,0,0,0,1,0
541.15,13,0,0,29,3,44,0,18.66034418412606,135.2875,0,0,1,1,0,0,0,0,1,1,0,0,0,0
82.89,12,0,0,99,5,37,0,0.8372727188154271,13.815,0,0,0,0,0,1,0,0,0,1,0,0,0,0
19.79,11,0,0,69,3,28,0,0.2868115900462088,4.9475,0,0,0,0,1,0,0,0,0,0,0,1,0,0
235.85,20,0,0,33,0,39,0,7.146969480394865,235.85,0,0,0,1,0,0,0,1,0,0,1,0,0,0
43.47,1,0,1,55,2,50,1,0.7903636219933887,14.49,1,1,0,0,0,0,0,1,0,0,0,0,1,0
110.63,18,0,1,79,4,41,0,1.4003797291091173,22.125999999999998,1,1,0,0,0,0,1,0,0,0,1,0,0,0
79.1,0,0,0,66,4,28,1,1.1984848303259874,15.819999999999999,0,0,0,0,0,1,0,0,0,0,0,0,1,0
1225.04,21,0,0,85,1,21,0,14.41223512456194,612.52,0,0,1,0,0,1,0,0,0,0,1,0,0,0
21.56,5,0,0,72,3,64,1,0.2994444402854939,5.39,0,0,0,0,0,1,0,0,0,0,0,0,1,0
292.54,14,0,0,52,2,24,0,5.625769122581364,97.51333333333334,0,0,0,0,0,0,0,1,0,1,0,0,0,0
209.33,0,0,0,52,3,18,1,4.025576845661984,52.3325,0,0,0,0,1,0,0,0,0,0,0,0,1,0
19.01,19,0,0,49,1,20,0,0.38795917575593525,9.505,0,0,0,0,0,1,0,0,0,0,1,0,0,0
7.55,8,0,0,47,0,44,0,0.16063829445450437,7.55,0,0,0,0,0,0,0,1,0,0,0,1,0,0
30.57,23,0,0,26,1,22,0,1.175769185547339,15.285,0,0,0,1,0,0,0,0,1,0,1,0,0,0
107.73,12,1,0,87,2,42,0,1.23827584783591,35.910000000000004,1,1,0,0,0,0,0,0,1,1,0,0,0,0
60.71,0,0,0,75,5,26,1,0.809466655873778,10.118333333333334,0,0,0,0,1,0,0,0,0,0,0,0,1,0
50.15,15,0,0,36,1,47,0,1.393055516859569,25.075,0,0,0,1,0,0,0,1,0,1,0,0,0,0
15.39,4,0,0,99,2,30,1,0.15545454388429755,5.13,0,0,0,0,1,0,0,0,0,0,0,0,1,0
378.72,6,0,0,29,3,52,0,13.059309894506557,94.68,0,0,0,1,0,0,0,0,1,0,0,1,0,0
294.17,8,0,0,34,4,18,0,8.652058569057102,58.834,0,0,0,1,0,0,1,0,0,0,0,1,0,0
90.05,20,0,0,94,1,57,0,0.9579787132129924,45.025,0,0,0,0,0,1,0,0,0,0,1,0,0,0
39.01,13,0,0,76,2,52,0,0.5132894669304018,13.003333333333332,0,0,0,0,1,0,0,0,0,1,0,0,0,0
142.33,13,0,0,49,1,29,0,2.904693818271555,71.165,0,0,0,0,0,0,0,0,1,1,0,0,0,0
82.39,13,0,0,39,0,27,0,2.112564048395794,82.39,0,0,0,1,0,1,0,0,0,1,0,0,0,0
153.08,14,0,0,50,0,64,0,3.0615999387680017,153.08,0,0,0,0,0,0,0,1,0,1,0,0,0,0
164.47,12,0,0,67,0,28,0,2.454776082764536,164.47,0,0,0,0,1,0,0,0,0,1,0,0,0,0
372.26,12,0,0,32,3,62,0,11.633124636464856,93.065,0,0,0,1,0,0,0,1,0,1,0,0,0,0
73.06,5,0,0,92,5,35,1,0.7941304261507562,12.176666666666668,0,0,0,0,0,0,0,0,1,0,0,0,1,0
478.47,13,0,0,75,1,64,0,6.379599914938669,239.235,0,0,0,0,1,0,0,0,0,1,0,0,0,0
383.31,9,0,0,61,1,26,0,6.28377038879065,191.655,0,0,0,0,1,0,0,0,0,0,0,1,0,0
51.87,15,0,0,46,0,39,0,1.127608671138942,51.87,0,0,0,0,0,0,0,0,1,1,0,0,0,0
406.58,21,0,0,90,3,25,0,4.5175555053604945,101.645,0,0,0,0,0,1,0,0,0,0,1,0,0,0
179.34,20,0,0,33,0,22,0,5.434545289862265,179.34,0,0,0,1,0,0,0,0,1,0,1,0,0,0
55.46,22,0,0,91,5,60,0,0.6094505427532908,9.243333333333334,0,0,0,0,1,0,0,0,0,0,1,0,0,0
28.49,12,1,0,51,0,30,0,0.5586274400269129,28.49,1,1,0,0,1,0,0,0,0,1,0,0,0,0
308.34,16,0,0,67,2,50,0,4.602089483550903,102.77999999999999,0,0,0,0,0,0,0,0,1,1,0,0,0,0
241.5,13,0,0,73,2,29,0,3.3082191327641217,80.5,0,0,0,0,0,1,0,0,0,1,0,0,0,0
254.05,10,0,0,98,0,21,0,2.592346912322991,254.05,0,0,0,0,0,0,0,1,0,0,0,1,0,0
299.62,3,0,1,87,2,30,1,3.443908006391862,99.87333333333333,1,1,0,0,0,1,0,0,0,0,0,0,1,0
14.43,18,0,0,91,2,55,0,0.15857142682888542,4.81,0,0,0,0,0,0,0,1,0,0,1,0,0,0
675.06,20,0,0,89,1,58,0,7.584943735000632,337.53,0,0,1,0,1,0,0,0,0,0,1,0,0,0
110.37,15,0,0,37,1,54,0,2.9829728923520844,55.185,0,0,0,1,0,0,0,0,1,1,0,0,0,0
63.13,6,0,0,73,3,66,0,0.8647945087014451,15.7825,0,0,0,0,0,0,0,0,1,0,0,1,0,0
66.65,9,0,0,48,3,55,0,1.388541637738716,16.6625,0,0,0,0,0,1,0,0,0,0,0,1,0,0
378.84,23,0,0,76,2,53,0,4.9847367765166215,126.27999999999999,0,0,0,0,0,0,0,1,0,0,1,0,0,0
9.07,19,0,0,54,0,29,0,0.16796295985253779,9.07,0,0,0,0,0,1,0,0,0,0,1,0,0,0
479.69,3,0,0,88,3,26,1,5.451022665329288,119.9225,0,0,0,0,0,0,0,0,1,0,0,0,1,0
512.49,11,0,1,99,3,27,0,5.176666614377105,128.1225,1,1,1,0,0,1,0,0,0,0,0,1,0,0
61.66,5,0,0,97,1,46,1,0.6356700965394835,30.83,0,0,0,0,0,0,0,1,0,0,0,0,1,0
152.65,19,1,0,38,3,52,0,4.017105157444601,38.1625,1,1,0,1,0,0,1,0,0,0,1,0,0,0
27.03,15,1,0,52,3,33,0,0.5198076823113907,6.7575,1,1,0,0,0,1,0,0,0,1,0,0,0,0
549.66,7,0,0,54,1,61,0,10.17888870039095,274.83,0,0,1,0,0,0,1,0,0,0,0,1,0,0
22.07,21,0,0,90,0,47,0,0.2452222194975309,22.07,0,0,0,0,0,0,1,0,0,0,1,0,0,0
62.37,4,0,0,73,2,62,1,0.8543835499399514,20.79,0,0,0,0,0,0,1,0,0,0,0,0,1,0
48.71,2,0,0,43,3,40,1,1.1327906713304496,12.1775,0,0,0,0,0,1,0,0,0,0,0,0,1,0
107.74,12,1,0,26,2,39,0,4.143845994467461,35.913333333333334,1,1,0,1,0,0,0,0,1,1,0,0,0,0
452.86,7,0,0,43,0,38,0,10.531627662055172,452.86,0,0,0,0,0,0,1,0,0,0,0,1,0,0
114.39,23,0,0,27,2,54,0,4.236666509753092,38.13,0,0,0,1,0,1,0,0,0,0,1,0,0,0
630.74,9,0,0,54,4,56,0,11.68037015406722,126.148,0,0,1,0,0,0,0,1,0,0,0,1,0,0
270.9,20,0,0,78,4,65,0,3.4730768785502963,54.17999999999999,0,0,0,0,0,0,0,1,0,0,1,0,0,0
15.82,23,0,0,43,2,39,0,0.36790696818821006,5.273333333333333,0,0,0,0,0,0,0,0,1,0,1,0,0,0
37.21,14,0,0,92,1,32,0,0.404456517342864,18.605,0,0,0,0,0,0,0,1,0,1,0,0,0,0
339.6,20,0,0,28,0,58,0,12.128570995408179,339.6,0,0,0,1,0,0,0,0,1,0,1,0,0,0
541.38,19,0,1,91,2,58,0,5.9492307038546075,180.46,1,1,1,0,0,0,1,0,0,0,1,0,0,0
291.87,17,0,0,98,1,53,0,2.978265275731987,145.935,0,0,0,0,0,0,0,0,1,1,0,0,0,0
96.9,12,0,0,94,3,32,0,1.0308510528632868,24.225,0,0,0,0,1,0,0,0,0,1,0,0,0,0
47.03,13,0,0,46,1,38,0,1.0223912821219288,23.515,0,0,0,0,0,1,0,0,0,1,0,0,0,0
125.88,12,0,0,97,0,52,0,1.2977319453842067,125.88,0,0,0,0,0,0,1,0,0,1,0,0,0,0
90.85,7,0,1,89,1,45,0,1.0207865053844212,45.425,1,1,0,0,0,0,0,1,0,0,0,1,0,0
117.77,11,0,0,71,3,38,0,1.6587323710037694,29.4425,0,0,0,0,0,0,1,0,0,0,0,1,0,0
199.98,7,0,0,29,1,43,0,6.895861831177178,99.99,0,0,0,1,0,0,0,0,1,0,0,1,0,0
156.35,0,0,0,25,1,24,1,6.25399974984001,78.175,0,0,0,1,0,1,0,0,0,0,0,0,1,0
3.01,20,1,0,62,2,51,0,0.0485483863137357,1.0033333333333332,1,1,0,0,0,1,0,0,0,0,1,0,0,0
18.88,8,0,0,90,0,21,0,0.2097777754469136,18.88,0,0,0,0,0,0,1,0,0,0,0,1,0,0
116.19,4,1,0,51,1,51,1,2.2782352494463676,58.095,1,1,0,0,0,0,0,1,0,0,0,0,1,0
20.37,14,0,0,38,1,39,0,0.5360526174722996,10.185,0,0,0,1,0,0,1,0,0,1,0,0,0,0
140.57,8,0,0,91,3,19,0,1.544725257750272,35.1425,0,0,0,0,0,0,1,0,0,0,0,1,0,0
130.5,18,0,0,65,1,52,0,2.0076922768047343,65.25,0,0,0,0,0,0,0,0,1,0,1,0,0,0
40.09,23,0,0,85,1,47,0,0.4716470532747406,20.045,0,0,0,0,0,0,0,0,1,0,1,0,0,0
356.05,9,0,0,94,2,28,0,3.7877659171514266,118.68333333333334,0,0,0,0,0,1,0,0,0,0,0,1,0,0
81.36,7,1,0,51,4,55,0,1.5952940863667826,16.272,1,1,0,0,1,0,0,0,0,0,0,1,0,0
79.54,0,0,0,71,2,37,1,1.1202816743622301,26.513333333333335,0,0,0,0,1,0,0,0,0,0,0,0,1,0
483.74,8,0,0,50,4,68,0,9.674799806504005,96.748,0,0,0,0,0,0,0,0,1,0,0,1,0,0
163.95,2,0,0,90,3,67,1,1.8216666464259261,40.9875,0,0,0,0,0,0,0,0,1,0,0,0,1,0
122.69,20,0,1,26,2,32,0,4.718845972352078,40.89666666666667,1,1,0,1,0,1,0,0,0,0,1,0,0,0
12.55,9,0,0,81,4,27,0,0.15493826969212013,2.5100000000000002,0,0,0,0,1,0,0,0,0,0,0,1,0,0
309.51,22,0,0,49,1,63,0,6.316530483336113,154.755,0,0,0,0,0,1,0,0,0,0,1,0,0,0
15.19,2,0,0,83,5,59,1,0.18301204598780668,2.5316666666666667,0,0,0,0,0,0,0,1,0,0,0,0,1,0
12.88,6,1,0,41,2,31,0,0.31414633380130896,4.293333333333334,1,1,0,0,0,0,0,0,1,0,0,1,0,0
257.0,17,0,1,89,2,54,0,2.8876404169928045,85.66666666666667,1,1,0,0,1,0,0,0,0,1,0,0,0,0
186.88,5,0,1,57,0,62,1,3.2785964337088345,186.88,1,1,0,0,1,0,0,0,0,0,0,0,1,0
43.74,16,0,0,78,3,21,0,0.5607692235798818,10.935,0,0,0,0,0,0,1,0,0,1,0,0,0,0
11.37,11,0,0,77,1,31,0,0.147662335744645,5.685,0,0,0,0,0,0,0,0,1,0,0,1,0,0
74.51,6,0,0,95,1,30,0,0.7843157812177287,37.255,0,0,0,0,0,0,0,1,0,0,0,1,0,0
55.33,13,0,0,45,4,45,0,1.2295555282320993,11.065999999999999,0,0,0,0,0,0,0,0,1,1,0,0,0,0
754.26,20,0,0,51,3,63,0,14.789411474717422,188.565,0,0,1,0,0,1,0,0,0,0,1,0,0,0
217.24,15,0,0,73,2,19,0,2.975890370193283,72.41333333333334,0,0,0,0,0,0,1,0,0,1,0,0,0,0
246.77,5,0,0,53,0,51,1,4.65603764799929,246.77,0,0,0,0,0,1,0,0,0,0,0,0,1,0
378.63,19,0,0,65,3,27,0,5.825076833460357,94.6575,0,0,0,0,0,0,1,0,0,0,1,0,0,0
267.65,14,0,1,68,4,57,0,3.936029353881921,53.529999999999994,1,1,0,0,0,1,0,0,0,1,0,0,0,0
114.68,7,0,0,74,2,25,0,1.5497297087874364,38.22666666666667,0,0,0,0,0,0,1,0,0,0,0,1,0,0
377.38,20,0,0,34,1,45,0,11.099411438252606,188.69,0,0,0,1,0,0,1,0,0,0,1,0,0,0
116.52,12,0,0,29,1,32,0,4.017930895933417,58.26,0,0,0,1,1,0,0,0,0,1,0,0,0,0
312.71,1,0,0,64,3,68,1,4.886093673654786,78.1775,0,0,0,0,0,0,0,1,0,0,0,0,1,0
0.96,17,0,0,57,1,52,0,0.01684210496768237,0.48,0,0,0,0,1,0,0,0,0,1,0,0,0,0
154.17,17,0,1,57,1,32,0,2.70473679465374,77.085,1,1,0,0,0,0,0,0,1,1,0,0,0,0
41.71,2,0,0,88,3,21,1,0.47397726734116746,10.4275,0,0,0,0,1,0,0,0,0,0,0,0,1,0
76.94,20,0,0,55,1,48,0,1.3989090654743805,38.47,0,0,0,0,0,0,1,0,0,0,1,0,0,0
353.64,19,0,0,72,3,64,0,4.911666598449075,88.41,0,0,0,0,0,0,0,1,0,0,1,0,0,0
131.09,1,0,0,68,1,22,1,1.927794089297146,65.545,0,0,0,0,0,0,0,1,0,0,0,0,1,0
206.52,14,0,0,49,0,27,0,4.214693791536861,206.52,0,0,0,0,1,0,0,0,0,1,0,0,0,0
21.66,9,0,0,46,2,38,0,0.47086955498109667,7.22,0,0,0,0,0,0,0,1,0,0,0,1,0,0
48.97,0,0,0,83,0,20,1,0.5899999928915663,48.97,0,0,0,0,0,1,0,0,0,0,0,0,1,0
373.3,18,0,0,49,1,67,0,7.6183671914618944,186.65,0,0,0,0,0,0,1,0,0,0,1,0,0,0
381.52,3,0,0,74,1,69,1,5.155675606004384,190.76,0,0,0,0,1,0,0,0,0,0,0,0,1,0
105.35,20,0,1,52,0,65,0,2.0259614995007404,105.35,1,1,0,0,0,0,1,0,0,0,1,0,0,0
219.09,6,0,0,50,2,21,0,4.381799912364002,73.03,0,0,0,0,0,1,0,0,0,0,0,1,0,0
77.46,7,0,0,65,4,41,0,1.1916922893585802,15.491999999999999,0,0,0,0,0,0,0,0,1,0,0,1,0,0
127.85,8,0,1,83,1,66,0,1.5403614272245612,63.925,1,1,0,0,0,1,0,0,0,0,0,1,0,0
28.68,13,1,0,71,2,36,0,0.40394365628248374,9.56,1,1,0,0,1,0,0,0,0,1,0,0,0,0
607.44,10,0,0,25,3,55,0,24.29759902809604,151.86,0,0,1,1,0,0,0,0,1,0,0,1,0,0
65.61,13,0,0,79,0,46,0,0.8305063186011858,65.61,0,0,0,0,1,0,0,0,0,1,0,0,0,0
4.55,20,0,0,42,1,49,0,0.10833333075396832,2.275,0,0,0,0,0,1,0,0,0,0,1,0,0,0
148.05,2,0,0,66,2,38,1,2.2431817841942157,49.35,0,0,0,0,0,0,0,1,0,0,0,0,1,0
107.55,15,0,0,72,2,29,0,1.4937499792534725,35.85,0,0,0,0,0,1,0,0,0,1,0,0,0,0
5.6,13,0,0,70,4,19,0,0.07999999885714287,1.1199999999999999,0,0,0,0,1,0,0,0,0,1,0,0,0,0
26.99,0,0,0,73,2,69,1,0.3697260223325202,8.996666666666666,0,0,0,0,1,0,0,0,0,0,0,0,1,0
114.72,19,0,0,32,1,43,0,3.584999887968754,57.36,0,0,0,1,0,0,1,0,0,0,1,0,0,0
290.02,14,0,0,37,2,23,0,7.83837816653032,96.67333333333333,0,0,0,1,0,1,0,0,0,1,0,0,0,0
210.02,13,0,0,95,0,44,0,2.2107368188343495,210.02,0,0,0,0,1,0,0,0,0,1,0,0,0,0
432.61,16,0,0,38,3,19,0,11.384473384619122,108.1525,0,0,0,1,0,1,0,0,0,1,0,0,0,0
16.7,21,0,0,37,5,26,0,0.4513513391526665,2.783333333333333,0,0,0,1,0,1,0,0,0,0,1,0,0,0
104.28,6,0,0,71,2,52,0,1.468732373679826,34.76,0,0,0,0,0,1,0,0,0,0,0,1,0,0
298.62,7,0,0,26,1,35,0,11.48538417363907,149.31,0,0,0,1,0,0,0,0,1,0,0,1,0,0
546.81,5,1,1,53,2,45,1,10.317169616657177,182.26999999999998,1,2,1,0,0,0,0,1,0,0,0,0,1,0
300.33,0,0,0,69,1,50,1,4.352608632570889,150.165,0,0,0,0,0,0,1,0,0,0,0,0,1,0
74.53,1,0,0,80,3,27,1,0.9316249883546877,18.6325,0,0,0,0,0,0,0,0,1,0,0,0,1,0
53.86,0,0,0,54,1,64,1,0.9974073889369003,26.93,0,0,0,0,1,0,0,0,0,0,0,0,1,0
108.37,16,0,0,99,2,49,0,1.0946464535894298,36.123333333333335,0,0,0,0,0,0,0,1,0,1,0,0,0,0
414.51,11,1,0,46,2,41,0,9.01108676062855,138.17,1,1,0,0,0,1,0,0,0,0,0,1,0,0
102.35,23,0,0,25,2,20,0,4.093999836240006,34.11666666666667,0,0,0,1,1,0,0,0,0,0,1,0,0,0
666.98,15,0,0,48,4,64,0,13.895416377178826,133.39600000000002,0,0,1,0,0,0,0,0,1,1,0,0,0,0
12.82,7,0,0,99,1,69,0,0.12949494818691973,6.41,0,0,0,0,0,0,0,1,0,0,0,1,0,0
202.97,12,0,0,36,2,65,0,5.638055398942906,67.65666666666667,0,0,0,1,0,0,0,1,0,1,0,0,0,0
65.22,2,0,1,56,1,49,1,1.1646428363456636,32.61,1,1,0,0,0,0,0,0,1,0,0,0,1,0
298.01,4,0,0,43,2,18,1,6.9304649551054665,99.33666666666666,0,0,0,0,1,0,0,0,0,0,0,0,1,0
117.42,4,0,1,89,4,18,1,1.3193258278727436,23.484,1,1,0,0,0,1,0,0,0,0,0,0,1,0
12.23,2,1,0,28,3,66,1,0.436785698686225,3.0575,1,1,0,1,0,0,1,0,0,0,0,0,1,1
187.55,6,0,0,63,1,31,0,2.976984079730412,93.775,0,0,0,0,0,0,0,0,1,0,0,1,0,0
3.48,18,0,0,30,1,33,0,0.11599999613333346,1.74,0,0,0,1,1,0,0,0,0,0,1,0,0,0
436.13,16,0,0,59,7,64,0,7.392033773016377,54.51625,0,0,0,0,0,0,0,1,0,1,0,0,0,0
51.43,21,0,1,66,1,53,0,0.779242412435721,25.715,1,1,0,0,1,0,0,0,0,0,1,0,0,0
732.86,7,0,1,98,1,62,0,7.4781631889983355,366.43,1,1,1,0,0,0,0,1,0,0,0,1,0,0
5.83,19,0,0,82,0,49,0,0.07109756010856634,5.83,0,0,0,0,0,1,0,0,0,0,1,0,0,0
15.29,16,1,0,74,1,39,0,0.20662161882943758,7.645,1,1,0,0,0,1,0,0,0,1,0,0,0,0
174.56,23,0,0,52,1,52,0,3.3569230123668654,87.28,0,0,0,0,1,0,0,0,0,0,1,0,0,0
14.38,10,0,0,31,0,33,0,0.4638709527783564,14.38,0,0,0,1,0,0,0,1,0,0,0,1,0,0
165.78,21,0,0,32,0,25,0,5.180624838105475,165.78,0,0,0,1,0,0,0,0,1,0,1,0,0,0
97.48,9,0,0,82,2,33,0,1.1887804733075553,32.49333333333333,0,0,0,0,1,0,0,0,0,0,0,1,0,0
969.55,4,0,0,96,3,43,1,10.099479061463759,242.3875,0,0,1,0,1,0,0,0,0,0,0,0,1,0
30.62,19,0,0,62,1,32,0,0.4938709597762749,15.31,0,0,0,0,0,0,0,1,0,0,1,0,0,0
61.95,3,0,1,30,4,41,1,2.064999931166669,12.39,1,1,0,1,0,1,0,0,0,0,0,0,1,1
330.89,20,0,0,83,0,57,0,3.986626457992452,330.89,0,0,0,0,0,1,0,0,0,0,1,0,0,0
64.37,4,0,0,69,4,37,1,0.9328985372043691,12.874,0,0,0,0,0,0,1,0,0,0,0,0,1,0
41.6,11,0,0,97,4,40,0,0.4288659749601446,8.32,0,0,0,0,0,0,0,1,0,0,0,1,0,0
168.15,20,0,0,29,2,23,0,5.798275662128425,56.050000000000004,0,0,0,1,0,1,0,0,0,0,1,0,0,0
62.9,21,0,0,84,0,31,0,0.7488095148951248,62.9,0,0,0,0,0,1,0,0,0,0,1,0,0,0
131.5,22,1,0,49,3,51,0,2.68367341461891,32.875,1,1,0,0,0,0,0,1,0,0,1,0,0,0
21.18,10,0,0,51,4,51,0,0.41529410950403706,4.236,0,0,0,0,0,0,0,0,1,0,0,1,0,0
263.89,18,0,0,52,1,36,0,5.074807594715239,131.945,0,0,0,0,0,0,1,0,0,0,1,0,0,0
368.04,15,0,0,45,4,43,0,8.178666484918523,73.608,0,0,0,0,0,1,0,0,0,1,0,0,0,0
11.27,23,0,0,52,3,28,0,0.2167307650628699,2.8175,0,0,0,0,0,0,1,0,0,0,1,0,0,0
63.57,17,0,1,39,2,46,0,1.6299999582051294,21.19,1,1,0,1,0,0,0,0,1,1,0,0,0,0
595.78,13,0,0,32,3,49,0,18.618124418183612,148.945,0,0,1,1,0,1,0,0,0,1,0,0,0,0
189.06,14,0,1,63,1,19,0,3.000952333318217,94.53,1,1,0,0,0,0,1,0,0,1,0,0,0,0
120.99,2,0,0,56,4,63,1,2.16053567570472,24.198,0,0,0,0,0,0,0,1,0,0,0,0,1,0
191.3,22,0,0,98,1,44,0,1.952040796407747,95.65,0,0,0,0,0,0,1,0,0,0,1,0,0,0
75.45,13,0,0,71,2,30,0,1.06267604137076,25.150000000000002,0,0,0,0,0,1,0,0,0,1,0,0,0,0
194.43,22,0,0,51,1,20,0,3.8123528664244537,97.215,0,0,0,0,0,0,0,0,1,0,1,0,0,0
346.28,4,0,0,62,3,53,1,5.585161200239336,86.57,0,0,0,0,0,1,0,0,0,0,0,0,1,0
432.54,2,0,0,42,2,64,1,10.298571183367354,144.18,0,0,0,0,0,0,1,0,0,0,0,0,1,0
18.05,3,0,0,86,1,24,1,0.20988371848972423,9.025,0,0,0,0,0,0,0,0,1,0,0,0,1,0
328.94,6,0,0,30,3,28,0,10.96466630117779,82.235,0,0,0,1,1,0,0,0,0,0,0,1,0,0
299.98,8,0,0,54,0,51,0,5.555185082311388,299.98,0,0,0,0,0,1,0,0,0,0,0,1,0,0
30.21,16,0,0,28,2,40,0,1.0789285328954095,10.07,0,0,0,1,1,0,0,0,0,1,0,0,0,0
30.8,6,0,0,90,2,63,0,0.34222221841975314,10.266666666666667,0,0,0,0,0,1,0,0,0,0,0,1,0,0
364.69,17,0,0,37,3,26,0,9.856486220094968,91.1725,0,0,0,1,0,1,0,0,0,1,0,0,0,0
442.91,1,0,0,92,3,33,1,4.814239078106097,110.7275,0,0,0,0,0,1,0,0,0,0,0,0,1,0
146.73,23,0,0,30,3,43,0,4.890999836966672,36.6825,0,0,0,1,0,0,0,0,1,0,1,0,0,0
780.27,23,0,1,49,3,65,0,15.923877226043322,195.0675,1,1,1,0,0,0,1,0,0,0,1,0,0,0
185.11,21,0,0,85,5,31,0,2.177764680261592,30.85166666666667,0,0,0,0,0,0,0,1,0,0,1,0,0,0
107.18,3,0,0,52,2,31,1,2.0611538065162733,35.72666666666667,0,0,0,0,0,0,0,0,1,0,0,0,1,0
152.27,19,0,0,59,4,34,0,2.5808474138839426,30.454,0,0,0,0,0,0,1,0,0,0,1,0,0,0
23.74,15,0,0,45,7,27,0,0.527555543832099,2.9675,0,0,0,0,1,0,0,0,0,1,0,0,0,0
118.17,20,0,0,97,3,65,0,1.2182474101211607,29.5425,0,0,0,0,0,0,1,0,0,0,1,0,0,0
218.25,0,0,0,91,3,25,1,2.3983516219961363,54.5625,0,0,0,0,1,0,0,0,0,0,0,0,1,0
63.51,19,0,0,35,1,69,0,1.8145713767265321,31.755,0,0,0,1,1,0,0,0,0,0,1,0,0,0
36.87,15,0,0,37,4,33,0,0.9964864595544201,7.374,0,0,0,1,0,0,0,0,1,1,0,0,0,0
176.71,5,0,0,89,2,37,1,1.9855055956684766,58.903333333333336,0,0,0,0,0,0,0,1,0,0,0,0,1,0
17.25,5,0,0,35,1,28,1,0.49285712877551063,8.625,0,0,0,1,0,1,0,0,0,0,0,0,1,0
408.7,19,0,0,34,0,29,0,12.020587881747415,408.7,0,0,0,1,0,0,1,0,0,0,1,0,0,0
985.18,1,0,0,69,2,36,1,14.27797080756564,328.3933333333333,0,0,1,0,0,1,0,0,0,0,0,0,1,0
83.23,2,0,0,28,0,21,1,2.9724998938392897,83.23,0,0,0,1,0,0,1,0,0,0,0,0,1,0
401.4,1,1,0,31,0,28,1,12.9483866790843,401.4,1,1,0,1,0,1,0,0,0,0,0,0,1,1
3.99,10,0,0,61,1,35,0,0.0654098349932814,1.995,0,0,0,0,0,0,1,0,0,0,0,1,0,0
306.64,18,0,0,98,4,50,0,3.128979559908372,61.327999999999996,0,0,0,0,1,0,0,0,0,0,1,0,0,0
99.68,22,0,0,60,0,36,0,1.661333305644445,99.68,0,0,0,0,0,0,1,0,0,0,1,0,0,0
90.84,17,0,0,36,4,40,0,2.523333263240743,18.168,0,0,0,1,0,1,0,0,0,1,0,0,0,0
115.56,10,0,0,77,2,31,0,1.5007792012885819,38.52,0,0,0,0,1,0,0,0,0,0,0,1,0,0
111.21,8,0,0,82,1,33,0,1.3562194956558598,55.605,0,0,0,0,0,0,0,1,0,0,0,1,0,0
98.97,22,0,0,28,7,34,0,3.5346427309056168,12.37125,0,0,0,1,0,0,0,0,1,0,1,0,0,0
76.05,0,0,1,84,2,58,1,0.9053571320790818,25.349999999999998,1,1,0,0,0,0,1,0,0,0,0,0,1,0
257.65,15,0,0,60,1,22,0,4.294166595097224,128.825,0,0,0,0,1,0,0,0,0,1,0,0,0,0
87.81,3,0,0,53,2,23,1,1.6567924215699543,29.27,0,0,0,0,1,0,0,0,0,0,0,0,1,0
139.12,20,0,0,29,1,42,0,4.797241213888234,69.56,0,0,0,1,1,0,0,0,0,0,1,0,0,0
149.89,5,0,0,27,4,46,1,5.551481275871063,29.977999999999998,0,0,0,1,0,0,0,1,0,0,0,0,1,0
199.12,17,0,0,95,3,25,0,2.0959999779368426,49.78,0,0,0,0,0,0,0,0,1,1,0,0,0,0
24.72,4,0,0,52,2,23,1,0.4753846062426037,8.24,0,0,0,0,0,0,0,1,0,0,0,0,1,0
127.45,15,0,0,50,1,48,0,2.548999949020001,63.725,0,0,0,0,0,0,1,0,0,1,0,0,0,0
13.98,1,0,0,37,0,39,1,0.3778378276260047,13.98,0,0,0,1,0,0,0,0,1,0,0,0,1,0
209.09,15,0,0,72,2,54,0,2.9040277374440593,69.69666666666667,0,0,0,0,0,0,1,0,0,1,0,0,0,0
363.15,0,0,0,98,0,65,1,3.7056122070855895,363.15,0,0,0,0,0,0,1,0,0,0,0,0,1,0
287.39,2,0,0,66,2,41,1,4.3543938734182746,95.79666666666667,0,0,0,0,0,1,0,0,0,0,0,0,1,0
111.63,0,0,0,44,2,23,1,2.537045396885332,37.21,0,0,0,0,1,0,0,0,0,0,0,0,1,0
108.34,0,0,0,61,1,63,1,1.7760655446546634,54.17,0,0,0,0,0,0,0,1,0,0,0,0,1,0
319.17,18,0,0,82,1,37,0,3.892317025703451,159.585,0,0,0,0,0,0,0,0,1,0,1,0,0,0
57.49,8,0,0,64,2,60,0,0.8982812359643557,19.163333333333334,0,0,0,0,1,0,0,0,0,0,0,1,0,0
3.34,23,0,0,93,0,18,0,0.03591397810845185,3.34,0,0,0,0,0,0,1,0,0,0,1,0,0,0
197.95,7,0,0,97,2,30,0,2.040721628446169,65.98333333333333,0,0,0,0,0,0,1,0,0,0,0,1,0,0
280.59,2,0,0,77,1,49,1,3.644025926700962,140.295,0,0,0,0,0,1,0,0,0,0,0,0,1,0
462.18,23,0,0,60,1,46,0,7.70299987161667,231.09,0,0,0,0,0,0,1,0,0,0,1,0,0,0
530.37,5,0,0,90,5,45,1,5.892999934522223,88.395,0,0,1,0,0,0,0,0,1,0,0,0,1,0
238.31,1,0,0,44,2,50,1,5.416136240542358,79.43666666666667,0,0,0,0,1,0,0,0,0,0,0,0,1,0
356.76,23,0,0,25,1,55,0,14.270399429184021,178.38,0,0,0,1,1,0,0,0,0,0,1,0,0,0
126.39,6,0,0,41,1,30,0,3.082682851641882,63.195,0,0,0,0,0,0,0,0,1,0,0,1,0,0
141.17,10,0,0,40,0,29,0,3.529249911768752,141.17,0,0,0,0,1,0,0,0,0,0,0,1,0,0
46.12,1,0,1,41,1,21,1,1.1248780213444385,23.06,1,1,0,0,1,0,0,0,0,0,0,0,1,0
10.56,9,0,1,93,1,48,0,0.11354838587582382,5.28,1,1,0,0,1,0,0,0,0,0,0,1,0,0
269.2,9,0,0,83,0,56,0,3.243373454899115,269.2,0,0,0,0,0,0,0,1,0,0,0,1,0,0
172.65,16,0,0,96,1,32,0,1.7984374812662764,86.325,0,0,0,0,1,0,0,0,0,1,0,0,0,0
42.55,3,0,0,44,4,68,1,0.9670454325671493,8.51,0,0,0,0,0,0,0,0,1,0,0,0,1,0
20.9,6,0,0,42,3,43,0,0.4976190357709753,5.225,0,0,0,0,0,1,0,0,0,0,0,1,0,0
31.68,20,0,1,47,3,49,0,0.6740425388501587,7.92,1,1,0,0,0,0,0,1,0,0,1,0,0,0
57.55,11,0,0,83,1,30,0,0.6933734856220062,28.775,0,0,0,0,0,0,0,1,0,0,0,1,0,0
5.4,15,0,0,46,3,53,0,0.11739130179584129,1.35,0,0,0,0,1,0,0,0,0,1,0,0,0,0
59.61,6,0,0,96,1,29,0,0.6209374935319011,29.805,0,0,0,0,0,0,1,0,0,0,0,1,0,0
237.5,22,0,0,61,1,29,0,3.893442559123893,118.75,0,0,0,0,0,0,0,1,0,0,1,0,0,0
29.09,11,0,0,30,2,37,0,0.9696666343444454,9.696666666666667,0,0,0,1,0,0,1,0,0,0,0,1,0,0
12.48,7,0,0,42,4,61,0,0.29714285006802743,2.496,0,0,0,0,0,0,1,0,0,0,0,1,0,0
82.96,0,0,0,78,1,38,1,1.0635897299539778,41.48,0,0,0,0,0,0,0,0,1,0,0,0,1,0
10.67,8,0,1,44,3,63,0,0.2424999944886365,2.6675,1,1,0,0,0,0,1,0,0,0,0,1,0,0
9.25,1,0,0,59,2,69,1,0.1567796583596668,3.0833333333333335,0,0,0,0,0,0,0,0,1,0,0,0,1,0
38.16,9,1,0,26,1,41,0,1.4676922512426056,19.08,1,1,0,1,0,0,1,0,0,0,0,1,0,0
249.5,11,0,0,52,1,38,0,4.798076830806215,124.75,0,0,0,0,0,1,0,0,0,0,0,1,0,0
60.65,21,0,0,58,5,35,0,1.0456896371432822,10.108333333333333,0,0,0,0,1,0,0,0,0,0,1,0,0,0
68.27,1,0,0,60,2,32,1,1.1378333143694448,22.756666666666664,0,0,0,0,0,0,1,0,0,0,0,0,1,0
48.6,12,0,0,66,3,28,0,0.7363636252066118,12.15,0,0,0,0,1,0,0,0,0,1,0,0,0,0
193.29,12,0,0,25,1,22,0,7.731599690736012,96.645,0,0,0,1,0,1,0,0,0,1,0,0,0,0
46.59,0,0,0,40,1,31,1,1.164749970881251,23.295,0,0,0,0,0,1,0,0,0,0,0,0,1,0
140.68,3,1,0,31,1,63,1,4.5380643697398595,70.34,1,1,0,1,0,0,1,0,0,0,0,0,1,1
2.2,4,0,0,52,2,30,1,0.04230769149408286,0.7333333333333334,0,0,0,0,1,0,0,0,0,0,0,0,1,0
199.28,5,0,0,93,0,57,1,2.1427956758839177,199.28,0,0,0,0,0,0,0,0,1,0,0,0,1,0
244.91,10,0,0,56,4,40,0,4.373392779046558,48.982,0,0,0,0,0,0,0,0,1,0,0,1,0,0
322.45,5,0,0,83,6,63,1,3.884939712229642,46.06428571428571,0,0,0,0,0,0,0,1,0,0,0,0,1,0
1.06,3,0,0,44,2,32,1,0.024090908543388447,0.35333333333333333,0,0,0,0,0,0,0,1,0,0,0,0,1,0
82.8,10,0,0,81,3,54,0,1.022222209602195,20.7,0,0,0,0,1,0,0,0,0,0,0,1,0,0
149.54,6,0,0,83,4,22,0,1.8016867252808828,29.907999999999998,0,0,0,0,0,0,1,0,0,0,0,1,0,0
175.31,22,0,1,43,1,56,0,4.076976649372637,87.655,1,1,0,0,1,0,0,0,0,0,1,0,0,0
386.07,15,0,0,73,4,69,0,5.288630064539314,77.214,0,0,0,0,0,0,0,1,0,1,0,0,0,0
131.45,7,0,0,99,2,67,0,1.327777764365881,43.81666666666666,0,0,0,0,0,0,1,0,0,0,0,1,0,0
148.06,2,1,0,55,5,66,1,2.6919999510545467,24.676666666666666,1,1,0,0,0,0,1,0,0,0,0,0,1,1
124.81,20,0,0,51,3,22,0,2.4472548539753953,31.2025,0,0,0,0,1,0,0,0,0,0,1,0,0,0
150.38,17,0,0,80,2,54,0,1.8797499765031254,50.126666666666665,0,0,0,0,1,0,0,0,0,1,0,0,0,0
76.7,23,0,0,94,2,21,0,0.8159574381281124,25.566666666666666,0,0,0,0,0,0,0,1,0,0,1,0,0,0
131.23,17,0,0,80,2,53,0,1.6403749794953126,43.74333333333333,0,0,0,0,0,0,0,1,0,1,0,0,0,0
15.92,12,0,1,70,1,24,0,0.2274285681795919,7.96,1,1,0,0,1,0,0,0,0,1,0,0,0,0
54.84,22,1,0,34,0,68,0,1.6129411290311435,54.84,1,1,0,1,0,0,0,0,1,0,1,0,0,0
361.2,12,0,0,44,3,20,0,8.209090722520665,90.3,0,0,0,0,0,0,0,0,1,1,0,0,0,0
180.57,23,0,0,80,2,54,0,2.2571249717859376,60.19,0,0,0,0,0,0,1,0,0,0,1,0,0,0
100.2,14,0,0,29,5,49,0,3.4551722946492314,16.7,0,0,0,1,0,0,0,0,1,1,0,0,0,0
174.48,10,0,0,30,1,52,0,5.815999806133339,87.24,0,0,0,1,0,0,0,0,1,0,0,1,0,0
61.44,19,0,0,44,1,42,0,1.3963636046280998,30.72,0,0,0,0,0,1,0,0,0,0,1,0,0,0
592.13,10,0,0,83,0,51,0,7.134096299589201,592.13,0,0,1,0,0,1,0,0,0,0,0,1,0,0
0.89,22,0,0,87,4,67,0,0.01022988493988638,0.178,0,0,0,0,1,0,0,0,0,0,1,0,0,0
154.85,23,1,0,90,1,30,0,1.7205555364382719,77.425,1,1,0,0,0,0,0,1,0,0,1,0,0,0
32.4,0,0,0,90,1,48,1,0.35999999600000004,16.2,0,0,0,0,0,1,0,0,0,0,0,0,1,0
13.49,21,0,0,56,3,40,0,0.24089285284119907,3.3725,0,0,0,0,0,0,0,1,0,0,1,0,0,0
1.68,17,1,0,54,1,49,0,0.031111110534979433,0.84,1,1,0,0,0,0,0,1,0,1,0,0,0,0
166.58,5,0,0,36,1,27,1,4.6272220936882755,83.29,0,0,0,1,1,0,0,0,0,0,0,0,1,0
122.25,2,0,0,31,3,47,1,3.94354825988554,30.5625,0,0,0,1,0,1,0,0,0,0,0,0,1,0
166.86,23,0,1,94,0,35,0,1.7751063640946134,166.86,1,1,0,0,0,0,0,1,0,0,1,0,0,0
73.23,7,0,0,90,0,45,0,0.813666657625926,73.23,0,0,0,0,0,0,0,0,1,0,0,1,0,0
23.1,3,1,0,67,3,27,1,0.34477611425707294,5.775,1,1,0,0,0,0,1,0,0,0,0,0,1,0
147.67,9,0,0,76,0,58,0,1.9430262902233382,147.67,0,0,0,0,0,0,1,0,0,0,0,1,0,0
40.58,9,0,0,73,2,46,0,0.5558904033439671,13.526666666666666,0,0,0,0,0,0,0,0,1,0,0,1,0,0
33.16,0,0,0,25,1,37,1,1.326399946944002,16.58,0,0,0,1,1,0,0,0,0,0,0,0,1,0
280.8,8,0,0,57,2,45,0,4.926315703047093,93.60000000000001,0,0,0,0,1,0,0,0,0,0,0,1,0,0
67.67,12,0,0,70,3,35,0,0.9667142719040819,16.9175,0,0,0,0,1,0,0,0,0,1,0,0,0,0
16.21,0,0,0,39,6,67,1,0.41564101498356376,2.315714285714286,0,0,0,1,0,1,0,0,0,0,0,0,1,1
8.66,21,0,0,32,1,57,0,0.27062499154296904,4.33,0,0,0,1,0,1,0,0,0,0,1,0,0,0
240.56,16,0,1,86,1,61,0,2.7972092697998923,120.28,1,1,0,0,0,0,0,0,1,1,0,0,0,0
56.01,20,1,0,64,3,21,0,0.8751562363256838,14.0025,1,1,0,0,0,0,1,0,0,0,1,0,0,0
54.15,19,0,0,38,0,48,0,1.424999962500001,54.15,0,0,0,1,0,0,1,0,0,0,1,0,0,0
112.19,17,0,0,51,1,63,0,2.199803878435218,56.095,0,0,0,0,1,0,0,0,0,1,0,0,0,0
98.46,17,0,1,62,3,69,0,1.588064490515089,24.615,1,1,0,0,1,0,0,0,0,1,0,0,0,0
40.09,8,0,0,78,2,48,0,0.5139743523849443,13.363333333333335,0,0,0,0,0,0,0,0,1,0,0,1,0,0
30.82,5,0,1,70,1,41,1,0.4402857079959185,15.41,1,1,0,0,0,0,0,1,0,0,0,0,1,0
201.83,6,0,0,27,2,41,0,7.475184908326485,67.27666666666667,0,0,0,1,0,0,0,0,1,0,0,1,0,0
52.01,8,0,0,53,1,20,0,0.9813207362014955,26.005,0,0,0,0,0,0,1,0,0,0,0,1,0,0
137.23,19,0,0,56,2,37,0,2.4505356705261487,45.74333333333333,0,0,0,0,0,0,0,1,0,0,1,0,0,0
18.57,7,0,0,39,1,69,0,0.4761538339447735,9.285,0,0,0,1,0,0,0,0,1,0,0,1,0,0
32.42,9,0,0,29,1,66,0,1.117930995933414,16.21,0,0,0,1,0,0,1,0,0,0,0,1,0,0
165.75,12,0,1,40,2,42,0,4.143749896406253,55.25,1,1,0,0,0,1,0,0,0,1,0,0,0,0
27.75,6,0,0,54,5,42,0,0.5138888793724282,4.625,0,0,0,0,0,0,0,0,1,0,0,1,0,0
59.07,8,1,0,33,4,20,0,1.7899999457575775,11.814,1,1,0,1,0,0,0,0,1,0,0,1,0,0
51.02,12,0,0,85,1,35,0,0.6002352870560556,25.51,0,0,0,0,0,0,0,0,1,1,0,0,0,0
139.27,13,0,0,44,2,31,0,3.1652272007902913,46.42333333333334,0,0,0,0,0,0,1,0,0,1,0,0,0,0
95.54,7,0,0,45,2,60,0,2.1231110639308657,31.846666666666668,0,0,0,0,0,1,0,0,0,0,0,1,0,0
563.44,11,0,0,61,4,56,0,9.236721160053753,112.68800000000002,0,0,1,0,0,0,1,0,0,0,0,1,0,0
9.88,8,0,0,45,0,59,0,0.21955555067654334,9.88,0,0,0,0,1,0,0,0,0,0,0,1,0,0
127.93,10,0,0,84,4,66,0,1.522976172345522,25.586000000000002,0,0,0,0,1,0,0,0,0,0,0,1,0,0
173.9,14,0,0,70,2,31,0,2.484285678795919,57.96666666666667,0,0,0,0,0,0,0,0,1,1,0,0,0,0
7.23,8,0,0,60,2,22,0,0.12049999799166672,2.41,0,0,0,0,0,1,0,0,0,0,0,1,0,0
68.28,14,0,0,92,1,50,0,0.7421739049763706,34.14,0,0,0,0,0,0,0,0,1,1,0,0,0,0
775.12,6,0,0,41,2,37,0,18.905365392552063,258.37333333333333,0,0,1,0,0,1,0,0,0,0,0,1,0,0
254.68,6,0,0,81,4,18,0,3.1441974920469447,50.936,0,0,0,0,0,1,0,0,0,0,0,1,0,0
41.38,17,0,1,98,1,66,0,0.42224489365056234,20.69,1,1,0,0,0,1,0,0,0,1,0,0,0,0
31.39,14,1,0,89,3,52,0,0.35269662525059975,7.8475,1,1,0,0,0,0,0,0,1,1,0,0,0,0
183.5,0,0,0,99,2,42,1,1.8535353348127745,61.166666666666664,0,0,0,0,1,0,0,0,0,0,0,0,1,0
39.55,17,0,0,84,2,48,0,0.47083332772817466,13.183333333333332,0,0,0,0,0,0,1,0,0,1,0,0,0,0
68.6,20,0,0,48,3,68,0,1.4291666368923617,17.15,0,0,0,0,1,0,0,0,0,0,1,0,0,0
298.33,14,0,0,46,0,20,0,6.485434641620986,298.33,0,0,0,0,1,0,0,0,0,1,0,0,0,0
139.79,9,0,0,83,1,29,0,1.6842168471781103,69.895,0,0,0,0,0,0,0,0,1,0,0,1,0,0
199.7,5,0,0,47,0,25,1,4.24893607980987,199.7,0,0,0,0,0,0,0,0,1,0,0,0,1,0
325.91,19,0,0,94,3,51,0,3.467127622690132,81.4775,0,0,0,0,1,0,0,0,0,0,1,0,0,0
87.27,5,0,0,94,0,20,1,0.928404245442508,87.27,0,0,0,0,0,0,0,0,1,0,0,0,1,0
66.87,16,0,0,94,0,67,0,0.7113829711555004,66.87,0,0,0,0,0,0,1,0,0,1,0,0,0,0
67.93,14,0,0,83,3,38,0,0.8184337250791118,16.9825,0,0,0,0,0,1,0,0,0,1,0,0,0,0
76.58,21,0,0,44,0,30,0,1.7404545058987613,76.58,0,0,0,0,0,0,0,0,1,0,1,0,0,0
592.51,20,0,0,41,1,53,0,14.451463062159439,296.255,0,0,1,0,0,0,1,0,0,0,1,0,0,0
63.7,15,0,0,90,2,50,0,0.7077777699135804,21.233333333333334,0,0,0,0,0,0,0,0,1,1,0,0,0,0
613.85,5,1,0,95,2,44,1,6.461578879351801,204.61666666666667,1,1,1,0,0,0,1,0,0,0,0,0,1,0
16.39,7,0,1,60,3,59,0,0.27316666211388896,4.0975,1,1,0,0,0,1,0,0,0,0,0,1,0,0
27.53,14,0,0,80,2,47,0,0.3441249956984376,9.176666666666668,0,0,0,0,0,0,0,0,1,1,0,0,0,0
16.37,18,0,0,52,3,46,0,0.31480768625369837,4.0925,0,0,0,0,0,0,0,1,0,0,1,0,0,0
187.86,18,0,0,73,0,25,0,2.5734246222818546,187.86,0,0,0,0,0,0,1,0,0,0,1,0,0,0
5.58,18,0,0,75,3,62,0,0.07439999900800001,1.395,0,0,0,0,1,0,0,0,0,0,1,0,0,0
7.8,21,0,0,95,3,21,0,0.08210526229362881,1.95,0,0,0,0,1,0,0,0,0,0,1,0,0,0
181.96,12,0,0,57,5,45,0,3.1922806457494626,30.326666666666668,0,0,0,0,0,0,1,0,0,1,0,0,0,0
100.78,10,0,0,68,1,46,0,1.4820588017344294,50.39,0,0,0,0,0,1,0,0,0,0,0,1,0,0
144.26,3,0,0,65,1,47,1,2.219384581240237,72.13,0,0,0,0,0,1,0,0,0,0,0,0,1,0
76.22,14,0,0,92,2,34,0,0.8284782518643669,25.406666666666666,0,0,0,0,0,0,0,1,0,1,0,0,0,0
74.25,9,0,0,60,0,37,0,1.2374999793750003,74.25,0,0,0,0,1,0,0,0,0,0,0,1,0,0
142.04,23,0,0,26,0,20,0,5.463076712958587,142.04,0,0,0,1,0,0,0,1,0,0,1,0,0,0
624.96,12,0,0,50,2,63,0,12.499199750016006,208.32000000000002,0,0,1,0,0,0,0,1,0,1,0,0,0,0
9.92,21,0,0,55,2,47,0,0.1803636330842976,3.3066666666666666,0,0,0,0,0,1,0,0,0,0,1,0,0,0
61.3,12,0,0,25,3,65,0,2.451999901920004,15.325,0,0,0,1,0,1,0,0,0,1,0,0,0,0
62.56,20,0,0,72,1,60,0,0.8688888768209879,31.28,0,0,0,0,0,0,0,0,1,0,1,0,0,0
66.07,10,0,0,72,1,60,0,0.9176388761439044,33.035,0,0,0,0,0,1,0,0,0,0,0,1,0,0
3.53,20,0,0,26,2,39,0,0.13576922554733747,1.1766666666666665,0,0,0,1,0,0,1,0,0,0,1,0,0,0
284.39,13,0,0,58,4,34,0,4.9032757775297275,56.878,0,0,0,0,0,1,0,0,0,1,0,0,0,0
347.62,11,1,0,74,5,59,0,4.697567504086926,57.93666666666667,1,1,0,0,0,1,0,0,0,0,0,1,0,0
60.95,16,0,0,77,4,62,0,0.791558431278462,12.190000000000001,0,0,0,0,0,0,1,0,0,1,0,0,0,0
3.29,17,0,0,65,4,42,0,0.05061538383668641,0.658,0,0,0,0,0,1,0,0,0,1,0,0,0,0
34.76,9,0,0,86,2,43,0,0.4041860418117902,11.586666666666666,0,0,0,0,0,0,0,1,0,0,0,1,0,0
224.07,10,0,0,85,1,55,0,2.636117616045675,112.035,0,0,0,0,0,0,1,0,0,0,0,1,0,0
225.29,6,0,1,44,4,40,0,5.120227156358474,45.058,1,1,0,0,0,0,1,0,0,0,0,1,0,0
55.51,9,0,0,45,4,27,0,1.2335555281432105,11.102,0,0,0,0,0,0,0,0,1,0,0,1,0,0
36.04,19,0,0,79,6,29,0,0.4562025258708541,5.148571428571429,0,0,0,0,0,1,0,0,0,0,1,0,0,0
195.07,0,0,1,96,1,43,1,2.0319791455002174,97.535,1,1,0,0,0,0,0,0,1,0,0,0,1,0
619.99,18,0,0,82,1,68,0,7.560853566331055,309.995,0,0,1,0,0,0,1,0,0,0,1,0,0,0
142.77,11,0,0,64,4,69,0,2.230781215144044,28.554000000000002,0,0,0,0,0,0,0,1,0,0,0,1,0,0
363.21,2,0,0,78,3,51,1,4.656538401839251,90.8025,0,0,0,0,0,0,0,0,1,0,0,0,1,0
745.34,0,1,0,76,5,40,1,9.80710513411704,124.22333333333334,1,1,1,0,0,0,1,0,0,0,0,0,1,1
16.92,6,0,1,85,5,35,0,0.1990588211875433,2.8200000000000003,1,1,0,0,0,0,0,0,1,0,0,1,0,0
409.82,11,0,1,79,3,48,0,5.187594871043103,102.455,1,1,0,0,0,1,0,0,0,0,0,1,0,0
113.55,8,0,0,36,3,31,0,3.1541665790509286,28.3875,0,0,0,1,1,0,0,0,0,0,0,1,0,0
31.55,0,0,0,83,9,30,1,0.3801204773479461,3.1550000000000002,0,0,0,0,1,0,0,0,0,0,0,0,1,0
74.24,21,0,0,41,1,29,0,1.8107316631528863,37.12,0,0,0,0,0,0,1,0,0,0,1,0,0,0
26.3,14,0,0,52,3,27,0,0.5057692210428997,6.575,0,0,0,0,0,0,0,1,0,1,0,0,0,0
55.56,9,0,0,43,0,60,0,1.2920929932071399,55.56,0,0,0,0,0,0,0,0,1,0,0,1,0,0
37.61,21,0,0,69,1,46,0,0.5450724558685152,18.805,0,0,0,0,0,0,0,0,1,0,1,0,0,0
49.39,1,0,0,49,4,61,1,1.0079591631028744,9.878,0,0,0,0,0,0,0,1,0,0,0,0,1,0
57.02,11,0,0,76,2,65,0,0.7502631480228534,19.006666666666668,0,0,0,0,0,0,0,1,0,0,0,1,0,0
254.38,13,0,0,94,4,50,0,2.706170183976913,50.876,0,0,0,0,0,1,0,0,0,1,0,0,0,0
210.82,14,0,0,97,3,50,0,2.1734020394494635,52.705,0,0,0,0,0,1,0,0,0,1,0,0,0,0
53.93,21,1,0,90,1,60,0,0.5992222155641976,26.965,1,1,0,0,0,0,1,0,0,0,1,0,0,0
232.59,22,0,1,50,0,33,0,4.651799906964002,232.59,1,1,0,0,0,0,0,0,1,0,1,0,0,0
143.68,5,0,0,82,0,41,1,1.7521951005829868,143.68,0,0,0,0,0,0,1,0,0,0,0,0,1,0
61.39,1,0,0,49,3,66,1,1.2528571172886303,15.3475,0,0,0,0,0,0,1,0,0,0,0,0,1,0
29.77,13,0,0,41,1,62,0,0.7260975432659136,14.885,0,0,0,0,0,0,0,1,0,1,0,0,0,0
112.54,0,0,1,52,1,68,1,2.164230727610948,56.27,1,1,0,0,0,0,0,0,1,0,0,0,1,0
55.13,14,0,0,60,2,37,0,0.9188333180194448,18.37666666666667,0,0,0,0,0,0,1,0,0,1,0,0,0,0
102.77,21,1,0,72,4,48,0,1.4273610912866515,20.554,1,1,0,0,0,0,1,0,0,0,1,0,0,0
9.21,11,0,0,45,2,24,0,0.20466666211851864,3.0700000000000003,0,0,0,0,0,0,0,0,1,0,0,1,0,0
248.69,7,0,0,43,3,53,0,5.783488237593297,62.1725,0,0,0,0,0,0,1,0,0,0,0,1,0,0
59.24,13,0,0,40,1,53,0,1.480999962975001,29.62,0,0,0,0,0,0,0,0,1,1,0,0,0,0
210.41,21,0,0,92,5,29,0,2.2870651925319003,35.068333333333335,0,0,0,0,0,0,0,0,1,0,1,0,0,0
498.74,22,0,0,71,1,49,0,7.024506943316804,249.37,0,0,0,0,0,0,1,0,0,0,1,0,0,0
291.43,8,0,1,83,2,59,0,3.5112047769734365,97.14333333333333,1,1,0,0,0,0,0,1,0,0,0,1,0,0
59.68,7,0,0,37,0,65,0,1.6129729293791102,59.68,0,0,0,1,0,0,1,0,0,0,0,1,0,0
168.36,13,0,0,71,2,47,0,2.371267572235668,56.120000000000005,0,0,0,0,0,0,0,1,0,1,0,0,0,0
86.52,19,0,0,64,3,20,0,1.3518749788769535,21.63,0,0,0,0,1,0,0,0,0,0,1,0,0,0
78.63,20,0,0,47,1,40,0,1.672978687808964,39.315,0,0,0,0,0,1,0,0,0,0,1,0,0,0
65.16,4,0,0,39,2,40,1,1.6707691879289952,21.72,0,0,0,1,0,0,0,0,1,0,0,0,1,0
83.75,15,0,0,31,2,57,0,2.701612816077006,27.916666666666668,0,0,0,1,1,0,0,0,0,1,0,0,0,0
365.05,3,0,1,28,3,38,1,13.037499534375016,91.2625,1,1,0,1,0,1,0,0,0,0,0,0,1,1
264.52,9,0,0,90,2,69,0,2.9391110784543213,88.17333333333333,0,0,0,0,0,0,0,0,1,0,0,1,0,0
374.49,10,0,0,87,4,51,0,4.304482709143877,74.898,0,0,0,0,0,0,0,0,1,0,0,1,0,0
58.85,15,0,0,33,0,60,0,1.783333279292931,58.85,0,0,0,1,0,0,0,1,0,1,0,0,0,0
400.31,12,0,0,46,1,62,0,8.702391115165412,200.155,0,0,0,0,0,1,0,0,0,1,0,0,0,0
386.92,18,0,0,42,1,69,0,9.212380733038556,193.46,0,0,0,0,1,0,0,0,0,0,1,0,0,0
264.11,15,0,0,80,5,42,0,3.301374958732813,44.01833333333334,0,0,0,0,0,1,0,0,0,1,0,0,0,0
79.46,6,0,0,66,2,60,0,1.2039393756978882,26.486666666666665,0,0,0,0,0,0,0,0,1,0,0,1,0,0
489.22,19,0,0,96,3,51,0,5.0960416135829005,122.305,0,0,0,0,1,0,0,0,0,0,1,0,0,0
196.2,3,0,0,37,2,31,1,5.302702559386417,65.39999999999999,0,0,0,1,0,0,0,0,1,0,0,0,1,0
75.72,5,0,0,38,5,47,1,1.9926315265096968,12.62,0,0,0,1,0,0,0,1,0,0,0,0,1,0
28.41,14,0,0,90,1,56,0,0.3156666631592593,14.205,0,0,0,0,0,1,0,0,0,1,0,0,0,0
188.2,1,0,0,48,3,45,1,3.920833251649307,47.05,0,0,0,0,0,0,1,0,0,0,0,0,1,0
392.81,22,0,0,66,4,59,0,5.951666576489901,78.562,0,0,0,0,1,0,0,0,0,0,1,0,0,0
64.45,10,0,0,79,2,38,0,0.8158227744832561,21.483333333333334,0,0,0,0,0,0,1,0,0,0,0,1,0,0
565.61,8,1,0,94,1,25,0,6.017127595562473,282.805,1,1,1,0,1,0,0,0,0,0,0,1,0,0
123.42,5,0,0,35,2,47,1,3.526285613534697,41.14,0,0,0,1,0,0,1,0,0,0,0,0,1,0
19.43,23,0,0,40,3,22,0,0.48574998785625034,4.8575,0,0,0,0,0,0,0,1,0,0,1,0,0,0
29.22,14,0,0,40,1,58,0,0.7304999817375005,14.61,0,0,0,0,1,0,0,0,0,1,0,0,0,0
94.37,21,0,0,44,0,36,0,2.144772678527894,94.37,0,0,0,0,0,0,0,1,0,0,1,0,0,0
162.07,22,1,0,68,2,26,0,2.3833823178914364,54.02333333333333,1,1,0,0,0,1,0,0,0,0,1,0,0,0
286.48,4,0,0,44,0,53,1,6.510908942933889,286.48,0,0,0,0,0,1,0,0,0,0,0,0,1,0
471.42,16,0,0,70,1,19,0,6.734571332363267,235.71,0,0,0,0,1,0,0,0,0,1,0,0,0,0
42.51,22,0,0,32,0,57,0,1.3284374584863294,42.51,0,0,0,1,1,0,0,0,0,0,1,0,0,0
78.73,2,0,0,38,1,36,1,2.0718420507409987,39.365,0,0,0,1,0,0,0,1,0,0,0,0,1,0
293.16,21,0,0,60,0,42,0,4.885999918566669,293.16,0,0,0,0,0,1,0,0,0,0,1,0,0,0
155.62,18,0,0,65,3,19,0,2.3941538093207106,38.905,0,0,0,0,0,0,0,0,1,0,1,0,0,0
275.63,22,0,0,61,1,20,0,4.518524516089762,137.815,0,0,0,0,0,1,0,0,0,0,1,0,0,0
306.69,14,0,0,40,5,28,0,7.667249808318755,51.115,0,0,0,0,0,0,0,1,0,1,0,0,0,0
130.89,0,0,0,46,2,24,1,2.845434720751419,43.629999999999995,0,0,0,0,0,0,0,1,0,0,0,0,1,0
435.03,7,1,0,95,2,58,0,4.579263109691967,145.01,1,1,0,0,0,1,0,0,0,0,0,1,0,0
93.37,15,0,0,36,2,25,0,2.5936110390663605,31.123333333333335,0,0,0,1,1,0,0,0,0,1,0,0,0,0
177.39,1,1,0,32,5,53,1,5.543437326767584,29.564999999999998,1,1,0,1,0,0,0,0,1,0,0,0,1,1
310.78,17,0,0,80,3,29,0,3.884749951440625,77.695,0,0,0,0,1,0,0,0,0,1,0,0,0,0
115.73,2,0,0,79,1,38,1,1.4649366903172572,57.865,0,0,0,0,1,0,0,0,0,0,0,0,1,0
0.28,19,0,0,74,2,28,0,0.0037837837326515716,0.09333333333333334,0,0,0,0,0,0,1,0,0,0,1,0,0,0
248.53,12,0,1,84,0,30,0,2.958690440967971,248.53,1,1,0,0,0,0,0,1,0,1,0,0,0,0
53.5,16,0,0,39,5,39,0,1.3717948366206454,8.916666666666666,0,0,0,1,0,0,0,0,1,1,0,0,0,0
161.88,19,0,0,57,1,58,0,2.8399999501754394,80.94,0,0,0,0,0,1,0,0,0,0,1,0,0,0
14.95,3,0,0,61,3,21,1,0.24508196319537764,3.7375,0,0,0,0,0,0,0,0,1,0,0,0,1,0
60.35,2,0,0,81,4,34,1,0.7450617191967689,12.07,0,0,0,0,0,0,0,0,1,0,0,0,1,0
169.23,13,1,0,98,0,54,0,1.7268367170730947,169.23,1,1,0,0,1,0,0,0,0,1,0,0,0,0
381.4,6,0,0,90,3,27,0,4.237777730691358,95.35,0,0,0,0,0,1,0,0,0,0,0,1,0,0
192.33,5,0,0,49,3,24,1,3.9251019607122055,48.0825,0,0,0,0,0,0,1,0,0,0,0,0,1,0
230.59,23,0,0,43,3,18,0,5.362558014824232,57.6475,0,0,0,0,0,0,0,0,1,0,1,0,0,0
89.04,3,0,0,35,4,54,1,2.5439999273142884,17.808,0,0,0,1,1,0,0,0,0,0,0,0,1,0
11.53,14,0,1,49,2,24,0,0.23530611764681392,3.8433333333333333,1,1,0,0,0,0,0,0,1,1,0,0,0,0
104.56,7,0,0,83,1,42,0,1.2597590209667588,52.28,0,0,0,0,0,0,0,1,0,0,0,1,0,0
200.8,21,0,0,93,4,42,0,2.1591397617296804,40.160000000000004,0,0,0,0,0,1,0,0,0,0,1,0,0,0
115.46,22,0,0,91,3,20,0,1.2687911948484483,28.865,0,0,0,0,0,0,0,0,1,0,1,0,0,0
254.46,0,0,0,26,4,62,1,9.786922700502974,50.892,0,0,0,1,0,0,0,0,1,0,0,0,1,0
17.63,8,0,0,61,3,61,0,0.28901638870464935,4.4075,0,0,0,0,0,0,1,0,0,0,0,1,0,0
143.3,12,0,0,82,1,58,0,1.7475609542980373,71.65,0,0,0,0,0,0,0,1,0,1,0,0,0,0
208.19,21,0,0,78,2,28,0,2.669102529883301,69.39666666666666,0,0,0,0,0,0,0,0,1,0,1,0,0,0
81.69,7,0,0,74,3,39,0,1.103918904001096,20.4225,0,0,0,0,0,0,0,1,0,0,0,1,0,0
56.56,13,0,0,59,2,45,0,0.958644051548406,18.853333333333335,0,0,0,0,0,0,1,0,0,1,0,0,0,0
47.52,0,0,0,81,1,57,1,0.5866666594238684,23.76,0,0,0,0,0,0,1,0,0,0,0,0,1,0
221.94,2,0,0,70,2,32,1,3.1705713832775517,73.98,0,0,0,0,1,0,0,0,0,0,0,0,1,0
56.12,3,1,0,75,0,51,1,0.7482666566897779,56.12,1,1,0,0,0,0,0,1,0,0,0,0,1,0
214.5,5,0,0,80,2,65,1,2.6812499664843754,71.5,0,0,0,0,0,0,0,0,1,0,0,0,1,0
368.35,15,0,0,78,0,57,0,4.722435836891849,368.35,0,0,0,0,0,0,1,0,0,1,0,0,0,0
38.27,10,0,0,42,4,54,0,0.9111904544954655,7.654000000000001,0,0,0,0,0,0,0,1,0,0,0,1,0,0
11.83,11,0,0,86,2,64,0,0.1375581379353705,3.9433333333333334,0,0,0,0,0,0,0,1,0,0,0,1,0,0
105.48,1,0,1,27,3,59,1,3.906666521975314,26.37,1,1,0,1,0,0,0,0,1,0,0,0,1,1
53.3,22,0,0,38,1,48,0,1.402631542036012,26.65,0,0,0,1,0,0,0,1,0,0,1,0,0,0
254.49,6,1,0,38,0,42,0,6.697105086918288,254.49,1,1,0,1,0,0,0,0,1,0,0,1,0,0
15.21,18,0,0,95,4,42,0,0.1601052614725762,3.0420000000000003,0,0,0,0,0,1,0,0,0,0,1,0,0,0
48.8,20,0,0,76,2,64,0,0.6421052547091414,16.266666666666666,0,0,0,0,0,0,0,1,0,0,1,0,0,0
307.77,4,0,0,43,3,34,1,7.1574416940129835,76.9425,0,0,0,0,0,0,0,1,0,0,0,0,1,0
5.64,9,0,0,44,1,23,0,0.1281818152685951,2.82,0,0,0,0,0,0,0,0,1,0,0,1,0,0
286.74,17,0,0,43,1,18,0,6.66837193794484,143.37,0,0,0,0,0,1,0,0,0,1,0,0,0,0
261.46,14,0,0,41,1,60,0,6.377073015193341,130.73,0,0,0,0,0,0,1,0,0,1,0,0,0,0
53.96,16,0,0,98,1,31,0,0.550612239279467,26.98,0,0,0,0,0,0,1,0,0,1,0,0,0,0
155.86,14,0,0,83,2,56,0,1.8778313026767315,51.95333333333334,0,0,0,0,0,1,0,0,0,1,0,0,0,0
25.42,20,0,0,78,0,65,0,0.3258974317192637,25.42,0,0,0,0,0,0,1,0,0,0,1,0,0,0
108.33,7,0,0,36,0,64,0,3.009166583078706,108.33,0,0,0,1,1,0,0,0,0,0,0,1,0,0
163.16,17,0,0,59,1,22,0,2.7654236819419715,81.58,0,0,0,0,0,0,0,0,1,1,0,0,0,0
245.52,7,0,0,62,3,55,0,3.9599999361290337,61.38,0,0,0,0,0,0,0,0,1,0,0,1,0,0
16.61,23,0,0,57,5,69,0,0.29140350365958767,2.768333333333333,0,0,0,0,1,0,0,0,0,0,1,0,0,0
129.35,7,0,0,84,3,34,0,1.5398809340490365,32.3375,0,0,0,0,0,1,0,0,0,0,0,1,0,0
32.88,10,0,0,33,3,31,0,0.9963636061708,8.22,0,0,0,1,0,0,1,0,0,0,0,1,0,0
495.39,10,0,0,60,2,44,0,8.256499862391669,165.13,0,0,0,0,1,0,0,0,0,0,0,1,0,0
193.5,11,0,0,35,0,35,0,5.528571270612249,193.5,0,0,0,1,0,0,0,1,0,0,0,1,0,0
188.22,4,0,0,59,0,29,1,3.1901694374547556,188.22,0,0,0,0,0,0,1,0,0,0,0,0,1,0
71.82,18,0,1,72,1,51,0,0.9974999861458335,35.91,1,1,0,0,0,0,0,0,1,0,1,0,0,0
69.65,14,0,0,77,2,65,0,0.9045454427981112,23.21666666666667,0,0,0,0,0,0,0,1,0,1,0,0,0,0
221.8,20,1,0,77,4,49,0,2.8805194431101375,44.36,1,1,0,0,0,0,0,1,0,0,1,0,0,0
10.14,19,0,0,70,0,62,0,0.14485714078775513,10.14,0,0,0,0,1,0,0,0,0,0,1,0,0,0
108.72,3,0,0,81,0,51,1,1.3422222056515778,108.72,0,0,0,0,0,1,0,0,0,0,0,0,1,0
120.62,21,0,0,47,1,39,0,2.5663829241195124,60.31,0,0,0,0,0,0,1,0,0,0,1,0,0,0
4.2,1,0,0,97,4,57,1,0.043298968625783835,0.8400000000000001,0,0,0,0,0,0,0,1,0,0,0,0,1,0
145.85,17,1,0,39,2,50,0,3.739743493852731,48.61666666666667,1,1,0,1,1,0,0,0,0,1,0,0,0,0
26.63,16,0,0,78,2,52,0,0.3414102520332019,8.876666666666667,0,0,0,0,0,0,1,0,0,1,0,0,0,0
128.19,20,0,0,72,1,36,0,1.7804166419386578,64.095,0,0,0,0,0,0,1,0,0,0,1,0,0,0
189.34,7,1,0,95,0,41,0,1.9930526105994464,189.34,1,1,0,0,0,0,0,0,1,0,0,1,0,0
48.31,16,0,0,79,5,60,0,0.6115189796010256,8.051666666666668,0,0,0,0,1,0,0,0,0,1,0,0,0,0
2.1,20,0,0,65,2,63,0,0.0323076918106509,0.7000000000000001,0,0,0,0,0,0,1,0,0,0,1,0,0,0
317.53,10,0,0,96,3,51,0,3.307604132212457,79.3825,0,0,0,0,1,0,0,0,0,0,0,1,0,0
65.52,9,0,0,65,2,66,0,1.007999984492308,21.84,0,0,0,0,0,0,0,0,1,0,0,1,0,0
2.2,18,0,1,60,2,45,0,0.03666666605555557,0.7333333333333334,1,1,0,0,0,0,1,0,0,0,1,0,0,0
565.69,9,1,0,84,2,48,0,6.734404681733278,188.56333333333336,1,1,1,0,1,0,0,0,0,0,0,1,0,0
30.88,9,0,0,40,1,27,0,0.7719999807000005,15.44,0,0,0,0,0,1,0,0,0,0,0,1,0,0
8.07,2,0,0,69,1,25,1,0.11695652004410842,4.035,0,0,0,0,0,1,0,0,0,0,0,0,1,0
129.91,17,0,0,65,2,51,0,1.998615353867456,43.303333333333335,0,0,0,0,1,0,0,0,0,1,0,0,0,0
260.52,2,0,1,56,3,37,1,4.652142774068879,65.13,1,1,0,0,0,0,0,1,0,0,0,0,1,0
290.92,15,1,0,48,3,40,0,6.060833207065976,72.73,1,1,0,0,1,0,0,0,0,1,0,0,0,0
16.37,2,0,0,53,1,22,1,0.3088679187006053,8.185,0,0,0,0,1,0,0,0,0,0,0,0,1,0
18.76,17,0,0,76,0,53,0,0.24684210201523551,18.76,0,0,0,0,0,0,1,0,0,1,0,0,0,0
87.49,5,0,0,80,2,41,1,1.0936249863296876,29.16333333333333,0,0,0,0,1,0,0,0,0,0,0,0,1,0
355.67,17,0,0,82,4,44,0,4.337438971494647,71.134,0,0,0,0,0,0,1,0,0,1,0,0,0,0
608.9,0,0,0,89,5,61,1,6.841572956836258,101.48333333333333,0,0,1,0,0,0,0,1,0,0,0,0,1,0
63.87,7,1,0,34,3,65,0,1.8785293565138426,15.9675,1,1,0,1,0,0,1,0,0,0,0,1,0,0
101.76,22,0,0,89,1,54,0,1.1433707736699914,50.88,0,0,0,0,0,0,0,0,1,0,1,0,0,0
283.03,6,0,0,66,0,62,0,4.288333268358587,283.03,0,0,0,0,0,0,0,0,1,0,0,1,0,0
8.29,21,0,0,94,1,32,0,0.0881914884234948,4.145,0,0,0,0,0,0,0,1,0,0,1,0,0,0
19.95,14,0,0,29,0,47,0,0.6879310107609996,19.95,0,0,0,1,0,0,0,1,0,1,0,0,0,0
97.8,13,0,0,34,3,18,0,2.8764705036332208,24.45,0,0,0,1,0,1,0,0,0,1,0,0,0,0
13.87,23,0,0,28,0,19,0,0.4953571251658169,13.87,0,0,0,1,0,1,0,0,0,0,1,0,0,0
61.59,3,0,0,32,0,59,1,1.9246874398535179,61.59,0,0,0,1,0,0,0,0,1,0,0,0,1,0
262.65,18,0,0,54,1,68,0,4.863888798816874,131.325,0,0,0,0,0,0,0,1,0,0,1,0,0,0
23.08,22,0,0,50,6,27,0,0.4615999907680002,3.2971428571428567,0,0,0,0,0,1,0,0,0,0,1,0,0,0
397.73,5,0,0,41,3,42,1,9.700731470713867,99.4325,0,0,0,0,0,0,1,0,0,0,0,0,1,0
8.4,8,0,1,70,1,63,0,0.11999999828571432,4.2,1,1,0,0,0,1,0,0,0,0,0,1,0,0
157.81,1,0,0,80,2,64,1,1.9726249753421878,52.60333333333333,0,0,0,0,0,0,0,1,0,0,0,0,1,0
3.71,5,0,0,87,2,31,1,0.042643677670762326,1.2366666666666666,0,0,0,0,0,0,0,0,1,0,0,0,1,0
317.31,14,0,0,50,3,31,0,6.346199873076003,79.3275,0,0,0,0,0,0,0,1,0,1,0,0,0,0
371.09,15,0,0,42,4,67,0,8.835475980107715,74.21799999999999,0,0,0,0,0,0,1,0,0,1,0,0,0,0
136.78,20,0,0,56,4,27,0,2.4424999563839296,27.356,0,0,0,0,0,0,1,0,0,0,1,0,0,0
154.57,5,0,0,95,4,50,1,1.6270526144520776,30.913999999999998,0,0,0,0,0,0,1,0,0,0,0,0,1,0
568.83,0,0,0,63,4,59,1,9.029047475729406,113.766,0,0,1,0,0,0,1,0,0,0,0,0,1,0
441.17,23,0,0,50,1,59,0,8.823399823532004,220.585,0,0,0,0,0,0,0,1,0,0,1,0,0,0
671.94,16,0,0,67,0,50,0,10.028955074194702,671.94,0,0,1,0,0,0,0,0,1,1,0,0,0,0
30.18,9,0,0,60,4,40,0,0.5029999916166669,6.036,0,0,0,0,1,0,0,0,0,0,0,1,0,0
88.79,18,0,0,75,1,56,0,1.1838666508817781,44.395,0,0,0,0,0,1,0,0,0,0,1,0,0,0
103.63,18,0,0,95,4,49,0,1.0908420937806096,20.726,0,0,0,0,0,0,0,1,0,0,1,0,0,0
60.52,23,0,0,86,1,45,0,0.7037209220497568,30.26,0,0,0,0,0,0,0,0,1,0,1,0,0,0
67.67,13,0,0,68,5,52,0,0.9951470441890141,11.278333333333334,0,0,0,0,0,1,0,0,0,1,0,0,0,0
225.41,9,0,0,27,2,55,0,8.34851820931414,75.13666666666667,0,0,0,1,0,1,0,0,0,0,0,1,0,0
155.24,23,0,0,92,1,19,0,1.6873912860066167,77.62,0,0,0,0,0,0,1,0,0,0,1,0,0,0
19.76,22,0,0,79,5,46,0,0.25012657911232183,3.2933333333333334,0,0,0,0,0,1,0,0,0,0,1,0,0,0
280.31,12,0,0,62,0,34,0,4.52112895933663,280.31,0,0,0,0,0,0,1,0,0,1,0,0,0,0
50.67,11,0,0,52,2,44,0,0.9744230581841721,16.89,0,0,0,0,0,1,0,0,0,0,0,1,0,0
115.13,1,1,0,34,1,24,1,3.386176370994813,57.565,1,1,0,1,0,0,0,1,0,0,0,0,1,1
25.33,0,0,0,43,4,52,1,0.5890697537425639,5.066,0,0,0,0,1,0,0,0,0,0,0,0,1,0
249.52,1,0,1,99,0,21,1,2.5204040149454143,249.52,1,1,0,0,0,0,1,0,0,0,0,0,1,0
84.77,11,0,0,67,3,34,0,1.2652238617130767,21.1925,0,0,0,0,0,0,0,0,1,0,0,1,0,0
959.53,9,1,0,48,1,25,0,19.99020791687067,479.765,1,1,1,0,0,0,0,1,0,0,0,1,0,0
309.87,6,0,0,61,2,33,0,5.079835982297771,103.29,0,0,0,0,0,0,1,0,0,0,0,1,0,0
193.5,23,0,0,58,5,46,0,3.3362068390309165,32.25,0,0,0,0,1,0,0,0,0,0,1,0,0,0
31.96,4,0,0,29,1,52,1,1.1020689275148645,15.98,0,0,0,1,1,0,0,0,0,0,0,0,1,0
78.89,16,0,0,52,1,59,0,1.5171153554400894,39.445,0,0,0,0,0,1,0,0,0,1,0,0,0,0
191.79,21,0,0,89,6,26,0,2.1549437960118674,27.398571428571426,0,0,0,0,0,0,1,0,0,0,1,0,0,0
115.45,15,0,1,76,1,68,0,1.5190789273805405,57.725,1,1,0,0,1,0,0,0,0,1,0,0,0,0
477.07,23,0,0,45,1,44,0,10.601555319965438,238.535,0,0,0,0,0,0,0,0,1,0,1,0,0,0
57.7,22,0,0,98,3,66,0,0.5887755041961684,14.425,0,0,0,0,0,0,0,1,0,0,1,0,0,0
201.49,2,0,1,95,1,66,1,2.1209473460952912,100.745,1,1,0,0,0,0,0,1,0,0,0,0,1,0
551.92,12,0,0,76,0,48,0,7.262105167603879,551.92,0,0,1,0,0,1,0,0,0,1,0,0,0,0
326.65,16,0,0,89,3,32,0,3.670224677862644,81.6625,0,0,0,0,0,0,0,1,0,1,0,0,0,0
15.43,4,0,0,37,1,25,1,0.41702701575602663,7.715,0,0,0,1,0,1,0,0,0,0,0,0,1,0
25.22,22,0,0,83,0,41,0,0.3038554180258383,25.22,0,0,0,0,0,1,0,0,0,0,1,0,0,0
110.42,19,0,0,72,2,27,0,1.5336110898109572,36.806666666666665,0,0,0,0,1,0,0,0,0,0,1,0,0,0
345.6,19,0,0,86,1,69,0,4.018604604434831,172.8,0,0,0,0,0,0,0,1,0,0,1,0,0,0
25.29,5,0,0,42,1,20,1,0.6021428428061228,12.645,0,0,0,0,0,1,0,0,0,0,0,0,1,0
9.28,12,0,0,75,2,26,0,0.12373333168355558,3.0933333333333333,0,0,0,0,0,0,0,0,1,1,0,0,0,0
15.27,22,0,0,66,2,25,0,0.23136363285812678,5.09,0,0,0,0,1,0,0,0,0,0,1,0,0,0
9.91,10,0,0,41,1,44,0,0.24170731117787048,4.955,0,0,0,0,0,0,0,0,1,0,0,1,0,0
145.59,1,0,0,71,6,55,1,2.050563351400516,20.798571428571428,0,0,0,0,0,0,0,1,0,0,0,0,1,0
34.32,13,0,1,79,4,51,0,0.4344303742477168,6.864,1,1,0,0,0,0,0,1,0,1,0,0,0,0
43.81,14,0,0,56,3,59,0,0.7823214146014034,10.9525,0,0,0,0,0,0,0,0,1,1,0,0,0,0
156.68,6,0,0,38,1,59,0,4.1231577862326905,78.34,0,0,0,1,0,0,1,0,0,0,0,1,0,0
103.62,20,0,0,43,3,56,0,2.4097673858193636,25.905,0,0,0,0,0,0,0,1,0,0,1,0,0,0
248.27,23,0,0,71,3,43,0,3.4967605141301337,62.0675,0,0,0,0,0,0,1,0,0,0,1,0,0,0
150.26,11,0,1,80,3,23,0,1.8782499765218752,37.565,1,1,0,0,0,0,1,0,0,0,0,1,0,0
403.59,12,0,0,49,1,30,0,8.23653044415244,201.795,0,0,0,0,0,1,0,0,0,1,0,0,0,0
214.14,23,0,1,38,5,31,0,5.635263009598342,35.69,1,1,0,1,0,0,1,0,0,0,1,0,0,1
245.58,15,0,0,32,2,20,0,7.67437476017579,81.86,0,0,0,1,0,1,0,0,0,1,0,0,0,0
8.13,8,0,0,96,1,43,0,0.08468749911783856,4.065,0,0,0,0,1,0,0,0,0,0,0,1,0,0
50.35,23,0,0,28,3,35,0,1.798214221492349,12.5875,0,0,0,1,0,0,0,0,1,0,1,0,0,0
217.76,4,0,0,73,0,55,1,2.983013657766936,217.76,0,0,0,0,0,1,0,0,0,0,0,0,1,0
71.07,6,0,0,77,0,33,0,0.9229870010001687,71.07,0,0,0,0,0,0,1,0,0,0,0,1,0,0
355.34,20,0,0,43,2,56,0,8.263720738053006,118.44666666666666,0,0,0,0,0,1,0,0,0,0,1,0,0,0
205.38,6,0,0,32,2,21,0,6.418124799433601,68.46,0,0,0,1,0,0,1,0,0,0,0,1,0,0
20.99,15,1,1,39,2,19,0,0.5382051144049971,6.996666666666666,1,2,0,1,0,0,0,1,0,1,0,0,0,1
81.21,14,0,0,67,0,34,0,1.2120895341479174,81.21,0,0,0,0,0,0,0,1,0,1,0,0,0,0
155.53,3,0,0,45,1,37,1,3.4562221454172857,77.765,0,0,0,0,1,0,0,0,0,0,0,0,1,0
7.16,22,0,0,49,2,24,0,0.1461224459975011,2.3866666666666667,0,0,0,0,1,0,0,0,0,0,1,0,0,0
181.89,14,0,0,82,0,58,0,2.2181707046564547,181.89,0,0,0,0,0,0,0,1,0,1,0,0,0,0
534.93,18,0,0,55,2,26,0,9.725999823163638,178.30999999999997,0,0,1,0,1,0,0,0,0,0,1,0,0,0
54.14,7,0,0,62,1,60,0,0.873225792367326,27.07,0,0,0,0,0,0,0,1,0,0,0,1,0,0
123.04,22,0,1,36,3,62,0,3.417777682839509,30.76,1,1,0,1,0,0,1,0,0,0,1,0,0,0
1.9,5,0,0,42,1,42,1,0.045238094160997756,0.95,0,0,0,0,0,1,0,0,0,0,0,0,1,0
564.3,6,0,0,58,0,27,0,9.729310177080858,564.3,0,0,1,0,0,1,0,0,0,0,0,1,0,0
346.82,6,1,0,49,2,67,0,7.077959039225326,115.60666666666667,1,1,0,0,0,1,0,0,0,0,0,1,0,0
82.21,19,0,0,43,4,60,0,1.9118604206544088,16.442,0,0,0,0,0,0,1,0,0,0,1,0,0,0
12.11,7,0,0,42,3,42,0,0.28833332646825416,3.0275,0,0,0,0,1,0,0,0,0,0,0,1,0,0
21.18,9,0,0,27,3,19,0,0.7844444153909476,5.295,0,0,0,1,0,0,0,1,0,0,0,1,0,0
104.86,20,0,0,95,2,46,0,1.103789462065374,34.95333333333333,0,0,0,0,1,0,0,0,0,0,1,0,0,0
162.88,11,0,0,30,4,48,0,5.429333152355562,32.576,0,0,0,1,0,1,0,0,0,0,0,1,0,0
125.8,2,0,0,29,2,34,1,4.337930884898935,41.93333333333333,0,0,0,1,0,0,0,0,1,0,0,0,1,0
49.92,18,0,0,91,4,31,0,0.5485714225431713,9.984,0,0,0,0,0,0,0,1,0,0,1,0,0,0
97.67,14,1,0,89,0,20,0,1.0974157180065651,97.67,1,1,0,0,0,1,0,0,0,1,0,0,0,0
14.72,14,0,0,80,3,41,0,0.18399999770000006,3.68,0,0,0,0,1,0,0,0,0,1,0,0,0,0
37.07,15,0,0,28,3,60,0,1.3239285241454097,9.2675,0,0,0,1,0,0,1,0,0,1,0,0,0,0
141.48,21,0,0,38,5,49,0,3.7231577967590055,23.58,0,0,0,1,1,0,0,0,0,0,1,0,0,0
13.51,2,0,0,90,2,58,1,0.1501111094432099,4.503333333333333,0,0,0,0,1,0,0,0,0,0,0,0,1,0
1.15,15,0,0,65,2,65,0,0.017692307420118347,0.3833333333333333,0,0,0,0,0,0,0,0,1,1,0,0,0,0
5.17,11,0,0,65,1,63,0,0.07953846031479292,2.585,0,0,0,0,0,0,1,0,0,0,0,1,0,0
210.5,13,0,0,77,0,59,0,2.7337661982627766,210.5,0,0,0,0,0,1,0,0,0,1,0,0,0,0
136.19,19,0,0,99,0,62,0,1.3756565517610448,136.19,0,0,0,0,0,0,0,1,0,0,1,0,0,0
63.49,3,0,0,50,2,64,1,1.2697999746040005,21.163333333333334,0,0,0,0,0,1,0,0,0,0,0,0,1,0
116.97,7,0,0,94,1,55,0,1.2443616888897693,58.485,0,0,0,0,1,0,0,0,0,0,0,1,0,0
13.29,18,0,0,49,4,45,0,0.2712244842607248,2.658,0,0,0,0,1,0,0,0,0,0,1,0,0,0
167.24,1,0,0,60,2,51,1,2.7873332868777787,55.74666666666667,0,0,0,0,0,1,0,0,0,0,0,0,1,0
22.7,22,0,0,66,2,33,0,0.3439393887281911,7.566666666666666,0,0,0,0,1,0,0,0,0,0,1,0,0,0
483.18,23,1,0,73,2,66,0,6.618904018919124,161.06,1,1,0,0,1,0,0,0,0,0,1,0,0,0
64.84,23,0,0,28,1,21,0,2.315714203010207,32.42,0,0,0,1,0,1,0,0,0,0,1,0,0,0
65.39,22,0,0,96,1,20,0,0.6811458262380643,32.695,0,0,0,0,0,0,0,1,0,0,1,0,0,0
265.26,15,0,0,35,4,42,0,7.578856926318374,53.052,0,0,0,1,0,1,0,0,0,1,0,0,0,0
226.61,13,0,0,57,2,58,0,3.975613965340106,75.53666666666668,0,0,0,0,1,0,0,0,0,1,0,0,0,0
14.94,12,0,0,57,1,26,0,0.26210525855955685,7.47,0,0,0,0,0,0,0,0,1,1,0,0,0,0
7.48,5,0,0,88,5,19,1,0.08499999903409093,1.2466666666666668,0,0,0,0,0,0,0,0,1,0,0,0,1,0
284.96,2,0,0,63,1,59,1,4.5231745313781815,142.48,0,0,0,0,0,1,0,0,0,0,0,0,1,0
94.59,5,0,0,80,5,22,1,1.1823749852203127,15.765,0,0,0,0,0,0,0,0,1,0,0,0,1,0
12.17,18,0,0,62,5,22,0,0.1962903194146723,2.0283333333333333,0,0,0,0,0,0,0,0,1,0,1,0,0,0
56.07,2,0,0,51,1,60,1,1.0994117431487893,28.035,0,0,0,0,0,0,0,1,0,0,0,0,1,0
2.64,13,0,0,87,2,45,0,0.030344827237415783,0.88,0,0,0,0,0,0,0,1,0,1,0,0,0,0
232.75,2,0,0,66,2,38,1,3.5265150980831046,77.58333333333333,0,0,0,0,1,0,0,0,0,0,0,0,1,0
372.4,23,0,0,98,2,37,0,3.79999996122449,124.13333333333333,0,0,0,0,1,0,0,0,0,0,1,0,0,0
70.27,18,0,0,51,2,47,0,1.3778431102383704,23.423333333333332,0,0,0,0,0,1,0,0,0,0,1,0,0,0
244.08,11,0,0,38,0,37,0,6.4231577257063766,244.08,0,0,0,1,0,0,1,0,0,0,0,1,0,0
74.6,19,1,0,73,3,26,0,1.0219177942203042,18.65,1,1,0,0,0,0,0,0,1,0,1,0,0,0
584.58,5,0,0,48,0,64,1,12.178749746276049,584.58,0,0,1,0,0,0,0,0,1,0,0,0,1,0
24.55,8,0,0,81,3,43,0,0.30308641601127884,6.1375,0,0,0,0,0,0,0,0,1,0,0,1,0,0
55.06,6,0,0,46,2,24,0,1.1969564957183372,18.353333333333335,0,0,0,0,0,0,1,0,0,0,0,1,0,0
110.02,11,0,1,43,1,23,0,2.5586045916603584,55.01,1,1,0,0,0,0,0,0,1,0,0,1,0,0
17.94,13,0,0,54,0,48,0,0.332222216069959,17.94,0,0,0,0,0,0,0,1,0,1,0,0,0,0
22.77,20,0,0,52,4,48,0,0.4378846069637576,4.554,0,0,0,0,0,0,0,0,1,0,1,0,0,0
130.25,3,0,0,61,3,21,1,2.1352458666353136,32.5625,0,0,0,0,0,0,0,0,1,0,0,0,1,0
269.63,17,0,0,29,1,38,0,9.297585886290141,134.815,0,0,0,1,0,0,0,0,1,1,0,0,0,0
294.34,13,0,0,56,4,63,0,5.2560713347130115,58.867999999999995,0,0,0,0,1,0,0,0,0,1,0,0,0,0
233.8,7,0,0,91,6,47,0,2.5692307409974644,33.4,0,0,0,0,1,0,0,0,0,0,0,1,0,0
4.0,23,0,0,90,2,19,0,0.04444444395061729,1.3333333333333333,0,0,0,0,0,0,0,0,1,0,1,0,0,0
379.98,14,0,0,71,3,52,0,5.351830910537593,94.995,0,0,0,0,0,0,1,0,0,1,0,0,0,0
227.7,16,0,0,34,1,59,0,6.6970586265571,113.85,0,0,0,1,0,0,0,1,0,1,0,0,0,0
49.72,23,0,0,85,0,18,0,0.5849411695889274,49.72,0,0,0,0,0,0,0,0,1,0,1,0,0,0
168.17,20,0,0,45,3,37,0,3.7371110280641995,42.0425,0,0,0,0,1,0,0,0,0,0,1,0,0,0
425.43,0,0,0,37,3,18,1,11.498107797348439,106.3575,0,0,0,1,1,0,0,0,0,0,0,0,1,0
175.47,21,0,0,97,0,42,0,1.808969053515783,175.47,0,0,0,0,1,0,0,0,0,0,1,0,0,0
45.13,15,0,1,63,5,22,0,0.7163491949785843,7.521666666666667,1,1,0,0,0,0,0,1,0,1,0,0,0,0
360.44,6,0,0,40,0,49,0,9.010999774725006,360.44,0,0,0,0,0,0,0,1,0,0,0,1,0,0
1.23,22,0,0,90,2,56,0,0.013666666514814817,0.41,0,0,0,0,0,0,1,0,0,0,1,0,0,0
16.38,19,0,0,77,1,49,0,0.2127272699645809,8.19,0,0,0,0,0,0,1,0,0,0,1,0,0,0
16.95,22,0,0,69,7,42,0,0.2456521703528671,2.11875,0,0,0,0,0,0,1,0,0,0,1,0,0,0
292.7,13,0,0,31,0,23,0,9.441935179292413,292.7,0,0,0,1,0,0,1,0,0,1,0,0,0,0
116.3,6,0,1,42,3,65,0,2.7690475531179155,29.075,1,1,0,0,0,1,0,0,0,0,0,1,0,0
9.97,17,0,0,68,1,64,0,0.1466176449026817,4.985,0,0,0,0,1,0,0,0,0,1,0,0,0,0
139.58,21,1,0,93,1,57,0,1.500860198915482,69.79,1,1,0,0,0,0,0,0,1,0,1,0,0,0
263.05,22,0,0,46,1,37,0,5.718478136554824,131.525,0,0,0,0,0,1,0,0,0,0,1,0,0,0
266.3,19,0,0,66,2,42,0,4.034848423714418,88.76666666666667,0,0,0,0,0,1,0,0,0,0,1,0,0,0
0.54,1,0,0,37,2,65,1,0.014594594200146105,0.18000000000000002,0,0,0,1,0,0,0,0,1,0,0,0,1,0
179.83,17,0,0,78,1,54,0,2.3055127909549644,89.915,0,0,0,0,0,0,0,0,1,1,0,0,0,0
545.88,2,0,0,58,2,62,1,9.411723975659932,181.96,0,0,1,0,1,0,0,0,0,0,0,0,1,0
11.76,5,0,0,50,3,52,1,0.2351999952960001,2.94,0,0,0,0,0,0,0,1,0,0,0,0,1,0
60.56,10,0,0,35,1,64,0,1.7302856648489813,30.28,0,0,0,1,1,0,0,0,0,0,0,1,0,0
102.06,9,0,0,63,5,24,0,1.6199999742857147,17.01,0,0,0,0,0,0,0,1,0,0,0,1,0,0
56.29,0,0,1,57,2,55,1,0.9875438423237922,18.763333333333332,1,1,0,0,0,0,0,0,1,0,0,0,1,0
297.16,22,0,0,27,2,22,0,11.005925518299055,99.05333333333334,0,0,0,1,0,1,0,0,0,0,1,0,0,0
172.82,18,0,0,69,3,34,0,2.504637644860324,43.205,0,0,0,0,0,1,0,0,0,0,1,0,0,0
56.71,12,0,0,25,1,22,0,2.2683999092640037,28.355,0,0,0,1,0,0,0,1,0,1,0,0,0,0
49.85,13,0,0,41,4,62,0,1.2158536288816189,9.97,0,0,0,0,0,1,0,0,0,1,0,0,0,0
46.23,18,1,1,57,2,19,0,0.811052617349954,15.409999999999998,1,2,0,0,0,0,1,0,0,0,1,0,0,0
178.81,18,0,0,63,3,29,0,2.838253923202319,44.7025,0,0,0,0,0,0,1,0,0,0,1,0,0,0
359.03,20,0,0,99,2,19,0,3.62656561993368,119.67666666666666,0,0,0,0,0,0,0,0,1,0,1,0,0,0
929.73,9,0,0,65,5,67,0,14.303538241484027,154.955,0,0,1,0,0,0,0,1,0,0,0,1,0,0
245.56,10,0,0,87,0,63,0,2.822528703189325,245.56,0,0,0,0,0,0,0,1,0,0,0,1,0,0
54.71,13,1,0,93,0,44,0,0.5882795635668865,54.71,1,1,0,0,0,0,0,0,1,1,0,0,0,0
42.76,9,0,0,84,1,64,0,0.5090476129875284,21.38,0,0,0,0,0,0,0,1,0,0,0,1,0,0
82.46,23,0,0,60,3,52,0,1.3743333104277782,20.615,0,0,0,0,1,0,0,0,0,0,1,0,0,0
176.76,7,0,0,32,1,45,0,5.523749827382818,88.38,0,0,0,1,0,1,0,0,0,0,0,1,0,0
54.75,7,0,0,63,0,43,0,0.8690476052532127,54.75,0,0,0,0,1,0,0,0,0,0,0,1,0,0
511.67,16,0,0,44,3,47,0,11.628863372071288,127.9175,0,0,1,0,1,0,0,0,0,1,0,0,0,0
112.6,16,0,0,80,1,30,0,1.4074999824062502,56.3,0,0,0,0,0,0,1,0,0,1,0,0,0,0
104.21,18,0,0,58,0,47,0,1.7967241069530326,104.21,0,0,0,0,1,0,0,0,0,0,1,0,0,0
570.93,18,0,0,49,2,25,0,11.651632415272807,190.30999999999997,0,0,1,0,0,1,0,0,0,0,1,0,0,0
190.92,3,0,0,51,2,20,1,3.74352933836217,63.63999999999999,0,0,0,0,0,1,0,0,0,0,0,0,1,0
32.39,13,0,0,38,0,65,0,0.8523683986218843,32.39,0,0,0,1,1,0,0,0,0,1,0,0,0,0
255.58,10,0,0,86,0,58,0,2.9718604305597625,255.58,0,0,0,0,0,0,0,1,0,0,0,1,0,0
37.72,6,0,0,83,2,61,0,0.45445782584990574,12.573333333333332,0,0,0,0,0,0,0,1,0,0,0,1,0,0
42.29,0,0,0,56,2,43,1,0.7551785579432401,14.096666666666666,0,0,0,0,0,1,0,0,0,0,0,0,1,0
126.0,1,0,0,54,6,36,1,2.333333290123458,18.0,0,0,0,0,0,0,0,1,0,0,0,0,1,0
63.16,2,0,0,27,4,68,1,2.3392591726200305,12.632,0,0,0,1,1,0,0,0,0,0,0,0,1,0
212.81,22,0,0,93,2,60,0,2.288279545287317,70.93666666666667,0,0,0,0,0,0,1,0,0,0,1,0,0,0
127.45,14,0,0,63,6,45,0,2.0230158409045105,18.20714285714286,0,0,0,0,0,0,1,0,0,1,0,0,0,0
12.82,5,0,0,34,1,26,1,0.3770588124394467,6.41,0,0,0,1,0,0,1,0,0,0,0,0,1,0
146.48,3,0,0,33,1,47,1,4.43878774427916,73.24,0,0,0,1,0,0,0,0,1,0,0,0,1,0
123.23,14,0,0,83,0,40,0,1.484698777292786,123.23,0,0,0,0,0,0,1,0,0,1,0,0,0,0
294.27,21,0,0,45,0,60,0,6.539333188014818,294.27,0,0,0,0,1,0,0,0,0,0,1,0,0,0
4.21,22,0,0,72,0,34,0,0.058472221410108036,4.21,0,0,0,0,0,0,1,0,0,0,1,0,0,0
64.18,17,0,0,78,2,67,0,0.8228205022715321,21.393333333333334,0,0,0,0,0,0,0,0,1,1,0,0,0,0
580.6,10,0,0,58,2,60,0,10.010344654994059,193.53333333333333,0,0,1,0,0,0,0,1,0,0,0,1,0,0
242.93,6,0,0,46,2,44,0,5.281086841715504,80.97666666666667,0,0,0,0,1,0,0,0,0,0,0,1,0,0
347.11,11,0,0,29,3,23,0,11.969309932092761,86.7775,0,0,0,1,1,0,0,0,0,0,0,1,0,0
126.74,16,0,0,44,1,59,0,2.880454479989671,63.37,0,0,0,0,0,0,0,1,0,1,0,0,0,0
1.67,1,0,0,98,3,35,1,0.017040816152644734,0.4175,0,0,0,0,0,0,1,0,0,0,0,0,1,0
592.31,3,0,0,83,3,63,1,7.136264974261867,148.0775,0,0,1,0,0,0,0,0,1,0,0,0,1,0
507.61,2,0,0,99,2,37,1,5.127373685582084,169.20333333333335,0,0,1,0,0,1,0,0,0,0,0,0,1,0
5.69,4,0,0,31,2,38,1,0.18354838117585867,1.8966666666666667,0,0,0,1,1,0,0,0,0,0,0,0,1,0
35.64,12,0,0,26,0,38,0,1.3707691780473392,35.64,0,0,0,1,0,0,0,0,1,1,0,0,0,0
12.74,18,0,0,70,4,60,0,0.18199999740000006,2.548,0,0,0,0,1,0,0,0,0,0,1,0,0,0
53.56,20,0,0,75,1,31,0,0.7141333238115557,26.78,0,0,0,0,1,0,0,0,0,0,1,0,0,0
17.7,3,0,0,72,3,60,1,0.24583332991898152,4.425,0,0,0,0,0,0,1,0,0,0,0,0,1,0
167.98,3,0,0,57,4,51,1,2.947017492157588,33.596,0,0,0,0,1,0,0,0,0,0,0,0,1,0
21.78,15,0,0,76,5,18,0,0.2865789435976455,3.6300000000000003,0,0,0,0,0,0,0,1,0,1,0,0,0,0
27.78,8,0,0,31,3,30,0,0.8961290033506774,6.945,0,0,0,1,0,0,1,0,0,0,0,1,0,0
141.11,0,0,0,58,2,58,1,2.432930992535673,47.03666666666667,0,0,0,0,0,1,0,0,0,0,0,0,1,0
309.13,13,0,0,79,2,35,0,3.9130379251514187,103.04333333333334,0,0,0,0,0,0,1,0,0,1,0,0,0,0
513.45,4,0,0,66,1,37,1,7.779545336673556,256.725,0,0,1,0,0,0,0,1,0,0,0,0,1,0
92.05,10,0,0,90,3,58,0,1.0227777664135804,23.0125,0,0,0,0,0,0,0,1,0,0,0,1,0,0
97.57,11,0,0,83,2,67,0,1.1755421545115403,32.52333333333333,0,0,0,0,1,0,0,0,0,0,0,1,0,0
456.36,18,0,0,46,0,28,0,9.920869349546319,456.36,0,0,0,0,1,0,0,0,0,0,1,0,0,0
12.4,21,0,0,65,1,66,0,0.19076922783431957,6.2,0,0,0,0,0,1,0,0,0,0,1,0,0,0
211.43,1,0,0,73,2,40,1,2.896301330187653,70.47666666666667,0,0,0,0,0,0,1,0,0,0,0,0,1,0
71.21,23,0,0,97,1,54,0,0.7341237037719205,35.605,0,0,0,0,0,0,0,0,1,0,1,0,0,0
153.54,8,0,0,29,3,19,0,5.294482576052324,38.385,0,0,0,1,0,0,0,0,1,0,0,1,0,0
45.79,20,0,0,55,4,66,0,0.8325454394082648,9.158,0,0,0,0,0,0,0,1,0,0,1,0,0,0
144.07,12,1,0,99,3,21,0,1.455252510553005,36.0175,1,1,0,0,0,0,0,0,1,1,0,0,0,0
4.44,13,0,0,42,2,56,0,0.10571428319727899,1.4800000000000002,0,0,0,0,0,0,0,1,0,1,0,0,0,0
667.84,8,1,0,97,4,26,0,6.884948382629399,133.568,1,1,1,0,1,0,0,0,0,0,0,1,0,0
575.99,15,1,0,98,3,35,0,5.877448919617868,143.9975,1,1,1,0,1,0,0,0,0,1,0,0,0,0
47.58,13,0,0,33,2,45,0,1.4418181381267232,15.86,0,0,0,1,0,0,0,0,1,1,0,0,0,0
20.46,22,0,0,36,1,52,0,0.5683333175462968,10.23,0,0,0,1,0,0,0,0,1,0,1,0,0,0
193.28,6,0,0,84,5,43,0,2.300952353560091,32.21333333333333,0,0,0,0,0,0,0,1,0,0,0,1,0,0
495.29,15,0,0,33,2,67,0,15.008787423976141,165.09666666666666,0,0,0,1,0,0,0,1,0,1,0,0,0,0
32.57,12,0,0,64,4,51,0,0.50890624204834,6.514,0,0,0,0,0,0,1,0,0,1,0,0,0,0
85.97,0,0,0,96,3,35,1,0.8955208240049914,21.4925,0,0,0,0,1,0,0,0,0,0,0,0,1,0
94.5,9,0,1,64,2,50,0,1.4765624769287113,31.5,1,1,0,0,0,0,1,0,0,0,0,1,0,0
443.48,14,0,0,67,2,64,0,6.619104378819338,147.82666666666668,0,0,0,0,1,0,0,0,0,1,0,0,0,0
166.49,20,0,1,36,2,50,0,4.62472209375772,55.49666666666667,1,1,0,1,0,1,0,0,0,0,1,0,0,0
71.41,3,0,0,91,2,49,1,0.7847252661019202,23.80333333333333,0,0,0,0,0,1,0,0,0,0,0,0,1,0
231.45,21,0,0,67,3,33,0,3.4544775603809317,57.8625,0,0,0,0,1,0,0,0,0,0,1,0,0,0
29.88,2,0,0,65,4,51,1,0.45969230062011845,5.976,0,0,0,0,1,0,0,0,0,0,0,0,1,0
77.21,22,0,1,91,5,39,0,0.8484615291377854,12.868333333333332,1,1,0,0,0,0,1,0,0,0,1,0,0,0
92.39,21,0,0,83,1,56,0,1.1131325167092467,46.195,0,0,0,0,0,0,0,0,1,0,1,0,0,0
35.08,19,0,0,65,7,41,0,0.5396922993893493,4.385,0,0,0,0,0,1,0,0,0,0,1,0,0,0
5.49,11,0,0,48,3,42,0,0.11437499761718756,1.3725,0,0,0,0,0,0,0,0,1,0,0,1,0,0
57.11,6,0,0,82,0,31,0,0.6964634061406901,57.11,0,0,0,0,0,1,0,0,0,0,0,1,0,0
76.4,8,0,0,26,6,29,0,2.9384614254437915,10.914285714285715,0,0,0,1,1,0,0,0,0,0,0,1,0,0
31.73,11,0,0,90,2,55,0,0.3525555516382717,10.576666666666666,0,0,0,0,0,0,1,0,0,0,0,1,0,0
33.31,6,0,0,80,2,27,0,0.4163749947953126,11.103333333333333,0,0,0,0,0,1,0,0,0,0,0,1,0,0
14.75,16,0,1,84,0,65,0,0.17559523600481863,14.75,1,1,0,0,0,1,0,0,0,1,0,0,0,0
41.18,6,0,0,78,1,25,0,0.5279487111801447,20.59,0,0,0,0,0,0,1,0,0,0,0,1,0,0
283.15,12,0,0,63,3,65,0,4.4944443731040575,70.7875,0,0,0,0,0,0,0,1,0,1,0,0,0,0
468.81,15,0,0,27,2,68,0,17.36333269024694,156.27,0,0,0,1,0,0,0,0,1,1,0,0,0,0
39.1,16,0,1,55,5,28,0,0.7109090779834714,6.516666666666667,1,1,0,0,0,0,0,1,0,1,0,0,0,0
252.34,7,0,0,41,1,48,0,6.15463399622844,126.17,0,0,0,0,1,0,0,0,0,0,0,1,0,0
301.29,2,0,0,60,1,46,1,5.021499916308335,150.645,0,0,0,0,1,0,0,0,0,0,0,0,1,0
5.23,4,0,1,92,1,60,1,0.056847825469045384,2.615,1,1,0,0,0,0,1,0,0,0,0,0,1,0
260.75,10,0,0,88,0,26,0,2.9630681481469527,260.75,0,0,0,0,0,0,1,0,0,0,0,1,0,0
127.04,8,1,0,57,3,36,0,2.2287718907233005,31.76,1,1,0,0,1,0,0,0,0,0,0,1,0,0
153.34,3,0,0,40,2,53,1,3.833499904162503,51.11333333333334,0,0,0,0,1,0,0,0,0,0,0,0,1,0
16.93,1,0,0,30,2,51,1,0.5643333145222228,5.6433333333333335,0,0,0,1,0,0,1,0,0,0,0,0,1,0
438.22,1,0,1,44,0,49,1,9.959545228192155,438.22,1,1,0,0,1,0,0,0,0,0,0,0,1,0
9.47,12,0,0,91,2,63,0,0.10406593292235239,3.1566666666666667,0,0,0,0,0,0,0,0,1,1,0,0,0,0
199.35,9,0,0,60,3,26,0,3.322499944625001,49.8375,0,0,0,0,0,0,0,1,0,0,0,1,0,0
212.02,6,0,0,89,1,45,0,2.382247164244414,106.01,0,0,0,0,0,1,0,0,0,0,0,1,0,0
128.57,12,1,0,68,2,19,0,1.8907352663127166,42.85666666666666,1,1,0,0,0,0,0,0,1,1,0,0,0,0
12.86,20,1,0,27,1,34,0,0.47629627865569335,6.43,1,1,0,1,0,0,0,0,1,0,1,0,0,0
151.99,8,0,0,51,0,37,0,2.9801960199961566,151.99,0,0,0,0,0,0,0,0,1,0,0,1,0,0
301.54,14,0,0,68,4,64,0,4.434411699493946,60.30800000000001,0,0,0,0,0,0,0,1,0,1,0,0,0,0
289.57,0,0,1,42,1,66,1,6.894523645368485,144.785,1,1,0,0,1,0,0,0,0,0,0,0,1,0
770.65,4,0,0,93,2,68,1,8.286559050682161,256.8833333333333,0,0,1,0,0,0,1,0,0,0,0,0,1,0
227.51,5,0,1,78,2,40,1,2.9167948344000663,75.83666666666666,1,1,0,0,0,0,0,1,0,0,0,0,1,0
114.21,13,0,0,52,2,22,0,2.1963461116087286,38.07,0,0,0,0,1,0,0,0,0,1,0,0,0,0
129.38,18,1,0,97,2,37,0,1.3338144192390267,43.126666666666665,1,1,0,0,0,0,0,0,1,0,1,0,0,0
35.86,8,0,0,53,1,36,0,0.676603760818797,17.93,0,0,0,0,0,1,0,0,0,0,0,1,0,0
83.59,20,0,0,51,1,58,0,1.6390195757054986,41.795,0,0,0,0,0,0,0,1,0,0,1,0,0,0
38.56,5,0,0,85,1,49,1,0.4536470534865053,19.28,0,0,0,0,0,0,0,1,0,0,0,0,1,0
258.41,17,0,0,77,1,67,0,3.3559739823899486,129.205,0,0,0,0,1,0,0,0,0,1,0,0,0,0
47.57,17,0,0,88,2,36,0,0.5405681756753616,15.856666666666667,0,0,0,0,0,0,0,1,0,1,0,0,0,0
612.58,5,1,0,68,1,53,1,9.008529279286336,306.29,1,1,1,0,0,0,1,0,0,0,0,0,1,0
43.51,18,0,0,61,0,64,0,0.7132786768314971,43.51,0,0,0,0,0,1,0,0,0,0,1,0,0,0
11.16,18,1,0,62,1,69,0,0.17999999709677425,5.58,1,1,0,0,0,0,1,0,0,0,1,0,0,0
84.47,22,0,0,66,3,40,0,1.2798484654568414,21.1175,0,0,0,0,0,1,0,0,0,0,1,0,0,0
292.14,9,0,0,81,3,67,0,3.6066666221399184,73.035,0,0,0,0,1,0,0,0,0,0,0,1,0,0
51.24,14,0,0,46,2,43,0,1.1139130192627607,17.080000000000002,0,0,0,0,0,1,0,0,0,1,0,0,0,0
32.73,16,0,0,47,3,24,0,0.6963829639067454,8.1825,0,0,0,0,1,0,0,0,0,1,0,0,0,0
13.26,18,0,0,61,1,50,0,0.21737704561676974,6.63,0,0,0,0,0,1,0,0,0,0,1,0,0,0
35.4,6,0,0,87,4,19,0,0.4068965470471661,7.08,0,0,0,0,0,0,0,0,1,0,0,1,0,0
82.68,21,0,0,77,2,58,0,1.0737662198212181,27.560000000000002,0,0,0,0,0,0,0,1,0,0,1,0,0,0
1028.32,1,0,0,27,2,36,1,38.085924515336124,342.7733333333333,0,0,1,1,0,0,0,1,0,0,0,0,1,1
230.95,16,0,0,42,1,44,0,5.498809392885491,115.475,0,0,0,0,0,0,0,0,1,1,0,0,0,0
43.63,5,0,0,77,0,55,1,0.5666233692646316,43.63,0,0,0,0,1,0,0,0,0,0,0,0,1,0
16.06,3,0,0,59,2,52,1,0.27220338521689175,5.353333333333333,0,0,0,0,0,0,0,1,0,0,0,0,1,0
128.0,4,0,0,43,2,67,1,2.9767441168199045,42.666666666666664,0,0,0,0,1,0,0,0,0,0,0,0,1,0
16.85,17,0,0,98,0,38,0,0.1719387737557268,16.85,0,0,0,0,0,0,0,1,0,1,0,0,0,0
256.52,9,0,0,94,1,31,0,2.7289361411815305,128.26,0,0,0,0,1,0,0,0,0,0,0,1,0,0
22.44,8,0,0,46,0,20,0,0.4878260763516071,22.44,0,0,0,0,0,0,0,0,1,0,0,1,0,0
4.41,3,0,0,38,2,58,1,0.11605262852493084,1.47,0,0,0,1,1,0,0,0,0,0,0,0,1,0
7.29,21,0,0,63,0,68,0,0.11571428387755106,7.29,0,0,0,0,0,0,1,0,0,0,1,0,0,0
397.98,8,0,0,39,0,42,0,10.204615122958588,397.98,0,0,0,1,0,0,0,1,0,0,0,1,0,0
3.63,7,0,0,50,1,25,0,0.07259999854800003,1.815,0,0,0,0,1,0,0,0,0,0,0,1,0,0
205.95,4,0,0,35,3,48,1,5.88428554616327,51.4875,0,0,0,1,0,1,0,0,0,0,0,0,1,0
50.82,3,0,0,63,2,68,1,0.8066666538624341,16.94,0,0,0,0,1,0,0,0,0,0,0,0,1,0
176.36,21,0,0,43,2,27,0,4.101395253455925,58.78666666666667,0,0,0,0,0,0,1,0,0,0,1,0,0,0
629.53,14,0,0,76,7,44,0,8.28328936469356,78.69125,0,0,1,0,1,0,0,0,0,1,0,0,0,0
96.09,4,0,0,29,2,54,1,3.3134481616052356,32.03,0,0,0,1,0,0,0,1,0,0,0,0,1,0
16.72,17,1,0,84,0,22,0,0.19904761667800455,16.72,1,1,0,0,0,0,1,0,0,1,0,0,0,0
136.23,10,0,0,53,2,58,0,2.570377309992881,45.41,0,0,0,0,0,0,0,0,1,0,0,1,0,0
397.04,18,0,0,56,0,30,0,7.08999987339286,397.04,0,0,0,0,0,0,1,0,0,0,1,0,0,0
126.91,16,1,0,84,1,49,0,1.5108333153472224,63.455,1,1,0,0,1,0,0,0,0,1,0,0,0,0
7.94,1,0,1,41,0,30,1,0.19365853186198706,7.94,1,1,0,0,1,0,0,0,0,0,0,0,1,0
17.94,15,0,0,92,2,60,0,0.19499999788043482,5.98,0,0,0,0,0,1,0,0,0,1,0,0,0,0
166.38,14,0,0,57,2,18,0,2.9189473172114506,55.46,0,0,0,0,1,0,0,0,0,1,0,0,0,0
174.23,23,0,0,82,4,38,0,2.1247560716493163,34.846,0,0,0,0,1,0,0,0,0,0,1,0,0,0
218.37,8,0,0,46,4,60,0,4.747173809844048,43.674,0,0,0,0,0,0,1,0,0,0,0,1,0,0
8.33,0,0,0,34,2,27,1,0.24499999279411788,2.776666666666667,0,0,0,1,1,0,0,0,0,0,0,0,1,0
315.17,16,0,0,59,2,18,0,5.3418643162395885,105.05666666666667,0,0,0,0,0,1,0,0,0,1,0,0,0,0
90.26,0,0,0,89,2,51,1,1.0141572919757609,30.08666666666667,0,0,0,0,0,0,0,0,1,0,0,0,1,0
274.95,22,0,0,48,2,60,0,5.728124880664065,91.64999999999999,0,0,0,0,0,0,1,0,0,0,1,0,0,0
138.8,15,0,0,59,2,39,0,2.3525423330077575,46.26666666666667,0,0,0,0,0,1,0,0,0,1,0,0,0,0
513.09,21,0,1,42,0,36,0,12.216428280561233,513.09,1,1,1,0,0,0,0,1,0,0,1,0,0,0
169.66,18,0,0,63,3,60,0,2.69301583026959,42.415,0,0,0,0,0,0,1,0,0,0,1,0,0,0
36.48,6,0,0,38,0,29,0,0.9599999747368427,36.48,0,0,0,1,0,0,1,0,0,0,0,1,0,0
372.44,15,0,0,87,2,67,0,4.280919491023914,124.14666666666666,0,0,0,0,0,1,0,0,0,1,0,0,0,0
383.54,3,0,0,66,2,69,1,5.8112120331634545,127.84666666666668,0,0,0,0,0,0,0,0,1,0,0,0,1,0
407.85,7,0,0,43,0,58,0,9.484883500351547,407.85,0,0,0,0,0,0,1,0,0,0,0,1,0,0
335.33,1,0,0,57,1,62,1,5.882982352930134,167.665,0,0,0,0,0,1,0,0,0,0,0,0,1,0
13.26,14,0,0,97,2,38,0,0.1367010295185461,4.42,0,0,0,0,0,1,0,0,0,1,0,0,0,0
268.83,12,0,0,60,0,38,0,4.4804999253250015,268.83,0,0,0,0,1,0,0,0,0,1,0,0,0,0
214.11,15,0,0,85,0,23,0,2.518941146835987,214.11,0,0,0,0,0,0,0,1,0,1,0,0,0,0
112.48,22,0,0,88,2,56,0,1.278181803657025,37.49333333333333,0,0,0,0,0,0,0,0,1,0,1,0,0,0
46.44,16,0,0,76,3,33,0,0.6110526235387813,11.61,0,0,0,0,0,1,0,0,0,1,0,0,0,0
295.15,12,0,0,36,1,59,0,8.19861088337192,147.575,0,0,0,1,0,0,0,0,1,1,0,0,0,0
68.2,17,0,0,63,3,46,0,1.0825396653565134,17.05,0,0,0,0,0,1,0,0,0,1,0,0,0,0
51.29,2,0,0,97,1,33,1,0.5287628811467744,25.645,0,0,0,0,0,0,0,1,0,0,0,0,1,0
51.77,14,0,0,76,4,60,0,0.6811842015633658,10.354000000000001,0,0,0,0,1,0,0,0,0,1,0,0,0,0
206.94,11,0,0,47,5,65,0,4.402978629723859,34.49,0,0,0,0,1,0,0,0,0,0,0,1,0,0
58.78,8,1,0,88,1,25,0,0.667954537864153,29.39,1,1,0,0,0,0,1,0,0,0,0,1,0,0
615.82,20,0,0,39,1,53,0,15.790256005378053,307.91,0,0,1,1,0,0,0,1,0,0,1,0,0,0
1103.19,1,0,0,36,0,29,1,30.64416581543984,1103.19,0,0,1,1,0,1,0,0,0,0,0,0,1,1
773.77,5,0,0,54,3,19,1,14.329073808720855,193.4425,0,0,1,0,0,0,1,0,0,0,0,0,1,0
218.94,15,0,1,89,1,62,0,2.459999972359551,109.47,1,1,0,0,0,0,1,0,0,1,0,0,0,0
77.01,7,0,0,25,2,52,0,3.080399876784005,25.67,0,0,0,1,0,1,0,0,0,0,0,1,0,0
566.95,21,0,0,52,2,30,0,10.902884405713763,188.98333333333335,0,0,1,0,0,1,0,0,0,0,1,0,0,0
110.73,7,0,0,69,0,32,0,1.6047825854379336,110.73,0,0,0,0,0,0,0,1,0,0,0,1,0,0
7.5,21,0,0,73,5,61,0,0.10273972462000378,1.25,0,0,0,0,0,0,1,0,0,0,1,0,0,0
123.03,8,1,0,73,3,61,0,1.685342442666542,30.7575,1,1,0,0,0,1,0,0,0,0,0,1,0,0
37.51,7,1,1,55,2,27,0,0.6819999876000002,12.503333333333332,1,2,0,0,0,1,0,0,0,0,0,1,0,0
102.64,18,0,0,43,3,56,0,2.386976688674961,25.66,0,0,0,0,0,0,0,0,1,0,1,0,0,0
147.12,22,0,1,49,2,24,0,3.002448918317369,49.04,1,1,0,0,0,0,1,0,0,0,1,0,0,0
888.48,9,0,0,76,1,30,0,11.690526161966762,444.24,0,0,1,0,0,0,0,1,0,0,0,1,0,0
176.45,7,1,1,91,0,30,0,1.9390109677031762,176.45,1,2,0,0,0,0,1,0,0,0,0,1,0,0
5.71,1,0,0,89,2,43,1,0.06415730264991795,1.9033333333333333,0,0,0,0,0,0,1,0,0,0,0,0,1,0
81.35,15,1,0,86,3,62,0,0.9459302215589509,20.3375,1,1,0,0,0,0,0,0,1,1,0,0,0,0
156.06,22,0,0,81,1,48,0,1.926666642880659,78.03,0,0,0,0,0,0,0,1,0,0,1,0,0,0
111.11,12,0,0,97,2,59,0,1.145463905716867,37.03666666666667,0,0,0,0,0,0,0,1,0,1,0,0,0,0
663.31,11,0,0,94,2,31,0,7.056489286633092,221.10333333333332,0,0,1,0,0,0,1,0,0,0,0,1,0,0
41.58,14,0,0,85,2,56,0,0.489176464833218,13.86,0,0,0,0,0,0,1,0,0,1,0,0,0,0
301.6,7,0,0,97,2,42,0,3.1092783184610484,100.53333333333335,0,0,0,0,0,1,0,0,0,0,0,1,0,0
140.09,12,0,0,61,2,35,0,2.2965573394006995,46.696666666666665,0,0,0,0,0,0,1,0,0,1,0,0,0,0
34.11,16,1,0,58,2,29,0,0.5881034381361476,11.37,1,1,0,0,0,0,0,0,1,1,0,0,0,0
233.8,17,0,0,42,2,65,0,5.566666534126988,77.93333333333334,0,0,0,0,0,0,0,0,1,1,0,0,0,0
160.17,9,0,0,85,0,61,0,1.8843529190076127,160.17,0,0,0,0,0,0,1,0,0,0,0,1,0,0
184.38,16,0,0,25,4,38,0,7.375199704992012,36.876,0,0,0,1,0,1,0,0,0,1,0,0,0,0
152.77,1,0,0,78,2,62,1,1.9585897184796193,50.92333333333334,0,0,0,0,0,0,0,1,0,0,0,0,1,0
31.11,15,0,0,73,1,31,0,0.42616437772377563,15.555,0,0,0,0,1,0,0,0,0,1,0,0,0,0
36.72,23,0,1,55,0,46,0,0.6676363514975209,36.72,1,1,0,0,0,1,0,0,0,0,1,0,0,0
266.84,13,0,0,63,0,68,0,4.235555488324516,266.84,0,0,0,0,1,0,0,0,0,1,0,0,0,0
157.57,18,0,0,84,3,61,0,1.8758333110019845,39.3925,0,0,0,0,0,1,0,0,0,0,1,0,0,0
569.04,7,1,0,36,2,68,0,15.806666227592604,189.67999999999998,1,1,1,1,0,0,0,1,0,0,0,1,0,0
6.94,4,0,0,77,2,58,1,0.09012986895935236,2.3133333333333335,0,0,0,0,0,0,0,1,0,0,0,0,1,0
270.22,21,0,0,70,3,54,0,3.8602856591387766,67.555,0,0,0,0,0,0,0,0,1,0,1,0,0,0
252.19,20,0,1,67,2,45,0,3.7640297945667194,84.06333333333333,1,1,0,0,1,0,0,0,0,0,1,0,0,0
872.69,13,0,0,31,2,58,0,28.151289414474537,290.8966666666667,0,0,1,1,0,0,0,1,0,1,0,0,0,0
348.16,14,0,0,86,2,30,0,4.048372045949162,116.05333333333334,0,0,0,0,0,1,0,0,0,1,0,0,0,0
70.04,7,0,0,35,2,55,0,2.001142799967349,23.346666666666668,0,0,0,1,0,0,1,0,0,0,0,1,0,0
215.59,8,0,0,26,2,51,0,8.29192275800297,71.86333333333333,0,0,0,1,0,1,0,0,0,0,0,1,0,0
190.12,21,1,0,59,2,57,0,3.222372826739444,63.373333333333335,1,1,0,0,0,0,1,0,0,0,1,0,0,0
196.07,21,0,0,76,2,67,0,2.5798683871069947,65.35666666666667,0,0,0,0,1,0,0,0,0,0,1,0,0,0
24.86,8,0,0,38,3,65,0,0.6542105090997234,6.215,0,0,0,1,0,1,0,0,0,0,0,1,0,0
74.64,21,0,0,57,4,25,0,1.3094736612373044,14.928,0,0,0,0,0,0,1,0,0,0,1,0,0,0
165.69,6,0,0,43,1,39,0,3.8532557243428904,82.845,0,0,0,0,0,0,1,0,0,0,0,1,0,0
35.81,4,1,0,93,3,33,1,0.38505375930049723,8.9525,1,1,0,0,0,0,0,0,1,0,0,0,1,0
234.79,22,0,0,56,2,21,0,4.192678496559313,78.26333333333334,0,0,0,0,0,1,0,0,0,0,1,0,0,0
114.56,5,0,0,67,3,18,1,1.7098507207484968,28.64,0,0,0,0,0,0,1,0,0,0,0,0,1,0
163.16,0,0,0,40,3,44,1,4.078999898025002,40.79,0,0,0,0,0,0,0,1,0,0,0,0,1,0
4.68,18,0,0,90,1,26,0,0.05199999942222223,2.34,0,0,0,0,0,0,0,1,0,0,1,0,0,0
107.16,22,0,0,33,4,59,0,3.2472726288705265,21.432,0,0,0,1,0,1,0,0,0,0,1,0,0,0
418.84,0,0,0,40,3,31,1,10.470999738225007,104.71,0,0,0,0,0,0,1,0,0,0,0,0,1,0
24.87,23,0,0,88,1,62,0,0.28261363315211785,12.435,0,0,0,0,1,0,0,0,0,0,1,0,0,0
4.27,5,0,0,57,2,31,1,0.07491227938750386,1.4233333333333331,0,0,0,0,0,1,0,0,0,0,0,0,1,0
665.77,16,0,0,86,1,20,0,7.741511537889401,332.885,0,0,1,0,1,0,0,0,0,1,0,0,0,0
20.95,1,0,0,59,3,31,1,0.35508473974432647,5.2375,0,0,0,0,0,0,1,0,0,0,0,0,1,0
234.07,12,0,0,77,2,40,0,3.0398700903912976,78.02333333333333,0,0,0,0,0,1,0,0,0,1,0,0,0,0
47.27,14,0,0,94,4,50,0,0.5028723350758263,9.454,0,0,0,0,1,0,0,0,0,1,0,0,0,0
34.55,20,0,0,28,1,30,0,1.2339285273596954,17.275,0,0,0,1,0,0,0,0,1,0,1,0,0,0
76.46,2,0,0,94,2,48,1,0.8134042466659123,25.486666666666665,0,0,0,0,0,1,0,0,0,0,0,0,1,0
286.97,2,0,1,76,2,54,1,3.7759210029484085,95.65666666666668,1,1,0,0,1,0,0,0,0,0,0,0,1,0
279.44,21,0,0,67,4,58,0,4.170746206406773,55.888,0,0,0,0,0,0,0,1,0,0,1,0,0,0
123.75,22,0,0,36,2,35,0,3.4374999045138916,41.25,0,0,0,1,0,0,0,0,1,0,1,0,0,0
256.91,13,0,0,45,2,57,0,5.709110984241979,85.63666666666667,0,0,0,0,0,0,0,0,1,1,0,0,0,0
96.97,7,0,0,52,0,40,0,1.8648076564460068,96.97,0,0,0,0,0,0,0,0,1,0,0,1,0,0
2.19,20,0,0,55,5,43,0,0.03981818109421489,0.365,0,0,0,0,0,0,1,0,0,0,1,0,0,0
355.23,9,0,0,30,2,47,0,11.840999605300013,118.41000000000001,0,0,0,1,0,0,0,0,1,0,0,1,0,0
613.29,1,0,0,57,2,40,1,10.759473495447834,204.42999999999998,0,0,1,0,0,1,0,0,0,0,0,0,1,0
43.38,13,0,1,99,1,36,0,0.4381818137557393,21.69,1,1,0,0,1,0,0,0,0,1,0,0,0,0
18.49,11,0,0,58,3,69,0,0.31879309795184313,4.6225,0,0,0,0,1,0,0,0,0,0,0,1,0,0
56.3,11,0,0,97,3,51,0,0.580412365150388,14.075,0,0,0,0,0,0,0,0,1,0,0,1,0,0
139.89,23,0,1,36,2,37,0,3.8858332253935215,46.629999999999995,1,1,0,1,0,0,1,0,0,0,1,0,0,0
4.11,19,0,0,89,0,61,0,0.046179774762025005,4.11,0,0,0,0,0,1,0,0,0,0,1,0,0,0
64.15,23,0,0,98,1,40,0,0.6545918300551855,32.075,0,0,0,0,1,0,0,0,0,0,1,0,0,0
324.95,6,0,0,73,3,36,0,4.45136980203603,81.2375,0,0,0,0,0,0,0,1,0,0,0,1,0,0
88.82,9,0,0,78,0,22,0,1.1387179341190008,88.82,0,0,0,0,0,0,0,0,1,0,0,1,0,0
407.09,16,0,0,54,1,47,0,7.538703564098082,203.545,0,0,0,0,1,0,0,0,0,1,0,0,0,0
188.18,13,0,0,96,0,26,0,1.960208312914497,188.18,0,0,0,0,1,0,0,0,0,1,0,0,0,0
272.16,6,0,1,68,1,24,0,4.00235288231834,136.08,1,1,0,0,0,0,0,1,0,0,0,1,0,0
25.44,21,0,0,58,5,54,0,0.4386206820927469,4.24,0,0,0,0,0,0,1,0,0,0,1,0,0,0
342.17,16,0,0,76,1,53,0,4.502236782865306,171.085,0,0,0,0,0,0,1,0,0,1,0,0,0,0
7.73,19,0,0,77,1,67,0,0.10038960908584924,3.865,0,0,0,0,0,0,1,0,0,0,1,0,0,0
81.04,20,0,0,65,4,65,0,1.2467692115881661,16.208000000000002,0,0,0,0,0,0,0,0,1,0,1,0,0,0
150.19,18,0,0,90,3,57,0,1.6687777592358026,37.5475,0,0,0,0,0,0,0,1,0,0,1,0,0,0
54.45,6,0,0,98,1,64,0,0.5556122392284466,27.225,0,0,0,0,0,1,0,0,0,0,0,1,0,0
301.93,19,0,0,94,1,19,0,3.212021242425306,150.965,0,0,0,0,0,0,0,0,1,0,1,0,0,0
33.29,17,0,0,43,4,50,0,0.7741860285073017,6.6579999999999995,0,0,0,0,0,0,0,0,1,1,0,0,0,0
31.69,5,0,0,74,1,46,1,0.4282432374561725,15.845,0,0,0,0,0,0,0,1,0,0,0,0,1,0
22.78,20,1,1,70,2,18,0,0.3254285667795919,7.593333333333334,1,2,0,0,0,1,0,0,0,0,1,0,0,0
77.71,6,0,0,38,2,41,0,2.044999946184212,25.903333333333332,0,0,0,1,0,0,0,0,1,0,0,1,0,0
76.35,15,0,0,86,2,59,0,0.8877906873512711,25.45,0,0,0,0,0,0,1,0,0,1,0,0,0,0
107.79,0,0,0,59,1,27,1,1.8269491215771336,53.895,0,0,0,0,0,0,0,0,1,0,0,0,1,0
322.45,17,0,0,48,1,52,0,6.717708193381079,161.225,0,0,0,0,0,1,0,0,0,1,0,0,0,0
540.09,19,0,0,69,2,31,0,7.827391190907375,180.03,0,0,1,0,0,1,0,0,0,0,1,0,0,0
11.58,19,0,0,95,1,19,0,0.12189473555900279,5.79,0,0,0,0,0,0,0,0,1,0,1,0,0,0
42.12,22,0,0,68,4,43,0,0.6194117555968859,8.424,0,0,0,0,1,0,0,0,0,0,1,0,0,0
81.94,19,1,0,77,1,32,0,1.0641558303356387,40.97,1,1,0,0,0,0,1,0,0,0,1,0,0,0
11.87,17,0,0,78,1,48,0,0.15217948522846814,5.935,0,0,0,0,1,0,0,0,0,1,0,0,0,0
244.44,1,0,0,47,3,37,1,5.200850953173385,61.11,0,0,0,0,0,0,0,0,1,0,0,0,1,0
786.88,21,0,0,55,3,31,0,14.306908830783476,196.72,0,0,1,0,0,0,0,0,1,0,1,0,0,0
688.82,7,0,0,94,2,48,0,7.327872262469445,229.60666666666668,0,0,1,0,0,0,1,0,0,0,0,1,0,0
8.32,16,1,0,98,1,63,0,0.08489795831736778,4.16,1,1,0,0,0,0,0,0,1,1,0,0,0,0
232.32,16,0,0,45,5,58,0,5.1626665519407435,38.72,0,0,0,0,1,0,0,0,0,1,0,0,0,0
0.23,18,0,1,81,1,64,0,0.002839506137783875,0.115,1,1,0,0,0,0,0,1,0,0,1,0,0,0
64.18,23,0,1,82,2,58,0,0.7826829172843548,21.393333333333334,1,1,0,0,0,1,0,0,0,0,1,0,0,0
66.71,20,1,0,91,3,62,0,0.7330769150211327,16.6775,1,1,0,0,1,0,0,0,0,0,1,0,0,0
314.58,16,0,0,77,2,43,0,4.0854544923966944,104.86,0,0,0,0,0,0,1,0,0,1,0,0,0,0
264.67,11,0,0,71,0,43,0,3.727746426369769,264.67,0,0,0,0,0,0,0,0,1,0,0,1,0,0
60.08,20,0,0,72,2,57,0,0.8344444328549384,20.026666666666667,0,0,0,0,0,0,1,0,0,0,1,0,0,0
173.15,2,0,0,98,5,65,1,1.7668367166649315,28.858333333333334,0,0,0,0,1,0,0,0,0,0,0,0,1,0
72.3,5,0,0,92,1,33,1,0.7858695566753309,36.15,0,0,0,0,0,1,0,0,0,0,0,0,1,0
1045.08,14,0,0,32,1,67,0,32.65874897941409,522.54,0,0,1,1,0,0,0,0,1,1,0,0,0,0
23.07,20,0,0,61,0,23,0,0.3781967151115293,23.07,0,0,0,0,0,1,0,0,0,0,1,0,0,0
14.72,20,0,0,83,3,21,0,0.17734939545362174,3.68,0,0,0,0,0,0,1,0,0,0,1,0,0,0
101.28,8,0,1,87,1,42,0,1.164137917653587,50.64,1,1,0,0,0,0,0,0,1,0,0,1,0,0
30.61,3,0,0,47,2,36,1,0.6512765818877323,10.203333333333333,0,0,0,0,1,0,0,0,0,0,0,0,1,0
184.38,17,0,1,39,4,22,0,4.727692186469431,36.876,1,1,0,1,1,0,0,0,0,1,0,0,0,0
241.69,10,0,0,38,0,36,0,6.360262990519395,241.69,0,0,0,1,0,0,0,0,1,0,0,1,0,0
4.7,7,0,0,44,3,69,0,0.10681817939049593,1.175,0,0,0,0,0,1,0,0,0,0,0,1,0,0
1.82,0,1,0,29,2,66,1,0.06275861852556487,0.6066666666666667,1,1,0,1,0,0,0,1,0,0,0,0,1,1
109.66,0,0,0,51,1,34,1,2.150196036270666,54.83,0,0,0,0,0,0,0,0,1,0,0,0,1,0
132.36,7,0,0,83,2,67,0,1.5946987759674849,44.120000000000005,0,0,0,0,1,0,0,0,0,0,0,1,0,0
248.97,0,0,0,43,3,38,1,5.7899998653488405,62.2425,0,0,0,0,1,0,0,0,0,0,0,0,1,0
468.06,13,0,0,25,2,22,0,18.72239925110403,156.02,0,0,0,1,0,0,0,1,0,1,0,0,0,0
33.78,1,0,0,79,1,28,1,0.42759493129626674,16.89,0,0,0,0,0,0,0,0,1,0,0,0,1,0
3.82,20,0,0,54,2,58,0,0.07074073943072705,1.2733333333333332,0,0,0,0,0,0,0,1,0,0,1,0,0,0
141.17,18,0,1,79,3,57,0,1.7869620026966835,35.2925,1,1,0,0,0,0,0,1,0,0,1,0,0,0
11.82,1,0,0,55,1,68,1,0.21490908700165298,5.91,0,0,0,0,0,1,0,0,0,0,0,0,1,0
306.58,20,0,0,35,3,49,0,8.759428321159191,76.645,0,0,0,1,1,0,0,0,0,0,1,0,0,0
50.74,15,0,0,72,3,32,0,0.7047222124344138,12.685,0,0,0,0,1,0,0,0,0,1,0,0,0,0
318.89,3,1,0,73,1,54,1,4.368356104543067,159.445,1,1,0,0,1,0,0,0,0,0,0,0,1,0
270.14,1,0,0,96,1,36,1,2.8139583040212677,135.07,0,0,0,0,1,0,0,0,0,0,0,0,1,0
40.62,22,0,0,32,1,63,0,1.2693749603320326,20.31,0,0,0,1,0,0,0,1,0,0,1,0,0,0
598.51,0,0,0,88,3,55,1,6.801249922713069,149.6275,0,0,1,0,0,0,0,0,1,0,0,0,1,0
126.64,16,0,0,88,1,20,0,1.4390908927376036,63.32,0,0,0,0,0,1,0,0,0,1,0,0,0,0
59.05,13,0,0,84,2,69,0,0.7029761821074264,19.683333333333334,0,0,0,0,1,0,0,0,0,1,0,0,0,0
221.69,21,0,0,82,2,52,0,2.703536552395896,73.89666666666666,0,0,0,0,0,0,0,0,1,0,1,0,0,0
77.74,0,0,0,35,2,24,1,2.2211427936816346,25.91333333333333,0,0,0,1,1,0,0,0,0,0,0,0,1,0
348.5,1,0,0,66,2,69,1,5.280302950298441,116.16666666666667,0,0,0,0,0,0,0,1,0,0,0,0,1,0
149.52,14,0,0,58,2,48,0,2.577930990035673,49.84,0,0,0,0,0,0,1,0,0,1,0,0,0,0
415.73,0,0,0,27,3,59,1,15.39740683713308,103.9325,0,0,0,1,1,0,0,0,0,0,0,0,1,0
73.98,12,1,0,92,0,45,0,0.8041304260420606,73.98,1,1,0,0,0,1,0,0,0,1,0,0,0,0
646.59,10,0,0,46,2,36,0,14.056304042254261,215.53,0,0,1,0,1,0,0,0,0,0,0,1,0,0
8.21,4,0,0,73,2,28,1,0.11246575188403081,2.736666666666667,0,0,0,0,0,0,0,1,0,0,0,0,1,0
357.8,2,0,0,34,2,51,1,10.523529102249146,119.26666666666667,0,0,0,1,0,0,0,1,0,0,0,0,1,0
83.46,15,0,0,98,1,54,0,0.8516326443710954,41.73,0,0,0,0,0,0,0,0,1,1,0,0,0,0
55.41,11,0,0,68,2,56,0,0.8148529291933393,18.47,0,0,0,0,0,0,0,1,0,0,0,1,0,0
115.63,20,0,0,26,1,27,0,4.447307521257403,57.815,0,0,0,1,1,0,0,0,0,0,1,0,0,0
51.42,2,0,0,72,2,35,1,0.7141666567476854,17.14,0,0,0,0,0,0,0,1,0,0,0,0,1,0
32.62,12,0,0,44,1,50,0,0.7413636195144632,16.31,0,0,0,0,1,0,0,0,0,1,0,0,0,0
89.29,3,0,0,29,3,52,1,3.0789654110701585,22.3225,0,0,0,1,0,0,1,0,0,0,0,0,1,0
238.7,14,0,0,64,2,28,0,3.729687441723634,79.56666666666666,0,0,0,0,0,0,0,0,1,1,0,0,0,0
40.03,16,1,0,33,2,43,0,1.2130302662718102,13.343333333333334,1,1,0,1,0,0,1,0,0,1,0,0,0,0
343.34,23,0,0,92,0,38,0,3.731956481174386,343.34,0,0,0,0,0,0,0,1,0,0,1,0,0,0
171.87,0,0,0,31,6,45,1,5.54419336954215,24.552857142857142,0,0,0,1,1,0,0,0,0,0,0,0,1,1
89.08,0,0,1,29,1,51,1,3.071724032009516,44.54,1,1,0,1,1,0,0,0,0,0,0,0,1,1
163.26,22,1,0,63,3,29,0,2.591428530294785,40.815,1,1,0,0,0,1,0,0,0,0,1,0,0,0
224.15,16,0,0,56,2,52,0,4.00267849995217,74.71666666666667,0,0,0,0,1,0,0,0,0,1,0,0,0,0
86.73,11,0,0,52,1,46,0,1.667884583309912,43.365,0,0,0,0,0,0,0,0,1,0,0,1,0,0
237.01,17,0,0,49,1,61,0,4.83693867679717,118.505,0,0,0,0,0,0,0,1,0,1,0,0,0,0
81.58,9,0,0,98,2,49,0,0.8324489710974595,27.19333333333333,0,0,0,0,0,0,0,0,1,0,0,1,0,0
120.81,17,1,0,80,2,48,0,1.5101249811234378,40.27,1,1,0,0,0,0,1,0,0,1,0,0,0,0
282.33,22,0,0,67,1,44,0,4.213880534121186,141.165,0,0,0,0,0,1,0,0,0,0,1,0,0,0
2.12,19,1,0,45,2,36,0,0.04711111006419756,0.7066666666666667,1,1,0,0,0,0,0,1,0,0,1,0,0,0
25.83,14,1,0,37,0,67,0,0.6981080892403219,25.83,1,1,0,1,1,0,0,0,0,1,0,0,0,0
119.19,6,0,0,57,0,36,0,2.091052594893814,119.19,0,0,0,0,1,0,0,0,0,0,0,1,0,0
81.76,9,0,1,53,1,35,0,1.5426414803275195,40.88,1,1,0,0,0,0,1,0,0,0,0,1,0,0
225.77,18,0,0,66,1,62,0,3.4207575239279167,112.885,0,0,0,0,0,1,0,0,0,0,1,0,0,0
34.68,9,0,0,84,3,53,0,0.41285713794217693,8.67,0,0,0,0,0,0,0,0,1,0,0,1,0,0
179.25,13,0,0,48,2,56,0,3.7343749222005225,59.75,0,0,0,0,0,0,1,0,0,1,0,0,0,0
145.82,6,0,0,37,1,31,0,3.941080974565379,72.91,0,0,0,1,0,0,1,0,0,0,0,1,0,0
93.25,0,0,0,82,0,66,1,1.1371951080829865,93.25,0,0,0,0,0,0,0,0,1,0,0,0,1,0
20.14,0,0,0,41,2,36,1,0.49121950021415856,6.713333333333334,0,0,0,0,0,0,1,0,0,0,0,0,1,0
209.82,14,0,0,74,3,48,0,2.8354053670891166,52.455,0,0,0,0,0,0,0,1,0,1,0,0,0,0
116.64,20,0,0,78,0,29,0,1.4953845962130181,116.64,0,0,0,0,0,0,0,1,0,0,1,0,0,0
137.43,17,0,0,82,2,18,0,1.675975589317371,45.81,0,0,0,0,0,1,0,0,0,1,0,0,0,0
71.18,16,0,0,34,1,38,0,2.0935293501903134,35.59,0,0,0,1,0,0,1,0,0,1,0,0,0,0
486.2,3,1,0,42,0,37,1,11.5761902005669,486.2,1,1,0,0,0,0,0,1,0,0,0,0,1,0
202.88,13,0,0,91,2,58,0,2.229450524951093,67.62666666666667,0,0,0,0,1,0,0,0,0,1,0,0,0,0
52.32,4,0,0,70,2,24,1,0.7474285607510206,17.44,0,0,0,0,1,0,0,0,0,0,0,0,1,0
7.4,7,0,0,78,0,54,0,0.09487179365548984,7.4,0,0,0,0,0,0,0,0,1,0,0,1,0,0
244.81,12,0,0,78,2,47,0,3.138589703351414,81.60333333333334,0,0,0,0,0,0,1,0,0,1,0,0,0,0
325.74,10,0,0,88,1,37,0,3.701590867027377,162.87,0,0,0,0,0,1,0,0,0,0,0,1,0,0
290.98,23,0,1,50,4,56,0,5.819599883608003,58.196000000000005,1,1,0,0,0,0,0,1,0,0,1,0,0,0
51.77,1,0,0,83,2,38,1,0.6237349322441575,17.256666666666668,0,0,0,0,0,0,0,1,0,0,0,0,1,0
220.88,22,0,1,75,1,62,0,2.9450666273991115,110.44,1,1,0,0,1,0,0,0,0,0,1,0,0,0
70.83,6,0,0,52,5,20,0,1.3621153584208585,11.805,0,0,0,0,1,0,0,0,0,0,0,1,0,0
92.54,11,1,0,60,2,25,0,1.5423333076277783,30.846666666666668,1,1,0,0,0,0,0,0,1,0,0,1,0,0
37.08,13,1,0,32,1,27,0,1.1587499637890637,18.54,1,1,0,1,0,0,0,1,0,1,0,0,0,0
258.23,1,0,0,67,1,50,1,3.854179046952552,129.115,0,0,0,0,0,0,0,1,0,0,0,0,1,0
62.84,15,0,0,62,3,50,0,1.0135483707492199,15.71,0,0,0,0,0,1,0,0,0,1,0,0,0,0
94.65,7,0,0,45,3,28,0,2.1033332865925938,23.6625,0,0,0,0,1,0,0,0,0,0,0,1,0,0
510.89,9,0,0,63,4,58,0,8.109364950645,102.178,0,0,1,0,0,1,0,0,0,0,0,1,0,0
80.96,21,0,0,33,1,41,0,2.4533332589899013,40.48,0,0,0,1,0,0,0,0,1,0,1,0,0,0
110.31,13,0,0,44,2,45,0,2.50704539756715,36.77,0,0,0,0,1,0,0,0,0,1,0,0,0,0
20.33,16,0,1,52,2,45,0,0.3909615309430475,6.776666666666666,1,1,0,0,1,0,0,0,0,1,0,0,0,0
18.44,21,0,0,62,2,53,0,0.2974193500416234,6.146666666666667,0,0,0,0,0,1,0,0,0,0,1,0,0,0
62.95,6,0,0,72,1,45,0,0.8743055434124231,31.475,0,0,0,0,0,0,0,1,0,0,0,1,0,0
39.65,13,0,0,44,1,58,0,0.9011363431559922,19.825,0,0,0,0,0,0,1,0,0,1,0,0,0,0
176.59,0,0,0,75,1,25,1,2.354533301939556,88.295,0,0,0,0,0,0,0,0,1,0,0,0,1,0
254.59,21,0,0,69,4,56,0,3.689710091453477,50.918,0,0,0,0,0,1,0,0,0,0,1,0,0,0
125.9,4,0,1,27,2,31,1,4.662962790260638,41.96666666666667,1,1,0,1,0,0,0,1,0,0,0,0,1,0
180.25,9,0,0,67,3,66,0,2.690298467308978,45.0625,0,0,0,0,0,1,0,0,0,0,0,1,0,0
669.69,13,0,0,79,2,33,0,8.47708850029002,223.23000000000002,0,0,1,0,0,1,0,0,0,1,0,0,0,0
39.99,14,0,1,93,1,49,0,0.42999999537634415,19.995,1,1,0,0,0,0,0,0,1,1,0,0,0,0
384.23,10,0,0,28,1,28,0,13.722499509910731,192.115,0,0,0,1,1,0,0,0,0,0,0,1,0,0
61.19,22,0,0,97,1,43,0,0.6308247357646934,30.595,0,0,0,0,0,0,0,0,1,0,1,0,0,0
363.05,9,0,0,42,3,65,0,8.644047413236967,90.7625,0,0,0,0,0,0,0,1,0,0,0,1,0,0
152.75,0,0,0,69,3,43,1,2.2137680838584335,38.1875,0,0,0,0,0,0,0,1,0,0,0,0,1,0
429.28,0,0,0,25,3,52,1,17.171199313152027,107.32,0,0,0,1,1,0,0,0,0,0,0,0,1,0
123.4,18,1,0,65,4,57,0,1.8984615092544386,24.68,1,1,0,0,0,0,1,0,0,0,1,0,0,0
19.17,19,0,0,31,6,36,0,0.6183870768262234,2.738571428571429,0,0,0,1,0,1,0,0,0,0,1,0,0,0
48.16,16,0,0,59,1,20,0,0.8162711726055734,24.08,0,0,0,0,0,0,1,0,0,1,0,0,0,0
31.93,9,0,0,70,0,68,0,0.4561428506265307,31.93,0,0,0,0,0,0,0,1,0,0,0,1,0,0
214.93,5,0,0,29,0,53,1,7.411379054780032,214.93,0,0,0,1,0,0,0,0,1,0,0,0,1,0
49.37,19,0,0,67,3,23,0,0.7368656606437961,12.3425,0,0,0,0,0,0,1,0,0,0,1,0,0,0
57.81,7,1,0,67,2,58,0,0.862835808017376,19.27,1,1,0,0,0,0,1,0,0,0,0,1,0,0
43.3,11,0,0,60,2,26,0,0.7216666546388891,14.433333333333332,0,0,0,0,0,1,0,0,0,0,0,1,0,0
355.27,6,0,0,70,4,32,0,5.075285641781633,71.054,0,0,0,0,0,1,0,0,0,0,0,1,0,0
1073.0,13,0,0,78,3,22,0,13.756410080046026,268.25,0,0,1,0,0,0,1,0,0,1,0,0,0,0
204.35,4,0,1,97,0,62,1,2.1067010092092677,204.35,1,1,0,0,0,0,1,0,0,0,0,0,1,0
287.28,22,0,0,50,2,23,0,5.745599885088002,95.75999999999999,0,0,0,0,0,0,0,1,0,0,1,0,0,0
162.87,6,0,0,80,2,20,0,2.0358749745515627,54.29,0,0,0,0,0,1,0,0,0,0,0,1,0,0
24.84,21,0,0,41,2,30,0,0.6058536437596672,8.28,0,0,0,0,0,0,1,0,0,0,1,0,0,0
99.77,3,0,0,74,4,65,1,1.3482432250237402,19.954,0,0,0,0,0,0,1,0,0,0,0,0,1,0
730.68,9,0,0,40,4,20,0,18.26699954332501,146.136,0,0,1,0,0,1,0,0,0,0,0,1,0,0
137.45,16,0,1,67,2,58,0,2.0514925066941414,45.81666666666666,1,1,0,0,0,0,0,0,1,1,0,0,0,0
140.71,14,0,0,85,3,25,0,1.6554117452304502,35.1775,0,0,0,0,0,1,0,0,0,1,0,0,0,0
38.96,23,0,0,45,3,35,0,0.8657777585382721,9.74,0,0,0,0,0,0,0,0,1,0,1,0,0,0
502.7,1,0,1,52,0,63,1,9.667307506397933,502.7,1,1,1,0,1,0,0,0,0,0,0,0,1,0
33.91,7,0,0,56,1,26,0,0.6055357034725767,16.955,0,0,0,0,0,1,0,0,0,0,0,1,0,0
56.22,14,0,0,96,1,45,0,0.5856249938997397,28.11,0,0,0,0,0,0,0,0,1,1,0,0,0,0
76.7,4,1,0,95,4,19,1,0.8073684125540168,15.34,1,1,0,0,0,0,0,0,1,0,0,0,1,0
133.9,0,0,0,77,1,65,1,1.7389610163771299,66.95,0,0,0,0,0,0,1,0,0,0,0,0,1,0
54.91,3,0,0,38,1,19,1,1.4449999619736853,27.455,0,0,0,1,0,0,0,0,1,0,0,0,1,0
87.53,15,0,0,87,0,39,0,1.0060919424587134,87.53,0,0,0,0,0,1,0,0,0,1,0,0,0,0
18.36,19,1,0,61,1,52,0,0.30098360162321963,9.18,1,1,0,0,1,0,0,0,0,0,1,0,0,0
471.55,2,0,1,27,3,63,1,17.464814167969845,117.8875,1,1,0,1,0,0,1,0,0,0,0,0,1,1
62.46,12,0,1,64,2,37,0,0.9759374847509769,20.82,1,1,0,0,0,0,0,1,0,1,0,0,0,0
211.94,10,0,0,34,0,24,0,6.233529228425612,211.94,0,0,0,1,0,0,0,0,1,0,0,1,0,0
71.84,15,0,0,58,3,45,0,1.2386206682996437,17.96,0,0,0,0,1,0,0,0,0,1,0,0,0,0
290.76,5,0,0,88,0,50,1,3.304090871544422,290.76,0,0,0,0,0,0,0,0,1,0,0,0,1,0
76.03,13,0,0,44,0,64,0,1.7279545061828523,76.03,0,0,0,0,0,0,0,0,1,1,0,0,0,0
39.58,5,0,0,48,5,21,1,0.8245833161545143,6.596666666666667,0,0,0,0,0,1,0,0,0,0,0,0,1,0
213.71,10,1,0,63,2,55,0,3.392222168377426,71.23666666666666,1,1,0,0,0,0,0,1,0,0,0,1,0,0
57.91,10,0,0,88,0,20,0,0.6580681743401343,57.91,0,0,0,0,1,0,0,0,0,0,0,1,0,0
24.27,15,0,0,43,1,60,0,0.5644185915251491,12.135,0,0,0,0,0,0,0,1,0,1,0,0,0,0
101.84,19,0,0,66,2,19,0,1.5430302796510564,33.946666666666665,0,0,0,0,0,1,0,0,0,0,1,0,0,0
155.42,20,0,0,37,0,31,0,4.200540427012421,155.42,0,0,0,1,0,0,1,0,0,0,1,0,0,0
332.26,11,0,0,64,4,54,0,5.191562418881837,66.452,0,0,0,0,0,0,0,1,0,0,0,1,0,0
24.45,14,0,0,27,2,44,0,0.9055555220164621,8.15,0,0,0,1,0,0,1,0,0,1,0,0,0,0
137.34,19,0,0,81,3,23,0,1.6955555346227713,34.335,0,0,0,0,0,0,0,0,1,0,1,0,0,0
11.19,18,0,0,60,4,41,0,0.18649999689166671,2.238,0,0,0,0,0,0,0,1,0,0,1,0,0,0
283.97,2,0,0,89,2,32,1,3.1906741214531,94.65666666666668,0,0,0,0,0,1,0,0,0,0,0,0,1,0
377.88,18,0,0,26,1,63,0,14.533845594852092,188.94,0,0,0,1,0,0,1,0,0,0,1,0,0,0
14.42,13,1,0,94,0,61,0,0.1534042536871888,14.42,1,1,0,0,1,0,0,0,0,1,0,0,0,0
140.7,4,0,0,38,0,44,1,3.7026314815096977,140.7,0,0,0,1,0,0,1,0,0,0,0,0,1,0
101.75,20,0,0,61,2,52,0,1.6680327595404467,33.916666666666664,0,0,0,0,1,0,0,0,0,0,1,0,0,0
116.44,18,0,0,72,2,58,0,1.6172221997608027,38.81333333333333,0,0,0,0,1,0,0,0,0,0,1,0,0,0
92.2,12,0,0,71,1,47,0,1.2985915310057532,46.1,0,0,0,0,0,0,0,0,1,1,0,0,0,0
120.45,22,0,0,25,4,59,0,4.817999807280008,24.09,0,0,0,1,0,0,0,0,1,0,1,0,0,0
97.33,18,0,0,29,2,67,0,3.3562067808204556,32.443333333333335,0,0,0,1,0,0,1,0,0,0,1,0,0,0
160.64,10,0,0,62,2,28,0,2.5909677001456823,53.54666666666666,0,0,0,0,0,0,0,1,0,0,0,1,0,0
311.34,3,0,0,41,3,25,1,7.593658351374186,77.835,0,0,0,0,1,0,0,0,0,0,0,0,1,0
182.5,22,0,0,71,1,47,0,2.5704224990081337,91.25,0,0,0,0,0,0,0,0,1,0,1,0,0,0
27.95,16,0,0,77,4,68,0,0.362987008272896,5.59,0,0,0,0,0,1,0,0,0,1,0,0,0,0
57.55,18,0,0,36,2,63,0,1.5986110667052482,19.183333333333334,0,0,0,1,1,0,0,0,0,0,1,0,0,0
7.37,9,0,0,94,3,69,0,0.07840425448506112,1.8425,0,0,0,0,0,0,0,0,1,0,0,1,0,0
324.58,23,0,0,36,0,24,0,9.016110860663588,324.58,0,0,0,1,1,0,0,0,0,0,1,0,0,0
582.24,14,0,0,63,1,23,0,9.241904615207863,291.12,0,0,1,0,1,0,0,0,0,1,0,0,0,0
112.1,0,0,0,26,2,44,1,4.311538295710065,37.36666666666667,0,0,0,1,0,0,0,0,1,0,0,0,1,0
251.25,5,0,0,30,2,24,1,8.374999720833342,83.75,0,0,0,1,1,0,0,0,0,0,0,0,1,0
49.47,23,0,1,48,2,64,0,1.0306249785286463,16.49,1,1,0,0,0,0,0,1,0,0,1,0,0,0
110.79,14,0,0,72,4,45,0,1.5387499786284726,22.158,0,0,0,0,1,0,0,0,0,1,0,0,0,0
154.68,22,1,0,33,2,24,0,4.687272585234164,51.56,1,1,0,1,1,0,0,0,0,0,1,0,0,0
200.09,7,0,0,96,2,21,0,2.0842708116221793,66.69666666666667,0,0,0,0,1,0,0,0,0,0,0,1,0,0
105.81,15,0,0,71,6,59,0,1.4902816691509624,15.115714285714287,0,0,0,0,0,0,0,1,0,1,0,0,0,0
274.51,4,0,0,90,2,62,1,3.050111077220988,91.50333333333333,0,0,0,0,0,0,1,0,0,0,0,0,1,0
259.67,17,0,0,80,0,51,0,3.2458749594265632,259.67,0,0,0,0,0,1,0,0,0,1,0,0,0,0
80.37,6,0,0,89,2,28,0,0.9030336977187226,26.790000000000003,0,0,0,0,0,0,0,1,0,0,0,1,0,0
190.38,1,0,1,75,1,54,1,2.538399966154667,95.19,1,1,0,0,0,0,1,0,0,0,0,0,1,0
118.1,9,0,0,46,0,63,0,2.567391248534973,118.1,0,0,0,0,0,1,0,0,0,0,0,1,0,0
533.46,6,0,0,28,4,41,0,19.052142176709207,106.69200000000001,0,0,1,1,0,0,1,0,0,0,0,1,0,0
42.27,10,0,0,82,1,22,0,0.5154877985916123,21.135,0,0,0,0,1,0,0,0,0,0,0,1,0,0
167.85,3,1,0,75,1,67,1,2.23799997016,83.925,1,1,0,0,0,0,0,1,0,0,0,0,1,0
336.45,20,0,0,84,2,28,0,4.00535709517432,112.14999999999999,0,0,0,0,1,0,0,0,0,0,1,0,0,0
224.45,8,0,0,36,0,45,0,6.234722049035499,224.45,0,0,0,1,0,0,0,0,1,0,0,1,0,0
229.24,13,0,0,52,4,32,0,4.408461453683434,45.848,0,0,0,0,0,0,0,0,1,1,0,0,0,0
15.45,9,0,0,84,2,44,0,0.1839285692389456,5.1499999999999995,0,0,0,0,0,0,0,1,0,0,0,1,0,0
173.92,7,0,0,86,6,44,0,2.0223255578799355,24.845714285714283,0,0,0,0,0,1,0,0,0,0,0,1,0,0
188.79,13,0,0,91,1,64,0,2.0746153618174135,94.395,0,0,0,0,0,0,0,0,1,1,0,0,0,0
51.39,6,0,0,65,5,42,0,0.7906153724520713,8.565,0,0,0,0,0,0,1,0,0,0,0,1,0,0
206.58,19,0,0,41,1,69,0,5.038536462474721,103.29,0,0,0,0,0,0,1,0,0,0,1,0,0,0
7.49,1,0,0,97,1,47,1,0.0772164940493145,3.745,0,0,0,0,0,0,0,1,0,0,0,0,1,0
122.26,6,0,0,35,2,54,0,3.4931427573387785,40.75333333333334,0,0,0,1,0,0,0,1,0,0,0,1,0,0
81.32,13,0,0,69,4,63,0,1.1785507075572361,16.264,0,0,0,0,0,0,0,0,1,1,0,0,0,0
283.3,0,1,0,57,0,58,1,4.9701753514004325,283.3,1,1,0,0,1,0,0,0,0,0,0,0,1,0
252.05,2,0,1,96,2,59,1,2.6255208059841584,84.01666666666667,1,1,0,0,0,0,0,1,0,0,0,0,1,0
81.43,2,1,0,75,4,25,1,1.0857333188568892,16.286,1,1,0,0,0,0,0,1,0,0,0,0,1,0
43.08,20,1,0,76,1,48,0,0.5668420978047093,21.54,1,1,0,0,0,0,0,0,1,0,1,0,0,0
291.09,4,0,0,34,0,40,1,8.561470336427343,291.09,0,0,0,1,1,0,0,0,0,0,0,0,1,0
446.9,5,0,0,99,1,34,1,4.514141368544027,223.45,0,0,0,0,0,0,1,0,0,0,0,0,1,0
28.54,11,0,0,78,3,64,0,0.3658974312064432,7.135,0,0,0,0,0,0,0,1,0,0,0,1,0,0
41.57,18,0,1,60,4,56,0,0.6928333217861113,8.314,1,1,0,0,0,1,0,0,0,0,1,0,0,0
159.48,4,0,0,54,2,29,1,2.9533332786419764,53.16,0,0,0,0,0,0,0,0,1,0,0,0,1,0
95.31,2,0,0,43,1,39,1,2.216511576360196,47.655,0,0,0,0,0,0,0,1,0,0,0,0,1,0
60.99,6,0,0,90,4,60,0,0.6776666591370372,12.198,0,0,0,0,1,0,0,0,0,0,0,1,0,0
250.45,13,0,0,37,5,50,0,6.768918735975169,41.74166666666667,0,0,0,1,0,0,0,0,1,1,0,0,0,0
22.5,3,0,0,51,0,28,1,0.4411764619377165,22.5,0,0,0,0,0,0,0,0,1,0,0,0,1,0
524.38,14,0,0,49,1,26,0,10.701632434660564,262.19,0,0,1,0,0,0,0,0,1,1,0,0,0,0
829.9,1,1,0,65,2,60,1,12.767692111266275,276.6333333333333,1,1,1,0,0,0,0,1,0,0,0,0,1,0
39.6,5,0,0,41,3,51,1,0.9658536349791798,9.9,0,0,0,0,0,0,0,0,1,0,0,0,1,0
239.48,19,1,0,45,5,30,0,5.321777659516052,39.913333333333334,1,1,0,0,0,0,1,0,0,0,1,0,0,0
201.07,15,0,0,85,0,61,0,2.3655293839349483,201.07,0,0,0,0,0,0,1,0,0,1,0,0,0,0
38.67,12,0,1,94,3,69,0,0.41138297434698967,9.6675,1,1,0,0,0,1,0,0,0,1,0,0,0,0
21.61,14,0,0,65,2,35,0,0.33246153334674566,7.203333333333333,0,0,0,0,0,0,0,1,0,1,0,0,0,0
12.39,0,0,0,56,3,38,1,0.22124999604910722,3.0975,0,0,0,0,0,0,0,0,1,0,0,0,1,0
372.34,7,0,0,97,0,54,0,3.8385566614581785,372.34,0,0,0,0,0,0,1,0,0,0,0,1,0,0
32.23,10,1,0,39,1,68,0,0.8264102352202504,16.115,1,1,0,1,0,0,0,1,0,0,0,1,0,0
37.74,15,0,0,83,2,43,0,0.4546987897024243,12.58,0,0,0,0,0,0,0,1,0,1,0,0,0,0
371.8,23,0,1,98,1,32,0,3.7938775123073727,185.9,1,1,0,0,0,0,1,0,0,0,1,0,0,0
542.65,9,0,0,31,3,30,0,17.50483814500522,135.6625,0,0,1,1,0,0,0,0,1,0,0,1,0,0
12.76,3,0,0,89,3,65,1,0.14337078490594624,3.19,0,0,0,0,0,0,0,1,0,0,0,0,1,0
4.24,0,0,1,31,5,65,1,0.13677418913631648,0.7066666666666667,1,1,0,1,0,0,1,0,0,0,0,0,1,1
21.98,19,0,0,41,2,47,0,0.5360975479000598,7.326666666666667,0,0,0,0,0,0,1,0,0,0,1,0,0,0
60.49,9,1,0,39,1,48,0,1.551025601255754,30.245,1,1,0,1,0,1,0,0,0,0,0,1,0,0
196.2,11,0,0,67,2,50,0,2.9283581652483854,65.39999999999999,0,0,0,0,0,0,0,1,0,0,0,1,0,0
79.12,14,0,0,62,3,25,0,1.2761290116753385,19.78,0,0,0,0,1,0,0,0,0,1,0,0,0,0
147.88,1,0,0,60,2,18,1,2.4646666255888894,49.29333333333333,0,0,0,0,0,0,0,0,1,0,0,0,1,0
127.14,16,1,0,73,2,48,0,1.741643811758304,42.38,1,1,0,0,0,0,1,0,0,1,0,0,0,0
248.23,3,0,0,66,2,42,1,3.7610605490748403,82.74333333333333,0,0,0,0,0,0,1,0,0,0,0,0,1,0
145.32,20,1,0,40,0,55,0,3.6329999091750023,145.32,1,1,0,0,0,0,1,0,0,0,1,0,0,0
482.71,11,0,1,38,1,35,0,12.70289440255541,241.355,1,1,0,1,0,0,0,0,1,0,0,1,0,0
7.16,17,0,0,76,1,27,0,0.0942105250761773,3.58,0,0,0,0,0,0,1,0,0,1,0,0,0,0
171.91,12,0,0,42,0,36,0,4.093095140640592,171.91,0,0,0,0,1,0,0,0,0,1,0,0,0,0
57.86,4,0,0,40,1,36,1,1.446499963837501,28.93,0,0,0,0,0,1,0,0,0,0,0,0,1,0
31.65,21,0,0,59,1,48,0,0.536440668873887,15.825,0,0,0,0,0,0,0,1,0,0,1,0,0,0
14.72,11,1,0,73,3,59,0,0.2016438328541941,3.68,1,1,0,0,0,0,0,0,1,0,0,1,0,0
149.45,16,1,0,61,2,38,0,2.449999959836066,49.81666666666666,1,1,0,0,1,0,0,0,0,1,0,0,0,0
97.72,10,0,0,42,0,23,0,2.3266666112698426,97.72,0,0,0,0,0,0,1,0,0,0,0,1,0,0
161.62,7,0,1,76,2,61,0,2.1265789193871196,53.873333333333335,1,1,0,0,0,0,1,0,0,0,0,1,0,0
250.16,11,0,0,99,4,29,0,2.526868661344761,50.032,0,0,0,0,0,0,0,0,1,0,0,1,0,0
28.27,13,0,0,35,1,42,0,0.8077142626367354,14.135,0,0,0,1,1,0,0,0,0,1,0,0,0,0
67.28,23,0,0,74,0,49,0,0.9091891769028491,67.28,0,0,0,0,0,0,0,0,1,0,1,0,0,0
553.08,0,1,0,85,1,67,1,6.5068234528609015,276.54,1,1,1,0,1,0,0,0,0,0,0,0,1,0
110.8,16,0,0,38,3,22,0,2.9157893969529107,27.7,0,0,0,1,1,0,0,0,0,1,0,0,0,0
136.4,19,0,0,68,1,23,0,2.0058823234429073,68.2,0,0,0,0,0,0,1,0,0,0,1,0,0,0
14.74,5,1,0,93,2,64,1,0.15849462195167074,4.913333333333333,1,1,0,0,0,1,0,0,0,0,0,0,1,0
39.62,8,0,0,38,3,64,0,1.042631551509696,9.905,0,0,0,1,0,1,0,0,0,0,0,1,0,0
190.86,22,0,0,31,1,56,0,6.156773994942775,95.43,0,0,0,1,0,0,0,1,0,0,1,0,0,0
49.52,16,0,0,58,1,32,0,0.8537930887277054,24.76,0,0,0,0,0,1,0,0,0,1,0,0,0,0
175.77,1,0,0,76,0,34,1,2.312763127463643,175.77,0,0,0,0,0,0,1,0,0,0,0,0,1,0
654.82,15,0,0,54,3,34,0,12.12629607173526,163.705,0,0,1,0,0,1,0,0,0,1,0,0,0,0
763.93,22,0,0,83,1,34,0,9.203975792723183,381.965,0,0,1,0,0,0,1,0,0,0,1,0,0,0
132.66,1,0,0,31,4,35,1,4.279354700665977,26.532,0,0,0,1,0,1,0,0,0,0,0,0,1,0
501.92,21,0,0,48,1,60,0,10.45666644881945,250.96,0,0,1,0,0,0,0,1,0,0,1,0,0,0
47.89,5,0,0,95,2,25,1,0.5041052578515236,15.963333333333333,0,0,0,0,0,0,1,0,0,0,0,0,1,0
399.19,13,0,0,36,1,42,0,11.088610803094145,199.595,0,0,0,1,1,0,0,0,0,1,0,0,0,0
23.8,12,0,0,59,1,55,0,0.40338982367135895,11.9,0,0,0,0,0,1,0,0,0,1,0,0,0,0
93.49,3,0,0,58,2,52,1,1.6118965239328185,31.16333333333333,0,0,0,0,0,0,0,1,0,0,0,0,1,0
49.2,23,0,0,79,1,18,0,0.6227848022432304,24.6,0,0,0,0,0,0,0,1,0,0,1,0,0,0
277.75,14,0,0,36,2,32,0,7.715277563464513,92.58333333333333,0,0,0,1,0,0,0,0,1,1,0,0,0,0
225.37,16,0,0,45,4,56,0,5.008222110928398,45.074,0,0,0,0,1,0,0,0,0,1,0,0,0,0
46.41,16,0,0,78,0,47,0,0.5949999923717949,46.41,0,0,0,0,1,0,0,0,0,1,0,0,0,0
43.99,11,0,0,62,3,65,0,0.7095161175884498,10.9975,0,0,0,0,0,0,0,1,0,0,0,1,0,0
268.38,9,0,0,36,2,57,0,7.454999792916673,89.46,0,0,0,1,0,0,1,0,0,0,0,1,0,0
55.31,14,0,0,60,0,48,0,0.9218333179694448,55.31,0,0,0,0,0,0,0,1,0,1,0,0,0,0
95.13,17,0,0,38,5,67,0,2.5034209867520794,15.854999999999999,0,0,0,1,0,0,0,1,0,1,0,0,0,0
637.64,16,0,0,86,0,47,0,7.414418518436994,637.64,0,0,1,0,0,0,0,0,1,1,0,0,0,0
253.08,23,0,0,49,1,63,0,5.164897853777595,126.54,0,0,0,0,0,0,0,1,0,0,1,0,0,0
515.36,19,0,1,86,1,23,0,5.992558069853977,257.68,1,1,1,0,0,1,0,0,0,0,1,0,0,0
154.99,16,0,0,33,1,54,0,4.696666524343439,77.495,0,0,0,1,0,0,1,0,0,1,0,0,0,0
139.12,13,0,0,56,1,50,0,2.4842856699234703,69.56,0,0,0,0,0,0,0,0,1,1,0,0,0,0
89.92,17,0,0,37,0,45,0,2.430270204587292,89.92,0,0,0,1,0,0,0,1,0,1,0,0,0,0
96.54,3,0,0,60,3,27,1,1.608999973183334,24.135,0,0,0,0,0,0,0,1,0,0,0,0,1,0
221.21,13,0,0,58,0,47,0,3.8139654514833548,221.21,0,0,0,0,0,0,1,0,0,1,0,0,0,0
89.81,8,0,0,28,3,52,0,3.2074998854464325,22.4525,0,0,0,1,0,0,1,0,0,0,0,1,0,0
508.46,17,0,0,77,3,41,0,6.6033765376184865,127.115,0,0,1,0,0,0,0,1,0,1,0,0,0,0
593.39,12,0,0,79,1,39,0,7.5112657277054975,296.695,0,0,1,0,0,1,0,0,0,1,0,0,0,0
136.81,0,0,0,60,5,49,1,2.2801666286638897,22.801666666666666,0,0,0,0,1,0,0,0,0,0,0,0,1,0
60.34,19,0,0,92,2,34,0,0.6558695580883744,20.113333333333333,0,0,0,0,0,0,0,0,1,0,1,0,0,0
242.41,13,0,0,54,5,20,0,4.489073990943075,40.401666666666664,0,0,0,0,0,1,0,0,0,1,0,0,0,0
49.56,20,0,0,60,4,42,0,0.8259999862333336,9.912,0,0,0,0,0,0,1,0,0,0,1,0,0,0
33.65,16,0,0,63,0,18,0,0.5341269756487782,33.65,0,0,0,0,0,0,0,1,0,1,0,0,0,0
213.12,23,0,0,82,2,63,0,2.5990243585484833,71.04,0,0,0,0,0,0,1,0,0,0,1,0,0,0
67.05,23,0,0,69,3,45,0,0.971739116351607,16.7625,0,0,0,0,0,0,0,0,1,0,1,0,0,0
33.15,16,0,0,26,1,41,0,1.2749999509615402,16.575,0,0,0,1,1,0,0,0,0,1,0,0,0,0
272.97,18,0,0,46,2,46,0,5.934130305779777,90.99000000000001,0,0,0,0,0,0,0,1,0,0,1,0,0,0
399.42,13,0,0,70,2,44,0,5.705999918485716,133.14000000000001,0,0,0,0,0,1,0,0,0,1,0,0,0,0
189.83,21,0,0,64,2,66,0,2.9660937036547863,63.27666666666667,0,0,0,0,0,1,0,0,0,0,1,0,0,0
34.78,17,0,0,30,4,39,0,1.1593332946888901,6.956,0,0,0,1,0,0,0,1,0,1,0,0,0,0
0.66,21,0,0,26,1,37,0,0.025384614408284063,0.33,0,0,0,1,0,0,1,0,0,0,1,0,0,0
90.3,9,0,0,33,4,68,0,2.7363635534435287,18.06,0,0,0,1,0,1,0,0,0,0,0,1,0,0
221.02,1,0,0,41,3,68,1,5.390731575835816,55.255,0,0,0,0,0,1,0,0,0,0,0,0,1,0
137.29,8,0,0,37,5,36,0,3.710540440255664,22.881666666666664,0,0,0,1,0,1,0,0,0,0,0,1,0,0
52.34,13,0,0,43,1,30,0,1.217209274018389,26.17,0,0,0,0,0,1,0,0,0,1,0,0,0,0
12.48,22,0,0,70,6,61,0,0.17828571173877555,1.782857142857143,0,0,0,0,0,1,0,0,0,0,1,0,0,0
431.97,21,0,0,95,1,54,0,4.547052583715236,215.985,0,0,0,0,0,0,1,0,0,0,1,0,0,0
854.58,19,0,1,53,0,57,0,16.12415063916697,854.58,1,1,1,0,0,0,1,0,0,0,1,0,0,0
524.15,22,0,0,26,4,51,0,20.15961460924559,104.83,0,0,1,1,0,0,1,0,0,0,1,0,0,0
215.05,23,0,0,69,4,44,0,3.1166666214975853,43.010000000000005,0,0,0,0,1,0,0,0,0,0,1,0,0,0
35.89,19,0,1,30,0,25,0,1.1963332934555568,35.89,1,1,0,1,0,0,1,0,0,0,1,0,0,0
197.26,16,0,0,53,1,69,0,3.7218867222285525,98.63,0,0,0,0,0,0,0,1,0,1,0,0,0,0
348.09,10,0,0,94,1,30,0,3.7030850669884567,174.045,0,0,0,0,0,0,0,0,1,0,0,1,0,0
239.68,19,0,0,37,0,57,0,6.477837662761145,239.68,0,0,0,1,1,0,0,0,0,0,1,0,0,0
14.59,15,0,1,97,1,33,0,0.15041236958337764,7.295,1,1,0,0,0,0,0,0,1,1,0,0,0,0
240.27,1,0,0,79,1,64,1,3.041392366564654,120.135,0,0,0,0,0,1,0,0,0,0,0,0,1,0
244.12,6,0,0,27,1,40,0,9.04148114661181,122.06,0,0,0,1,0,0,0,0,1,0,0,1,0,0
157.08,13,0,0,80,0,67,0,1.9634999754562505,157.08,0,0,0,0,1,0,0,0,0,1,0,0,0,0
36.79,10,0,0,26,1,66,0,1.414999945576925,18.395,0,0,0,1,0,0,0,1,0,0,0,1,0,0
213.53,10,0,0,89,1,52,0,2.399213456188613,106.765,0,0,0,0,0,0,0,1,0,0,0,1,0,0
69.21,12,0,0,91,2,60,0,0.7605494421917643,23.069999999999997,0,0,0,0,0,0,0,0,1,1,0,0,0,0
592.39,21,0,0,78,5,68,0,7.594743492375083,98.73166666666667,0,0,1,0,0,0,1,0,0,0,1,0,0,0
293.52,21,0,0,80,4,45,0,3.6689999541375005,58.70399999999999,0,0,0,0,0,0,0,1,0,0,1,0,0,0
161.78,22,0,0,56,1,40,0,2.888928519840562,80.89,0,0,0,0,1,0,0,0,0,0,1,0,0,0
361.92,2,0,1,52,1,34,1,6.95999986615385,180.96,1,1,0,0,1,0,0,0,0,0,0,0,1,0
112.54,19,0,0,42,0,48,0,2.6795237457256253,112.54,0,0,0,0,0,0,0,1,0,0,1,0,0,0
193.37,20,1,0,84,1,25,0,2.3020237821187646,96.685,1,1,0,0,0,0,0,0,1,0,1,0,0,0
133.72,22,0,0,26,3,38,0,5.14307672526628,33.43,0,0,0,1,1,0,0,0,0,0,1,0,0,0
23.91,11,0,0,65,3,43,0,0.36784614818698236,5.9775,0,0,0,0,1,0,0,0,0,0,0,1,0,0
534.45,5,0,0,61,2,64,1,8.761475266205325,178.15,0,0,1,0,0,0,0,1,0,0,0,0,1,0
74.27,12,0,0,97,3,42,0,0.7656700951992773,18.5675,0,0,0,0,0,0,0,1,0,1,0,0,0,0
199.24,15,0,1,76,1,55,0,2.6215789128739617,99.62,1,1,0,0,1,0,0,0,0,1,0,0,0,0
33.57,9,0,0,25,2,23,0,1.342799946288002,11.19,0,0,0,1,1,0,0,0,0,0,0,1,0,0
43.59,0,0,0,50,1,54,1,0.8717999825640005,21.795,0,0,0,0,0,0,0,1,0,0,0,0,1,0
482.68,17,0,0,93,1,45,0,5.190107471074113,241.34,0,0,0,0,0,0,0,1,0,1,0,0,0,0
37.11,16,0,0,68,2,26,0,0.5457352860921282,12.37,0,0,0,0,0,0,0,1,0,1,0,0,0,0
280.0,7,0,0,85,3,57,0,3.2941176083044987,70.0,0,0,0,0,0,0,1,0,0,0,0,1,0,0
29.48,18,0,0,80,4,38,0,0.36849999539375006,5.896,0,0,0,0,0,0,0,0,1,0,1,0,0,0
609.6,21,0,0,56,1,50,0,10.885714091326536,304.8,0,0,1,0,0,0,1,0,0,0,1,0,0,0
130.83,22,0,0,52,2,47,0,2.515961490077664,43.61000000000001,0,0,0,0,0,0,1,0,0,0,1,0,0,0
169.35,21,0,0,54,4,21,0,3.1361110530349805,33.87,0,0,0,0,0,0,0,1,0,0,1,0,0,0
83.83,16,0,0,56,2,53,0,1.4969642589827812,27.94333333333333,0,0,0,0,0,0,1,0,0,1,0,0,0,0
106.77,19,0,0,73,2,35,0,1.4626027196903737,35.589999999999996,0,0,0,0,1,0,0,0,0,0,1,0,0,0
13.55,20,1,0,47,3,56,0,0.2882978662064284,3.3875,1,1,0,0,0,0,1,0,0,0,1,0,0,0
133.3,14,0,0,44,1,18,0,3.029545385692151,66.65,0,0,0,0,0,0,1,0,0,1,0,0,0,0
364.38,7,0,0,64,1,45,0,5.6934374110400405,182.19,0,0,0,0,1,0,0,0,0,0,0,1,0,0
11.43,0,0,0,93,3,19,1,0.12290322448491156,2.8575,0,0,0,0,1,0,0,0,0,0,0,0,1,0
0.71,17,0,0,48,3,63,0,0.014791666358506952,0.1775,0,0,0,0,0,1,0,0,0,1,0,0,0,0
166.29,20,0,0,46,2,21,0,3.614999921413045,55.43,0,0,0,0,1,0,0,0,0,0,1,0,0,0
42.41,4,0,0,33,0,21,1,1.2851514762075311,42.41,0,0,0,1,1,0,0,0,0,0,0,0,1,0
174.88,8,0,0,33,5,59,0,5.299393778806249,29.146666666666665,0,0,0,1,0,1,0,0,0,0,0,1,0,0
39.29,2,0,1,28,1,56,1,1.4032142355994914,19.645,1,1,0,1,1,0,0,0,0,0,0,0,1,1
559.54,13,0,0,50,4,30,0,11.190799776184004,111.90799999999999,0,0,1,0,1,0,0,0,0,1,0,0,0,0
63.22,11,0,0,70,3,49,0,0.9031428442408165,15.805,0,0,0,0,0,0,1,0,0,0,0,1,0,0
156.57,1,0,0,27,1,26,1,5.798888674115234,78.285,0,0,0,1,0,0,1,0,0,0,0,0,1,0
340.33,17,0,0,31,2,52,0,10.978386742632685,113.44333333333333,0,0,0,1,0,0,1,0,0,1,0,0,0,0
201.75,17,0,0,29,4,34,0,6.956896311831161,40.35,0,0,0,1,0,1,0,0,0,1,0,0,0,0
145.26,13,0,0,59,4,33,0,2.4620338565756974,29.052,0,0,0,0,0,1,0,0,0,1,0,0,0,0
185.86,23,0,0,74,4,34,0,2.5116215876807897,37.172000000000004,0,0,0,0,0,0,0,1,0,0,1,0,0,0
628.03,3,0,0,62,3,35,1,10.129515965652969,157.0075,0,0,1,0,0,0,0,0,1,0,0,0,1,0
174.86,10,0,1,76,3,45,0,2.3007894434106655,43.715,1,1,0,0,1,0,0,0,0,0,0,1,0,0
42.03,6,0,0,85,4,69,0,0.4944705824179932,8.406,0,0,0,0,0,0,0,1,0,0,0,1,0,0
308.29,0,0,0,79,0,19,1,3.902405013893608,308.29,0,0,0,0,0,0,0,1,0,0,0,0,1,0
520.82,2,0,0,88,3,37,1,5.918409023654443,130.205,0,0,1,0,1,0,0,0,0,0,0,0,1,0
39.75,6,0,1,95,2,36,0,0.4184210482271469,13.25,1,1,0,0,0,0,0,0,1,0,0,1,0,0
353.26,16,0,0,59,1,65,0,5.987457525636313,176.63,0,0,0,0,1,0,0,0,0,1,0,0,0,0
113.82,21,1,0,97,0,29,0,1.1734020497587416,113.82,1,1,0,0,1,0,0,0,0,0,1,0,0,0
21.78,0,0,0,28,1,41,1,0.7778571150765317,10.89,0,0,0,1,1,0,0,0,0,0,0,0,1,0
60.01,6,0,0,72,3,43,0,0.8334722106462193,15.0025,0,0,0,0,0,0,0,1,0,0,0,1,0,0
449.06,21,0,0,30,1,56,0,14.968666167711127,224.53,0,0,0,1,0,0,0,1,0,0,1,0,0,0
31.08,20,0,1,54,3,40,0,0.5755555448971196,7.77,1,1,0,0,0,0,0,1,0,0,1,0,0,0
76.29,18,1,0,32,0,35,0,2.38406242549805,76.29,1,1,0,1,0,0,0,0,1,0,1,0,0,0
284.5,6,0,0,43,1,33,0,6.616278915900491,142.25,0,0,0,0,0,0,0,1,0,0,0,1,0,0
101.07,13,0,0,62,4,68,0,1.630161264029657,20.214,0,0,0,0,0,0,0,0,1,1,0,0,0,0
23.0,16,0,0,83,4,24,0,0.27710843039628397,4.6,0,0,0,0,0,0,0,1,0,1,0,0,0,0
210.3,22,0,0,61,5,24,0,3.4475409270894932,35.050000000000004,0,0,0,0,0,1,0,0,0,0,1,0,0,0
247.85,18,0,0,46,4,59,0,5.388043361129492,49.57,0,0,0,0,0,0,1,0,0,0,1,0,0,0
9.58,13,0,0,69,3,25,0,0.13884057769796265,2.395,0,0,0,0,0,1,0,0,0,1,0,0,0,0
101.46,7,0,0,46,3,32,0,2.205652125964084,25.365,0,0,0,0,0,0,0,1,0,0,0,1,0,0
209.52,13,0,0,95,3,58,0,2.2054736609950143,52.38,0,0,0,0,0,0,0,1,0,1,0,0,0,0
65.86,21,0,1,66,3,47,0,0.9978787727594126,16.465,1,1,0,0,0,1,0,0,0,0,1,0,0,0
140.81,6,0,0,34,2,39,0,4.141470466427339,46.93666666666667,0,0,0,1,0,1,0,0,0,0,0,1,0,0
21.72,12,0,0,56,2,54,0,0.3878571359311226,7.239999999999999,0,0,0,0,0,0,0,1,0,1,0,0,0,0
57.94,3,0,0,37,3,30,1,1.5659459036230838,14.485,0,0,0,1,0,0,0,0,1,0,0,0,1,0
94.0,20,0,0,35,1,46,0,2.685714208979594,47.0,0,0,0,1,1,0,0,0,0,0,1,0,0,0
162.08,16,1,0,33,1,43,0,4.911515002681364,81.04,1,1,0,1,0,1,0,0,0,1,0,0,0,0
172.84,12,0,0,40,1,19,0,4.320999891975003,86.42,0,0,0,0,0,0,1,0,0,1,0,0,0,0
403.79,16,0,0,81,1,29,0,4.985061666851091,201.895,0,0,0,0,1,0,0,0,0,1,0,0,0,0
43.68,20,0,0,72,3,56,0,0.6066666582407408,10.92,0,0,0,0,0,0,1,0,0,0,1,0,0,0
48.66,6,0,0,36,1,19,0,1.3516666291203714,24.33,0,0,0,1,1,0,0,0,0,0,0,1,0,0
114.0,5,0,0,87,2,54,1,1.3103448125247723,38.0,0,0,0,0,0,1,0,0,0,0,0,0,1,0
307.03,14,0,0,43,2,67,0,7.1402323920876185,102.34333333333332,0,0,0,0,0,0,1,0,0,1,0,0,0,0
272.58,4,0,0,32,1,19,1,8.518124733808602,136.29,0,0,0,1,0,0,0,1,0,0,0,0,1,0
16.69,10,0,0,34,3,26,0,0.4908823385034607,4.1725,0,0,0,1,0,1,0,0,0,0,0,1,0,0
275.15,18,0,0,67,0,63,0,4.1067163566161735,275.15,0,0,0,0,0,0,1,0,0,0,1,0,0,0
30.28,20,0,0,58,2,27,0,0.5220689565160526,10.093333333333334,0,0,0,0,0,0,0,0,1,0,1,0,0,0
226.27,15,0,0,52,3,53,0,4.351346070166422,56.5675,0,0,0,0,0,1,0,0,0,1,0,0,0,0
49.49,2,0,0,32,1,61,1,1.5465624516699237,24.745,0,0,0,1,0,0,1,0,0,0,0,0,1,0
74.59,6,0,0,42,3,33,0,1.7759523386678016,18.6475,0,0,0,0,1,0,0,0,0,0,0,1,0,0
22.02,13,0,0,60,5,25,0,0.36699999388333343,3.67,0,0,0,0,0,0,0,1,0,1,0,0,0,0
122.46,16,0,0,86,4,29,0,1.4239534718144944,24.491999999999997,0,0,0,0,0,0,0,1,0,1,0,0,0,0
150.6,2,0,0,87,1,31,1,1.7310344628616727,75.3,0,0,0,0,0,1,0,0,0,0,0,0,1,0
258.99,0,0,0,61,2,28,1,4.245737635315777,86.33,0,0,0,0,1,0,0,0,0,0,0,0,1,0
256.14,11,0,1,85,4,62,0,3.0134117292539795,51.227999999999994,1,1,0,0,1,0,0,0,0,0,0,1,0,0
268.78,0,0,0,79,1,63,1,3.402278437945842,134.39,0,0,0,0,0,1,0,0,0,0,0,0,1,0
747.99,6,0,0,67,0,59,0,11.16402968411896,747.99,0,0,1,0,0,0,1,0,0,0,0,1,0,0
57.82,5,0,0,57,0,22,1,1.0143859471160361,57.82,0,0,0,0,0,1,0,0,0,0,0,0,1,0
186.02,16,0,0,66,2,35,0,2.8184848057805336,62.00666666666667,0,0,0,0,0,1,0,0,0,1,0,0,0,0
36.04,2,0,0,72,1,48,1,0.5005555486033951,18.02,0,0,0,0,1,0,0,0,0,0,0,0,1,0
243.25,6,0,0,42,2,30,0,5.791666528769845,81.08333333333333,0,0,0,0,0,1,0,0,0,0,0,1,0,0
43.56,8,0,0,38,1,21,0,1.1463157593074802,21.78,0,0,0,1,1,0,0,0,0,0,0,1,0,0
48.67,1,0,0,65,5,28,1,0.7487692192497044,8.111666666666666,0,0,0,0,1,0,0,0,0,0,0,0,1,0
256.89,5,0,0,36,4,68,1,7.135833135115746,51.378,0,0,0,1,0,0,1,0,0,0,0,0,1,0
27.01,21,0,0,44,1,47,0,0.6138636224121905,13.505,0,0,0,0,0,1,0,0,0,0,1,0,0,0
27.84,1,0,0,35,0,40,1,0.7954285487020415,27.84,0,0,0,1,0,0,0,0,1,0,0,0,1,0
146.24,13,0,0,78,0,61,0,1.8748717708349776,146.24,0,0,0,0,0,0,0,0,1,1,0,0,0,0
198.88,18,0,0,46,3,62,0,4.32347816688091,49.72,0,0,0,0,0,0,1,0,0,0,1,0,0,0
15.94,7,0,0,27,1,55,0,0.5903703485048019,7.97,0,0,0,1,1,0,0,0,0,0,0,1,0,0
70.21,13,0,0,95,3,30,0,0.739052623799446,17.5525,0,0,0,0,0,0,1,0,0,1,0,0,0,0
67.11,12,0,0,60,1,67,0,1.1184999813583336,33.555,0,0,0,0,1,0,0,0,0,1,0,0,0,0
0.27,12,0,0,66,4,64,0,0.004090909028925621,0.054000000000000006,0,0,0,0,0,0,0,0,1,1,0,0,0,0
406.64,14,0,1,96,2,42,0,4.23583328921007,135.54666666666665,1,1,0,0,0,0,1,0,0,1,0,0,0,0
63.68,8,0,0,68,1,53,0,0.9364705744636681,31.84,0,0,0,0,0,0,0,0,1,0,0,1,0,0
35.65,5,0,0,89,1,59,1,0.40056179325211466,17.825,0,0,0,0,0,0,1,0,0,0,0,0,1,0
37.14,13,0,0,33,1,60,0,1.1254545113498633,18.57,0,0,0,1,1,0,0,0,0,1,0,0,0,0
266.81,9,0,0,74,0,58,0,3.6055404918170204,266.81,0,0,0,0,0,0,0,1,0,0,0,1,0,0
70.8,16,0,0,28,2,43,0,2.528571338265309,23.599999999999998,0,0,0,1,0,1,0,0,0,1,0,0,0,0
19.83,11,0,0,53,3,51,0,0.37415093633677476,4.9575,0,0,0,0,1,0,0,0,0,0,0,1,0,0
71.06,8,0,0,41,4,29,0,1.7331706894348613,14.212,0,0,0,0,0,0,0,1,0,0,0,1,0,0
28.49,9,0,0,43,2,46,0,0.6625581241265552,9.496666666666666,0,0,0,0,0,0,1,0,0,0,0,1,0,0
215.0,16,1,0,51,0,51,0,4.215686191849291,215.0,1,1,0,0,1,0,0,0,0,1,0,0,0,0
212.55,5,0,0,71,0,25,1,2.9936619296667337,212.55,0,0,0,0,0,1,0,0,0,0,0,0,1,0
10.43,1,0,0,96,1,20,1,0.10864583220160591,5.215,0,0,0,0,0,0,0,0,1,0,0,0,1,0
37.16,2,0,0,63,6,39,1,0.5898412604787101,5.308571428571428,0,0,0,0,0,0,0,0,1,0,0,0,1,0
99.95,16,0,0,42,0,54,0,2.3797618481009084,99.95,0,0,0,0,0,0,1,0,0,1,0,0,0,0
3.81,23,0,0,95,2,65,0,0.04010526273573408,1.27,0,0,0,0,0,0,0,1,0,0,1,0,0,0
89.51,23,1,0,30,3,52,0,2.9836665672111145,22.3775,1,1,0,1,1,0,0,0,0,0,1,0,0,0
54.79,5,0,0,68,2,37,1,0.8057352822685988,18.263333333333332,0,0,0,0,0,1,0,0,0,0,0,0,1,0
23.44,2,0,0,54,3,39,1,0.4340740660356655,5.86,0,0,0,0,1,0,0,0,0,0,0,0,1,0
21.46,2,0,0,90,5,64,1,0.23844444179506177,3.5766666666666667,0,0,0,0,0,1,0,0,0,0,0,0,1,0
272.61,20,1,0,81,2,22,0,3.3655555140054876,90.87,1,1,0,0,0,0,0,0,1,0,1,0,0,0
120.15,14,0,0,78,0,22,0,1.540384595636095,120.15,0,0,0,0,0,0,0,0,1,1,0,0,0,0
4.5,23,0,0,77,1,50,0,0.058441557682577173,2.25,0,0,0,0,0,0,1,0,0,0,1,0,0,0
105.69,16,0,0,48,2,48,0,2.201874954127605,35.23,0,0,0,0,0,0,0,0,1,1,0,0,0,0
44.83,12,1,0,73,3,18,0,0.6141095806286359,11.2075,1,1,0,0,1,0,0,0,0,1,0,0,0,0
212.96,10,0,0,92,1,30,0,2.314782583534972,106.48,0,0,0,0,0,0,0,0,1,0,0,1,0,0
65.63,13,0,0,72,1,24,0,0.9115277651176699,32.815,0,0,0,0,0,1,0,0,0,1,0,0,0,0
29.73,15,0,0,87,0,52,0,0.34172413400317087,29.73,0,0,0,0,0,0,1,0,0,1,0,0,0,0
72.13,18,0,0,28,2,23,0,2.5760713365688805,24.043333333333333,0,0,0,1,1,0,0,0,0,0,1,0,0,0
358.45,8,0,0,49,3,32,0,7.315305973157021,89.6125,0,0,0,0,0,0,0,0,1,0,0,1,0,0
310.5,15,0,1,25,0,53,0,12.41999950320002,310.5,1,1,0,1,0,0,1,0,0,1,0,0,0,0
328.56,16,0,0,67,3,18,0,4.903880523822679,82.14,0,0,0,0,0,1,0,0,0,1,0,0,0,0
619.69,21,0,0,66,3,65,0,9.38924228198118,154.9225,0,0,1,0,0,0,0,0,1,0,1,0,0,0
334.41,14,0,0,83,2,18,0,4.02903609603571,111.47000000000001,0,0,0,0,1,0,0,0,0,1,0,0,0,0
406.65,2,0,0,65,1,60,1,6.256153749905327,203.325,0,0,0,0,0,0,0,1,0,0,0,0,1,0
219.83,23,0,0,38,3,51,0,5.784999847763163,54.9575,0,0,0,1,0,0,1,0,0,0,1,0,0,0
493.35,0,0,0,75,2,26,1,6.577999912293335,164.45000000000002,0,0,0,0,0,1,0,0,0,0,0,0,1,0
104.96,20,0,0,48,2,46,0,2.186666621111112,34.986666666666665,0,0,0,0,0,0,1,0,0,0,1,0,0,0
73.38,17,0,0,42,0,43,0,1.7471428155442186,73.38,0,0,0,0,1,0,0,0,0,1,0,0,0,0
250.83,19,0,0,35,1,42,0,7.166571223812252,125.415,0,0,0,1,0,0,0,0,1,0,1,0,0,0
14.57,22,0,0,55,2,35,0,0.2649090860925621,4.8566666666666665,0,0,0,0,0,1,0,0,0,0,1,0,0,0
138.75,3,0,0,49,3,57,1,2.8316325952728043,34.6875,0,0,0,0,0,0,0,1,0,0,0,0,1,0
233.78,16,0,0,44,1,54,0,5.313181697427689,116.89,0,0,0,0,0,0,0,1,0,1,0,0,0,0
212.01,23,0,0,28,2,21,0,7.571785443864805,70.67,0,0,0,1,0,0,1,0,0,0,1,0,0,0
145.89,9,0,0,91,2,60,0,1.6031867955693757,48.629999999999995,0,0,0,0,0,0,1,0,0,0,0,1,0,0
135.5,21,0,0,59,1,27,0,2.29661013056593,67.75,0,0,0,0,0,0,0,1,0,0,1,0,0,0
91.94,7,0,0,95,1,54,0,0.967789463496953,45.97,0,0,0,0,0,0,0,1,0,0,0,1,0,0
584.28,12,0,0,97,2,45,0,6.023505092541185,194.76,0,0,1,0,1,0,0,0,0,1,0,0,0,0
23.54,20,0,0,39,1,35,0,0.6035897281130839,11.77,0,0,0,1,0,0,0,0,1,0,1,0,0,0
279.31,15,1,0,48,1,25,0,5.818958212105038,139.655,1,1,0,0,0,1,0,0,0,1,0,0,0,0
2.49,18,0,0,94,3,61,0,0.026489361420325944,0.6225,0,0,0,0,1,0,0,0,0,0,1,0,0,0
485.6,6,0,0,93,3,50,0,5.221505320198868,121.4,0,0,0,0,0,1,0,0,0,0,0,1,0,0
186.72,16,0,0,59,2,58,0,3.1647457090721067,62.24,0,0,0,0,1,0,0,0,0,1,0,0,0,0
134.18,14,0,0,33,5,60,0,4.066060482846653,22.363333333333333,0,0,0,1,1,0,0,0,0,1,0,0,0,0
59.38,0,0,0,35,0,62,1,1.6965713800979607,59.38,0,0,0,1,0,0,1,0,0,0,0,0,1,0
140.93,2,0,0,47,1,37,1,2.9985105744997753,70.465,0,0,0,0,0,1,0,0,0,0,0,0,1,0
157.77,2,0,0,51,4,35,1,3.093529351107268,31.554000000000002,0,0,0,0,0,1,0,0,0,0,0,0,1,0
27.61,13,0,1,77,0,41,0,0.35857142391465685,27.61,1,1,0,0,1,0,0,0,0,1,0,0,0,0
286.52,5,0,1,81,5,54,1,3.537283906947112,47.75333333333333,1,1,0,0,1,0,0,0,0,0,0,0,1,0
27.15,5,0,1,39,3,65,1,0.696153828303748,6.7875,1,1,0,1,1,0,0,0,0,0,0,0,1,0
0.91,3,0,0,60,2,59,1,0.015166666413888894,0.30333333333333334,0,0,0,0,0,0,1,0,0,0,0,0,1,0
173.5,13,0,0,34,0,63,0,5.102941026384088,173.5,0,0,0,1,0,1,0,0,0,1,0,0,0,0
350.31,9,0,0,82,1,29,0,4.272073118633255,175.155,0,0,0,0,1,0,0,0,0,0,0,1,0,0
81.62,18,0,0,52,1,27,0,1.569615354430474,40.81,0,0,0,0,0,0,0,1,0,0,1,0,0,0
133.06,23,0,0,55,1,29,0,2.4192726832859512,66.53,0,0,0,0,1,0,0,0,0,0,1,0,0,0
365.13,9,0,0,85,3,50,0,4.2956470082865055,91.2825,0,0,0,0,0,0,0,0,1,0,0,1,0,0
118.85,4,0,0,43,0,42,1,2.7639534240941064,118.85,0,0,0,0,0,1,0,0,0,0,0,0,1,0
167.52,5,0,0,65,2,32,1,2.577230729581066,55.84,0,0,0,0,1,0,0,0,0,0,0,0,1,0
17.26,13,0,0,33,4,55,0,0.5230302871809005,3.4520000000000004,0,0,0,1,0,1,0,0,0,1,0,0,0,0
86.1,8,0,0,51,2,50,0,1.6882352610149949,28.7,0,0,0,0,0,1,0,0,0,0,0,1,0,0
97.77,7,0,0,92,5,53,0,1.062717379753072,16.294999999999998,0,0,0,0,0,0,0,1,0,0,0,1,0,0
294.25,6,0,0,46,2,44,0,6.39673899137524,98.08333333333333,0,0,0,0,0,0,0,0,1,0,0,1,0,0
90.74,23,0,0,37,0,51,0,2.4524323661504766,90.74,0,0,0,1,0,0,0,1,0,0,1,0,0,0
403.86,1,0,0,38,1,32,1,10.627894457160673,201.93,0,0,0,1,1,0,0,0,0,0,0,0,1,0
97.53,10,0,0,91,1,49,0,1.071758229980679,48.765,0,0,0,0,0,0,0,0,1,0,0,1,0,0
484.59,21,0,0,88,1,32,0,5.506704482878358,242.295,0,0,0,0,0,0,0,1,0,0,1,0,0,0
92.84,14,0,0,36,1,66,0,2.578888817253089,46.42,0,0,0,1,0,0,1,0,0,1,0,0,0,0
37.79,4,0,0,30,2,54,1,1.259666624677779,12.596666666666666,0,0,0,1,0,0,0,0,1,0,0,0,1,0
41.49,9,0,0,51,0,23,0,0.8135293958131492,41.49,0,0,0,0,0,1,0,0,0,0,0,1,0,0
9.66,7,0,0,52,2,20,0,0.18576922719674563,3.22,0,0,0,0,0,0,1,0,0,0,0,1,0,0
6.01,22,0,0,50,3,33,0,0.12019999759600004,1.5025,0,0,0,0,0,1,0,0,0,0,1,0,0,0
44.19,16,0,0,43,0,68,0,1.0276743947052467,44.19,0,0,0,0,1,0,0,0,0,1,0,0,0,0
497.51,11,0,0,98,2,20,0,5.076632601258851,165.83666666666667,0,0,0,0,0,1,0,0,0,0,0,1,0,0
58.34,22,0,0,61,3,41,0,0.9563934269443701,14.585,0,0,0,0,0,0,0,1,0,0,1,0,0,0
570.53,8,1,0,50,3,36,0,11.410599771788005,142.6325,1,1,1,0,0,0,0,0,1,0,0,1,0,0
144.46,18,0,1,81,4,51,0,1.783456768105472,28.892000000000003,1,1,0,0,0,0,1,0,0,0,1,0,0,0
257.65,3,0,0,46,2,40,1,5.6010868347589815,85.88333333333333,0,0,0,0,0,1,0,0,0,0,0,0,1,0
37.75,2,0,0,33,2,22,1,1.143939359274565,12.583333333333334,0,0,0,1,0,0,0,1,0,0,0,0,1,0
293.05,14,0,0,64,4,65,0,4.5789061784545915,58.61,0,0,0,0,0,0,0,1,0,1,0,0,0,0
143.42,9,0,1,84,1,22,0,1.7073809320549889,71.71,1,1,0,0,0,0,0,1,0,0,0,1,0,0
249.72,18,0,0,46,6,44,0,5.428695534158793,35.674285714285716,0,0,0,0,1,0,0,0,0,0,1,0,0,0
79.81,14,0,0,98,1,52,0,0.8143877467919618,39.905,0,0,0,0,0,0,1,0,0,1,0,0,0,0
36.51,21,0,0,63,1,49,0,0.579523800325019,18.255,0,0,0,0,0,0,0,1,0,0,1,0,0,0
591.73,17,0,0,31,1,65,0,19.088063900385034,295.865,0,0,1,1,0,0,1,0,0,1,0,0,0,0
671.93,14,0,0,67,4,63,0,10.028805820465584,134.386,0,0,1,0,0,0,0,0,1,1,0,0,0,0
405.89,9,0,0,65,1,56,0,6.244461442392901,202.945,0,0,0,0,0,0,1,0,0,0,0,1,0,0
11.18,4,0,0,72,1,59,1,0.155277775621142,5.59,0,0,0,0,0,0,0,0,1,0,0,0,1,0
107.58,23,0,0,89,2,28,0,1.208764031362202,35.86,0,0,0,0,0,0,0,0,1,0,1,0,0,0
41.93,1,0,0,46,0,65,1,0.9115217193147452,41.93,0,0,0,0,1,0,0,0,0,0,0,0,1,0
188.56,22,0,0,89,3,25,0,2.1186516615881836,47.14,0,0,0,0,0,0,0,0,1,0,1,0,0,0
531.68,21,0,0,73,2,57,0,7.2832875714618135,177.22666666666666,0,0,1,0,0,0,1,0,0,0,1,0,0,0
52.9,12,1,0,89,2,59,0,0.5943820157934605,17.633333333333333,1,1,0,0,0,0,0,0,1,1,0,0,0,0
190.15,9,0,0,68,1,62,0,2.7963234882893606,95.075,0,0,0,0,1,0,0,0,0,0,0,1,0,0
5.98,12,1,0,34,2,39,0,0.17588234776816628,1.9933333333333334,1,1,0,1,0,0,0,1,0,1,0,0,0,0
133.14,21,0,0,80,2,22,0,1.6642499791968752,44.379999999999995,0,0,0,0,0,1,0,0,0,0,1,0,0,0
33.83,12,0,0,44,1,31,0,0.7688636188894632,16.915,0,0,0,0,0,0,0,1,0,1,0,0,0,0
39.84,12,0,0,79,3,47,0,0.5043037910847622,9.96,0,0,0,0,0,1,0,0,0,1,0,0,0,0
57.69,19,0,0,96,1,62,0,0.6009374937402344,28.845,0,0,0,0,0,0,1,0,0,0,1,0,0,0
99.12,18,0,1,66,1,66,0,1.5018181590633612,49.56,1,1,0,0,1,0,0,0,0,0,1,0,0,0
46.66,5,0,0,76,1,36,1,0.6139473603427978,23.33,0,0,0,0,0,0,0,0,1,0,0,0,1,0
97.25,5,1,0,42,1,32,1,2.3154761353458064,48.625,1,1,0,0,0,0,0,0,1,0,0,0,1,0
33.65,9,0,0,51,2,65,0,0.6598039086312959,11.216666666666667,0,0,0,0,0,0,0,1,0,0,0,1,0,0
4.63,12,0,0,85,0,64,0,0.054470587594463674,4.63,0,0,0,0,0,0,0,1,0,1,0,0,0,0
70.22,0,0,0,53,0,40,1,1.324905635379139,70.22,0,0,0,0,1,0,0,0,0,0,0,0,1,0
533.65,11,1,0,32,0,54,0,16.67656197885744,533.65,1,1,1,1,0,0,0,1,0,0,0,1,0,0
334.05,16,0,0,66,3,23,0,5.06136355967631,83.5125,0,0,0,0,0,0,0,1,0,1,0,0,0,0
279.99,22,1,0,71,5,21,0,3.9435210712180133,46.665,1,1,0,0,1,0,0,0,0,0,1,0,0,0
1.81,12,0,0,44,4,68,0,0.041136362701446307,0.362,0,0,0,0,0,0,1,0,0,1,0,0,0,0
94.09,18,0,1,60,1,50,0,1.568166640530556,47.045,1,1,0,0,0,1,0,0,0,0,1,0,0,0
132.03,10,0,0,70,2,61,0,1.8861428301979597,44.01,0,0,0,0,0,1,0,0,0,0,0,1,0,0
357.94,12,0,0,83,3,50,0,4.312530068523734,89.485,0,0,0,0,0,1,0,0,0,1,0,0,0,0
205.43,10,1,0,76,3,67,0,2.7030262802233387,51.3575,1,1,0,0,0,0,1,0,0,0,0,1,0,0
41.86,16,0,0,58,1,33,0,0.7217241254875151,20.93,0,0,0,0,0,1,0,0,0,1,0,0,0,0
1185.07,0,1,0,98,3,50,1,12.092550897014787,296.2675,1,1,1,0,0,0,0,0,1,0,0,0,1,1
218.44,14,0,0,46,2,30,0,4.748695548941401,72.81333333333333,0,0,0,0,0,1,0,0,0,1,0,0,0,0
273.12,9,0,0,43,6,46,0,6.351627759264471,39.01714285714286,0,0,0,0,0,0,0,0,1,0,0,1,0,0
325.23,20,1,0,78,3,44,0,4.169615331158778,81.3075,1,1,0,0,1,0,0,0,0,0,1,0,0,0
30.5,18,0,0,60,0,66,0,0.5083333248611113,30.5,0,0,0,0,1,0,0,0,0,0,1,0,0,0
181.05,16,0,0,78,0,67,0,2.321153816395464,181.05,0,0,0,0,0,0,0,0,1,1,0,0,0,0
128.94,21,0,1,36,3,21,0,3.5816665671759287,32.235,1,1,0,1,1,0,0,0,0,0,1,0,0,0
25.13,8,0,0,93,3,61,0,0.27021505085790265,6.2825,0,0,0,0,0,0,0,1,0,0,0,1,0,0
69.63,2,0,0,57,0,47,1,1.2215789259372118,69.63,0,0,0,0,0,0,1,0,0,0,0,0,1,0
124.09,15,0,0,54,5,62,0,2.2979629204080942,20.68166666666667,0,0,0,0,1,0,0,0,0,1,0,0,0,0
145.63,20,0,0,69,0,65,0,2.110579679556816,145.63,0,0,0,0,0,0,0,1,0,0,1,0,0,0
196.06,1,0,0,51,2,21,1,3.844313650111497,65.35333333333334,0,0,0,0,1,0,0,0,0,0,0,0,1,0
4.09,17,0,0,79,1,59,0,0.05177215124339049,2.045,0,0,0,0,0,0,1,0,0,1,0,0,0,0
79.07,12,0,0,83,1,32,0,0.9526505909319205,39.535,0,0,0,0,0,0,0,0,1,1,0,0,0,0
160.67,5,0,0,87,3,45,1,1.8467815879680276,40.1675,0,0,0,0,0,0,0,1,0,0,0,0,1,0
166.36,0,0,1,99,0,39,1,1.6804040234302626,166.36,1,1,0,0,0,0,0,1,0,0,0,0,1,0
316.12,5,0,0,53,4,18,1,5.964528189348525,63.224000000000004,0,0,0,0,0,1,0,0,0,0,0,0,1,0
10.58,18,0,0,51,2,39,0,0.20745097632449067,3.526666666666667,0,0,0,0,0,0,1,0,0,0,1,0,0,0
126.89,2,1,0,69,0,54,1,1.8389854805944135,126.89,1,1,0,0,0,0,1,0,0,0,0,0,1,0
194.72,10,0,0,48,4,52,0,4.05666658215278,38.944,0,0,0,0,0,0,1,0,0,0,0,1,0,0
371.5,2,0,0,52,3,32,1,7.144230631841719,92.875,0,0,0,0,0,0,1,0,0,0,0,0,1,0
1.75,18,0,0,52,2,65,0,0.033653845506656815,0.5833333333333334,0,0,0,0,0,1,0,0,0,0,1,0,0,0
0.04,21,0,0,56,3,37,0,0.0007142857015306125,0.01,0,0,0,0,0,1,0,0,0,0,1,0,0,0
64.61,17,0,0,30,1,34,0,2.1536665948777802,32.305,0,0,0,1,0,0,1,0,0,1,0,0,0,0
81.85,13,0,0,53,1,62,0,1.5443395935030264,40.925,0,0,0,0,1,0,0,0,0,1,0,0,0,0
236.13,14,0,0,79,2,22,0,2.9889873039368697,78.71,0,0,0,0,0,0,1,0,0,1,0,0,0,0
95.77,8,0,0,46,1,21,0,2.081956476479207,47.885,0,0,0,0,1,0,0,0,0,0,0,1,0,0
48.96,14,0,0,75,2,22,0,0.6527999912960002,16.32,0,0,0,0,0,0,1,0,0,1,0,0,0,0
194.57,5,0,0,70,2,37,1,2.779571388863266,64.85666666666667,0,0,0,0,0,1,0,0,0,0,0,0,1,0
315.67,23,0,0,61,5,23,0,5.174917947952165,52.61166666666667,0,0,0,0,0,0,0,0,1,0,1,0,0,0
120.38,21,0,0,42,6,64,0,2.8661904079478475,17.197142857142858,0,0,0,0,0,0,0,0,1,0,1,0,0,0
9.75,1,0,0,92,1,59,1,0.10597825971762762,4.875,0,0,0,0,0,0,0,0,1,0,0,0,1,0
220.09,23,1,0,92,4,33,0,2.3922825826925807,44.018,1,1,0,0,0,0,0,0,1,0,1,0,0,0
60.86,0,0,0,63,1,28,1,0.966031730697909,30.43,0,0,0,0,0,0,1,0,0,0,0,0,1,0
47.3,10,0,0,79,4,64,0,0.5987341696362763,9.459999999999999,0,0,0,0,0,0,0,1,0,0,0,1,0,0
97.94,3,0,0,68,5,40,1,1.4402940964662634,16.323333333333334,0,0,0,0,0,0,0,1,0,0,0,0,1,0
174.39,16,0,0,58,0,28,0,3.006724086090964,174.39,0,0,0,0,1,0,0,0,0,1,0,0,0,0
20.56,14,0,0,47,3,36,0,0.4374467992032596,5.14,0,0,0,0,0,0,0,1,0,1,0,0,0,0
172.8,0,0,1,51,3,56,1,3.3882352276816627,43.2,1,1,0,0,0,0,1,0,0,0,0,0,1,0
241.83,19,1,0,35,5,25,0,6.909428374016333,40.305,1,1,0,1,0,1,0,0,0,0,1,0,0,1
298.86,19,0,0,99,1,66,0,3.0187878482950725,149.43,0,0,0,0,1,0,0,0,0,0,1,0,0,0
25.39,6,0,0,81,2,56,0,0.31345678625361995,8.463333333333333,0,0,0,0,0,1,0,0,0,0,0,1,0,0
66.18,0,0,0,68,3,46,1,0.9732352798053636,16.545,0,0,0,0,0,0,0,1,0,0,0,0,1,0
13.29,23,0,1,60,6,21,0,0.2214999963083334,1.8985714285714284,1,1,0,0,0,0,0,0,1,0,1,0,0,0
73.59,7,0,0,44,6,22,0,1.6724999619886374,10.512857142857143,0,0,0,0,0,0,1,0,0,0,0,1,0,0
212.66,6,0,0,34,2,22,0,6.254705698391009,70.88666666666667,0,0,0,1,0,0,1,0,0,0,0,1,0,0
34.3,14,0,0,29,1,20,0,1.1827585799048763,17.15,0,0,0,1,1,0,0,0,0,1,0,0,0,0
12.3,10,0,0,37,1,62,0,0.3324324234477724,6.15,0,0,0,1,0,0,0,0,1,0,0,1,0,0
6.89,3,0,0,57,3,45,1,0.12087719086180367,1.7225,0,0,0,0,0,0,1,0,0,0,0,0,1,0
69.97,3,0,0,27,2,61,1,2.591481385500689,23.323333333333334,0,0,0,1,0,0,1,0,0,0,0,0,1,0
128.61,23,0,0,35,1,53,0,3.674571323583677,64.305,0,0,0,1,0,0,0,0,1,0,1,0,0,0
26.11,0,0,1,87,0,52,1,0.3001149390791386,26.11,1,1,0,0,0,0,1,0,0,0,0,0,1,0
63.16,3,0,0,41,3,46,1,1.5404877673051764,15.79,0,0,0,0,0,1,0,0,0,0,0,0,1,0
198.16,14,0,0,26,2,56,0,7.6215381684023775,66.05333333333333,0,0,0,1,0,0,0,1,0,1,0,0,0,0
253.37,7,0,0,70,5,64,0,3.619571376863266,42.22833333333333,0,0,0,0,0,0,0,1,0,0,0,1,0,0
30.63,23,0,0,48,0,36,0,0.6381249867057295,30.63,0,0,0,0,1,0,0,0,0,0,1,0,0,0
64.52,21,0,1,62,1,60,0,1.0406451445057234,32.26,1,1,0,0,0,0,0,1,0,0,1,0,0,0
89.52,17,0,0,43,1,28,0,2.0818604167009207,44.76,0,0,0,0,0,0,1,0,0,1,0,0,0,0
225.39,1,0,0,54,2,29,1,4.173888811594652,75.13,0,0,0,0,0,0,0,0,1,0,0,0,1,0
47.56,10,0,0,62,6,22,0,0.76709676182102,6.7942857142857145,0,0,0,0,0,1,0,0,0,0,0,1,0,0
350.12,10,0,0,83,1,38,0,4.218313202188998,175.06,0,0,0,0,0,1,0,0,0,0,0,1,0,0
307.41,0,0,1,92,1,26,1,3.341413007158555,153.705,1,1,0,0,0,0,0,1,0,0,0,0,1,0
25.32,18,0,0,51,0,69,0,0.4964705785005769,25.32,0,0,0,0,0,0,0,1,0,0,1,0,0,0
236.82,9,0,0,87,1,49,0,2.722068934229093,118.41,0,0,0,0,0,0,1,0,0,0,0,1,0,0
139.76,12,1,0,33,3,52,0,4.235151386813595,34.94,1,1,0,1,0,0,0,0,1,1,0,0,0,0
37.55,13,0,0,56,3,42,0,0.6705357023118624,9.3875,0,0,0,0,0,1,0,0,0,1,0,0,0,0
233.09,14,0,0,40,2,67,0,5.8272498543187545,77.69666666666667,0,0,0,0,1,0,0,0,0,1,0,0,0,0
6.61,4,0,0,40,1,59,1,0.1652499958687501,3.305,0,0,0,0,0,0,0,0,1,0,0,0,1,0
97.34,14,0,0,65,2,62,0,1.4975384384994088,32.446666666666665,0,0,0,0,1,0,0,0,0,1,0,0,0,0
403.19,6,0,0,86,2,28,0,4.688255759438887,134.39666666666668,0,0,0,0,0,0,1,0,0,0,0,1,0,0
158.64,14,0,0,47,3,33,0,3.3753190771208708,39.66,0,0,0,0,0,0,0,0,1,1,0,0,0,0
38.08,0,0,0,76,1,43,1,0.5010526249861497,19.04,0,0,0,0,0,0,1,0,0,0,0,0,1,0
60.97,19,0,1,84,0,68,0,0.7258333246924604,60.97,1,1,0,0,0,0,1,0,0,0,1,0,0,0
97.72,14,0,0,52,3,42,0,1.8792307330917168,24.43,0,0,0,0,1,0,0,0,0,1,0,0,0,0
73.69,17,0,0,95,1,39,0,0.7756842023612189,36.845,0,0,0,0,0,1,0,0,0,1,0,0,0,0
33.28,10,0,0,53,3,69,0,0.6279245164542545,8.32,0,0,0,0,0,0,1,0,0,0,0,1,0,0
193.68,14,0,0,42,0,68,0,4.611428461632656,193.68,0,0,0,0,0,0,0,0,1,1,0,0,0,0
45.34,19,0,0,56,5,52,0,0.8096428426849493,7.5566666666666675,0,0,0,0,0,0,0,1,0,0,1,0,0,0
33.8,6,0,0,74,3,24,0,0.4567567505843682,8.45,0,0,0,0,0,0,1,0,0,0,0,1,0,0
20.07,22,0,0,76,1,35,0,0.2640789438936981,10.035,0,0,0,0,0,0,0,1,0,0,1,0,0,0
97.84,13,0,0,88,3,30,0,1.1118181691838844,24.46,0,0,0,0,0,1,0,0,0,1,0,0,0,0
127.22,19,0,0,27,4,24,0,4.711851677338826,25.444,0,0,0,1,0,0,0,1,0,0,1,0,0,0
209.73,18,0,0,98,0,60,0,2.140102018978551,209.73,0,0,0,0,0,1,0,0,0,0,1,0,0,0
253.13,13,0,0,25,4,58,0,10.125199594992015,50.626,0,0,0,1,1,0,0,0,0,1,0,0,0,0
283.25,20,0,0,97,3,38,0,2.92010306267935,70.8125,0,0,0,0,0,0,1,0,0,0,1,0,0,0
440.13,19,0,0,70,4,24,0,6.287571338748981,88.026,0,0,0,0,0,0,0,0,1,0,1,0,0,0
157.97,3,0,0,53,2,59,1,2.980565981498755,52.656666666666666,0,0,0,0,1,0,0,0,0,0,0,0,1,0
31.59,5,0,0,42,1,29,1,0.7521428392346944,15.795,0,0,0,0,1,0,0,0,0,0,0,0,1,0
94.73,15,0,0,49,2,50,0,1.9332652666680559,31.576666666666668,0,0,0,0,1,0,0,0,0,1,0,0,0,0
425.82,2,0,0,66,5,30,1,6.451818084063363,70.97,0,0,0,0,0,0,0,0,1,0,0,0,1,0
170.34,5,0,0,67,2,41,1,2.5423880217554027,56.78,0,0,0,0,0,0,0,0,1,0,0,0,1,0
148.66,10,0,0,64,0,61,0,2.322812463706055,148.66,0,0,0,0,0,0,0,1,0,0,0,1,0,0
104.51,7,0,0,52,3,62,0,2.0098076536575453,26.1275,0,0,0,0,0,0,1,0,0,0,0,1,0,0
12.22,18,0,0,58,3,57,0,0.21068965153983363,3.055,0,0,0,0,0,0,0,1,0,0,1,0,0,0
82.53,19,1,0,47,3,56,0,1.7559574094477148,20.6325,1,1,0,0,0,0,0,1,0,0,1,0,0,0
249.26,9,0,0,98,2,21,0,2.543469361801333,83.08666666666666,0,0,0,0,1,0,0,0,0,0,0,1,0,0
53.15,9,0,0,49,2,49,0,1.0846938554144112,17.716666666666665,0,0,0,0,0,0,0,1,0,0,0,1,0,0
211.54,16,0,0,30,2,43,0,7.051333098288897,70.51333333333334,0,0,0,1,0,0,0,0,1,1,0,0,0,0
5.7,3,0,0,76,2,58,1,0.07499999901315792,1.9000000000000001,0,0,0,0,0,1,0,0,0,0,0,0,1,0
70.27,19,0,0,88,2,22,0,0.7985227181986054,23.423333333333332,0,0,0,0,0,0,0,0,1,0,1,0,0,0
488.87,9,0,0,82,0,27,0,5.961829195587449,488.87,0,0,0,0,0,0,0,0,1,0,0,1,0,0
34.58,3,0,0,62,1,68,1,0.5577419264880334,17.29,0,0,0,0,0,0,1,0,0,0,0,0,1,0
143.96,12,0,0,42,2,30,0,3.4276189660090726,47.98666666666667,0,0,0,0,1,0,0,0,0,1,0,0,0,0
72.45,19,0,0,41,2,41,0,1.767073127632363,24.150000000000002,0,0,0,0,0,0,0,1,0,0,1,0,0,0
98.48,16,0,0,37,3,46,0,2.661621549685904,24.62,0,0,0,1,1,0,0,0,0,1,0,0,0,0
554.44,22,0,0,52,1,48,0,10.66230748726332,277.22,0,0,1,0,0,0,0,0,1,0,1,0,0,0
32.14,19,0,0,89,4,31,0,0.36112359144804956,6.428,0,0,0,0,0,0,0,1,0,0,1,0,0,0
241.4,1,0,0,33,3,56,1,7.315151293480264,60.35,0,0,0,1,0,0,0,0,1,0,0,0,1,0
70.31,23,0,0,49,4,58,0,1.4348979299000424,14.062000000000001,0,0,0,0,0,0,0,0,1,0,1,0,0,0
75.08,13,0,0,65,0,25,0,1.155076905306509,75.08,0,0,0,0,0,0,1,0,0,1,0,0,0,0
150.01,17,0,0,82,1,53,0,1.8293902215928022,75.005,0,0,0,0,0,0,0,1,0,1,0,0,0,0
110.89,23,0,0,82,1,24,0,1.3523170566790603,55.445,0,0,0,0,0,0,0,1,0,0,1,0,0,0
96.86,8,0,0,34,3,29,0,2.84882344562284,24.215,0,0,0,1,1,0,0,0,0,0,0,1,0,0
3.48,15,1,1,56,2,26,0,0.06214285603316329,1.16,1,2,0,0,0,0,0,1,0,1,0,0,0,0
236.42,9,0,0,66,2,56,0,3.582121157846649,78.80666666666666,0,0,0,0,0,0,1,0,0,0,0,1,0,0
5.7,13,0,0,96,3,61,0,0.059374999381510425,1.425,0,0,0,0,0,0,0,0,1,1,0,0,0,0
89.43,3,0,0,66,1,46,1,1.3549999794696974,44.715,0,0,0,0,0,0,0,1,0,0,0,0,1,0
125.46,18,0,0,39,3,53,0,3.216922994437872,31.365,0,0,0,1,0,0,0,1,0,0,1,0,0,0
258.19,21,0,0,41,0,23,0,6.297316919577637,258.19,0,0,0,0,0,0,1,0,0,0,1,0,0,0
213.88,12,1,0,52,5,69,0,4.113076843979291,35.64666666666667,1,1,0,0,0,0,0,0,1,1,0,0,0,0
46.68,22,1,0,50,3,18,0,0.9335999813280004,11.67,1,1,0,0,0,0,0,0,1,0,1,0,0,0
69.57,12,0,0,82,3,30,0,0.8484146237998216,17.3925,0,0,0,0,0,1,0,0,0,1,0,0,0,0
210.64,18,0,0,60,3,52,0,3.5106666081555566,52.66,0,0,0,0,0,0,1,0,0,0,1,0,0,0
21.96,22,0,0,32,2,44,0,0.6862499785546883,7.32,0,0,0,1,1,0,0,0,0,0,1,0,0,0
316.35,14,0,0,77,2,35,0,4.1084415050851755,105.45,0,0,0,0,1,0,0,0,0,1,0,0,0,0
5.56,9,1,0,45,1,68,0,0.12355555280987661,2.78,1,1,0,0,0,0,0,0,1,0,0,1,0,0
7.36,4,0,0,44,4,25,1,0.1672727234710745,1.472,0,0,0,0,0,0,1,0,0,0,0,0,1,0
141.53,8,0,0,95,2,60,0,1.4897894580022162,47.17666666666667,0,0,0,0,0,0,1,0,0,0,0,1,0,0
35.72,18,0,0,67,2,50,0,0.5331343204009803,11.906666666666666,0,0,0,0,0,1,0,0,0,0,1,0,0,0
152.87,10,0,0,84,3,59,0,1.8198809307157033,38.2175,0,0,0,0,0,0,1,0,0,0,0,1,0,0
577.5,10,0,0,32,3,52,0,18.046874436035175,144.375,0,0,1,1,0,0,0,1,0,0,0,1,0,0
45.01,9,0,0,53,2,18,0,0.8492452669953723,15.003333333333332,0,0,0,0,0,0,0,1,0,0,0,1,0,0
34.54,7,0,0,49,1,37,0,0.7048979447980012,17.27,0,0,0,0,0,1,0,0,0,0,0,1,0,0
269.78,19,0,1,97,1,68,0,2.7812370847295145,134.89,1,1,0,0,0,0,0,1,0,0,1,0,0,0
338.27,12,0,0,56,5,19,0,6.040535606419007,56.37833333333333,0,0,0,0,0,0,0,0,1,1,0,0,0,0
57.63,22,1,0,91,1,65,0,0.6332966963373989,28.815,1,1,0,0,0,0,1,0,0,0,1,0,0,0
40.86,23,0,0,62,3,35,0,0.6590322474349638,10.215,0,0,0,0,0,0,1,0,0,0,1,0,0,0
167.55,17,0,0,68,3,64,0,2.463970552000433,41.8875,0,0,0,0,0,0,0,0,1,1,0,0,0,0
160.41,0,0,0,58,0,39,1,2.76568960748811,160.41,0,0,0,0,0,0,1,0,0,0,0,0,1,0
234.11,23,0,0,34,2,60,0,6.885588032776823,78.03666666666668,0,0,0,1,0,1,0,0,0,0,1,0,0,0
52.51,14,1,0,51,3,59,0,1.0296078229488663,13.1275,1,1,0,0,1,0,0,0,0,1,0,0,0,0
313.79,13,0,0,97,4,46,0,3.234948420258264,62.758,0,0,0,0,0,0,1,0,0,1,0,0,0,0
59.29,17,1,1,29,4,44,0,2.0444826881212865,11.858,1,2,0,1,0,0,0,1,0,1,0,0,0,1
49.88,6,0,0,79,2,20,0,0.6313923970709824,16.62666666666667,0,0,0,0,0,0,0,0,1,0,0,1,0,0
166.9,9,0,0,63,1,27,0,2.6492063071554557,83.45,0,0,0,0,0,0,0,0,1,0,0,1,0,0
96.74,3,0,0,26,0,28,1,3.720769087662727,96.74,0,0,0,1,0,0,0,0,1,0,0,0,1,0
154.88,19,0,0,89,2,68,0,1.740224699548037,51.626666666666665,0,0,0,0,0,1,0,0,0,0,1,0,0,0
175.13,12,0,0,73,1,55,0,2.399041063026835,87.565,0,0,0,0,0,0,0,1,0,1,0,0,0,0
143.27,12,0,0,33,0,36,0,4.341515019954091,143.27,0,0,0,1,1,0,0,0,0,1,0,0,0,0
39.9,8,0,0,95,3,30,0,0.4199999955789474,9.975,0,0,0,0,0,1,0,0,0,0,0,1,0,0
14.67,22,0,0,73,2,26,0,0.2009589013567274,4.89,0,0,0,0,0,1,0,0,0,0,1,0,0,0
292.86,5,1,0,39,4,47,1,7.509230576686396,58.572,1,1,0,1,0,0,1,0,0,0,0,0,1,0
75.5,18,0,0,27,1,60,0,2.7962961927297707,37.75,0,0,0,1,0,0,0,1,0,0,1,0,0,0
341.86,14,0,0,73,3,45,0,4.683013634479265,85.465,0,0,0,0,0,0,0,0,1,1,0,0,0,0
89.24,11,0,0,28,0,37,0,3.1871427433163304,89.24,0,0,0,1,0,0,1,0,0,0,0,1,0,0
189.42,17,0,0,35,3,59,0,5.411999845371433,47.355,0,0,0,1,0,1,0,0,0,1,0,0,0,0
298.73,9,1,0,87,3,22,0,3.433678121451976,74.6825,1,1,0,0,0,0,0,0,1,0,0,1,0,0
142.32,2,1,0,62,5,46,1,2.295483833943809,23.72,1,1,0,0,0,0,1,0,0,0,0,0,1,1
52.61,9,0,0,81,5,43,0,0.6495061648209116,8.768333333333333,0,0,0,0,0,1,0,0,0,0,0,1,0,0
105.2,16,1,0,88,1,44,0,1.1954545318698349,52.6,1,1,0,0,0,1,0,0,0,1,0,0,0,0
125.77,2,0,0,54,1,26,1,2.3290740309430737,62.885,0,0,0,0,0,0,0,0,1,0,0,0,1,0
8.33,23,0,0,49,3,55,0,0.16999999653061232,2.0825,0,0,0,0,0,1,0,0,0,0,1,0,0,0
223.04,8,0,0,57,2,61,0,3.912982387491537,74.34666666666666,0,0,0,0,0,0,1,0,0,0,0,1,0,0
398.39,3,0,0,44,1,69,1,9.054317976038227,199.195,0,0,0,0,1,0,0,0,0,0,0,0,1,0
88.13,13,0,0,76,4,21,0,1.159605247899931,17.625999999999998,0,0,0,0,1,0,0,0,0,1,0,0,0,0
129.32,21,0,0,50,1,34,0,2.586399948272001,64.66,0,0,0,0,0,0,0,0,1,0,1,0,0,0
518.11,14,0,0,71,4,47,0,7.297323840882763,103.622,0,0,1,0,0,0,0,1,0,1,0,0,0,0
122.11,3,0,0,67,3,46,1,1.822537286230787,30.5275,0,0,0,0,0,1,0,0,0,0,0,0,1,0
290.03,2,0,0,86,1,39,1,3.372441821250676,145.015,0,0,0,0,0,0,0,0,1,0,0,0,1,0
172.78,23,0,0,83,0,33,0,2.081686721907389,172.78,0,0,0,0,0,0,0,0,1,0,1,0,0,0
449.41,15,0,0,43,2,46,0,10.45139510578151,149.80333333333334,0,0,0,0,0,0,0,1,0,1,0,0,0,0
128.81,23,0,0,65,0,61,0,1.9816922772047343,128.81,0,0,0,0,0,1,0,0,0,0,1,0,0,0
77.12,20,0,0,50,0,66,0,1.5423999691520007,77.12,0,0,0,0,0,0,0,0,1,0,1,0,0,0
152.59,16,0,0,81,1,21,0,1.8838271372367021,76.295,0,0,0,0,1,0,0,0,0,1,0,0,0,0
98.13,17,0,0,27,3,42,0,3.634444309835396,24.5325,0,0,0,1,0,0,0,0,1,1,0,0,0,0
12.99,17,0,0,57,2,31,0,0.22789473284395206,4.33,0,0,0,0,0,1,0,0,0,1,0,0,0,0
62.53,0,0,0,96,3,53,1,0.6513541598817275,15.6325,0,0,0,0,0,0,1,0,0,0,0,0,1,0
82.36,23,0,1,41,0,43,0,2.0087804388102333,82.36,1,1,0,0,0,0,0,0,1,0,1,0,0,0
224.07,9,0,0,42,1,23,0,5.334999872976193,112.035,0,0,0,0,0,0,0,1,0,0,0,1,0,0
67.81,22,0,0,85,0,47,0,0.797764696496886,67.81,0,0,0,0,1,0,0,0,0,0,1,0,0,0
64.79,13,0,0,43,1,53,0,1.5067441510059503,32.395,0,0,0,0,0,1,0,0,0,1,0,0,0,0
112.23,11,0,0,66,3,48,0,1.700454519690083,28.0575,0,0,0,0,0,0,0,0,1,0,0,1,0,0
28.71,3,0,0,67,2,39,1,0.4285074562909335,9.57,0,0,0,0,0,0,0,0,1,0,0,0,1,0
257.52,7,0,0,65,1,36,0,3.9618460928946755,128.76,0,0,0,0,0,0,0,0,1,0,0,1,0,0
79.43,5,0,0,85,2,29,1,0.9344705772415227,26.47666666666667,0,0,0,0,0,0,0,1,0,0,0,0,1,0
67.27,14,0,0,43,1,42,0,1.5644185682693357,33.635,0,0,0,0,0,0,0,1,0,1,0,0,0,0
161.05,14,0,1,62,6,19,0,2.5975806032648294,23.00714285714286,1,1,0,0,0,0,0,1,0,1,0,0,0,0
165.42,6,0,0,86,4,61,0,1.9234883497268795,33.083999999999996,0,0,0,0,0,0,0,1,0,0,0,1,0,0
108.02,9,0,0,92,2,69,0,1.1741304220203215,36.00666666666667,0,0,0,0,0,0,0,1,0,0,0,1,0,0
44.51,3,0,0,65,3,61,1,0.6847692202343196,11.1275,0,0,0,0,0,0,1,0,0,0,0,0,1,0
288.25,6,0,0,27,0,28,0,10.675925530521276,288.25,0,0,0,1,1,0,0,0,0,0,0,1,0,0
0.07,17,0,0,89,4,42,0,0.0007865168450953164,0.014000000000000002,0,0,0,0,1,0,0,0,0,1,0,0,0,0
24.37,0,0,0,76,4,39,1,0.32065789051765936,4.8740000000000006,0,0,0,0,0,1,0,0,0,0,0,0,1,0
15.75,21,0,0,27,2,64,0,0.5833333117283959,5.25,0,0,0,1,0,0,1,0,0,0,1,0,0,0
364.46,22,0,0,86,1,33,0,4.237906927466199,182.23,0,0,0,0,0,1,0,0,0,0,1,0,0,0
237.96,19,0,0,49,0,59,0,4.856326431503542,237.96,0,0,0,0,0,1,0,0,0,0,1,0,0,0
341.9,15,0,0,65,4,40,0,5.259999919076924,68.38,0,0,0,0,0,0,0,0,1,1,0,0,0,0
132.42,2,0,0,92,2,27,1,1.4393478104418715,44.13999999999999,0,0,0,0,0,0,0,1,0,0,0,0,1,0
288.94,3,0,0,90,7,45,1,3.21044440877284,36.1175,0,0,0,0,0,0,0,1,0,0,0,0,1,0
80.63,12,0,0,42,3,51,0,1.919761859053289,20.1575,0,0,0,0,0,0,1,0,0,1,0,0,0,0
430.28,10,0,0,91,2,28,0,4.72835159639174,143.42666666666665,0,0,0,0,1,0,0,0,0,0,0,1,0,0
67.53,21,0,0,56,1,45,0,1.2058928356090566,33.765,0,0,0,0,1,0,0,0,0,0,1,0,0,0
14.75,6,1,0,66,3,36,0,0.22348484509871447,3.6875,1,1,0,0,0,0,1,0,0,0,0,1,0,0
354.84,13,0,0,57,4,47,0,6.2252630486795955,70.96799999999999,0,0,0,0,0,0,0,0,1,1,0,0,0,0
418.94,14,0,0,94,1,63,0,4.456808463225442,209.47,0,0,0,0,0,0,0,1,0,1,0,0,0,0
118.23,5,0,0,70,3,40,1,1.6889999758714291,29.5575,0,0,0,0,1,0,0,0,0,0,0,0,1,0
62.12,8,0,0,72,3,32,0,0.8627777657947533,15.53,0,0,0,0,0,0,0,0,1,0,0,1,0,0
129.37,11,0,0,30,3,33,0,4.312333189588894,32.3425,0,0,0,1,0,0,0,0,1,0,0,1,0,0
7.46,23,0,0,39,3,20,0,0.19128204637738344,1.865,0,0,0,1,1,0,0,0,0,0,1,0,0,0
108.91,20,0,0,52,2,34,0,2.094423036645711,36.303333333333335,0,0,0,0,0,0,0,0,1,0,1,0,0,0
199.96,19,0,0,27,1,22,0,7.4059256516323835,99.98,0,0,0,1,1,0,0,0,0,0,1,0,0,0
273.66,17,0,0,78,5,47,0,3.5084614934812635,45.61000000000001,0,0,0,0,0,0,0,0,1,1,0,0,0,0
167.49,7,0,0,58,3,31,0,2.8877585709007145,41.8725,0,0,0,0,0,0,0,1,0,0,0,1,0,0
64.8,0,0,0,95,1,35,1,0.6821052559778394,32.4,0,0,0,0,1,0,0,0,0,0,0,0,1,0
59.37,20,1,0,75,4,27,0,0.7915999894453335,11.873999999999999,1,1,0,0,1,0,0,0,0,0,1,0,0,0
267.02,16,0,0,80,2,33,0,3.3377499582781254,89.00666666666666,0,0,0,0,1,0,0,0,0,1,0,0,0,0
332.74,11,0,0,81,3,63,0,4.107901183853072,83.185,0,0,0,0,0,1,0,0,0,0,0,1,0,0
107.47,22,0,1,46,0,23,0,2.3363042970368633,107.47,1,1,0,0,0,0,0,1,0,0,1,0,0,0
39.38,5,0,0,46,2,46,1,0.8560869379111536,13.126666666666667,0,0,0,0,0,0,0,1,0,0,0,0,1,0
124.03,3,0,0,34,1,36,1,3.647941069178204,62.015,0,0,0,1,0,0,0,0,1,0,0,0,1,0
106.99,22,0,0,78,1,56,0,1.3716666490811968,53.495,0,0,0,0,0,0,0,1,0,0,1,0,0,0
388.8,3,1,1,31,0,61,1,12.541935079292417,388.8,1,2,0,1,1,0,0,0,0,0,0,0,1,1
105.03,13,0,0,33,1,25,0,3.182727176280995,52.515,0,0,0,1,1,0,0,0,0,1,0,0,0,0
215.42,23,0,1,81,3,65,0,2.659506140006097,53.855,1,1,0,0,0,1,0,0,0,0,1,0,0,0
164.62,9,0,0,53,2,67,0,3.1060376772445726,54.873333333333335,0,0,0,0,0,0,0,1,0,0,0,1,0,0
141.7,12,0,0,86,2,31,0,1.6476743994456464,47.23333333333333,0,0,0,0,0,1,0,0,0,1,0,0,0,0
131.14,7,0,0,32,1,58,0,4.098124871933598,65.57,0,0,0,1,0,0,0,0,1,0,0,1,0,0
96.45,5,0,0,93,0,50,1,1.0370967630419703,96.45,0,0,0,0,0,0,1,0,0,0,0,0,1,0
159.77,9,0,0,69,2,27,0,2.315507212818736,53.25666666666667,0,0,0,0,0,0,0,1,0,0,0,1,0,0
507.11,8,0,0,88,0,45,0,5.762613570879392,507.11,0,0,1,0,1,0,0,0,0,0,0,1,0,0
269.96,22,0,0,58,1,50,0,4.6544826783709885,134.98,0,0,0,0,0,0,1,0,0,0,1,0,0,0
241.2,6,0,0,55,0,26,0,4.385454465719009,241.2,0,0,0,0,0,0,0,1,0,0,0,1,0,0
13.47,8,1,0,70,1,22,0,0.1924285686795919,6.735,1,1,0,0,1,0,0,0,0,0,0,1,0,0
138.1,22,0,0,77,1,48,0,1.7935064702142016,69.05,0,0,0,0,0,0,1,0,0,0,1,0,0,0
22.88,1,0,0,36,2,23,1,0.6355555379012351,7.626666666666666,0,0,0,1,0,0,1,0,0,0,0,0,1,0
120.71,10,0,0,42,1,33,0,2.8740475506179153,60.355,0,0,0,0,0,0,1,0,0,0,0,1,0,0
19.47,4,0,0,69,2,47,1,0.2821739089540013,6.489999999999999,0,0,0,0,0,0,0,1,0,0,0,0,1,0
211.9,18,0,0,29,2,65,0,7.3068962997621965,70.63333333333334,0,0,0,1,0,1,0,0,0,0,1,0,0,0
49.85,15,0,0,58,2,55,0,0.8594827438020217,16.616666666666667,0,0,0,0,1,0,0,0,0,1,0,0,0,0
487.3,2,0,0,59,2,56,1,8.2593218939098,162.43333333333334,0,0,0,0,0,0,1,0,0,0,0,0,1,0
490.75,2,0,0,30,3,44,1,16.358332788055574,122.6875,0,0,0,1,0,0,1,0,0,0,0,0,1,0
20.2,18,0,0,28,5,32,0,0.7214285456632662,3.3666666666666667,0,0,0,1,1,0,0,0,0,0,1,0,0,0
52.02,8,0,0,65,2,53,0,0.8003076799952665,17.34,0,0,0,0,0,0,0,0,1,0,0,1,0,0
373.93,9,0,0,49,1,30,0,7.631224334056647,186.965,0,0,0,0,0,0,1,0,0,0,0,1,0,0
69.73,22,0,0,71,0,39,0,0.9821126622237654,69.73,0,0,0,0,0,0,0,1,0,0,1,0,0,0
200.69,6,0,1,71,0,21,0,2.8266196784983144,200.69,1,1,0,0,0,0,1,0,0,0,0,1,0,0
360.54,12,0,0,36,3,55,0,10.014999721805564,90.135,0,0,0,1,1,0,0,0,0,1,0,0,0,0
172.72,4,0,0,25,1,28,1,6.908799723648011,86.36,0,0,0,1,0,0,0,0,1,0,0,0,1,0
16.06,19,0,0,80,1,63,0,0.20074999749062503,8.03,0,0,0,0,0,0,0,0,1,0,1,0,0,0
85.28,9,0,0,33,2,65,0,2.5842423459320503,28.426666666666666,0,0,0,1,0,1,0,0,0,0,0,1,0,0
140.1,4,0,0,68,1,33,1,2.060294087348616,70.05,0,0,0,0,1,0,0,0,0,0,0,0,1,0
488.21,1,0,1,25,1,33,1,19.52839921886403,244.105,1,1,0,1,0,1,0,0,0,0,0,0,1,1
36.19,16,0,0,69,2,36,0,0.5244927460218443,12.063333333333333,0,0,0,0,1,0,0,0,0,1,0,0,0,0
100.61,19,0,0,68,3,44,0,1.479558801771194,25.1525,0,0,0,0,0,1,0,0,0,0,1,0,0,0
75.43,18,0,0,54,2,42,0,1.3968518259842255,25.143333333333334,0,0,0,0,0,0,1,0,0,0,1,0,0,0
80.85,22,1,0,93,3,43,0,0.869354829361776,20.2125,1,1,0,0,1,0,0,0,0,0,1,0,0,0
175.28,23,0,0,53,2,48,0,3.307169748921326,58.42666666666667,0,0,0,0,0,1,0,0,0,0,1,0,0,0
39.32,16,1,0,57,5,33,0,0.6898245493013238,6.553333333333334,1,1,0,0,1,0,0,0,0,1,0,0,0,0
165.66,1,0,0,29,3,64,1,5.712413596123668,41.415,0,0,0,1,0,0,0,0,1,0,0,0,1,0
75.01,20,0,0,42,1,24,0,1.7859523384297065,37.505,0,0,0,0,0,1,0,0,0,0,1,0,0,0
345.54,12,1,0,55,3,44,0,6.282545340317358,86.385,1,1,0,0,0,0,1,0,0,1,0,0,0,0
382.96,8,0,0,70,4,40,0,5.470857064702042,76.592,0,0,0,0,0,0,0,1,0,0,0,1,0,0
66.22,9,1,0,93,3,59,0,0.7120430030963119,16.555,1,1,0,0,0,0,0,0,1,0,0,1,0,0
21.9,12,0,0,83,2,49,0,0.26385541850776606,7.3,0,0,0,0,0,0,0,0,1,1,0,0,0,0
166.96,6,0,0,48,0,30,0,3.4783332608680575,166.96,0,0,0,0,0,0,0,0,1,0,0,1,0,0
42.22,12,0,0,61,2,55,0,0.6921311361945716,14.073333333333332,0,0,0,0,0,1,0,0,0,1,0,0,0,0
90.33,22,0,0,69,5,68,0,1.3091304158097041,15.055,0,0,0,0,0,1,0,0,0,0,1,0,0,0
0.56,2,0,0,44,4,43,1,0.012727272438016538,0.11200000000000002,0,0,0,0,0,0,0,0,1,0,0,0,1,0
42.99,15,0,0,49,3,19,0,0.8773469208704711,10.7475,0,0,0,0,0,0,0,1,0,1,0,0,0,0
454.72,21,0,0,40,3,42,0,11.367999715800009,113.68,0,0,0,0,0,0,0,0,1,0,1,0,0,0
111.14,10,0,0,77,1,31,0,1.4433766046314727,55.57,0,0,0,0,0,0,0,1,0,0,0,1,0,0
48.03,20,0,0,84,1,38,0,0.5717857074787416,24.015,0,0,0,0,0,0,0,0,1,0,1,0,0,0
145.38,21,0,0,60,1,51,0,2.4229999596166674,72.69,0,0,0,0,0,1,0,0,0,0,1,0,0,0
67.24,4,0,0,50,2,46,1,1.3447999731040006,22.41333333333333,0,0,0,0,0,0,1,0,0,0,0,0,1,0
30.79,0,0,0,57,1,60,1,0.5401754291197294,15.395,0,0,0,0,0,0,1,0,0,0,0,0,1,0
112.23,18,0,0,56,1,33,0,2.0041071070695162,56.115,0,0,0,0,0,0,1,0,0,0,1,0,0,0
81.29,21,0,0,82,4,48,0,0.9913414513251043,16.258000000000003,0,0,0,0,0,1,0,0,0,0,1,0,0,0
11.45,2,0,0,58,1,49,1,0.19741378969976225,5.725,0,0,0,0,0,0,0,0,1,0,0,0,1,0
20.44,6,0,0,53,3,25,0,0.38566037008187987,5.11,0,0,0,0,0,0,0,1,0,0,0,1,0,0
188.78,22,0,0,58,2,27,0,3.2548275300891807,62.92666666666667,0,0,0,0,0,0,0,0,1,0,1,0,0,0
109.47,17,0,0,65,2,68,0,1.6841538202437873,36.49,0,0,0,0,0,0,0,1,0,1,0,0,0,0
422.11,0,0,0,58,6,52,1,7.277758495211061,60.30142857142857,0,0,0,0,1,0,0,0,0,0,0,0,1,0
499.21,16,0,0,54,2,66,0,9.244629458432788,166.40333333333334,0,0,0,0,0,0,1,0,0,1,0,0,0,0
485.39,22,0,0,35,1,59,0,13.868285318048992,242.695,0,0,0,1,0,0,1,0,0,0,1,0,0,0
416.2,0,1,0,30,2,52,1,13.873332870888904,138.73333333333332,1,1,0,1,0,0,0,0,1,0,0,0,1,1
70.86,23,0,0,90,1,54,0,0.7873333245851853,35.43,0,0,0,0,0,0,0,0,1,0,1,0,0,0
90.49,18,0,0,48,2,45,0,1.8852082940581605,30.16333333333333,0,0,0,0,0,0,1,0,0,0,1,0,0,0
19.12,2,0,1,85,2,56,1,0.2249411738242215,6.373333333333334,1,1,0,0,0,0,0,0,1,0,0,0,1,0
31.25,21,0,0,60,2,54,0,0.520833324652778,10.416666666666666,0,0,0,0,0,1,0,0,0,0,1,0,0,0
26.37,12,0,0,29,0,65,0,0.9093103134720582,26.37,0,0,0,1,1,0,0,0,0,1,0,0,0,0
111.81,3,0,0,59,1,49,1,1.895084713642632,55.905,0,0,0,0,0,0,0,0,1,0,0,0,1,0
26.81,3,0,0,81,2,54,1,0.3309876502347204,8.936666666666666,0,0,0,0,0,1,0,0,0,0,0,0,1,0
113.03,15,0,0,96,2,67,0,1.1773958210687936,37.67666666666667,0,0,0,0,0,1,0,0,0,1,0,0,0,0
77.5,21,0,0,44,1,19,0,1.7613635963326457,38.75,0,0,0,0,0,0,1,0,0,0,1,0,0,0
292.49,12,0,0,39,1,26,0,7.499743397442478,146.245,0,0,0,1,0,0,0,1,0,1,0,0,0,0
71.29,5,0,0,84,1,46,1,0.8486904660870184,35.645,0,0,0,0,0,1,0,0,0,0,0,0,1,0
717.43,23,0,0,84,2,54,0,8.540833231656746,239.14333333333332,0,0,1,0,0,1,0,0,0,0,1,0,0,0
90.8,23,0,0,86,1,24,0,1.0558139412114658,45.4,0,0,0,0,1,0,0,0,0,0,1,0,0,0
12.38,4,0,0,28,0,40,1,0.4421428413520414,12.38,0,0,0,1,0,0,0,1,0,0,0,0,1,0
703.4,14,0,0,96,2,35,0,7.32708325700955,234.46666666666667,0,0,1,0,0,0,1,0,0,1,0,0,0,0
300.65,13,0,0,73,0,42,0,4.118493094267218,300.65,0,0,0,0,0,0,1,0,0,1,0,0,0,0
152.68,0,0,0,67,2,29,1,2.278805936137225,50.89333333333334,0,0,0,0,0,0,0,0,1,0,0,0,1,0
335.24,4,0,0,38,1,43,1,8.822105030997237,167.62,0,0,0,1,0,0,0,1,0,0,0,0,1,0
592.8,14,1,0,29,2,49,0,20.4413786054697,197.6,1,1,1,1,0,0,0,1,0,1,0,0,0,0
4.68,3,0,0,97,3,57,1,0.04824742218301627,1.17,0,0,0,0,0,0,1,0,0,0,0,0,1,0
232.38,8,0,0,48,2,20,0,4.841249899140627,77.46,0,0,0,0,0,0,0,1,0,0,0,1,0,0
7.34,1,0,1,32,1,34,1,0.2293749928320315,3.67,1,1,0,1,0,0,1,0,0,0,0,0,1,1
52.07,16,0,1,89,1,37,0,0.5850561732016161,26.035,1,1,0,0,0,0,0,1,0,1,0,0,0,0
357.5,4,0,0,77,1,35,1,4.6428570825602975,178.75,0,0,0,0,0,0,1,0,0,0,0,0,1,0
4.63,1,1,0,79,1,60,1,0.05860759419484058,2.315,1,1,0,0,0,0,0,1,0,0,0,0,1,0
155.45,11,0,0,46,0,52,0,3.379347752622875,155.45,0,0,0,0,0,1,0,0,0,0,0,1,0,0
135.02,22,0,0,55,0,24,0,2.4549090462743814,135.02,0,0,0,0,0,0,0,0,1,0,1,0,0,0
44.74,8,0,0,98,2,55,0,0.4565306075864224,14.913333333333334,0,0,0,0,0,0,0,1,0,0,0,1,0,0
464.38,10,0,0,43,2,30,0,10.799534632568962,154.79333333333332,0,0,0,0,0,0,1,0,0,0,0,1,0,0
0.11,1,0,1,25,1,20,1,0.004399999824000007,0.055,1,1,0,1,0,0,1,0,0,0,0,0,1,1
52.91,17,0,0,98,1,40,0,0.5398979536745107,26.455,0,0,0,0,0,0,1,0,0,1,0,0,0,0
94.33,7,0,0,41,2,67,0,2.300731651201667,31.44333333333333,0,0,0,0,0,0,0,1,0,0,0,1,0,0
460.19,14,0,0,38,4,20,0,12.11026283920361,92.038,0,0,0,1,0,0,0,0,1,1,0,0,0,0
139.14,13,0,0,90,0,21,0,1.5459999828222224,139.14,0,0,0,0,1,0,0,0,0,1,0,0,0,0
25.63,1,0,0,39,3,45,1,0.6571794703287316,6.4075,0,0,0,1,0,1,0,0,0,0,0,0,1,0
51.43,13,0,0,60,0,62,0,0.8571666523805558,51.43,0,0,0,0,1,0,0,0,0,1,0,0,0,0
213.63,1,0,1,56,3,60,1,3.814821360449619,53.4075,1,1,0,0,0,0,0,0,1,0,0,0,1,0
13.52,14,0,1,28,3,22,0,0.4828571256122455,3.38,1,1,0,1,0,0,0,1,0,1,0,0,0,0
6.63,7,0,0,50,3,33,0,0.13259999734800007,1.6575,0,0,0,0,0,0,0,1,0,0,0,1,0,0
101.29,19,0,1,55,3,32,0,1.8416363301520668,25.3225,1,1,0,0,0,0,0,1,0,0,1,0,0,0
268.69,8,0,0,55,1,48,0,4.885272638449589,134.345,0,0,0,0,0,1,0,0,0,0,0,1,0,0
125.31,5,0,0,85,3,18,1,1.4742352767737028,31.3275,0,0,0,0,1,0,0,0,0,0,0,0,1,0
24.44,18,0,0,79,3,69,0,0.30936708469155594,6.11,0,0,0,0,0,0,0,0,1,0,1,0,0,0
118.4,2,0,0,78,2,24,1,1.5179486984878374,39.46666666666667,0,0,0,0,1,0,0,0,0,0,0,0,1,0
391.81,16,0,0,52,2,24,0,7.5348075474075475,130.60333333333332,0,0,0,0,0,0,1,0,0,1,0,0,0,0
29.56,22,0,0,75,2,50,0,0.39413332807822227,9.853333333333333,0,0,0,0,0,0,0,1,0,0,1,0,0,0
52.86,19,0,1,95,1,29,0,0.5564210467745153,26.43,1,1,0,0,0,0,1,0,0,0,1,0,0,0
201.42,5,0,0,99,3,50,1,2.0345454339944906,50.355,0,0,0,0,0,1,0,0,0,0,0,0,1,0
225.37,14,1,0,66,1,28,0,3.4146969179591378,112.685,1,1,0,0,0,0,0,0,1,1,0,0,0,0
179.52,17,0,0,36,4,44,0,4.986666528148152,35.904,0,0,0,1,0,0,0,1,0,1,0,0,0,0
128.4,1,1,0,35,3,29,1,3.6685713237551054,32.1,1,1,0,1,0,0,0,0,1,0,0,0,1,1
193.74,4,0,0,35,4,41,1,5.535428413273475,38.748000000000005,0,0,0,1,1,0,0,0,0,0,0,0,1,0
83.76,11,0,0,59,1,69,0,1.419660992887102,41.88,0,0,0,0,0,0,0,0,1,0,0,1,0,0
440.73,0,0,0,67,2,30,1,6.578059603312544,146.91,0,0,0,0,0,0,0,0,1,0,0,0,1,0
126.5,3,0,0,92,1,38,1,1.374999985054348,63.25,0,0,0,0,1,0,0,0,0,0,0,0,1,0
9.58,14,0,0,54,3,59,0,0.1774074041220851,2.395,0,0,0,0,0,0,0,1,0,1,0,0,0,0
7.79,20,0,0,88,4,46,0,0.0885227262667872,1.558,0,0,0,0,0,0,0,1,0,0,1,0,0,0
173.27,3,0,0,76,2,40,1,2.2798683910543636,57.75666666666667,0,0,0,0,0,1,0,0,0,0,0,0,1,0
88.28,16,0,0,77,0,48,0,1.1464934916039806,88.28,0,0,0,0,1,0,0,0,0,1,0,0,0,0
123.5,15,0,0,75,4,56,0,1.6466666447111113,24.7,0,0,0,0,0,0,1,0,0,1,0,0,0,0
299.46,14,0,0,34,2,54,0,8.807646799775094,99.82,0,0,0,1,1,0,0,0,0,1,0,0,0,0
56.53,20,0,0,58,3,29,0,0.974655155609394,14.1325,0,0,0,0,1,0,0,0,0,0,1,0,0,0
235.48,15,0,0,67,4,62,0,3.5146268132145253,47.096,0,0,0,0,0,0,0,1,0,1,0,0,0,0
41.71,7,0,0,40,3,48,0,1.0427499739312507,10.4275,0,0,0,0,0,0,0,1,0,0,0,1,0,0
57.77,8,0,0,70,1,50,0,0.8252857024959186,28.885,0,0,0,0,0,0,1,0,0,0,0,1,0,0
2.17,19,0,0,97,3,41,0,0.022371133789988312,0.5425,0,0,0,0,1,0,0,0,0,0,1,0,0,0
349.44,4,0,0,84,5,55,1,4.159999950476191,58.24,0,0,0,0,0,0,0,0,1,0,0,0,1,0
49.79,7,0,0,93,3,54,0,0.5353763383292867,12.4475,0,0,0,0,0,1,0,0,0,0,0,1,0,0
349.74,1,0,0,90,1,60,1,3.8859999568222228,174.87,0,0,0,0,0,0,0,1,0,0,0,0,1,0
160.77,15,0,0,68,2,43,0,2.364264671113755,53.59,0,0,0,0,0,0,1,0,0,1,0,0,0,0
167.24,21,1,0,57,2,44,0,2.9340350362449996,55.74666666666667,1,1,0,0,0,0,1,0,0,0,1,0,0,0
6.4,10,0,0,30,2,61,0,0.21333332622222245,2.1333333333333333,0,0,0,1,0,0,0,0,1,0,0,1,0,0
92.63,21,0,0,45,3,35,0,2.0584443987012357,23.1575,0,0,0,0,0,1,0,0,0,0,1,0,0,0
292.97,7,0,0,75,3,41,0,3.9062666145831124,73.2425,0,0,0,0,0,0,1,0,0,0,0,1,0,0
282.8,2,0,0,42,2,53,1,6.733333173015877,94.26666666666667,0,0,0,0,0,0,1,0,0,0,0,0,1,0
357.75,2,1,0,47,0,20,1,7.611701965708469,357.75,1,1,0,0,1,0,0,0,0,0,0,0,1,0
274.8,2,0,0,48,1,52,1,5.72499988072917,137.4,0,0,0,0,0,0,1,0,0,0,0,0,1,0
38.02,22,0,0,75,1,55,0,0.5069333265742224,19.01,0,0,0,0,0,0,1,0,0,0,1,0,0,0
32.99,13,0,0,69,2,61,0,0.47811593509976913,10.996666666666668,0,0,0,0,0,0,0,0,1,1,0,0,0,0
80.2,3,0,0,53,2,67,1,1.5132075186187262,26.733333333333334,0,0,0,0,0,0,1,0,0,0,0,0,1,0
334.62,13,0,0,63,0,44,0,5.311428487120183,334.62,0,0,0,0,0,0,0,0,1,1,0,0,0,0
19.84,19,0,0,65,4,64,0,0.3052307645349113,3.968,0,0,0,0,0,0,0,0,1,0,1,0,0,0
51.67,4,0,0,82,2,52,1,0.6301219435350983,17.223333333333333,0,0,0,0,0,0,0,0,1,0,0,0,1,0
612.43,17,0,0,51,0,27,0,12.008431137089586,612.43,0,0,1,0,0,0,1,0,0,1,0,0,0,0
344.56,4,0,0,95,2,32,1,3.62694733024266,114.85333333333334,0,0,0,0,0,0,1,0,0,0,0,0,1,0
93.2,17,0,0,52,3,68,0,1.7923076578402375,23.3,0,0,0,0,0,0,0,1,0,1,0,0,0,0
285.32,15,1,0,94,0,34,0,3.035319116645541,285.32,1,1,0,0,0,0,0,0,1,1,0,0,0,0
81.23,0,0,0,79,2,40,1,1.0282278350857237,27.076666666666668,0,0,0,0,0,1,0,0,0,0,0,0,1,0
370.59,20,0,0,89,2,55,0,4.163932537483904,123.52999999999999,0,0,0,0,0,0,0,1,0,0,1,0,0,0
87.08,2,0,0,78,2,68,1,1.1164102420973046,29.026666666666667,0,0,0,0,0,1,0,0,0,0,0,0,1,0
114.23,20,0,0,96,4,54,0,1.1898958209385853,22.846,0,0,0,0,0,0,0,1,0,0,1,0,0,0
50.77,17,0,0,97,1,57,0,0.5234020564597727,25.385,0,0,0,0,0,0,1,0,0,1,0,0,0,0
611.98,13,1,1,31,0,53,0,19.741289685764848,611.98,1,2,1,1,0,0,0,1,0,1,0,0,0,1
208.89,20,1,0,80,0,42,0,2.611124967360938,208.89,1,1,0,0,0,1,0,0,0,0,1,0,0,0
91.24,3,0,0,76,2,54,1,1.200526299993075,30.41333333333333,0,0,0,0,0,1,0,0,0,0,0,0,1,0
82.92,23,1,0,49,2,41,0,1.6922448634235743,27.64,1,1,0,0,0,1,0,0,0,0,1,0,0,0
73.51,3,0,0,47,2,42,1,1.5640425199139891,24.503333333333334,0,0,0,0,0,0,1,0,0,0,0,0,1,0
78.97,15,1,0,29,3,48,0,2.723103354375746,19.7425,1,1,0,1,0,0,0,0,1,1,0,0,0,0
145.36,5,0,0,58,0,21,1,2.5062068533412614,145.36,0,0,0,0,0,0,1,0,0,0,0,0,1,0
34.65,1,1,0,68,0,55,1,0.5095588160358998,34.65,1,1,0,0,0,0,0,0,1,0,0,0,1,0
135.77,21,1,0,89,4,31,0,1.5255056008370158,27.154000000000003,1,1,0,0,0,0,0,1,0,0,1,0,0,0
658.29,5,0,0,47,0,58,1,14.006169914762342,658.29,0,0,1,0,1,0,0,0,0,0,0,0,1,0
12.29,19,0,0,35,1,26,0,0.3511428471102044,6.145,0,0,0,1,1,0,0,0,0,0,1,0,0,0
39.26,11,1,1,34,3,45,0,1.1547058483910044,9.815,1,2,0,1,1,0,0,0,0,0,0,1,0,1
72.81,20,1,0,57,0,42,0,1.2773683986426598,72.81,1,1,0,0,0,1,0,0,0,0,1,0,0,0
237.51,19,1,0,87,2,39,0,2.72999996862069,79.17,1,1,0,0,0,0,0,0,1,0,1,0,0,0
279.59,12,0,0,58,1,62,0,4.820517158266945,139.795,0,0,0,0,0,0,0,0,1,1,0,0,0,0
7.76,13,0,0,79,3,59,0,0.09822784685787536,1.94,0,0,0,0,1,0,0,0,0,1,0,0,0,0
94.84,14,0,0,28,0,64,0,3.3871427361734736,94.84,0,0,0,1,0,0,0,0,1,1,0,0,0,0
171.39,4,0,0,55,2,31,1,3.116181761523968,57.129999999999995,0,0,0,0,1,0,0,0,0,0,0,0,1,0
118.81,16,0,0,76,2,60,0,1.5632894531146126,39.60333333333333,0,0,0,0,0,0,1,0,0,1,0,0,0,0
294.35,9,0,0,32,1,49,0,9.19843721254884,147.175,0,0,0,1,1,0,0,0,0,0,0,1,0,0
161.55,21,0,0,51,1,29,0,3.1676469967128043,80.775,0,0,0,0,0,0,0,0,1,0,1,0,0,0
431.4,6,0,0,85,0,49,0,5.075294057937717,431.4,0,0,0,0,1,0,0,0,0,0,0,1,0,0
16.19,12,0,0,73,2,66,0,0.22178081887971485,5.396666666666667,0,0,0,0,0,0,1,0,0,1,0,0,0,0
224.44,17,0,0,63,1,48,0,3.562539625991435,112.22,0,0,0,0,0,0,0,0,1,1,0,0,0,0
12.41,5,1,0,90,1,50,1,0.13788888735679014,6.205,1,1,0,0,0,0,0,1,0,0,0,0,1,0
361.12,6,0,0,70,3,63,0,5.158857069159185,90.28,0,0,0,0,0,0,0,0,1,0,0,1,0,0
9.1,13,0,0,65,3,37,0,0.13999999784615388,2.275,0,0,0,0,0,0,0,1,0,1,0,0,0,0
78.16,6,1,0,80,1,62,0,0.9769999877875002,39.08,1,1,0,0,0,0,0,1,0,0,0,1,0,0
36.88,19,0,0,77,1,66,0,0.47896103274076585,18.44,0,0,0,0,0,0,0,1,0,0,1,0,0,0
351.26,2,0,0,84,1,65,1,4.181666616884921,175.63,0,0,0,0,0,0,1,0,0,0,0,0,1,0
120.17,0,0,0,61,1,67,1,1.9699999677049187,60.085,0,0,0,0,1,0,0,0,0,0,0,0,1,0
47.76,13,0,0,29,6,66,0,1.6468964949346034,6.822857142857143,0,0,0,1,0,0,0,0,1,1,0,0,0,0
125.38,16,0,0,44,1,44,0,2.8495453897830596,62.69,0,0,0,0,0,0,1,0,0,1,0,0,0,0
129.15,23,0,0,27,1,36,0,4.783333156172846,64.575,0,0,0,1,0,0,1,0,0,0,1,0,0,0
58.36,21,0,1,55,4,27,0,1.0610908897983475,11.672,1,1,0,0,0,0,1,0,0,0,1,0,0,0
94.23,6,0,0,36,1,33,0,2.617499927291669,47.115,0,0,0,1,0,1,0,0,0,0,0,1,0,0
562.43,8,0,0,57,3,56,0,9.867192809347495,140.6075,0,0,1,0,1,0,0,0,0,0,0,1,0,0
524.43,21,0,0,50,1,32,0,10.488599790228005,262.215,0,0,1,0,1,0,0,0,0,0,1,0,0,0
114.98,19,0,0,90,2,32,0,1.277555541360494,38.32666666666667,0,0,0,0,0,1,0,0,0,0,1,0,0,0
140.31,5,0,1,98,4,19,1,1.4317346792680135,28.062,1,1,0,0,0,0,1,0,0,0,0,0,1,0
7.01,8,0,0,63,1,45,0,0.11126983950365334,3.505,0,0,0,0,1,0,0,0,0,0,0,1,0,0
335.06,7,0,0,89,0,36,0,3.7647190588233816,335.06,0,0,0,0,0,0,1,0,0,0,0,1,0,0
151.7,2,0,0,77,1,42,1,1.9701298445437683,75.85,0,0,0,0,0,0,0,0,1,0,0,0,1,0
85.56,7,0,0,49,4,69,0,1.7461224133444406,17.112000000000002,0,0,0,0,0,0,1,0,0,0,0,1,0,0
179.68,14,0,0,68,1,22,0,2.64235290231834,89.84,0,0,0,0,0,1,0,0,0,1,0,0,0,0
77.61,8,0,0,44,2,65,0,1.7638635962758273,25.87,0,0,0,0,0,0,0,1,0,0,0,1,0,0
47.63,22,0,0,86,3,40,0,0.5538372028623582,11.9075,0,0,0,0,0,0,1,0,0,0,1,0,0,0
3.31,4,1,0,33,1,34,1,0.10030302726354463,1.655,1,1,0,1,0,0,1,0,0,0,0,0,1,0
22.6,17,0,0,61,3,65,0,0.37049179720505254,5.65,0,0,0,0,1,0,0,0,0,1,0,0,0,0
614.72,8,1,0,36,6,43,0,17.075555081234583,87.81714285714285,1,1,1,1,0,0,0,1,0,0,0,1,0,1
0.97,20,0,0,87,1,56,0,0.01114942515920201,0.485,0,0,0,0,1,0,0,0,0,0,1,0,0,0
24.0,23,0,0,65,2,53,0,0.36923076355029594,8.0,0,0,0,0,0,0,0,1,0,0,1,0,0,0
28.54,6,0,0,67,0,39,0,0.425970142895968,28.54,0,0,0,0,0,0,0,0,1,0,0,1,0,0
431.84,5,1,0,81,3,19,1,5.331357958872124,107.96,1,1,0,0,0,0,0,1,0,0,0,0,1,0
425.5,22,0,0,65,4,45,0,6.546153745443789,85.1,0,0,0,0,0,1,0,0,0,0,1,0,0,0
58.79,16,0,0,89,1,27,0,0.6605617903307665,29.395,0,0,0,0,1,0,0,0,0,1,0,0,0,0
871.18,6,0,0,76,3,58,0,11.462894586014544,217.795,0,0,1,0,0,0,1,0,0,0,0,1,0,0
21.63,4,0,1,43,1,59,1,0.5030232441157385,10.815,1,1,0,0,0,1,0,0,0,0,0,0,1,0
296.08,9,0,0,79,1,56,0,3.747848053824708,148.04,0,0,0,0,0,1,0,0,0,0,0,1,0,0
214.98,22,0,0,68,0,23,0,3.16147054174308,214.98,0,0,0,0,0,0,1,0,0,0,1,0,0,0
79.2,15,0,0,80,2,21,0,0.9899999876250002,26.400000000000002,0,0,0,0,1,0,0,0,0,1,0,0,0,0
802.54,13,0,0,46,4,54,0,17.44652135985823,160.50799999999998,0,0,1,0,0,0,0,0,1,1,0,0,0,0
290.58,5,0,0,76,5,69,1,3.823421002323408,48.43,0,0,0,0,0,1,0,0,0,0,0,0,1,0
108.12,8,0,0,68,0,56,0,1.5899999766176476,108.12,0,0,0,0,0,0,1,0,0,0,0,1,0,0
102.12,9,0,0,48,1,32,0,2.1274999556770844,51.06,0,0,0,0,0,0,1,0,0,0,0,1,0,0
99.42,6,0,0,67,1,40,0,1.4838805748674542,49.71,0,0,0,0,0,0,0,1,0,0,0,1,0,0
116.59,7,0,0,78,0,23,0,1.4947435705802108,116.59,0,0,0,0,0,0,0,0,1,0,0,1,0,0
195.86,2,1,0,52,1,51,1,3.7665383891050315,97.93,1,1,0,0,0,0,0,1,0,0,0,0,1,0
108.33,22,0,0,84,3,31,0,1.2896428417899661,27.0825,0,0,0,0,1,0,0,0,0,0,1,0,0,0
10.11,6,0,0,81,0,51,0,0.12481481327389118,10.11,0,0,0,0,0,1,0,0,0,0,0,1,0,0
151.72,23,1,1,86,1,25,0,1.764186025997837,75.86,1,2,0,0,1,0,0,0,0,0,1,0,0,0
40.28,5,0,0,73,2,19,1,0.5517808143591669,13.426666666666668,0,0,0,0,0,0,0,1,0,0,0,0,1,0
166.91,21,0,0,92,4,35,0,1.8142391107147924,33.382,0,0,0,0,0,0,0,0,1,0,1,0,0,0
86.38,12,1,0,56,4,26,0,1.5424999724553576,17.276,1,1,0,0,1,0,0,0,0,1,0,0,0,0
287.4,16,0,0,83,2,41,0,3.462650560690957,95.8,0,0,0,0,0,0,0,1,0,1,0,0,0,0
130.31,14,0,0,44,1,55,0,2.9615908417820265,65.155,0,0,0,0,0,0,0,0,1,1,0,0,0,0
8.76,23,0,0,99,4,50,0,0.08848484759106215,1.752,0,0,0,0,0,1,0,0,0,0,1,0,0,0
234.49,21,0,0,54,2,46,0,4.342407326992458,78.16333333333334,0,0,0,0,1,0,0,0,0,0,1,0,0,0
289.7,14,0,0,79,2,30,0,3.667088561176094,96.56666666666666,0,0,0,0,1,0,0,0,0,1,0,0,0,0
162.03,15,0,1,55,4,53,0,2.945999946436365,32.406,1,1,0,0,0,0,0,0,1,1,0,0,0,0
20.58,12,0,0,98,1,58,0,0.20999999785714288,10.29,0,0,0,0,0,1,0,0,0,1,0,0,0,0
341.0,2,0,0,93,2,22,1,3.666666627240144,113.66666666666667,0,0,0,0,0,0,1,0,0,0,0,0,1,0
2.05,4,1,0,28,0,25,1,0.07321428309948988,2.05,1,1,0,1,0,0,0,0,1,0,0,0,1,0
35.54,18,0,0,73,4,63,0,0.48684930839932455,7.108,0,0,0,0,0,0,1,0,0,0,1,0,0,0
204.85,22,0,0,25,2,47,0,8.193999672240013,68.28333333333333,0,0,0,1,0,1,0,0,0,0,1,0,0,0
40.2,10,1,1,38,4,59,0,1.057894709002771,8.040000000000001,1,2,0,1,0,0,0,1,0,0,0,1,0,1
454.89,0,0,0,27,2,48,1,16.84777715378603,151.63,0,0,0,1,0,0,1,0,0,0,0,0,1,0
222.23,12,0,0,86,1,53,0,2.584069737394538,111.115,0,0,0,0,0,0,0,1,0,1,0,0,0,0
257.31,17,0,0,55,3,59,0,4.678363551302481,64.3275,0,0,0,0,0,0,0,0,1,1,0,0,0,0
122.97,17,0,0,28,0,21,0,4.39178555743623,122.97,0,0,0,1,0,1,0,0,0,1,0,0,0,0
77.22,12,0,0,26,1,20,0,2.969999885769235,38.61,0,0,0,1,0,1,0,0,0,1,0,0,0,0
166.65,6,0,0,91,0,63,0,1.8313186611943006,166.65,0,0,0,0,1,0,0,0,0,0,0,1,0,0
206.53,10,0,0,58,3,34,0,3.560862007571345,51.6325,0,0,0,0,0,0,1,0,0,0,0,1,0,0
297.82,12,0,0,51,0,63,0,5.839607728635142,297.82,0,0,0,0,0,0,0,0,1,1,0,0,0,0
195.16,16,0,0,28,0,69,0,6.969999751071437,195.16,0,0,0,1,0,0,0,0,1,1,0,0,0,0
151.48,9,0,0,63,1,29,0,2.4044444062786603,75.74,0,0,0,0,0,0,0,1,0,0,0,1,0,0
201.88,23,0,0,97,0,38,0,2.0812370919460093,201.88,0,0,0,0,0,0,0,0,1,0,1,0,0,0
892.23,17,0,0,87,1,59,0,10.255517123499803,446.115,0,0,1,0,0,1,0,0,0,1,0,0,0,0
248.28,11,0,0,69,0,69,0,3.59826081741651,248.28,0,0,0,0,0,1,0,0,0,0,0,1,0,0
306.09,17,0,0,88,3,66,0,3.47829541501937,76.5225,0,0,0,0,0,0,0,0,1,1,0,0,0,0
46.74,16,0,0,66,1,35,0,0.7081818074517908,23.37,0,0,0,0,0,0,0,1,0,1,0,0,0,0
264.86,21,0,0,84,3,66,0,3.1530952005583908,66.215,0,0,0,0,0,0,0,0,1,0,1,0,0,0
92.56,2,0,0,51,3,57,1,1.8149019251980016,23.14,0,0,0,0,0,0,0,0,1,0,0,0,1,0
9.76,3,0,0,43,0,40,1,0.2269767389075177,9.76,0,0,0,0,0,0,1,0,0,0,0,0,1,0
159.51,6,0,0,27,2,67,0,5.907777558971201,53.169999999999995,0,0,0,1,1,0,0,0,0,0,0,1,0,0
39.52,12,0,0,60,3,64,0,0.6586666556888892,9.88,0,0,0,0,0,1,0,0,0,1,0,0,0,0
106.95,2,1,0,64,4,47,1,1.6710937238891608,21.39,1,1,0,0,0,0,1,0,0,0,0,0,1,0
18.79,5,0,0,95,0,69,1,0.19778947160221608,18.79,0,0,0,0,0,0,1,0,0,0,0,0,1,0
23.4,1,0,1,95,5,23,1,0.24631578688088646,3.9,1,1,0,0,0,1,0,0,0,0,0,0,1,1
266.31,12,0,0,82,2,31,0,3.2476828872233794,88.77,0,0,0,0,0,0,0,1,0,1,0,0,0,0
112.7,11,0,0,30,0,46,0,3.7566665414444484,112.7,0,0,0,1,0,0,0,0,1,0,0,1,0,0
148.25,23,0,0,78,2,18,0,1.9006410012738333,49.416666666666664,0,0,0,0,1,0,0,0,0,0,1,0,0,0
248.21,10,0,0,26,0,36,0,9.54653809436392,248.21,0,0,0,1,0,1,0,0,0,0,0,1,0,0
540.6,1,0,0,96,1,40,1,5.631249941341147,270.3,0,0,1,0,0,0,0,0,1,0,0,0,1,0
257.1,10,0,0,84,5,49,0,3.0607142492772117,42.85,0,0,0,0,0,0,1,0,0,0,0,1,0,0
34.93,16,0,0,80,4,46,0,0.43662499454218756,6.986,0,0,0,0,0,0,0,0,1,1,0,0,0,0
119.05,18,0,0,94,1,27,0,1.2664893482288366,59.525,0,0,0,0,0,0,1,0,0,0,1,0,0,0
861.89,14,0,0,50,2,61,0,17.237799655244007,287.2966666666667,0,0,1,0,0,0,0,0,1,1,0,0,0,0
19.12,3,0,0,50,3,48,1,0.3823999923520002,4.78,0,0,0,0,1,0,0,0,0,0,0,0,1,0
274.15,7,0,0,58,3,45,0,4.726724056435792,68.5375,0,0,0,0,0,0,1,0,0,0,0,1,0,0
23.52,16,1,0,59,0,60,0,0.39864406103993116,23.52,1,1,0,0,1,0,0,0,0,1,0,0,0,0
20.19,7,0,0,82,2,40,0,0.24621950919244504,6.73,0,0,0,0,0,0,0,1,0,0,0,1,0,0
297.19,19,0,0,83,1,52,0,3.5806023664987667,148.595,0,0,0,0,1,0,0,0,0,0,1,0,0,0
367.38,12,1,0,26,3,33,0,14.129999456538481,91.845,1,1,0,1,0,0,1,0,0,1,0,0,0,0
224.84,7,0,0,56,0,31,0,4.014999928303573,224.84,0,0,0,0,0,1,0,0,0,0,0,1,0,0
323.59,23,0,0,41,4,28,0,7.892438831891735,64.71799999999999,0,0,0,0,0,0,0,1,0,0,1,0,0,0
76.63,10,0,0,60,2,53,0,1.277166645380556,25.543333333333333,0,0,0,0,0,0,0,1,0,0,0,1,0,0
93.86,15,0,1,69,1,67,0,1.3602898353581183,46.93,1,1,0,0,0,0,1,0,0,1,0,0,0,0
221.11,14,0,0,39,3,38,0,5.6694870341157175,55.2775,0,0,0,1,0,1,0,0,0,1,0,0,0,0
318.09,9,0,0,29,1,46,0,10.968620311426884,159.045,0,0,0,1,0,1,0,0,0,0,0,1,0,0
170.73,7,0,0,90,1,61,0,1.8969999789222225,85.365,0,0,0,0,0,0,1,0,0,0,0,1,0,0
73.44,10,0,0,44,0,42,0,1.6690908711570256,73.44,0,0,0,0,0,1,0,0,0,0,0,1,0,0
87.1,9,0,0,64,2,53,0,1.3609374787353519,29.03333333333333,0,0,0,0,0,0,0,1,0,0,0,1,0,0
137.75,9,0,0,25,3,36,0,5.509999779600008,34.4375,0,0,0,1,0,0,1,0,0,0,0,1,0,0
224.91,7,0,0,48,3,65,0,4.6856249023828145,56.2275,0,0,0,0,0,0,0,1,0,0,0,1,0,0
125.9,2,1,0,51,0,33,1,2.4686274025759336,125.9,1,1,0,0,1,0,0,0,0,0,0,0,1,0
29.23,0,1,0,25,2,58,1,1.1691999532320019,9.743333333333334,1,1,0,1,0,0,0,1,0,0,0,0,1,1
260.24,0,0,0,62,2,66,1,4.197419287138399,86.74666666666667,0,0,0,0,0,0,0,1,0,0,0,0,1,0
618.78,7,0,0,42,0,48,0,14.732856792074838,618.78,0,0,1,0,1,0,0,0,0,0,0,1,0,0
119.55,13,0,1,80,1,53,0,1.4943749813203127,59.775,1,1,0,0,0,0,1,0,0,1,0,0,0,0
50.98,8,1,0,52,6,62,0,0.9803845965310655,7.282857142857142,1,1,0,0,0,1,0,0,0,0,0,1,0,0
627.04,12,0,0,26,2,34,0,24.116922149349147,209.01333333333332,0,0,1,1,1,0,0,0,0,1,0,0,0,0
102.4,4,0,0,25,5,48,1,4.095999836160007,17.066666666666666,0,0,0,1,0,0,0,0,1,0,0,0,1,0
79.72,6,0,0,57,2,56,0,1.39859646669129,26.573333333333334,0,0,0,0,0,0,1,0,0,0,0,1,0,0
46.98,5,0,0,73,1,53,1,0.6435616350197036,23.49,0,0,0,0,0,1,0,0,0,0,0,0,1,0
38.82,11,0,0,57,0,63,0,0.6810526196306559,38.82,0,0,0,0,0,0,0,1,0,0,0,1,0,0
91.23,1,1,0,97,2,67,1,0.9405154542214902,30.41,1,1,0,0,1,0,0,0,0,0,0,0,1,0
354.06,6,0,0,25,3,56,0,14.162399433504023,88.515,0,0,0,1,0,1,0,0,0,0,0,1,0,0
237.43,7,0,0,97,1,36,0,2.447731933528537,118.715,0,0,0,0,1,0,0,0,0,0,0,1,0,0
142.37,5,0,0,68,3,47,1,2.093676439798876,35.5925,0,0,0,0,0,1,0,0,0,0,0,0,1,0
38.85,19,0,1,44,3,40,0,0.8829545253873973,9.7125,1,1,0,0,0,0,1,0,0,0,1,0,0,0
10.13,20,0,0,58,3,36,0,0.1746551694024971,2.5325,0,0,0,0,1,0,0,0,0,0,1,0,0,0
487.1,19,0,0,83,6,67,0,5.868674628088258,69.58571428571429,0,0,0,0,0,0,0,0,1,0,1,0,0,0
268.92,5,0,0,46,1,50,1,5.846086829432895,134.46,0,0,0,0,0,0,0,1,0,0,0,0,1,0
374.82,15,1,0,76,1,32,0,4.9318420403704994,187.41,1,1,0,0,0,0,1,0,0,1,0,0,0,0
15.85,8,0,0,88,1,30,0,0.1801136343168905,7.925,0,0,0,0,1,0,0,0,0,0,0,1,0,0
