is_fraud,prediction_prob
0,0.00013101737621112742
0,1.178339183999146e-06
0,0.04504178661069122
0,1.924073404489093e-10
0,3.2090064288952626e-05
0,7.381112722280721e-06
0,7.227942443297222e-08
0,1.7820706992073953e-06
0,3.1991712295027934e-09
0,4.925720113422411e-09
0,1.799130480505012e-08
0,8.115811232837344e-09
0,2.49616674718902e-07
0,5.805218575918146e-09
0,8.70814935663045e-08
0,1.1842729485088525e-07
0,1.0922227795756815e-08
0,0.05865838839998238
0,2.0601170546739083e-08
0,3.96235339662484e-08
0,2.924887883583629e-09
0,0.001588530471307943
0,7.80251708246788e-08
0,9.236109356170907e-05
0,3.5108284016247125e-09
0,1.764058839873414e-07
0,7.833601644857572e-06
0,1.8568531214349904e-06
0,0.00034229388351719384
0,7.607588994193353e-05
0,3.741190423494598e-08
0,1.1191666387728571e-06
0,2.867733706546625e-09
0,6.343090172607053e-08
0,2.566197234313275e-07
0,4.3822590548825405e-05
0,0.043635181486827455
0,4.815349651998687e-07
0,2.2143906678178667e-09
0,3.3378324238763452e-09
0,0.002676191776763174
0,1.4394840949361693e-07
0,2.4487272562505395e-08
0,0.0006437044046914136
0,1.2553804166621859e-09
0,0.00012826403050537723
0,1.4558360737875874e-08
0,2.2856369923555475e-05
0,0.0008266391703784438
0,1.154923876045478e-08
0,4.364840267334006e-06
0,0.008875038427398028
0,2.5426606483856652e-05
0,4.1023944538190864e-08
0,2.145350948896627e-06
0,2.034445933417206e-09
0,0.8613982923074779
0,1.2636081241856905e-10
0,3.529952377613728e-05
0,8.326797827667418e-07
0,0.0004004450057988482
0,2.277341247603086e-07
0,2.3647876234559783e-05
0,3.053899110321582e-08
0,0.0042569965740954915
0,2.334104758472143e-08
0,5.117065744562423e-10
0,1.7657437771139478e-08
0,9.899050513810675e-09
0,9.766708335360337e-06
0,2.9682705611663413e-05
0,2.665128691971181e-06
0,3.4421928486576924e-06
0,8.640166327953811e-08
0,1.6271777516566114e-09
0,2.0311511402428183e-05
0,0.015225421579600964
0,9.09409772722672e-06
0,0.0002448148593743483
0,0.0005658039444128659
0,7.2104615360823136e-09
0,1.774529815291295e-08
0,1.660757009926423e-07
0,5.93900844461322e-07
0,4.487713594116336e-05
0,3.7270432062598157e-10
0,1.0518565465424753e-09
0,0.0008381247709275279
0,2.523149102173278e-06
0,0.09657503448186934
0,2.0626770631976928e-07
0,7.145835116465456e-08
0,1.381733248928538e-07
0,0.0002455838619422374
0,2.853746909830906e-07
0,6.6933306345484865e-09
0,2.752619745955348e-10
0,3.983903906816639e-06
0,2.075581119048125e-08
0,1.100354866718315e-06
0,1.7040600885114553e-05
0,7.201327951124998e-10
0,2.6695008789671e-06
0,0.0006796149112736253
0,8.070351864281511e-05
0,5.506606048698041e-05
0,1.582405469647225e-06
0,1.0101037529083289e-07
0,0.005014905439550907
0,0.7078442899353063
0,5.431181035776174e-06
0,8.961202523722797e-09
0,3.446965026239426e-06
0,0.08335536836880124
0,3.095535405888832e-06
0,0.008437801928178366
0,8.04462008957758e-08
0,2.0504095872610776e-06
0,4.216485907923375e-09
0,2.729059208750647e-08
0,1.0084273875214178e-07
0,5.986904683328609e-08
0,7.405990537753839e-05
0,2.8521402664901554e-06
0,0.00014983073573152995
0,0.00012284684923241914
0,3.37163305595674e-05
0,9.181386705255678e-07
0,4.476376879475947e-06
0,5.643942015004818e-06
0,6.023984003134446e-06
0,0.0021335705188215833
0,7.017910294605118e-09
0,6.125509914472325e-06
0,3.219939548258596e-05
0,2.1094155087189912e-06
0,4.821092857402373e-07
0,4.862871587351182e-05
0,0.00020465917486793618
0,0.04444580991024949
0,5.027373454562538e-08
0,8.12520011337119e-09
0,2.3379835587657716e-08
0,2.1764343457034992e-09
0,0.0007637784713385465
0,0.19216588441688562
0,3.1127368827908625e-10
0,1.315813274145052e-06
0,4.6465206508061964e-07
0,9.477442289310078e-05
0,1.577691137515053e-05
0,7.063075813960244e-06
0,1.151768700936546e-09
0,0.04731592197972405
0,0.1314005605385562
0,0.9999853218020509
0,3.026615338480878e-08
0,8.872664589909502e-09
1,0.19784644525708153
0,0.0003137841270455236
0,0.00047438267456887973
0,5.228063504086025e-05
0,6.13898454312596e-10
0,2.159170335630668e-05
0,6.124546166650592e-07
0,2.1974361834683304e-09
0,7.945412002673125e-09
0,0.008891759819142748
0,2.864163879096775e-08
0,0.07752490971417486
0,4.9235701977624046e-08
0,1.5833521253144833e-05
0,0.3774709253982162
0,1.0255826563484091e-05
0,0.5869106794326027
0,3.5436099260149575e-08
0,0.00023796237437990892
0,1.51382953567063e-07
0,0.00013535696106870422
0,0.0034430685901515336
0,0.0005531786268043263
0,0.007045696418682871
0,4.512129581829852e-09
0,2.5589536560761964e-07
0,1.1901626124191084e-08
0,0.4514982963765229
0,0.06117625845612544
0,3.578715469531936e-08
0,1.8556987615236505e-06
0,4.152164900199256e-06
0,3.6945689922624154e-06
0,5.290350086274519e-09
0,4.393758771890364e-05
0,1.3802371593302067e-05
0,6.731548164033298e-10
0,5.112377505142202e-08
0,2.052223483681114e-09
0,1.2660889260964715e-09
0,3.026824729552966e-06
0,0.0001378764706995545
0,3.642999305286914e-09
0,2.014710987140581e-08
0,0.0001250392914487022
0,2.870286156312596e-05
0,0.3443463282837662
0,1.8843019251036392e-05
0,1.980548173441185e-08
0,8.801049539876567e-09
0,1.1061932046014031e-07
0,2.2534733022675688e-07
0,2.766257375950421e-10
0,0.7669841612285202
0,0.8949365029767659
0,0.0012311299095644612
1,0.998998361325221
0,1.0236345532996039e-08
0,4.271486218308602e-10
0,1.5257262744196256e-09
0,2.0832008629657518e-05
0,0.007296388135776115
0,0.4229316342551637
0,0.0019486154502169205
0,1.4966704510548016e-08
0,1.6777224989068943e-05
0,1.4343321845190908e-06
1,0.9860637557595603
0,2.690180881219999e-05
0,6.950206502212198e-07
0,0.006148051599827418
0,3.653512248202131e-07
0,1.2000126376183045e-09
0,0.0008937268295514325
0,5.752935677722682e-09
0,4.429807597625176e-08
0,0.09242110432384137
0,0.9999997303830249
0,2.6357939331041865e-06
0,1.5128006216851998e-05
0,0.06697948174084857
0,1.4725462552652324e-09
0,0.004858003445550472
0,6.57861736378411e-08
0,2.4030612644306614e-07
0,1.7636433856527004e-05
0,4.835838318191327e-05
0,5.85781183032063e-11
0,0.005242122399781384
0,1.7852878083153335e-07
0,1.8682811721795878e-06
0,6.940650769946859e-08
0,3.862096840279617e-08
0,1.5921977048682297e-09
0,1.7311217619348243e-08
1,0.9996260230358615
0,2.519813852848963e-08
0,4.0752451371224803e-08
0,3.199761259751396e-08
0,4.667642282202582e-05
0,0.11008178251250061
0,1.7693759587957495e-09
0,7.832518210118427e-10
0,8.981348801990018e-11
0,0.9955298823276336
0,1.6296454605868622e-09
0,0.000144741564002998
0,8.100979739140424e-09
0,0.007552133497712211
0,1.4375784103234347e-06
0,9.733450330739713e-05
0,1.3039426586344153e-06
0,6.225492147339759e-10
0,3.1668671038395926e-08
0,2.5291863808987018e-08
0,1.044175008986143e-09
0,0.0024160274063049192
0,0.000382147398081205
0,2.4991481021628577e-05
0,8.712444438213604e-08
0,1.570942074150268e-08
0,1.517740563548903e-07
0,2.336541882222737e-05
0,6.211029821558171e-10
0,0.0004770583338640156
0,2.442621247642204e-08
0,1.1489602239298424e-07
0,0.05631773539595313
0,6.067501514984254e-08
0,5.744463039948869e-10
0,5.055597004474731e-06
0,6.957668398312483e-08
0,9.113833513728023e-08
0,0.6216519219714395
0,2.077450376508497e-08
0,4.232257530088764e-09
0,6.444010053793311e-06
0,6.389169939186104e-07
0,1.7277119278315112e-06
0,0.03532917957665889
0,0.011628405321981273
0,9.574877419683887e-08
0,4.991798981117985e-07
0,1.8704367372588904e-06
0,2.039354688546106e-06
0,0.0003339364040456427
0,3.576016466978347e-08
0,6.77061336293115e-05
0,5.721756086304828e-07
0,1.9638102110582077e-07
0,1.2353094844438204e-07
0,1.3997035737437234e-08
0,0.00010200080970180205
0,3.0723682581116916e-07
0,0.6969735617666621
0,8.054715864023855e-10
0,3.0230570967146955e-09
0,1.0300213871104803e-08
0,2.2799519259436817e-06
0,1.621689622530183e-06
0,1.586213121800206e-05
0,5.6882938239835125e-09
0,2.4666783744355915e-06
0,9.53596756707088e-09
0,2.098974733504205e-05
0,1.4358516572870106e-05
0,1.530491134385513e-07
0,0.0017696750129209265
0,6.56686347748598e-08
0,0.0005068698745430335
0,0.0042220629815002955
0,2.9585701957515576e-08
0,3.43513587381686e-05
0,1.9378582201646892e-06
0,8.519057538519441e-07
0,0.004868916661488723
0,2.3780035212583417e-09
0,6.544283140783551e-05
0,1.0348287382370754e-05
0,9.630843021434242e-07
0,0.9999960496578177
0,9.781112577234889e-05
0,0.00036410110075402245
0,1.4673439296896242e-05
0,3.988246711169818e-08
0,7.241554285243205e-08
0,2.2812758537004944e-07
0,0.00023333764088772515
0,2.565629881168034e-05
0,2.0491574990407966e-07
0,1.4069419021585853e-06
0,1.3865571365239353e-08
0,0.0008769062589578755
0,4.5922858726510614e-07
0,3.2027565570299664e-09
1,0.9915062341392626
0,7.019769206166688e-06
0,7.390136528005262e-07
0,0.0001456423388163828
0,6.766628886608308e-07
0,7.41870101136257e-05
0,3.2028099909544384e-09
0,4.015012363821278e-08
0,5.496923447766518e-07
0,5.620245310648643e-09
0,7.209597727647232e-06
0,0.0849824374695173
0,0.0006974191518658777
0,3.7365583978194705e-09
0,1.3765625541491496e-07
0,0.00011728825171361239
0,1.660299902139067e-06
0,2.854415258978991e-08
0,0.13239740417685442
0,2.1154051367009927e-05
0,7.135060861027359e-10
0,1.0484103373430558e-08
0,0.0011951680577783155
0,3.5380679247415546e-05
1,0.030481491488018226
0,3.539211521873163e-10
0,5.320905424123791e-08
0,4.742663423921407e-05
0,4.2828291874731125e-08
0,7.315866086284823e-05
0,0.00013403506673972585
0,3.5801944226794957e-06
0,1.1460304656094142e-05
0,3.2948704883178197e-08
0,2.186232138032112e-05
0,2.3562583534248264e-08
0,8.371375103794599e-08
0,7.34062426468068e-07
1,0.9932765223752952
0,0.0010163856008722108
0,7.091597119257849e-05
0,9.31223816543751e-10
0,6.708617524409388e-07
0,5.7858485044543946e-05
0,6.050599790442107e-07
0,6.140425906661554e-07
0,0.16181491449957977
0,6.721776504759997e-09
0,4.8530865872908255e-08
0,1.7229432089865258e-05
0,2.6182425442300436e-07
0,3.422790553703528e-06
0,4.4658454585397365e-05
0,1.59440062947692e-08
1,0.7493919246257166
0,1.6112099415008958e-08
0,0.0007555994419073413
0,0.5446744004688509
0,0.042338539394501676
0,6.929949846273008e-10
0,3.082183125614486e-08
0,1.0273483036967647e-06
0,0.7118739017750259
0,0.0006125919923124968
0,0.03805192623202974
0,6.063592354449311e-09
0,2.445411044917651e-07
0,1.1424198615831705e-05
0,3.2580124374763714e-06
0,6.690626328521925e-07
0,1.2536889368898938e-08
0,8.153599335734748e-06
0,0.666125373940878
0,0.001190034435729278
0,0.01261987766836201
0,0.13389916556123177
0,3.542882966127008e-08
0,2.34674065766637e-09
0,0.024649320942175347
0,0.00022183463497487405
0,3.0629512158920344e-07
0,0.0018915796436528806
0,7.884255003372279e-06
0,3.5618307331665596e-06
0,7.670934137222934e-09
0,1.4760136635245694e-09
0,8.325566295449018e-07
0,1.2262082691936499e-08
0,1.0708294133166646e-06
0,1.1742030786402543e-09
0,9.459844374868527e-07
0,5.74526663087902e-06
0,2.2053910065608242e-08
0,0.9999483481114628
0,1.967516961698504e-05
0,4.384022203173357e-06
0,0.004142734254811558
0,5.703479897149437e-10
0,3.0132373636439566e-05
0,8.422858105987078e-08
0,3.301271544756048e-07
0,2.0073468048068998e-08
0,7.703335285010974e-10
0,5.14869492815191e-07
0,0.058017010780334714
0,5.933563669376514e-09
0,1.2619802229667507e-06
0,0.0003490399916319696
0,2.574285968398848e-09
0,2.596112872202802e-10
0,1.7751047583657343e-08
0,1.2276586693648302e-08
0,0.0009791054630532527
0,3.4104299240618547e-06
0,6.5656298119974005e-09
0,6.907128573943582e-08
0,9.352707604190222e-08
0,2.342227371168961e-06
0,1.3601451525654355e-07
0,1.3157282610271984e-08
0,9.66239415939089e-06
0,1.6344709555913138e-08
0,8.638899789384624e-08
0,5.462368269496457e-10
0,1.1197479762132833e-05
0,1.0590196603475002e-07
0,0.0017773218398000248
0,3.115834950433675e-08
0,1.3251958844736925e-07
0,1.65995955592824e-09
0,0.0006617067772278314
0,0.004068435344092199
0,1.4625957711456084e-08
0,1.028307670213809e-07
0,0.004600467740304568
0,4.44213895971928e-09
0,7.395185577672739e-05
0,1.428783804112647e-06
0,3.1997521519735753e-09
0,2.695366249762334e-06
0,1.0388684608775112e-08
0,3.3388653906152844e-05
0,1.602784221201331e-09
0,1.9685914992736423e-06
0,1.1082818739949181e-05
0,4.769175180516645e-07
0,0.19406285047022862
0,0.0002467960229477713
0,2.083063958135373e-08
0,9.752608300322471e-05
0,1.3854619387632722e-08
0,2.7870303428792416e-10
0,1.1271924574478602e-06
0,1.8845773719604456e-08
0,6.668738913032726e-10
0,0.263251171853941
0,1.2874294167213702e-08
0,2.564726310986514e-10
0,4.768110746868077e-07
0,6.3401847915409824e-06
0,2.7695256696947506e-06
0,2.4805826288388406e-08
0,8.695388846538023e-06
0,1.2279214982400826e-06
0,9.967487952331964e-07
0,1.352737181238499e-08
0,2.2127461272737968e-06
0,0.0005246901270213461
0,0.0003131773490138302
0,1.7685728219841147e-09
0,1.39134945233216e-06
0,0.0011418262373994216
0,0.009119106052598445
0,2.6815402634020726e-07
0,1.4339579483199486e-06
0,0.999678656337996
0,7.400218802149384e-10
0,0.0004810047175504357
0,2.23371438917267e-09
0,0.00043725560538471024
0,0.0015573524992579938
0,1.7441407845590368e-06
0,4.02021722386271e-08
0,2.1767479931173457e-05
0,1.3684043253461822e-07
0,6.595185598136536e-09
0,6.308036930351361e-10
0,3.197366430198637e-05
0,2.099629383089606e-06
0,3.163627099626237e-05
0,1.8743074461476858e-07
0,1.9714173858114725e-08
0,2.316752674056376e-07
0,9.459138622234512e-05
0,7.257899491771601e-06
0,1.1748998111866909e-07
0,1.3497844334778016e-07
0,8.506050541000126e-05
0,4.0266367218528286e-10
0,0.00035603160049597806
0,4.774510031108404e-10
0,0.00016208197936036622
0,4.3054684646694485e-07
0,0.018091134630332337
0,2.340343910069e-06
0,2.109891291889986e-07
0,7.329284633337605e-09
0,0.002138473681566899
0,0.0001710626893868035
0,3.5887728431390446e-10
0,2.269004119621788e-08
0,0.9999997839007497
0,4.073966005887198e-06
0,7.47023589731071e-10
0,1.6839747137079078e-09
0,4.004151633717364e-08
0,0.00013321020347262637
0,0.00019493139452903186
0,0.00311254987609251
0,1.4691527733405385e-08
0,8.844833718393073e-07
0,0.9774509312622487
0,0.010036124972903862
0,0.16392035535953198
0,0.0001879260378582622
0,7.983974623932049e-07
0,7.171752454493145e-05
0,4.972013336008852e-09
0,2.954196852290259e-05
0,0.0001080090400124826
0,1.4436724836482903e-06
0,2.7431019812585063e-06
0,0.0004550224427365799
0,2.7824183840503197e-08
0,0.0006104595252945548
0,0.00022424069737872116
0,0.01417232930561372
0,5.6227692899114166e-05
0,1.4235877309287092e-08
0,1.6339217317172701e-07
0,2.908512876026347e-08
0,0.0003835390680842344
0,3.703734875651787e-11
0,8.054020705212494e-09
0,0.9999999957322601
0,0.0018031045148688759
0,1.5640750595020236e-05
0,0.36463395580806596
0,2.1687707446694166e-06
0,3.199779765810818e-05
0,8.196065159644433e-05
0,1.383565827919853e-05
0,4.516989204482586e-06
0,1.231291416812033e-08
0,5.782596765401558e-06
0,5.403759470899464e-05
0,5.626169995247574e-08
1,0.9353419888805246
0,4.464940444331801e-09
0,0.000710385503889251
0,3.797806102859909e-07
0,0.4355962035461354
0,4.696597844482634e-09
0,2.2506542353926546e-10
0,4.598770891788766e-06
0,5.992938837161888e-06
0,2.382768659390694e-09
0,9.058383872322352e-09
0,0.00015405780365354321
0,6.044153150494352e-10
0,0.23263280315336496
0,4.417269661356537e-08
0,0.019048016931813374
0,0.0003730436544716116
0,7.143710431865083e-07
0,2.2977161509503493e-09
0,0.00048171310923237546
0,0.00025220556008186975
0,9.794940734842926e-08
0,5.642606748184832e-09
0,2.2872655889643532e-07
0,1.6959908567470913e-09
0,2.1919111775689204e-05
0,8.617182800562886e-05
0,4.849362804786154e-07
0,0.36491760879393204
0,4.665760635741941e-10
0,0.5415413244741109
0,2.1592978780955774e-08
0,6.557855941909637e-08
0,1.059465040046012e-08
0,3.030190510403804e-08
0,4.524798123150057e-10
0,2.3645493412131966e-08
0,5.330402175074993e-07
0,4.270576334932526e-05
0,1.4072052002094033e-09
0,2.2210852642794577e-05
0,1.8111447056763448e-06
0,0.018952804823699074
0,0.0019395197515266378
0,7.412352346411909e-08
0,2.2714885691633512e-07
0,7.39991777026088e-05
0,1.0300208682236857e-05
0,1.1986794638146765e-09
0,1.7853952506958894e-08
0,2.3348994968237805e-05
0,3.526319114539296e-09
0,5.3879710218415865e-09
0,5.8032873413955996e-08
0,8.441074261453052e-06
0,1.679598212489569e-06
0,0.0026548575114094617
0,1.713494169776738e-08
0,1.1152714521329283e-05
0,2.5978060541352248e-08
0,1.0823098020657044e-08
0,0.00012187799975152511
0,1.735697974923694e-05
0,4.7167154267864886e-07
0,0.00017577318713309212
0,7.644127852595135e-05
0,0.0018770183874822345
0,0.0005263165784018812
0,2.3200659224931663e-05
0,2.1483770488345136e-06
0,0.7373549558394055
0,5.248221289318571e-06
0,0.051529427975276
0,1.802437028537464e-05
0,0.0012202193396180594
0,1.3880770962967322e-06
0,9.94335989760051e-06
0,9.231363143131329e-06
0,5.607228787453742e-09
0,4.477057548054514e-06
0,1.9737036413488813e-08
0,4.649784121631784e-05
0,2.2574336836608408e-05
0,1.8179861799742545e-08
0,8.803388233049084e-06
0,4.7543126519295016e-05
0,5.06910504458426e-10
0,0.0015575148908186023
0,0.00015018305546044786
0,0.00033401262794035457
0,1.0727591272025701e-07
0,1.7974058309631102e-08
0,2.6485820533713966e-07
0,6.659876173807354e-10
0,6.797138944378275e-10
0,2.530969464923345e-07
0,5.121758748967566e-07
0,0.9751045036879598
0,8.536187148147025e-08
0,0.0003316609370787741
0,8.625767988038394e-05
0,5.190696648534216e-07
0,0.7757147849349771
0,0.00017043436572728528
0,7.653672272952147e-07
0,1.4772206512272955e-05
0,1.9917638300748978e-08
0,1.805466991029801e-08
0,3.2069651147750584e-08
0,0.02878104519291034
0,0.01010948527107924
0,0.00046264605673846304
0,9.786045062481904e-08
0,0.005084323204459762
0,3.848508694358712e-06
0,1.4229764791291402e-05
0,0.027710430835610547
0,1.2332463761459917e-07
0,0.0012385006803029867
0,2.4367019202361583e-08
0,1.357090519433516e-06
0,4.213516940420802e-08
0,2.679664168141146e-08
0,1.6739871753399816e-08
0,1.1776670404711984e-08
0,0.2511007879067529
0,0.9922255704480798
0,5.444029827855499e-05
0,5.858306551182374e-07
0,9.9550010966319e-07
0,4.4162417166034455e-07
0,1.4846685713778855e-06
0,5.683342469185908e-05
0,4.825185939307613e-05
0,0.004334229703577598
0,0.00011836025971997427
0,1.943181565847205e-10
0,2.1135916948591474e-08
0,3.737959651242128e-05
0,5.06290584067736e-06
0,1.8841091414734388e-07
0,0.001758214967513728
0,4.503245315271923e-08
0,4.982148327996084e-07
0,4.588751128221855e-05
0,4.536204327208775e-06
0,1.142819038471425e-09
0,2.8468799350731178e-05
0,1.2336459866436608e-09
1,0.1486754847139325
0,4.0912665636123354e-10
0,0.00014766268633242406
0,3.106066023753279e-05
0,0.00013524988109102465
0,1.0119579639185297e-07
0,9.13677485530574e-06
0,1.8349655999411636e-07
0,2.6769415029895853e-07
0,0.00047183115801347717
0,0.00045328306038234064
0,1.07948304351141e-08
0,3.167771171733501e-08
0,1.8163525761448688e-07
0,8.435051080289373e-05
0,3.189639512731108e-08
0,9.857926247911551e-09
0,1.4028531352373978e-07
0,4.791869037752103e-06
0,4.599961135630902e-08
0,4.4399371682671996e-07
0,2.9600302854478348e-08
0,5.622936215200641e-08
0,8.960742574205197e-06
0,2.638458515386113e-06
0,0.00018596535577652658
0,4.14198706742367e-08
0,1.8132000056997428e-06
0,4.2880349222157515e-05
0,0.018865969422655053
0,3.0893643384095117e-06
0,0.05353613046945856
0,1.040339325317694e-06
0,2.77051736688909e-08
0,6.282587382352942e-09
0,0.000147427993555655
0,5.840081468844657e-06
0,1.1944535189670178e-08
0,0.00012541461563171248
0,6.686717002181055e-06
0,0.0008070393683719826
0,0.0331799460537748
0,2.8479994976375853e-09
0,0.00707034493370229
0,3.0598827509868236e-08
0,1.4025532666141926e-09
0,1.3503026056667778e-09
0,3.897034981539075e-05
0,5.906424135819504e-09
0,3.031872898131016e-06
0,7.149184679974767e-05
0,2.5247994724975994e-05
0,9.471956361471734e-07
0,1.0251543977114187e-05
0,1.1744396420324252e-06
0,0.0002901982643454796
0,2.258337719017006e-05
0,0.015191566764977522
0,5.3707341319819e-05
0,1.0888499969859853e-05
0,2.467052620689386e-08
0,7.977313640333241e-07
0,0.43567550730304433
0,2.9744172162633842e-09
0,6.484919855449605e-06
0,0.0003322237748846261
0,7.59995306211547e-08
0,1.4063208147474317e-06
0,6.101196594181651e-08
0,0.0006494502493098021
0,0.00028128343934093734
0,9.459474058846984e-10
0,0.000508240661996385
0,3.2320298503016935e-09
0,1.5680993166729553e-08
0,5.677358091257701e-07
1,0.6590819208611927
0,5.855662037286012e-05
0,1.16068375965409e-08
0,2.5152183908719447e-09
0,0.00017650176649226107
0,0.028677751747211457
0,2.7856252360912768e-05
0,3.7243527168378333e-09
0,2.8117606732250508e-09
0,3.1702271790710166e-05
0,8.646260996959231e-08
0,0.003210031284676042
0,0.005778616360685897
0,9.76065244282548e-07
0,0.07417915478144962
0,4.810348658860899e-09
0,4.5903324843686565e-10
0,1.0135968389127588e-07
0,3.429005393678158e-08
0,4.794848915084517e-05
0,2.4373469808037725e-06
0,0.16786029336079872
0,0.6596166267741036
0,4.942966872049004e-08
0,6.3220584130417755e-06
0,3.3207441523174564e-08
0,1.2396942596029417e-07
0,8.733366956264695e-08
0,1.7272898692796067e-05
0,5.669838515877693e-06
0,1.9775603029195435e-09
0,1.4881819411204745e-08
0,0.9999145017244806
0,1.1205723811745626e-05
0,3.076861145281924e-08
0,2.0755513776385053e-07
0,4.838683770047808e-08
0,3.554184937690559e-09
0,0.0019763837037553304
0,0.0015476547457559295
0,4.4112396246617175e-08
0,0.0027747343654069877
0,0.014906720172283656
0,3.386315406125733e-05
0,0.015175873981980788
0,0.007344490083608944
0,1.3780145807564855e-06
0,0.00017668142416636966
0,7.86066718805097e-09
0,0.055871360024057154
0,5.927323287599237e-09
0,0.00044813027919873405
0,1.057677258896871e-08
0,0.04827048433169338
0,1.8709591070274244e-05
0,0.485580691098672
0,6.603660872395958e-10
0,8.267393599161098e-08
0,1.5314886273616212e-05
0,1.6767692444218342e-05
0,0.00012809872491834597
0,2.0415835597886905e-09
0,1.7059502825484448e-08
0,4.2588384461070924e-07
0,5.112823242693017e-08
0,3.347175999748484e-08
0,0.0003317797247385782
0,2.4300163875486844e-08
0,2.2528348834703617e-05
0,6.343139619228338e-08
0,2.337059193974818e-06
0,1.2748460491417029e-07
0,2.929481043929154e-07
0,1.290634290655964e-08
0,0.0002068408867508983
0,6.057407357604231e-06
0,0.003033453393524341
0,5.828743902396836e-07
0,2.2375261714971826e-05
0,1.8956314555763462e-05
0,6.578469669950019e-08
0,0.9999999412530105
0,7.61966648453206e-05
0,3.7075217261274995e-09
0,7.69229268178022e-06
0,0.00014610278181447466
0,8.552898769922478e-08
0,1.254245952045433e-05
0,0.004923972254733241
0,1.931701815500483e-05
0,0.6519670362409143
0,0.00017030036994187097
0,7.287423082427116e-08
0,4.255842111818708e-09
0,4.5133875252353175e-09
0,5.503633454096596e-05
0,3.3530998730094976e-05
0,0.0062584316536135245
0,1.3418601430563612e-09
0,3.242989382044143e-09
0,2.244795699855242e-08
0,0.0015629757569180502
0,6.081151158455578e-05
0,1.4893425252888992e-09
0,4.051768866931579e-05
0,1.8532872008519617e-05
0,1.3819703539737486e-09
0,1.2258835658147462e-05
0,1.3269921932949022e-07
0,4.658420703216472e-09
0,0.0021341958648372506
0,1.4516388991077666e-07
0,3.4600649209169245e-09
0,1.62653894068528e-07
0,7.933415787529791e-07
0,2.7517752991412237e-08
0,0.00022274651265027158
0,2.9162414372696963e-07
0,0.5486160495641034
0,3.879929029622837e-09
0,9.80594228081616e-10
0,1.4388516169005065e-09
0,0.00010756201075008502
0,2.0303673569553678e-08
0,0.031243168491180844
0,0.00017437242987701162
0,3.810735853920927e-05
0,9.285161228514192e-07
0,1.1565978107443789e-05
0,3.8379720640330836e-05
0,4.271955039284997e-09
0,4.3981294930997004e-07
0,0.012156926580800914
0,2.0014072346600227e-08
0,6.410926884578817e-08
0,4.712054094235221e-05
0,1.1925305686474727e-07
0,0.9999999999999218
0,5.135012697270019e-09
0,5.654922016176359e-09
0,5.337107521774657e-07
0,1.2157222165433898e-06
0,0.1639422514580655
0,0.004041415118808374
0,1.8618096974432638e-09
0,6.520670241697094e-05
0,0.0029498795164008525
0,0.00048801183726111103
0,7.101014352205821e-06
0,0.7158913108053568
0,0.046318537085873204
0,1.1227020262502846e-05
0,1.4622002412194816e-09
0,0.4443866201424709
0,5.711503271329231e-09
0,1.267264839806038e-07
0,5.562853214316162e-09
0,4.148023204581203e-08
0,9.630894145405739e-05
0,1.254128869145612e-06
0,3.382452765310476e-08
0,4.3229855013867814e-05
0,7.784836299605735e-06
0,3.005531842127889e-08
0,2.3158351929811867e-07
0,1.695186144945906e-07
0,2.0117774690192016e-07
0,0.7283285441152915
0,1.4737533311908935e-06
0,3.794525971201687e-09
0,9.427495191602567e-05
0,1.6201831084186173e-07
0,2.5000396648961475e-09
0,0.02319902003731541
0,2.0777642335611583e-07
0,2.503153959907803e-06
0,0.0004991806662121986
0,8.753961454881156e-08
0,0.00025626381514718853
0,9.578306204455834e-06
0,0.04717875855198382
0,0.07447564530761984
0,6.074540265096188e-05
0,5.600230228088542e-08
0,0.00010050049614327656
0,5.46394049436792e-08
0,2.2767377414586995e-08
0,0.00010887171826582909
0,0.0003098859866487521
0,0.0007960272870091388
0,0.0027511651430257122
0,3.676755415333645e-08
0,1.1709437136776292e-07
0,1.0847192993053914e-08
0,8.253681022824044e-05
0,0.004681275242579335
0,0.0028127214856165646
0,3.8956442041872464e-07
0,6.004864411294612e-11
0,5.986004366828787e-09
0,3.9237506433317245e-08
0,0.0034197171756254903
0,8.015504326919725e-05
0,6.374019434782147e-08
0,8.393788699140866e-06
0,0.0004159922209607694
0,0.6369749824998375
0,1.9512327268637597e-11
0,1.527310245088484e-05
0,9.485945110847932e-07
0,3.8679152813631534e-08
0,8.30838792349058e-07
1,0.8821623069939927
0,0.01031955659968101
0,0.0005959285863836932
0,2.4992833303942722e-05
0,3.797724002306405e-08
0,1.3827482767160509e-07
0,1.4851764440253226e-09
0,5.524490291143461e-08
0,6.758300724772418e-08
0,1.9508965900945458e-09
0,0.5237264050945356
0,3.4256509244289926e-08
0,0.0077644454562665255
0,0.08007151265838174
0,3.46610258156446e-07
0,8.162905461590333e-09
0,1.0
0,8.010900987755021e-07
0,3.185439411626861e-07
0,5.527056619991823e-07
0,7.16872593672406e-09
0,0.004177524746023756
0,1.975723033936864e-09
0,7.950981206177687e-07
0,0.004026448668158314
0,0.0004576712025522998
0,2.6344481020993723e-09
0,2.1131850317946735e-10
0,3.731151334804826e-10
0,3.5383792637039033e-10
0,1.5148458562173273e-06
0,2.902822218217196e-10
0,1.4290908946144599e-05
0,4.850567328608974e-07
0,0.0010278654707060136
0,2.4704859609080832e-08
0,1.2919649178979578e-05
0,0.00012694547041109728
0,5.0297639122496656e-05
0,1.7655711181109025e-08
0,6.608957152870687e-06
0,2.1570804369216257e-08
0,2.5784319207530595e-09
0,0.00013443255225003946
0,2.750114670740532e-05
0,1.8924218741923324e-05
0,0.002874457776850687
1,0.9999960597581145
0,0.9999938461391968
0,6.887077938063416e-10
0,1.1947882716481227e-08
0,1.0096916939278547e-09
0,0.013972207651401227
0,3.9967254178581364e-08
0,9.539833421876278e-09
0,7.626378229488261e-10
0,4.032212239911426e-05
0,1.0475971423531174e-08
0,1.399026535781702e-05
0,1.5994957510104831e-06
0,1.447028942604721e-08
0,0.02626635226077151
0,3.504799666526715e-05
0,6.553233203214205e-05
0,8.113990358556675e-06
0,0.050198057963015394
0,0.00033656824845301633
0,0.011316936495566197
0,2.6910584258408515e-08
0,1.8612528509944094e-06
0,3.176955989301803e-05
0,5.722260535586498e-09
0,0.0008269905153531045
0,8.022256937801567e-05
0,0.9893092051142985
1,0.8199053203025087
0,2.4897549495311626e-08
0,0.001514401951324447
0,0.19404023085147418
0,4.677776423516177e-09
0,5.941931271735933e-09
0,6.568663396045437e-10
0,1.8463140058328006e-05
0,0.0003701736851758362
0,5.63591065747327e-05
0,0.0001209150001835901
0,0.772897467144698
0,2.708635258195932e-08
0,1.2406963431208833e-05
0,4.71467048043496e-05
0,3.596607094429599e-08
0,1.2106009818978267e-06
0,7.355744656660277e-06
0,4.0710852863187193e-10
0,2.263846217923325e-08
0,4.379245567585389e-07
0,0.9775051953711237
0,8.811230508030933e-10
0,0.00015432671215102455
0,4.15101125800153e-05
0,3.875734263586686e-10
0,1.5000576194889704e-10
0,6.534210465043525e-06
0,6.054208673583767e-09
0,8.938180293554108e-08
0,2.613060714025186e-07
0,1.6638133376636445e-05
0,2.363113080474555e-07
0,0.00042416271855365143
0,3.259976887229124e-08
0,0.0006263448985825183
0,3.827437319908963e-09
0,9.171437603332307e-08
0,4.7826878059380255e-08
0,0.5869756818033034
0,2.0342500655445117e-05
0,2.6515089775749134e-11
0,6.183941572286853e-05
0,0.0007361394058748414
0,0.011190893703637624
0,7.781358570984055e-05
0,2.1840416865567747e-06
0,0.0008700577307291675
0,2.8077835723883984e-08
0,1.5388328496102965e-05
0,0.0005216082320959398
0,8.098013485516661e-06
0,4.696945911968451e-06
0,1.6621953684577604e-05
0,0.00023839602094159233
0,0.6944100109755421
0,2.943514040711642e-07
0,2.851049811509184e-09
0,2.9207913551733624e-05
0,9.018293984474192e-07
0,8.092135411555204e-08
0,1.6012170300513443e-09
0,6.53535471652942e-11
0,0.0002551657244173868
0,7.499413772396156e-05
0,7.775602759309608e-06
0,2.4010493409172553e-08
0,1.5196812399788971e-05
0,0.00014467116009113785
0,2.5810941199645424e-05
0,1.9673215751117736e-05
0,7.495511292729146e-08
0,1.0918678573398472e-08
0,3.912994454805762e-05
0,0.999999932586713
0,0.9740704020531284
0,0.9999999966004651
0,4.053059707987191e-05
0,5.215617505753132e-09
0,1.278280100934482e-06
0,0.00014520330695349108
0,1.1282750323279338e-07
0,0.032045739723751965
0,6.695777871157565e-05
0,0.00048476455459746246
0,1.0281319972952156e-06
0,0.06234738057671273
1,0.9999458667813911
0,0.025890990256176312
0,2.145286002969813e-07
0,1.434437442032831e-05
0,1.607614247391334e-06
0,2.813692695352582e-07
0,2.0330577789921754e-06
0,2.6051399503094777e-08
0,6.938412583630532e-06
0,2.508384813962303e-08
0,7.743439739047716e-09
0,2.435765446168054e-09
0,0.0015572574400790227
0,1.0899776315894905e-06
0,9.401087962916736e-05
0,0.9999999999988773
0,0.00028089821687416746
0,0.0008314984941366864
0,0.001425662593144311
0,1.5889071054886945e-08
0,2.4186404369892302e-05
0,0.0026131839145157876
0,1.595680187180536e-07
0,0.7213994817649348
0,7.33777361021825e-08
0,2.846142094755818e-06
0,1.8417470855204305e-07
0,2.6513594691815215e-09
0,1.9576720481304214e-09
0,5.9478139736600676e-08
0,0.9994124442864947
0,2.2406279573961185e-09
0,1.3089629133941768e-07
0,1.8872841970875095e-08
0,2.4542272686075835e-09
0,5.4812531207982146e-08
0,3.144455621878576e-06
0,0.00027026047391492947
0,0.9441649015540717
0,0.9982155763017417
0,9.578539015678229e-06
0,9.436139459741317e-08
0,1.8136920073398858e-09
1,0.12939821861457307
0,1.8907330957847113e-05
0,2.495031204090013e-05
0,6.98353304373849e-08
0,6.971628743796398e-09
0,1.1391766091683173e-07
0,1.5139620389787734e-06
0,4.103515694426414e-05
0,7.76312867769975e-06
0,0.00044756433278707883
0,1.7816878629810395e-06
1,0.7006112840016279
0,3.816299894228137e-07
0,3.1401389590555916e-08
0,1.686983798865429e-07
0,0.0005019451661675085
0,2.604814855293965e-09
0,3.895193343964147e-08
0,7.431165500448285e-07
0,1.3985324471132858e-05
0,3.5946695756447317e-09
0,8.646124938613822e-09
0,3.177080040377475e-08
0,2.9684374629098147e-10
0,5.526825713973525e-07
0,1.9804051252575206e-09
0,3.428133941428596e-09
0,5.125601147656017e-06
0,5.4701419182782876e-05
0,0.00042283962522802836
0,2.5468086399382563e-09
0,0.027531309089114386
0,5.351277847817992e-09
0,7.624203556005475e-06
0,7.685541940219982e-08
0,0.0004953777529954871
0,6.158144511491117e-06
0,0.00017685263915184128
0,1.4747040048311642e-08
0,2.288089109426491e-06
0,1.3206403761931212e-07
0,2.5490210420689624e-09
0,1.5781151345829349e-06
0,0.037532132588253164
0,3.6347975172508396e-09
0,1.658694381232624e-09
0,0.00015734997315171623
0,3.974309603736459e-08
0,9.893553819837512e-09
0,5.892722748360837e-07
0,2.9039087773909957e-08
0,8.616216478846736e-09
0,0.638191306519576
0,0.000346505726627777
0,0.0002749041486860099
0,1.227649207618317e-07
0,3.24915933875259e-08
0,0.3151225707261533
0,1.9308522642521338e-07
0,2.1883100476918125e-06
0,1.4678584886292704e-08
0,1.1554191668705253e-08
0,7.738342300316758e-07
0,0.0010831277511557645
0,0.004456710491605653
0,2.912937569322951e-05
0,4.3403723018653e-09
0,2.1549276879072917e-08
0,7.297727514764935e-05
0,9.510913309631298e-10
0,5.6485184916207506e-08
0,0.0002222936906967166
0,1.666250148499672e-10
0,1.9047025906695062e-07
0,8.44000504410362e-05
0,7.802053551986022e-09
0,3.5345293719548016e-07
0,4.74465260889433e-09
0,0.00025985121409514484
0,0.0002339213066637353
0,0.013457886261961203
0,0.005370760051888223
0,4.510231371690526e-08
0,1.008105300694611e-08
0,1.3652458003598916e-07
0,1.5871081099730495e-06
0,3.009048056127455e-05
0,1.3762983239684075e-07
0,1.109285305746477e-07
0,3.124897415690209e-05
0,7.291565471212448e-09
0,1.609369062166724e-10
0,9.391835394190868e-06
0,5.4789155962845997e-11
0,1.640942879534526e-09
0,4.589045184582359e-05
0,1.3534648563136904e-06
0,1.1196678970112722e-05
0,1.9581935818421135e-05
0,6.993619518964966e-05
0,5.4687034002326385e-09
0,0.00041434727568809206
0,0.0021092849948392794
0,7.3143435364833465e-09
0,6.26141942369871e-07
0,9.714727516332862e-07
0,2.073060159932487e-08
0,1.4516537272566287e-08
0,3.7424913100911056e-07
0,0.0013268535269418491
0,0.00012186229553495707
0,0.002248551894169936
0,0.07404978844374689
0,0.00010207645214969867
0,9.512608141631307e-09
0,6.154409886970591e-05
0,0.41677047566535813
0,1.0687852569744306e-05
0,1.3426051959580303e-08
0,1.4857741470299959e-05
0,2.7870426035132478e-05
0,1.4169598731535998e-08
0,2.574197041439183e-09
0,2.2340525225262412e-09
0,1.7615545080538113e-05
0,1.0721802565097387e-07
0,1.0756558699639132e-09
0,2.4876274197728673e-06
0,3.175806642497636e-07
0,1.875730214372017e-07
0,2.2008603869998252e-08
0,0.0016921577122306832
0,6.127008224624698e-10
0,2.729075585339865e-10
0,1.332379148838148e-05
0,0.0002817404715611308
0,0.021153791613053283
0,2.1730958598067596e-07
0,1.4397076175798638e-07
0,0.00044802757690790354
0,0.2721548456850845
0,1.9539681207732192e-08
0,0.0002712210723730146
0,7.873195793466538e-05
0,1.2549717642270623e-08
0,6.942110530415478e-07
0,1.0229409447804122e-08
0,1.0823544327434394e-09
0,1.4275859291163654e-07
0,2.1013200779990876e-06
0,1.0370120927198666e-09
0,0.10657855803024142
0,0.035869466900240406
0,3.128895663773115e-06
0,2.2126854082975926e-09
0,3.7186769692289785e-08
0,2.5733652281505646e-06
0,0.00013284139136714333
0,9.872010368664668e-08
0,4.924623527368774e-05
0,4.226310308049686e-09
0,1.1448564757998877e-05
0,3.3707712962143046e-05
0,2.128583104079053e-06
0,5.099481621283592e-06
0,7.826420090321802e-08
0,1.214973048205687e-07
0,1.8798226993214318e-09
0,0.10895921511865712
0,0.00017391199387558107
0,3.118042865212444e-05
0,0.0001867705379984404
0,8.455162112971879e-10
0,0.4278944688308201
0,1.6939089545471667e-08
0,0.002482968033089541
0,2.3658490254310665e-05
0,9.1935388284718e-06
0,0.0016408284810726557
0,3.9024697117240596e-08
0,0.00012134420186571072
0,0.0002892733101489274
0,2.338016788566611e-08
0,2.2912838011438742e-05
0,2.1277879897596735e-09
0,3.375155567476906e-05
0,0.1613280571680215
0,1.908893009502233e-08
0,0.004597562344085033
0,0.00017720699884974677
0,0.00012270866166834004
0,1.459895298868667e-06
0,3.128501042377012e-06
0,4.5379660963734447e-07
0,3.3390387751224807e-10
0,1.0019433704857864e-05
0,8.966344035607375e-05
0,1.6467157189524552e-07
0,0.0002113374533631527
0,0.0018729335293779868
1,0.06617931238356219
0,7.017822621527735e-05
0,5.879566331183222e-08
0,0.04403878596197521
0,8.392531362105227e-09
0,7.771996379412435e-09
0,0.0003626782557765583
0,7.249473514747168e-07
0,3.1280668147592184e-09
0,9.42903743532007e-05
0,3.749009963427484e-10
0,1.5644094177453597e-07
0,6.841659245965676e-07
0,1.0437602240490186e-06
0,0.00020339932993604598
0,0.00020753468276645158
0,7.009542251145848e-08
0,0.0001663997590731964
0,1.598666772925749e-07
0,1.0922735124055646e-05
0,7.580264273841569e-07
0,0.0006026461548638326
0,1.838845277777293e-09
0,1.0
0,0.00044575817001427424
0,8.71844868585275e-06
0,3.1718559093396828e-06
0,0.019737514776884166
0,1.1114851582315988e-05
0,0.0003253994441571468
0,7.414236242911902e-05
0,8.070268404528862e-09
0,0.04902099125497283
0,9.639986573192108e-07
0,1.6575991371181523e-10
0,2.9841775460518127e-07
0,0.05344298573813227
0,5.191357740410086e-08
0,6.385845091541153e-07
0,7.668756281304654e-06
0,2.589426138923775e-08
0,0.000255409752526408
0,8.81794666864479e-10
0,6.034317839379774e-07
0,2.6156901110472163e-08
0,0.3121161349770669
0,2.6393240978425138e-05
0,0.9945902782937036
1,0.9862420519512662
0,4.6073563708653377e-07
0,9.929225142764022e-08
0,2.1175747682035156e-07
0,1.0265003516197119e-08
0,0.0002944346818336232
0,1.979665781584672e-08
0,5.03313384725086e-10
0,2.0182525945941322e-08
0,0.000267244072466204
0,0.019755123825621064
0,3.6663072097152353e-10
0,0.007002746412357204
0,3.781525585239118e-08
0,1.2929302850059858e-07
0,0.00011459787286489587
0,1.3850355472602732e-05
0,2.380532918537007e-06
0,0.00039956983005551343
0,0.7831144132964775
0,0.00043512932808920264
0,0.0009731519790926612
0,0.3647265154914305
0,3.846719603877875e-05
0,0.00011738869652929192
0,7.4146193851956045e-09
0,0.0005548392519953529
0,0.009304257936566016
0,2.3411938350542402e-07
0,1.4908944074061135e-05
0,0.01526765004197534
0,0.000712436004075379
0,2.059244082973549e-05
0,2.2386955518877528e-05
0,5.8585346157579525e-05
0,7.911348375760003e-05
0,1.2553341348711635e-09
0,1.8830339163727124e-08
0,0.3820934549923378
0,1.787008604251047e-07
0,5.482131995675595e-07
0,2.1630552400648083e-05
0,2.1401428271462454e-08
0,1.4609858167677416e-06
0,1.1651023551878323e-07
0,5.590218089026568e-06
0,0.046047747972388905
0,1.1819933338470456e-06
0,4.162595889416e-09
0,1.7595402712048323e-09
0,7.54079724996739e-10
0,9.3059455050015e-05
0,4.222068879312062e-11
0,4.490335242872454e-08
0,4.053139026118695e-06
0,7.702571292241575e-08
0,1.4899502709280168e-07
0,1.1124142645967846e-09
0,0.042985970078369955
0,3.888534744560578e-09
0,7.51860667098917e-08
0,0.007465566087568552
0,5.269254784758907e-10
0,7.643968907502391e-06
0,0.040485535513398195
0,9.187149683787407e-09
0,3.90779677723746e-05
0,1.0215841520049393e-08
0,1.2404884091513691e-07
0,5.0677899813598736e-05
0,2.841689411076761e-06
0,1.115604374414586e-08
0,4.981986887830483e-08
0,2.8608203568792556e-10
0,7.944845280086906e-10
0,0.05234822564996731
0,5.763508940092215e-05
0,3.363813930955352e-07
0,0.000622488264567703
0,0.037778383437865125
0,1.938961726228147e-09
0,0.306684838473138
0,1.5510187277626036e-09
0,0.20290761474320887
0,0.0010649213434322613
0,2.3779861910123904e-07
0,4.565641304506273e-06
0,1.356831516985911e-06
0,1.4747971558909544e-05
0,7.362562977711114e-06
0,6.536732716692633e-07
0,7.604587376208881e-05
0,4.965288084156512e-08
0,5.826000118969757e-08
0,0.0004925719526307859
0,7.390606767467465e-08
0,1.5720422140343477e-07
0,5.399610442955132e-07
0,4.342071365169054e-09
0,6.607291738173368e-08
0,1.3025232082309707e-09
0,7.993103004757618e-09
0,0.00034515686754509517
0,6.019655471876827e-06
0,0.8763951811290033
0,1.1364831624147157e-05
0,4.40043745344364e-05
0,2.0971808618333482e-07
0,1.2709868562526506e-06
0,5.984771593649657e-08
0,4.479275023621823e-08
0,2.826352548074508e-08
0,1.0439924618198817e-07
0,3.5344841305804707e-09
0,0.22233093025312406
0,4.963928578749386e-08
0,0.00018013499372180873
0,0.0001246602846543893
0,9.646556089683094e-07
0,0.0006913761909814874
0,0.11857481937418372
0,2.2288358328515196e-08
0,1.4765735049257566e-08
0,2.6783901864345078e-08
0,0.000879911506459829
0,1.866441959626278e-06
0,2.4950371983217775e-09
0,2.2182215855174395e-07
0,5.648579508518795e-07
0,3.659369285187855e-06
0,1.7290441284925199e-06
0,3.243202110970879e-08
0,1.084337898080098e-07
0,0.0005379872217536771
0,2.580846222192908e-09
0,6.609659633708128e-08
0,3.0032169853471065e-09
0,8.28513382774557e-05
0,3.18254444717767e-08
0,1.3166140528577387e-05
0,6.432090058609327e-09
0,0.08825592529471499
0,8.499638266259337e-08
1,0.9961815170226814
0,1.7499341017288084e-05
0,6.729216303534806e-05
0,2.1433913112864813e-05
0,1.9552614152930593e-08
0,2.0232399505581976e-05
0,0.013935247882974065
0,1.6017480871639492e-09
0,1.1532292983774786e-08
0,1.0764514866412305e-07
0,1.7402464027884866e-07
0,1.0212803117915755e-06
0,8.091489788728901e-10
0,3.276101333277478e-08
0,5.3574047340140306e-08
0,5.423804214713203e-07
0,0.05869893929795553
0,2.848976179834457e-07
0,4.78965214694015e-06
0,0.002081532151424333
0,1.5332078289005048e-05
0,9.731699396167747e-05
0,4.998004512693115e-07
0,0.04386882696761433
0,2.5067584416466165e-07
0,0.0003484615804335813
0,0.0001669281863273363
0,1.368637021147267e-09
0,4.592657305612522e-07
0,2.740152182886742e-06
0,2.0428310059641977e-07
0,0.9671222025695099
0,1.2574626633618116e-08
0,0.00023486626977590303
0,4.897553316106137e-08
0,0.3542679913964582
0,8.757249240841801e-09
0,1.6156675088954903e-09
0,9.285230150331893e-05
0,7.041407312807842e-09
0,0.00011583598228109132
0,1.2456848812705606e-09
0,8.529778966784974e-09
0,0.9435182811554035
0,3.392887054782957e-06
0,1.0896513838896978e-08
0,8.285715202905497e-10
0,0.007087541013736427
0,2.1408141991707654e-09
0,0.152707090871914
0,8.971449308493493e-07
0,0.9506330711700008
0,4.7991304394014866e-08
0,5.907541439407256e-06
0,2.0105159807107273e-09
0,4.083834018663472e-06
0,0.9985624143636215
0,7.68221827300289e-06
0,0.0003284311496763368
0,4.2214522301758575e-08
0,2.8056620390815438e-05
0,0.04619332859224715
0,1.1333915917767613e-05
0,0.0026435875094321607
0,0.001469038291500503
0,2.2704417784082397e-07
0,1.0118552084524663e-09
0,0.9999999712013339
0,1.4729677700484802e-06
0,2.9972290280772483e-05
0,1.7833411302617135e-05
0,0.01718667615564613
0,2.1339354214944235e-05
0,0.0005143033734950379
0,2.6926030775776455e-09
0,1.3266425555231814e-06
0,5.002944841033533e-09
0,5.305196073731329e-05
0,5.868642635550059e-06
0,6.568885893662102e-06
0,1.9248003701417332e-05
0,3.6034077946223766e-07
0,2.4251615633911226e-05
0,0.0613993266207434
0,2.69683456245659e-07
0,1.253958318523608e-08
0,2.983478919335109e-07
0,6.570412372831888e-10
0,6.459936488783561e-08
0,3.750002976014171e-05
0,0.011456940612611485
0,1.3869483432543097e-06
0,3.6924268103202944e-08
0,7.746144360463018e-07
0,1.0452299283202571e-07
0,1.7806498634029292e-07
0,1.0748637154324123e-10
0,1.5538415784980777e-07
0,1.6618932769859428e-08
0,7.973175693137335e-08
0,5.083183125184355e-08
0,0.0001780132865315747
0,1.5012938843321365e-05
0,0.008583227436436873
0,2.8537198309196516e-08
0,0.018483125213859485
0,3.4401219713248406e-08
0,6.634778344944465e-07
0,1.6933451553840643e-09
0,2.5153501611618663e-08
1,0.9900333995198064
0,0.00024866817062982376
0,2.0270010586063495e-08
0,2.009949834995694e-05
0,2.8194031105190746e-06
0,0.04204995256804061
0,1.5278188335418627e-07
0,2.323538357821315e-05
0,7.242448619795518e-09
0,4.044078900176658e-08
0,1.6275705201442415e-06
0,2.22339428913073e-05
0,6.753051034588781e-09
0,2.65065675635853e-08
0,2.8090610070855176e-05
0,3.0226435389326837e-07
0,4.220598301915755e-06
0,1.0952113940181393e-07
0,0.0014065524988192764
0,4.096323440705415e-09
0,6.061181650780151e-08
0,6.7435144853443805e-06
0,0.046599561408950205
0,6.244231104127891e-09
0,0.8177965268087476
0,0.00031606264535511417
0,6.346401087221546e-07
0,4.0757892716330435e-08
0,3.691747251754779e-07
0,3.122398005572041e-07
0,8.961644057914677e-08
0,0.004419850126715747
0,5.692257715074982e-09
0,5.42691304090883e-08
0,1.9744766879895286e-07
0,1.7381240879942416e-07
0,0.00032229429281502254
0,6.247837014721733e-08
0,6.092325154432955e-11
0,1.79975790800466e-07
0,1.135896478159614e-06
0,0.07486429467088694
0,2.561059681009183e-06
0,4.129143362136695e-10
1,0.9999984419133968
0,3.825943510965459e-08
0,1.347239769873738e-07
0,5.840907660517752e-07
0,4.918225531359217e-10
0,4.053831341243585e-08
0,0.9159120380178447
0,0.00036036830208677776
0,0.0006682774898521458
0,2.442394704341737e-05
0,3.3187373648737764e-06
0,5.185100563671218e-07
0,6.840607659603043e-05
0,4.384393184457631e-07
0,6.825790107566806e-09
0,1.0933838811375803e-09
0,0.31306624348258943
0,0.0008535235086537324
0,0.9998276142801203
0,4.878396953308123e-05
0,9.265202451007764e-08
0,6.558033684402181e-05
0,4.814311706970271e-05
1,0.9201114346304671
0,0.0003509202860923057
0,3.1752746460543697e-08
0,5.68521448950165e-07
0,0.0034248362378860777
0,0.20408018604848766
0,5.425004556365568e-10
0,7.19613440051404e-08
0,2.857427679127063e-08
0,0.0006210875972378655
0,6.926875474251461e-10
0,0.999879087175868
0,1.7961600104501783e-07
0,2.8001104221421737e-05
0,9.264638102625511e-08
0,3.365925792913226e-07
0,0.0007854798478761869
0,0.0019397319904665565
0,1.9041234402235556e-05
0,1.5449052733017095e-06
0,5.183862823777744e-08
0,1.1187338912418547e-08
0,4.1499302263236444e-05
0,8.081966560880185e-09
0,6.255704937887363e-05
0,0.03066058513084993
0,5.3970542657500104e-09
0,1.9758329388909415e-07
0,0.001133136271580482
0,0.00038232752953518725
0,5.1055442854698315e-06
0,3.881122722642501e-07
0,2.1915086031539166e-06
0,6.41598682438495e-07
0,0.0002145909442416968
0,1.0437362971460903e-07
0,3.8854753022755843e-07
0,2.940654110801141e-09
0,3.853311921895608e-06
0,5.186157129746729e-09
0,9.385289630014348e-07
0,0.01916861604866751
0,2.756687884933218e-07
0,1.3958917300012281e-05
0,1.4743215146336659e-09
0,0.8585190666946522
0,6.511895926393347e-08
0,0.940303290561264
0,0.944436322856357
0,0.004753763907769457
0,2.274617845743138e-08
0,3.8322554975760006e-05
0,4.7119489950235196e-07
0,6.827678986841606e-06
0,0.0003765341046139253
0,2.4782777970808703e-08
0,0.00014253953769884778
0,2.6129249146021223e-07
0,6.507876516117423e-07
0,7.209027367101552e-06
0,7.727538272340842e-05
0,4.083002301077194e-08
0,4.899330877332284e-09
0,3.3503235384600454e-10
0,4.5457878754275446e-10
0,0.0018017160068200021
0,0.9999144460652595
0,0.00010732112621491856
0,1.2362818023091724e-07
0,2.0741914192999323e-08
0,7.273784418554897e-05
0,9.144345076907755e-08
0,6.064998516193183e-05
0,3.7537245744213597e-05
0,2.0044648621235392e-07
0,6.245813016380506e-10
0,5.5699761831162014e-08
0,0.0001429895566975382
0,0.004362980245874985
0,0.0003936276066876282
0,1.800604328817848e-08
0,0.00010230838570433613
0,1.3162742567544093e-07
1,0.9966731583769869
0,1.92776103599906e-05
0,6.259201966880077e-09
0,1.7073787863014784e-08
0,2.426863985014432e-07
0,8.623208969583863e-09
0,4.224097734192049e-06
0,2.2987685497090944e-05
0,0.00031559608783307666
0,0.9999999961932957
0,9.024537230298311e-08
0,0.9707658309776293
0,0.8226076226778696
0,0.0034898697169705407
0,1.0735530104705835e-07
0,6.207849523975747e-08
0,0.00039837921304248125
0,0.00013423120961224052
0,1.6525683311699795e-06
0,5.143784685806404e-07
0,0.0001662188597883457
0,1.2746223371006438e-05
0,1.4388055339133991e-08
0,0.0007747437234315698
0,0.012552876685991927
0,0.00651598891998698
0,4.7978339956045115e-08
0,6.217814419953298e-06
0,0.00024332403659240557
0,0.00022247709265221235
0,3.661271128062575e-08
0,0.012424520216664769
0,2.0429884487972965e-08
0,2.329935169352354e-08
0,6.37135141816112e-07
0,1.1297325284624766e-10
0,8.16745104000987e-08
0,2.3617203625000727e-06
0,3.8097656549545995e-10
0,0.914435821180984
0,1.0457107456063557e-09
0,0.19944721563396145
0,0.6183518938454999
0,2.4789626603129485e-07
0,1.5345634551386887e-09
0,9.077020179955127e-05
0,3.524688859717293e-06
0,0.00010632060714613972
0,0.018320175351850824
0,7.763099082730559e-05
0,0.00028256956227759827
0,2.1406903209789293e-05
0,4.500163246010685e-05
0,3.071649762511075e-08
0,5.888174727862831e-09
0,0.00017780836115783574
0,0.02448411357030553
0,3.939283092915825e-06
0,1.6881939841359748e-08
0,4.529426174255752e-08
0,1.1660269344087479e-07
0,3.647022437910951e-09
0,2.3257735926715658e-07
0,6.163900535257472e-09
0,2.227588652239802e-08
0,0.0029571365964232207
0,0.001067832102682498
0,1.083306909116534e-05
0,3.071502173720415e-07
0,2.0331438197904273e-06
0,7.02356648668657e-09
0,1.0122979442665665e-05
0,1.3993378588966324e-07
0,0.0002089300165080957
0,0.018227214053958093
0,6.457559792164998e-06
0,1.8481037484126026e-09
0,0.29079382635559736
0,2.3137817585619443e-09
0,2.7655809152618886e-05
0,0.20468568586836514
0,3.957221934363486e-09
0,8.162127696026916e-09
0,1.831248823938428e-08
0,6.385552727941981e-06
0,1.9988068662024046e-08
0,4.4077783147185164e-07
0,1.4687897439150473e-07
0,0.028526669799987903
0,7.659387590158407e-08
0,1.2686546569753337e-06
0,3.6536961950977872e-09
0,0.46887169473700346
0,0.018511641768729298
0,0.9462507974659927
0,2.6070954922622234e-09
0,0.0029152198447429667
0,0.00015374821501104482
0,0.0011595600470964004
0,0.999999981329758
0,0.41607067047883717
0,3.5140140278864907e-07
0,0.00021923689539318027
0,6.188967388483957e-08
0,0.0005512643830605199
0,0.9999276497147594
0,5.714927909069778e-08
0,1.0411823390221869e-08
0,5.722922962636706e-05
0,1.4924617531642658e-08
0,1.095473774526511e-05
0,2.1605336933441502e-05
0,0.23025704221704588
0,1.4591980630905054e-07
0,1.412241802980588e-08
1,0.9827814591972428
0,3.0844881960199686e-06
0,1.5435192663384434e-07
0,5.3765587916653435e-08
0,1.1013981810068372e-08
0,0.0005116856057941055
0,5.381525824422816e-06
0,4.701150451116989e-06
0,5.131356518295298e-08
0,3.397659198335187e-10
0,0.0009101976929605456
0,0.0016187745288984508
0,3.3179732298891125e-07
0,0.9999999932571342
0,0.0012655170612713529
0,1.242559189129262e-07
0,2.0087358492845762e-07
0,2.2175391395995434e-08
0,3.9927655634024735e-06
1,0.9988897514981279
0,1.428952698088368e-06
0,6.860278919370231e-10
0,0.021143410698421294
0,4.694546579002157e-10
0,7.338872233429921e-08
0,4.8838787869300616e-08
0,2.6912495369524435e-05
0,2.682471285508228e-07
0,4.952849117120559e-08
0,8.979145551885658e-05
0,1.2770312090869236e-06
0,2.1080397533801455e-06
0,5.037339720993863e-09
0,2.3038755939262904e-08
0,2.7269005800880156e-08
0,2.8920421470051827e-08
0,2.726712192957478e-05
0,1.21120468209213e-09
0,2.6872371227074335e-05
0,9.239015288409908e-09
0,6.099234542443598e-06
0,4.715209951339785e-06
0,1.5700587473205197e-09
0,1.8219493711171037e-07
0,0.9999970879824909
0,7.455192443618683e-10
0,1.318176355771866e-07
0,1.0316016171364695e-06
0,2.7891772139213378e-08
0,0.002738446293063646
0,1.0055271626953126e-07
0,2.3170457038530797e-05
0,0.0006672179972167207
0,1.8994070721511086e-09
0,0.0009458342286664999
0,0.000564458681789034
0,4.076056320204189e-06
0,7.80196182538666e-09
0,1.4604414620708448e-07
0,1.8688418512952636e-09
0,0.0003434016603036022
0,8.803847793639167e-06
0,0.9996579058996622
0,1.5725609145047225e-05
0,3.943434586759729e-08
0,0.00015008080567711275
0,6.82674626018936e-08
0,3.1029434020091735e-07
0,0.4273249808017641
0,0.00043226602001994387
0,0.037190133338253474
0,7.749764368705234e-08
0,0.02315801621302866
0,3.5327753553772402e-09
0,0.02716302021111817
0,1.3038283564080069e-05
0,0.010379040178809076
0,0.002107723535669528
0,0.4162123912950572
0,2.4234433097922306e-06
0,6.827332301557157e-09
0,2.7639918789152105e-05
0,3.41586533211872e-09
0,0.9967702135786363
0,2.2956279594981556e-09
0,0.00649644925839538
0,1.5577124003900021e-09
0,7.216500265987068e-05
0,5.863593546291228e-06
0,0.002409505840651361
0,9.17878246775292e-05
1,0.9763744646714105
0,2.2338626436454712e-07
0,5.158627931636014e-09
0,0.00011370950226056116
0,0.0013169318059246466
0,8.076085664983698e-06
0,5.727677098992057e-10
0,4.133443375645524e-08
0,2.7296993829185593e-06
0,8.55719653076008e-08
1,0.9991468798624028
0,3.5846897716782384e-06
0,4.7273567629719674e-09
0,1.0407635190743111e-05
0,7.512863862370216e-06
0,2.1276602711297133e-07
0,8.021687223504921e-05
0,9.555657826452003e-06
0,1.1418136784318827e-07
0,8.533904111559336e-06
0,2.557361042757117e-06
0,1.7879612836071944e-10
0,3.4666999217716047e-08
0,0.15029981284466454
0,2.6468645696956426e-09
0,3.325624115294615e-07
0,6.778958979808815e-09
0,0.0001549965796189913
0,6.488115083039837e-05
0,0.00026656694803705374
0,1.2492891397985583e-07
0,3.062435254234454e-05
0,9.753818203351833e-08
0,2.1548646797274824e-09
0,4.734661412170534e-06
0,1.9216333318707438e-08
0,1.2210262997606052e-07
0,0.0029415078440423953
0,0.05397263326916073
1,0.8792521815489236
0,5.400053228554706e-07
0,1.9659244772145516e-08
0,0.0018207002012190737
0,7.449968674936117e-05
0,6.253547189878073e-06
0,2.540569431421355e-09
0,2.0409004563956137e-08
0,0.002300878906435124
0,4.632072489888377e-05
0,3.2745174731334777e-09
0,7.672665077447226e-09
0,4.534809100779375e-05
0,6.347160966716657e-06
0,2.200928129363621e-05
1,0.9994016661211536
0,0.0007814879722247611
0,0.0001996971868047264
0,6.112614292457762e-08
0,6.003232092861089e-09
0,8.124100603678253e-07
0,2.5889820426450633e-09
0,2.3641966860433227e-09
0,0.001591131909319678
0,3.080445488353487e-05
0,5.224171582223302e-06
0,5.672745656364239e-10
0,6.773352065358628e-05
0,0.09593757111397334
0,0.018081064799893156
0,0.0003758058626089607
0,0.9993011105676459
0,4.988704007085529e-08
0,1.4325052536303201e-08
0,0.0932124509112396
0,0.0013948797627296493
0,2.432305445705661e-05
0,1.9121299849298402e-08
0,8.231404435116354e-09
0,1.716688438936451e-07
0,1.9936533494269002e-08
0,9.668754933243209e-06
0,1.895379044291971e-09
0,0.00015491374475467222
0,4.158064757802914e-06
0,8.634721773637864e-07
0,4.340653651046668e-08
0,1.4764373804208418e-05
1,0.8802373404039999
0,9.862316761608142e-05
0,2.762110793306325e-06
0,0.04378567052472131
0,1.1475186612877436e-07
0,0.9999861938710953
0,0.002961785314627495
0,0.000137133575596528
0,3.700905412128134e-05
0,9.95199235616855e-10
0,1.1429505188665586e-10
0,1.6585776685377906e-05
0,1.066497985663993e-07
0,7.11776897765034e-05
0,5.946880972220891e-07
0,1.1057882616838063e-08
0,3.707771891057613e-08
0,3.100320472324212e-09
0,2.3144329186385223e-05
0,7.534122039624724e-10
0,5.1369676856701765e-05
0,0.0008006641437734613
0,1.5494896952526537e-08
0,2.7268742951814075e-06
0,2.355786339292983e-06
1,0.9847614585192898
0,0.037368068924116274
0,7.184644269575575e-06
0,0.00012988051965092648
0,0.0002215355275453788
0,1.6556721459319674e-06
0,4.077829407760509e-09
0,1.414835145768873e-09
0,0.00021269636726128018
0,0.0002486087235985197
0,8.691508936541406e-10
0,0.0021617835087347262
0,2.2099849341747967e-05
0,1.6665417066095603e-09
0,1.0630505583050216e-07
0,3.464990348086413e-09
0,2.672191278277232e-08
0,0.0008796242697631608
0,0.509523773342069
0,0.01902365115670259
0,3.319458106313249e-07
1,0.9852351275964716
0,1.4113532846154873e-07
0,0.0004706408341422393
0,3.6030494306893706e-08
0,7.286745547301837e-06
0,4.1028123584962825e-10
0,1.9651052009518698e-07
0,2.3683880064342198e-08
0,2.8898797331439544e-05
0,8.772634647950511e-08
0,1.1737130022736084e-06
0,1.591646936826926e-05
0,5.0914948222253416e-05
1,0.9667553487284015
0,4.7327238465687896e-08
0,8.076224099622069e-10
0,1.7052491089851182e-07
0,4.059813249517392e-10
0,0.008430391039809691
0,0.00553042678104596
0,1.916622540310985e-05
0,0.00016069673578414647
0,2.2585702671773468e-06
0,8.977797151106716e-06
0,2.2435250358609456e-09
0,0.9998081924200873
0,1.0609095718414656e-05
0,9.109727271848521e-10
0,0.003006552584854452
0,2.1212596449043377e-10
0,8.212436571171929e-07
0,0.0006749206269468124
0,0.0025518499082271343
0,0.00038612012570934376
0,1.1594261942904432e-07
0,4.761004144469247e-09
0,4.790645658962233e-08
0,0.024575660505484202
0,1.9300986542546463e-09
0,0.9999999997295816
0,0.8045499976702372
0,5.191345637370308e-08
0,1.439661270814677e-07
0,5.557000149506915e-07
0,2.8096512994176175e-11
0,9.54920144280549e-06
0,6.210589434674133e-05
0,1.2740395439867005e-09
0,0.00028363844656527105
0,0.9999999926170915
0,0.0003882100776966877
0,3.2356426396063347e-06
0,0.0008042490068990064
0,5.7477003454399934e-08
0,3.351680146258245e-08
0,0.00012010262514052956
0,1.9292743626489395e-09
0,6.455258151064742e-06
0,4.909219951342478e-10
0,8.05567669164443e-06
0,7.925256246937083e-08
0,2.4455545465071417e-09
0,0.0004459177483050193
0,3.8940351354227835e-08
0,0.0007340411459666073
0,0.0008148149956796225
0,2.7895975689575834e-09
0,2.0339770082078553e-08
0,0.00021998260014401713
0,1.0106578941267104e-09
0,0.00022459594287835256
0,0.3908111122365962
0,0.004238983732458694
0,0.0001755623895647503
0,0.5137794463869862
1,0.9899912817130718
0,0.0002449029176819262
0,0.0009401264628375438
0,3.9632875153476565e-07
0,2.709776069599731e-07
0,1.587252514729262e-05
0,0.008897764383109016
0,1.7385189892739167e-07
0,6.780733730678254e-10
0,0.027038427255572504
0,1.9285379655490275e-09
0,0.6931569068948445
0,6.532242454853771e-06
0,3.6942402279770647e-07
0,2.257456153792961e-10
0,0.0017959629836298574
0,1.1675705609601205e-07
0,2.878196537661613e-10
0,3.1102424901280793e-09
0,1.9197423111617018e-08
0,1.212196961343134e-07
0,0.0013888367316279972
0,2.007212111681379e-08
0,2.476762196319959e-06
0,8.98295545797089e-09
0,2.3310228024392282e-06
0,2.7246774104986238e-05
0,4.1595969114471574e-06
0,3.153590460615594e-05
1,0.9739863292019046
0,0.0002569608885551408
0,8.36204916428826e-06
0,5.192153634096373e-06
0,3.506350189892369e-09
0,4.7693444599792295e-09
0,1.5843209673601905e-08
0,1.0499142334128772e-05
0,3.726722498202908e-05
0,7.887525071779758e-05
0,1.680920734836263e-08
0,6.97848611234995e-09
0,1.3091010408927024e-08
0,1.5079832197608505e-08
0,0.9417594311044758
0,0.10976654419819692
0,2.68672650175386e-11
0,0.4271134871129114
0,0.000389239074674343
0,1.2016821982673343e-06
0,2.759273406586271e-07
0,1.073110044851626e-06
0,9.331395769001428e-05
0,0.7538242507332407
0,1.5608184439252258e-09
0,0.010297181551966433
0,1.0177400867471697e-07
0,6.963450534125262e-09
0,0.7827511860113038
0,2.5544567043086466e-09
0,2.468401584548022e-09
0,1.4760805179132902e-07
0,6.489766858998463e-10
0,3.7095948680409296e-09
0,0.0046266642518226824
0,9.426598075501506e-07
0,5.1446717846356826e-08
0,1.3545454553746566e-08
0,3.869988786924937e-06
0,0.05232290004300983
0,8.890194588802093e-08
0,3.2418736796342104e-08
0,0.03201152071688787
0,0.03717082204041084
0,0.00015283140023082534
0,2.178496329580112e-07
0,5.257574920647022e-08
0,6.477915032595873e-08
0,1.213717115024945e-09
0,1.046480690186385e-05
0,4.905372015264761e-05
0,2.512066641654101e-05
0,0.014305476436365329
0,1.555861372364726e-07
0,7.881307854406128e-08
0,5.281109329121312e-09
0,0.0006878366518771007
0,5.924550764699546e-08
0,2.5247197266048125e-05
0,2.5667568421089976e-08
0,5.142092917145082e-06
0,6.094459834131618e-08
0,5.977156410971194e-07
0,4.857382446702957e-07
0,2.2086523610021204e-07
0,0.004740518601699437
0,0.00017592414067924816
0,4.888646460240579e-10
0,3.5833424085547134e-07
0,6.257690319386703e-07
0,2.9690362505363716e-06
0,1.0745495695756605e-05
0,0.00012780082825041616
0,3.084334775276799e-07
0,0.09200774262849386
0,5.533094688853416e-08
0,1.5761550895445525e-06
0,7.78671447745202e-05
0,4.764686144683447e-05
0,0.1282509823639344
0,6.897982832382227e-05
0,0.0014481535137194574
0,1.7197392834792414e-05
0,0.00025247066247223286
0,8.365658749678319e-08
0,1.2661888147517027e-06
0,0.00033633678270072244
0,1.2423524588375375e-07
0,0.00032516424450550137
0,7.094461016717116e-07
0,3.326071319212313e-08
0,1.0587680176351711e-08
0,0.983891274012646
0,8.149309951924328e-09
0,4.298424096956883e-09
0,1.4484413632045812e-07
0,7.009355594362781e-10
0,0.20499831308927294
0,1.693432724033961e-05
0,4.052345853093977e-10
0,4.384362448140332e-08
0,3.420465310665715e-08
0,4.2754334082459404e-09
0,1.2528857658269494e-05
0,0.9995133495202441
0,1.3979208149471867e-08
0,1.2915632101378219e-05
0,0.0010117162787119766
0,5.1011237550459255e-08
0,1.0129679184426352e-06
0,6.599444270646255e-09
0,6.082347992735532e-05
0,2.1549003381748277e-06
0,3.2804134891717678e-06
0,1.3853383175865937e-08
0,0.00013946081755733728
0,5.95531891375679e-09
0,7.016513596172001e-08
0,3.7666400215874354e-06
0,0.05843439947683664
0,4.952309029523137e-08
0,1.1983303584002315e-08
0,5.662992912884903e-06
0,6.312022151470509e-06
0,0.9999499584735437
0,7.825154001663798e-05
0,3.914764850605982e-09
0,2.780967960950372e-10
0,0.8664974729558775
0,0.00272327282969132
0,0.11172835593891328
0,0.00023470189246359914
0,2.7720977346785727e-08
0,0.9999860810811335
0,0.29508272404311403
0,1.8331077679687902e-07
0,0.0013848954469909797
0,0.00014727992110258583
0,0.0031668605341755793
0,0.8426172781868903
0,0.0016855576054889084
0,1.839295698470943e-05
0,2.4074567767342426e-08
0,0.0006479610410754838
0,1.1749823940435196e-06
0,2.8854233490523686e-09
0,7.168700171784068e-05
0,2.777240487567276e-07
0,0.3237875339722527
0,9.544809975954435e-09
0,3.451330292456833e-08
0,0.008260810280849192
0,0.000434575165088538
0,5.98803641262496e-08
0,1.1246654259417729e-05
0,5.462776696815864e-06
0,5.183086025055722e-08
0,2.835230542235005e-06
1,0.9998857051116913
0,8.784912498085983e-09
0,1.830739677013067e-08
0,1.3227119034575315e-09
0,1.1413127269644743e-05
0,6.101170101132128e-07
0,7.153724287018617e-08
0,7.595538366434111e-07
0,0.00028614397401552534
0,5.040067621606716e-10
0,1.0934285287614334e-08
0,0.1293353227197719
0,4.368104240534617e-05
0,0.0005603294045778641
0,0.008614872256643322
0,9.688675070449295e-06
0,0.018353244457317158
0,8.497702747350317e-06
1,0.9998235462111094
0,1.464672489416475e-09
0,6.580058779062499e-08
0,0.00026196835239713725
0,5.76619677038911e-07
0,2.1177409834003745e-09
0,7.3836701039892004e-06
0,7.146542419207823e-06
0,1.154276333977806e-05
0,1.1873608984563308e-05
0,0.00010565182556115909
0,6.444653956622548e-05
0,7.191468076723317e-05
0,2.328197313181022e-08
0,2.639007745394637e-07
0,1.0120930074411935e-05
0,3.783452876530765e-09
0,9.279741846691658e-05
0,0.9171323130225395
0,1.964144411474051e-08
0,4.479844322319835e-08
0,1.2618344791967051e-09
0,8.70960012074713e-06
0,6.680225379672534e-08
0,8.76568434840503e-09
0,4.15212229105797e-09
0,2.172560032975101e-06
0,2.5549265247798888e-08
1,0.23640608541705485
0,1.4367354794650508e-08
0,2.8526447258561842e-05
0,9.006105553366587e-08
0,3.7007057283452226e-05
0,3.125412928737016e-05
0,2.166564251911629e-08
0,3.332239771140196e-05
0,3.135164478477799e-06
0,5.120266630376937e-09
1,0.49472793203309146
0,0.024825400691679187
1,0.6050384473253148
0,7.322207848644498e-07
0,8.360500237987847e-07
0,2.8259945412348852e-08
0,1.8571629188912976e-09
0,1.354903302588565e-05
0,1.5622781822559925e-08
0,1.4483895430139863e-07
0,0.007484450668985577
0,1.1925636347037275e-06
0,2.154854496674812e-09
0,0.0005417654179894782
0,2.0707351818104185e-08
0,2.797768367399742e-07
0,1.4431309877625089e-08
0,2.1290779515381813e-06
0,0.05482566679356154
0,2.1850384345264646e-06
0,2.802255702469587e-05
0,0.6782205051195077
0,0.00011626114756958954
0,2.687808400506768e-07
0,0.004777349850130598
0,0.08612025210431283
0,0.000936605868154192
0,3.161651919216025e-06
0,2.124938731632598e-06
0,0.34052881349666114
0,5.193178227284285e-08
0,0.008080158425781062
0,0.00015226383574932757
0,0.9379730359067836
0,1.997770374036956e-08
0,0.005641740635736065
0,1.1556529619662652e-10
0,5.74569548434918e-06
0,0.007287720190903777
0,0.008594498541036394
0,0.00025781921525694086
0,0.004115086751789801
0,4.377374422648134e-05
0,2.27459354735158e-06
0,0.00042126552147970055
0,7.360375010098678e-08
0,7.202022203920706e-06
0,0.0007105045461265315
0,1.7169290534441996e-08
0,1.307647445269474e-09
0,3.112538316761564e-08
0,0.06919562862859809
0,2.960975466010545e-09
0,0.002364285921975212
0,2.60910819988624e-06
0,2.1612031690326016e-06
0,2.9634091530303042e-06
0,6.966528359437801e-06
0,0.46566758895982957
0,4.511762272366452e-06
0,0.00019606252874542342
0,6.896784101030456e-10
0,0.0030307457717587342
0,0.00015462488680507874
0,0.00021610927614839004
0,2.5545387831835415e-08
0,2.73375913909965e-07
0,0.0004719972341471787
0,0.06591943168657731
0,5.287685423153014e-09
0,3.1595277388562976e-10
0,3.3884808108954594e-09
0,1.4122391011122796e-09
0,2.8704041180396035e-09
0,0.002866935679183937
0,0.0009186070304208158
0,2.934062100762698e-07
0,4.019235626461726e-08
0,7.555651370704314e-08
0,1.848783255972819e-08
0,0.024700201748105458
0,2.891070417785531e-10
0,1.0029783187449628e-05
0,1.511212213456411e-06
0,8.843955133350927e-07
0,8.794088790944286e-08
0,1.320689136396183e-07
0,3.734050013290163e-06
0,2.220958176099498e-07
0,3.4838173454240365e-09
0,0.00020017572351464037
0,5.9491999197800256e-08
0,6.45637593645695e-09
0,0.00025070309707053235
0,8.826344814921965e-08
0,0.014800369451304193
0,2.4835977568754937e-08
0,1.0488213114522484e-06
0,0.3232714790518395
0,2.3242934813698264e-08
0,0.0002571831412738163
0,8.536539343051453e-08
0,4.220965951678748e-09
0,0.37574862220410626
0,3.342131868541179e-08
0,6.809159701456448e-07
0,1.403690387813318e-07
0,8.3947991005983e-07
0,3.008895865255386e-06
0,0.001230791782749854
0,1.2294835189247243e-08
0,6.80349699587793e-08
0,2.8554023164633606e-09
0,1.8962147967789089e-06
0,2.3940651074116506e-06
0,4.712701627288669e-09
0,2.3429351918746703e-05
0,5.962439520690777e-07
0,9.403318880254648e-10
0,0.005502590883920158
0,0.6536612338397371
0,0.004935439974381471
0,1.4376940933585761e-08
0,3.7771346964360464e-09
1,1.0
0,5.6443638688026804e-05
0,3.7523642062956956e-06
0,1.1348521026341771e-08
0,0.5415555840561073
0,0.014950250190463758
0,1.940603355135625e-06
0,9.139443389529096e-10
0,0.00025298620932349074
0,7.256469546959645e-08
0,0.02545084615109993
0,0.967841297289268
0,3.439023925144039e-05
0,0.0004354338417177761
0,1.0598252894483654e-05
0,0.007309952830957783
0,0.9955668518405274
0,4.311828183615352e-09
0,0.0001235443354329434
0,7.432723447774461e-08
0,0.0008388881059653606
0,1.929499795560741e-10
0,2.327443355280502e-08
0,0.030244887842156846
0,4.866114599305435e-09
0,2.441677878698981e-07
0,9.22160168046252e-08
0,5.895261360464071e-06
0,3.418985004982246e-05
0,4.8348190010531044e-05
0,3.682284426791817e-08
0,4.002826480906134e-07
0,0.9962745482060691
0,1.255629802659527e-06
0,2.517895885556882e-11
0,0.013293267940250377
0,1.019573357652607e-07
0,0.9995301047764742
0,0.0007157827814293437
0,3.869740624521307e-08
0,4.59058898070198e-08
0,0.012139322123725938
0,6.8814561434132995e-06
0,0.0003912302761731944
0,7.824940600685825e-05
0,0.0007445952356073709
0,0.0018478811093489249
0,0.0007379349685678564
0,1.112876195754618e-08
0,2.1100132656776347e-08
0,8.320024248252913e-09
0,9.752480652652406e-09
0,0.10292926829201066
0,3.4594677680383487e-09
1,0.9993041088685496
0,1.5108905038005007e-06
0,2.930455968483221e-05
0,0.0021839445989145973
0,0.00010749371571819391
0,3.08416123412482e-06
0,3.583966470576951e-09
0,0.05349807649855151
0,0.00011837621404632131
0,1.1482990376891296e-06
0,3.972761095278723e-06
0,2.1082359610406194e-06
0,6.281854008862245e-07
0,0.00035763491532126
0,8.747280535869199e-11
0,7.544058956712424e-10
0,2.5822296808120658e-05
0,0.0005381988848976385
0,1.3439128768737834e-06
0,0.08241248230611835
0,0.0004688406474867778
0,2.6469607909606163e-07
0,0.027470416227108465
0,3.0053743431790474e-06
0,2.6990203149498235e-10
0,2.0785831281607344e-08
0,4.1625888623378483e-07
0,0.002419092357788878
0,0.009972875505034423
0,1.0748089282823753e-08
0,3.185510435696781e-07
0,3.38296965517021e-08
0,1.1823699400795051e-05
0,0.05242477307264542
0,2.3996260505454764e-08
0,3.5668542624373065e-08
0,5.937187908504436e-08
0,7.804628821446395e-07
0,0.0007989234940331144
0,1.2954362465362872e-06
0,2.9080197170460514e-05
0,2.596904379224115e-07
0,2.794376476717886e-09
0,8.38721973150996e-10
0,1.7479654527876478e-07
0,0.006292917304983168
0,0.8087875907997042
0,1.3035182071401366e-07
0,8.300994210335688e-05
0,4.293869148253893e-05
0,1.3370903016923818e-06
0,1.4512753235526135e-05
0,6.007373345230727e-10
0,1.5917061546283727e-07
0,9.151760541842579e-05
0,5.7481981561177174e-05
0,4.093602276070951e-09
0,1.3051983752641752e-10
0,4.418803202795675e-06
0,0.10295185967756174
0,2.239575762050186e-08
0,5.811140612812268e-10
0,3.3559245785861244e-09
0,8.904038999022774e-08
0,0.0003066103905894103
0,0.02514955407778591
0,9.302440127278184e-10
0,0.003887043602393083
0,0.0005759387563956686
0,2.4969801668110248e-08
0,0.012853621221075855
0,5.831412522829722e-08
0,0.00047775610866248263
0,2.92572304837407e-09
0,4.161279478647614e-06
0,0.025277451481420368
0,1.0900928329328253e-06
0,0.0533927630584645
0,6.953033360369681e-05
0,0.00028695587190358273
0,6.139287513849131e-07
0,1.553321787472203e-05
0,1.4988526084264613e-05
0,4.955946000056999e-08
0,1.6735839295968102e-08
0,0.0007816454737932564
0,2.108284502313048e-08
0,9.930882653298088e-06
0,3.245531889338808e-08
0,3.858125045194186e-09
1,0.9985548274823222
0,0.0016614422765610403
0,7.49567164799978e-08
0,6.666331715170073e-06
0,3.647081199263084e-05
0,0.3999792200393246
0,0.00012978772511391707
0,0.01933072388783248
0,4.910437170108979e-07
0,6.620968195828859e-07
0,2.2409567891689372e-08
0,4.291498786812182e-09
0,0.0002892946760568905
1,0.18165772870145258
0,5.153963127913918e-09
0,3.1234038882285834e-07
0,1.6155025019932038e-08
0,9.153914935806171e-06
0,2.637338034657919e-06
0,6.581896939961379e-06
0,9.429060109547886e-06
0,1.4432755319802105e-06
0,1.68666583605552e-05
0,4.360536118574553e-08
0,0.9959872522113498
0,7.394503309165865e-06
0,6.948763817983719e-06
0,3.7368254100254385e-08
0,1.0547731803339573e-07
0,2.5468383775303494e-10
0,0.00017395693788637182
0,3.804478638647108e-07
0,0.007838259836666984
0,7.742960907475096e-05
0,1.845292201321673e-07
0,1.5218700845670309e-05
0,3.884130917371187e-06
0,1.2522375065882426e-09
0,4.9387499140965485e-06
0,0.0008519661279345685
0,0.0013701921590182802
0,1.473865472034857e-06
0,2.9911890275907275e-06
0,1.2582684116115539e-05
0,0.02859140924293904
0,1.4107488168005208e-07
0,4.391787119688624e-06
0,0.00025447988800002757
0,1.6433821564977316e-09
0,1.8482653093123375e-09
0,1.6381522188411875e-09
0,2.718317588682627e-09
0,2.2444190844766453e-08
0,8.374016404220936e-10
0,0.03156895076754794
0,0.0007056796307255986
0,4.590598951691191e-09
0,0.9995520056404119
0,2.4130685442553597e-06
0,0.00015504805389081133
0,6.3965690988401274e-09
0,3.1600452900214506e-05
0,4.1297716000638097e-07
0,0.8354578681571304
0,2.48596900662814e-06
0,4.329932789542118e-05
0,1.2127141286464135e-09
0,3.4312399750645515e-05
0,2.4984918732696975e-08
0,1.6131755033073671e-09
0,0.008527148054310148
0,4.92695783277614e-07
0,2.593352006054268e-08
0,1.0437249544794042e-08
0,1.1281241076704568e-07
0,0.004008431412538628
0,2.3717824383446178e-07
0,0.002011867279902178
0,0.9801163913476149
0,3.969300241484443e-07
0,1.4233325331592575e-05
0,3.3692606773168276e-06
0,9.01267560933618e-10
0,4.9334819926153035e-06
0,2.6690021496528385e-07
0,3.464760231634253e-08
0,2.286510215473647e-06
0,1.3714206439237104e-07
0,5.291026562810678e-07
0,1.0812745148420181e-07
0,7.174006378801804e-05
0,2.3664903850328318e-09
0,3.364000804230639e-07
0,1.3183654394353309e-10
0,0.00017230460571641764
0,0.017829565521695515
0,1.6323216219286209e-06
0,0.0010991098698646539
1,0.027660904934133167
0,2.5518784889086656e-08
0,0.00013278360676549655
0,7.764662586807393e-06
0,0.0007206868083266916
0,0.008364970163765266
0,3.504557770450049e-06
0,2.6487967367181846e-08
0,3.7950840557738613e-06
0,0.024302793910323146
0,2.2703090092820292e-07
0,5.19273150591939e-06
0,6.094073539644985e-09
0,3.156591151794659e-05
0,3.867736394372804e-09
0,2.771340276792261e-06
0,1.2188689971072866e-09
0,0.0001714354912955389
0,1.182355509418652e-08
0,1.5459983311177014e-08
0,0.0002977932888348052
0,7.848050011097863e-09
0,0.00016367734409838475
0,5.487900912356514e-06
0,5.042595374924842e-08
0,1.337865685752163e-09
0,5.2262053373538445e-09
0,8.396416644568624e-06
0,2.3113790038464614e-06
0,0.010044057899548741
0,5.55495649478655e-05
0,0.006886215998390632
0,0.41389741155378823
0,4.988475312831907e-06
0,3.2659410659031496e-08
0,8.058025530710544e-09
0,0.00013724704415680943
0,1.023100220336408e-07
0,6.418528186255618e-09
1,0.44527632693066294
0,1.9044109155213973e-08
0,0.0003676105782606218
0,6.848528543688491e-10
0,0.8389231435856132
0,4.037857756765581e-07
0,2.0082091134116734e-05
0,7.077050804836998e-07
0,7.533687917122867e-08
0,1.7871756941917218e-06
0,1.2793566871376247e-05
0,0.0001573481587952215
0,4.122862315097049e-05
0,7.622560795808518e-07
0,0.026474788561709074
0,2.777853270112165e-07
0,0.0023817726627088994
0,3.983371757082708e-07
0,0.37169498126221523
0,8.785012353086303e-08
0,2.4477926555796508e-09
0,1.4188177835678734e-06
0,1.0590312127852733e-06
0,0.5771630715073838
0,1.0408632312287379e-08
0,1.6904802356675014e-07
0,0.05755022170253929
0,3.595186315478772e-09
0,2.996144215259981e-09
0,3.0059291139084367e-08
0,8.288082275654383e-06
0,1.6812547908728348e-09
0,0.2026434325248601
0,6.568891605880607e-05
0,3.95145751523369e-07
0,0.00042094151583543343
0,5.448533068485076e-07
0,1.5680645788371298e-05
0,0.13014740146367468
0,3.519072362274458e-05
0,0.017369721890565952
0,1.329677761101478e-05
0,1.7183083139983258e-08
0,0.00023749126408770154
0,0.015161259495122774
0,3.112422901915698e-06
0,7.449423815094291e-09
0,0.0008065170758689249
0,4.517423639761879e-10
0,2.793352693817375e-06
0,8.26742755355924e-09
0,7.186856781281556e-05
0,2.0040046768780306e-08
0,4.0654067020450825e-06
0,1.296523082540024e-09
0,0.026663198516102795
0,0.9999673417009265
0,0.9756823576256753
0,8.45899657134935e-08
0,4.484671752888576e-08
0,9.598037639203695e-10
0,0.01339516134970378
0,9.003776829476894e-08
0,4.001418354201684e-09
0,7.889391775180004e-09
0,8.155575867110442e-07
0,4.9149659388958555e-05
0,7.176222190767708e-07
0,3.3705683693850895e-09
0,4.941014190601667e-05
0,2.3480582196942204e-07
0,9.909086039857619e-09
0,6.933055751088981e-08
0,1.1994365931382444e-08
0,9.54776833686807e-07
0,1.8943123109798142e-07
0,3.0501908129006316e-10
0,3.762174540341718e-05
0,4.0211482577203505e-08
0,8.971719985000923e-08
0,0.9999999999971649
0,0.02832161610535746
0,3.0562714560316404e-05
0,0.00027575418986018065
0,2.3735878242563335e-07
0,0.0003655824580323995
0,6.720994489046813e-10
0,8.617000962256495e-09
0,1.0617502152006838e-07
0,1.2759976074944668e-08
0,8.384020706625392e-10
0,5.1233108097069314e-06
0,4.035832692632973e-06
0,5.686482032675074e-06
0,0.00040749335805444556
0,2.9338554411118854e-06
0,2.5800314427733897e-08
0,9.29150906440586e-05
0,8.242300100631826e-08
0,2.221049392323849e-08
0,0.034904059559765686
0,1.0372708580246293e-06
0,4.064632506075059e-08
0,4.976869204741004e-10
0,4.7600297982033205e-08
0,1.8278666258075702e-07
0,9.424449216988676e-08
0,1.0643066525721389e-08
0,2.306826218207715e-06
0,0.0012734792038596786
0,6.105488627451386e-09
0,7.010838469631762e-05
0,0.0005310862279228545
0,6.54799175541194e-09
0,2.169709484543901e-05
0,4.030609173619246e-10
0,1.7558573288396746e-05
0,1.4477786882340467e-08
0,1.1285865314711833e-09
0,4.966870923433517e-07
0,2.8748096507153394e-05
0,2.459866789252432e-09
0,0.0021683730804907164
0,3.323910861400498e-06
0,1.003800525473342e-09
0,1.0411230572122864e-09
0,0.01266185446046109
0,2.7217974333476967e-07
0,3.195708015086509e-08
0,1.2472217362901556e-09
0,4.217437815338108e-09
0,5.6940025661964085e-09
0,4.1658316360841395e-09
0,8.784825186097225e-08
0,8.622156937853824e-06
0,2.5185092718356986e-05
0,5.522549408087714e-08
0,3.315124496006374e-08
0,4.124731869075464e-07
0,2.2666564803278925e-09
0,2.7600464748981275e-08
0,1.260764143297401e-05
0,2.306607000251827e-08
0,1.2531883662360027e-07
0,1.3652586229477523e-06
0,2.280948875698248e-06
0,7.264421375069479e-08
0,5.186257121316699e-10
0,6.46049425363111e-08
0,3.105876949785083e-07
0,1.400201192692315e-07
0,1.3862399075042683e-06
0,4.073703545945108e-05
0,2.957476062263033e-08
0,0.0006894778036445885
0,4.4985844530058514e-08
0,6.884592825012545e-08
1,0.016294268376596897
0,1.6830805073143722e-07
0,9.64779177339939e-07
0,0.04055172772166112
0,1.7041796460779343e-05
0,2.405000504839341e-07
0,6.613495187169198e-11
0,7.124348174111531e-05
0,3.440169625838663e-08
0,2.3530703351130178e-08
0,9.13837445602939e-06
0,2.687956239418302e-08
0,3.987014683784711e-06
0,2.120201464217839e-08
0,5.118144787108541e-09
0,4.8736020648025384e-11
0,1.050356190364414e-05
0,0.0031421469471636498
0,8.11419855933747e-05
0,0.0009981960814361918
0,8.313636089988576e-09
0,0.0001578301957554654
0,0.13724548143711504
0,7.012905333667134e-10
0,3.286833378662217e-07
0,0.005788477519754527
0,0.0001364034305851946
0,0.052354998813147785
0,1.8237050905478247e-07
0,0.08196373109427227
0,8.232590574247304e-05
0,2.5898227142542204e-05
0,0.039268636394777165
0,2.985884459865105e-08
0,7.27026424354245e-06
0,4.865443100458049e-10
0,1.2973534656416116e-07
0,7.529243659346102e-06
0,0.00014447432588710114
0,8.779421134409872e-09
0,4.9479398206645834e-08
0,9.633583311092027e-09
0,0.025177262043732215
0,4.360103811952307e-05
0,1.9332912971911218e-09
0,2.3677362475591863e-05
0,2.4082305221121716e-07
0,2.3866561824421582e-08
0,0.0008280551606452387
0,5.176272160230324e-09
0,0.00028652474844269847
0,0.0001872505281818811
0,7.98597691605853e-05
0,7.841663273523155e-07
0,4.9564461107720096e-08
0,0.0007422630030520163
0,4.275872138797485e-09
0,7.338018034060556e-08
0,0.34177523363165385
0,0.28688178524519087
0,3.2535330944378985e-06
0,0.08362534229621894
0,1.9584928242890522e-05
0,0.37355622080211337
0,1.0246740247414545e-05
0,6.092364472531639e-05
0,1.0784224083947874e-09
0,4.6727503095907695e-06
0,1.4202149726821015e-07
0,9.890199611940564e-07
0,4.8308324649694886e-08
0,0.0003929189981175015
0,9.256601452770682e-09
0,8.388901800852405e-08
0,2.7747936306676872e-08
0,1.718346198791117e-05
0,1.260961651215863e-07
0,1.3079023947173905e-09
0,7.872619367250985e-08
0,1.5699558347289331e-07
0,0.023945664091708934
0,1.153914325676842e-09
0,6.170863647288096e-08
0,2.8662288453206234e-05
0,7.848026715885815e-07
0,4.181217144558586e-07
0,1.2900023218791764e-06
0,5.258561112176695e-10
0,5.5577983538599896e-08
0,5.004957169149752e-06
0,4.982551730898504e-06
0,1.2957531268491859e-08
0,7.875326995118929e-09
0,2.9302062390008913e-09
0,0.011996153708289818
0,9.675538387440071e-06
0,5.0942966626413805e-09
0,1.9658469469947172e-07
0,3.4697799693022064e-06
0,1.3333430447965499e-06
0,2.964561775230719e-05
0,9.577489770419189e-07
0,2.063314113209088e-08
0,5.310554666716315e-06
0,6.047531201285857e-08
0,2.4616588523210504e-08
0,1.7469654953700282e-08
0,9.708768949713632e-06
0,0.21462508052977175
0,0.9387101434151871
0,4.0617490393143166e-08
0,4.681731790623884e-09
0,0.10407994748234249
0,2.0859478329999892e-08
1,0.9127747561492782
0,2.006805305060659e-08
0,4.802442303651245e-08
0,2.59621290731598e-07
0,1.506732974695788e-07
0,0.01674952180563789
0,4.665191826632208e-10
0,8.795523739565275e-08
0,1.7177125946868778e-07
0,6.672869876268943e-10
0,2.6539535450005996e-06
0,7.27360913847046e-08
0,2.113366136018303e-07
0,4.81127837053121e-06
0,8.938751219181347e-09
0,1.9450574664643486e-05
0,6.131129515314834e-05
0,6.57233759446448e-07
0,1.7420364350981718e-07
0,5.735021212948366e-07
0,3.8736731187473187e-07
0,0.9999998408061954
0,5.093489841837987e-08
0,1.1794727015680237e-08
0,3.2958250881902776e-08
0,1.1186820184665743e-06
0,0.0009049623521332611
0,3.700560181732394e-09
0,6.874730388910881e-09
0,0.00048695382550887077
0,2.5703006656704737e-08
0,9.65795692514925e-07
0,0.008751838500703773
0,7.498141198851697e-09
0,1.3292079314126245e-05
0,2.8263200778454115e-05
0,9.897508309413699e-08
0,1.2049028506577948e-07
0,6.918253978380614e-10
0,1.0612465003592424e-08
0,7.390067799981678e-05
0,1.4225677406896198e-07
0,1.4344955154144214e-07
0,0.01243127049074384
0,4.763586049321955e-09
0,3.236495799124596e-07
0,1.4232299150059329e-07
0,1.0706663384092408e-05
0,0.00640374212954792
0,0.39564045856512503
0,3.704339882461178e-05
0,8.477215300436269e-05
0,2.7768836769596893e-09
0,8.483153851127772e-09
0,5.5728663913438065e-09
0,8.386321861423683e-08
0,0.08113266393401418
0,5.0134993046812436e-06
0,8.66240076496026e-09
0,0.0032212441479984527
0,5.435362258917647e-06
0,1.0665514721576297e-06
0,4.855446390389141e-06
0,6.594586941449025e-07
0,1.9909688002345757e-10
0,6.5406523876621955e-09
0,2.12558369484902e-05
0,1.0075824162813624e-05
0,1.5130734207161247e-07
0,8.445814429880871e-09
0,7.18912153936858e-05
0,2.1148182566641477e-09
0,6.417912964594214e-09
0,1.758283603344477e-07
0,2.845529404181852e-08
0,1.4529791874053278e-05
0,0.055593054294931554
0,2.0270190599186286e-08
0,0.00011686481328207124
0,1.0959302302865839e-07
0,1.362473035379282e-07
0,0.01710782792675564
0,2.6095418135393287e-07
0,0.04427261365232723
0,9.41193034050392e-09
0,2.4066118654527616e-09
0,0.00020088858332718956
0,4.264958003894707e-08
0,9.793100024251295e-08
0,0.00025775367475710376
0,0.00010825944125246158
0,0.15347576433882426
0,3.959949893938367e-05
0,0.0002250598415391432
0,3.3067434924439154e-07
0,4.1739040535766506e-07
0,3.6550321330363665e-05
0,3.721516759982819e-05
0,1.7251439097557702e-08
0,6.931525456058123e-11
0,0.8449799288915654
0,2.5937370968969214e-08
0,1.2515292990116589e-07
1,0.13851135228595032
0,1.1330489266485108e-05
0,0.0010308669024619592
0,2.356159424696132e-06
0,0.0001327749701576839
0,0.07473055227618838
0,0.9999999999938325
0,0.01635753657690076
0,0.0001776834213447281
0,2.0198442810600654e-06
0,0.0001476906964235563
0,8.68885602122107e-09
0,3.062460363502809e-08
0,7.382183659688431e-06
0,1.784449592263133e-08
0,1.562206329904037e-08
0,1.7096620589178958e-08
0,4.361152745364433e-07
0,0.00011200130743576516
0,0.14846573234758315
0,0.00015582858070491138
0,6.622319767363691e-09
0,2.160247619903832e-05
0,0.0014127215237190905
0,7.387608981724126e-08
0,0.03566566720186394
0,5.608487179289742e-11
0,0.015955472548237724
0,9.488933338704595e-10
1,1.0
0,5.896520194550061e-06
0,1.0731321954892614e-06
0,0.0004736895586218073
0,0.0005470279032821787
0,1.5367353001936748e-07
0,0.005457971663351424
0,0.8119877559965794
0,0.020395942499200546
0,0.0013844085090176578
0,1.0910625681951293e-06
0,8.771159033905592e-06
0,6.5809450205855536e-09
0,6.244351631629888e-06
0,0.00078893105147954
0,8.806698083095943e-07
0,2.7409774058645172e-08
0,4.6561703281756303e-08
0,1.2225735277050651e-05
0,3.8016617527292582e-06
0,8.440878904136911e-10
0,1.3096155670732033e-06
0,0.7544138675050844
0,0.019635257308146227
0,4.200359499353915e-06
0,1.0541100389339075e-10
0,5.596292372800102e-08
0,0.0007941957743791865
0,0.9999999999955378
0,1.4026222043590444e-08
0,0.0003768799036137693
0,1.979306218876203e-08
0,5.1860844293115765e-09
0,0.0016102038943468144
0,0.06882529959075004
0,0.5010471339071024
0,2.2186310424871105e-08
0,0.005511769988021596
0,5.71409092475964e-10
0,1.1049778681658582e-08
0,1.286266592956979e-06
0,0.00015739904485693792
0,2.5411493515809986e-06
0,8.17498318326831e-09
0,1.7941269365292634e-06
0,1.3068166379530435e-08
0,3.7958458682107306e-07
0,0.9846390929782753
0,1.1795560700756916e-07
0,3.4669769826063735e-08
0,7.048506718810087e-07
0,3.7140767508764507e-08
0,3.8119149547448944e-07
0,8.969225324505067e-05
0,0.0003651503162319583
0,4.406381681104034e-09
0,0.19989507587237967
0,0.0002516269062950762
0,5.7148331482056446e-05
0,1.2732240902379128e-07
0,2.063060772506835e-05
0,0.000586824867038892
0,0.0003072240111151833
0,4.4959491307052044e-07
0,2.9994950085836354e-05
0,1.1923572270498499e-07
0,0.13581055050732885
0,1.7607745989898242e-07
0,0.07324866809397299
0,3.982730359123199e-07
1,0.08800994763144794
0,3.525371497491444e-08
0,2.7684222462049153e-10
0,1.6890015800681085e-09
0,5.25537680041711e-07
0,1.0585044693670326e-09
0,0.14765492253502885
0,0.3208658838003189
0,2.2115705708775353e-06
0,5.059110824177914e-08
0,7.801618100381372e-09
0,0.00046727557464279517
0,5.84078038539392e-10
0,0.0008242592652153687
0,0.0009706331164521268
0,1.8337548148966886e-10
0,3.3777489449808084e-07
0,1.53072418747687e-06
1,0.9999949240607511
0,1.263457159755501e-08
0,1.6262840212448048e-06
0,3.906390131015756e-05
0,5.632042101325767e-09
0,3.3458931050409814e-09
0,6.340948355591768e-08
0,2.1735647398304177e-09
0,0.020664896085009137
0,0.0024896820970608646
0,7.772804883776031e-07
0,4.940596328022094e-09
0,1.7046259010914925e-05
0,1.4558671413739625e-05
0,4.5211050996977394e-10
0,2.338160611106688e-08
0,0.00019118520734865685
0,0.0007717578350143426
0,3.100931824286434e-06
0,0.04928187340332878
0,0.004455161357889976
0,2.97454120961096e-05
0,0.000955354579512495
0,1.3499656901503852e-06
0,4.0694578099223375e-10
0,0.00018481471235772673
0,0.00011858815279155881
0,1.5888697469737462e-06
0,5.8860786087177284e-08
0,4.5534310499453635e-08
0,3.772005523167992e-05
0,0.038079567881654626
0,0.00016287647300420701
0,0.00034853861260708584
0,7.070105478133734e-08
0,0.001455141801352419
0,1.820248184560151e-08
0,0.946067266044974
0,9.77433608274164e-05
0,1.6723889269523374e-05
0,8.969285435143778e-09
0,6.466026393217783e-09
0,1.617961558889147e-09
0,0.12824359231163177
0,5.504378181659226e-10
0,0.0007707430192706573
0,5.4151450850056134e-09
0,2.190567991444556e-05
0,3.3318706341640153e-09
0,0.9587504743298971
0,0.04288381220872744
0,2.097156318991365e-09
0,9.378911885673922e-06
0,1.8845289969128513e-06
0,3.3590662490431575e-05
0,1.477413771851416e-06
0,6.30067980548254e-08
0,0.0005048622579212128
0,6.456305815907162e-05
0,0.00012025903050033277
0,2.182797317198635e-08
0,5.7020448880966135e-09
0,1.654891213994529e-07
0,9.247383544969396e-08
0,1.9747630522770123e-06
0,7.311368102158394e-07
0,6.60729545327537e-05
0,5.976014734415162e-05
0,3.0513083046095084e-06
0,0.10995139400736811
0,1.625763088599551e-05
0,0.0046519616642306935
0,3.590674843195338e-05
0,4.817296783273958e-10
0,0.026191154644457218
0,0.00013083910877802
0,2.0332961244798986e-09
0,2.8733743733355523e-08
0,9.303173090080085e-08
0,4.987474316427572e-08
0,3.336994757628201e-05
0,4.330287053760378e-07
0,1.2545676968630077e-06
0,0.8920981487765423
0,1.3116534824428552e-08
0,2.5821951550871483e-08
0,0.6587854073471993
0,2.6285155474322996e-09
0,3.185718245549057e-08
0,2.5037766339106435e-08
0,1.5280260572745886e-07
1,0.9993148419341926
0,0.00014216604558516392
0,0.15002649549745223
0,0.00016201787984524606
0,0.0009175002057210467
0,0.004228212183388445
0,6.801322835544772e-05
0,1.7195974435616791e-09
0,1.8862246603532855e-08
0,6.068645706392493e-10
0,1.9312790782857703e-08
0,0.00014795032371303984
0,6.849869356316394e-09
0,9.259249265180027e-08
0,0.00459305574136582
0,1.31451456321386e-07
0,4.469327168384293e-05
0,5.651308355966962e-09
0,2.9455464568631786e-06
0,0.0007094334122402695
0,1.2596657380366568e-06
0,1.8543095135939073e-08
0,0.0013411215681947226
0,1.8166591469715147e-05
0,7.433625464239848e-09
0,5.2582649884362396e-08
0,3.3435742359239374e-09
0,0.00017412353280409727
0,5.876512835340007e-05
0,2.1559780648709348e-06
0,1.1921856876279796e-09
0,3.6625791696466286e-07
0,0.00019116457931414523
0,1.2977193014839417e-09
0,0.018736688934048507
0,2.4296045698999367e-08
0,9.276273222328841e-08
0,0.0012656859057286346
0,3.472515878506319e-05
0,3.560664661888596e-09
0,5.534070145407171e-09
0,1.3981947563316533e-06
0,1.0958377600332557e-06
0,4.912143209713376e-08
0,8.07604944536927e-05
0,0.053756356780737695
0,0.0006118485766198923
0,9.526990019185728e-09
0,0.028885213067328518
0,4.7437065489258095e-07
0,0.00021031431140586864
0,3.4074402289370265e-08
0,0.010061515052339997
0,2.601108549207182e-06
0,0.00013153555989046757
0,1.3545325013217545e-06
0,1.816750994213283e-08
0,5.639834622143767e-05
0,3.24882705277463e-08
0,4.68328793374127e-05
0,0.0002991560285523382
0,0.02016598409075933
0,1.3894083974988785e-06
0,0.0002971323386251268
0,2.42641688741546e-07
0,3.9968720376424645e-07
0,8.866786809623208e-07
0,8.879233416748916e-06
0,7.022454720297083e-08
0,0.0003134769585771945
0,5.704314918242115e-08
0,1.2547389132452787e-07
0,0.00011293385456660498
0,4.286028256495904e-08
0,1.2111008421891704e-09
0,2.5568239024340004e-05
0,0.8717077092356544
0,6.311585975455921e-05
0,1.1613626807087139e-05
0,1.760837013314922e-05
0,1.9237616056722964e-09
0,0.3676616567071223
0,0.01702170300809381
0,2.321102989044946e-09
0,2.0993315085528883e-08
0,5.9772561329358385e-05
0,1.943897258870576e-08
0,0.022697016270830928
0,9.119185372807051e-08
0,0.21540236736227206
0,3.7970005057343973e-07
0,2.1811540726223964e-09
0,6.814219651968781e-07
0,3.208437824466155e-08
0,6.713266581529013e-07
0,1.491510528885292e-08
0,1.8345818050178623e-07
0,6.149550008416369e-10
0,4.337520791007546e-07
0,0.6991147453783377
0,1.0611283317775122e-07
0,5.48297675510303e-07
0,9.49321988334644e-07
0,0.4015368512387226
0,6.662159303538374e-07
0,1.7844244353874397e-10
0,1.5376350834104262e-06
0,4.603127293876158e-09
0,3.847003011200806e-08
0,3.262737200166048e-06
0,5.29516770425651e-10
0,2.051680550659489e-08
0,0.022708194115577784
0,3.294569751071097e-08
0,2.5296206214498984e-09
0,0.00018230684562621068
0,1.6726985684986032e-08
0,0.04934220640183198
0,0.5642732043908322
0,1.0464132185084337e-05
0,5.356456479194562e-07
0,0.00023370880366011324
0,1.0545438705617124e-08
0,3.92267145402226e-05
0,0.3854178050027997
0,0.020936238955527313
0,1.6093842864279406e-07
0,1.7505477985369058e-05
0,0.00011051388181282361
0,7.803851254771108e-08
0,1.5309594196830375e-08
0,6.322877173750593e-05
0,7.846506965160571e-09
0,2.9819700934199723e-06
0,1.6441477182696688e-05
0,1.2992015463207186e-08
0,1.3116136238537005e-05
0,3.680209584971291e-09
0,0.03184924850304326
0,1.4723511854681962e-05
0,2.1357370411884656e-05
0,0.000534013129414572
0,1.0207868447051511e-09
0,1.7313545089876498e-08
0,3.771127867935378e-05
0,1.3390746465458346e-05
0,3.937576168722108e-06
0,2.703875620785831e-05
0,8.52590392222895e-05
0,8.689201457621194e-08
0,0.00013565068117788929
0,1.0911160052876916e-08
0,3.886187811322786e-06
0,5.777036306994995e-08
0,0.0002507049325164024
0,9.08089715295271e-09
0,2.3199048717088532e-05
0,2.2948848178405536e-05
0,4.1550415693928455e-08
0,9.105676334039265e-07
0,0.0020654895301917215
0,3.1615080304153526e-06
0,0.008289123672355167
0,1.7614607266928387e-07
0,4.794587592454928e-10
0,0.02530143949560538
0,2.257721490324661e-08
0,0.08806600766213944
0,1.2362886115193235e-05
0,6.674767072142074e-09
0,0.1512905015712862
0,1.9376567153695227e-06
0,1.0181982896171557e-09
0,3.7032647983390547e-07
0,0.06526151761712075
0,1.2101468359304794e-10
0,2.894534985277203e-06
0,2.625752985617901e-07
0,4.5108564910557954e-08
0,5.3125840146208315e-06
0,1.7962534751952953e-05
0,4.935684128572036e-06
1,0.21533195267884228
0,4.51707405373148e-08
0,6.615846791277612e-05
0,6.4872332398515e-07
0,2.0811964969109922e-07
0,2.2977556605942902e-08
0,9.4656401753597e-08
0,0.00010612702298257851
0,1.1727112933272285e-07
0,1.1592172663136882e-05
0,1.2413663616331434e-08
0,3.1946952336903034e-07
0,1.8224463967992627e-08
0,8.382632860621481e-09
0,0.0005210609345472556
0,7.341961124268373e-06
0,1.7331056770232718e-05
0,0.0003331363960375709
0,8.557808040670472e-07
0,5.457231690260382e-09
0,0.008188479585633138
0,0.00017722536423130236
0,3.644569765626733e-05
0,4.4957170838353564e-08
0,1.1421210207013842e-08
0,1.0213126381365643e-08
0,1.8023151791584874e-10
0,1.4991424074457528e-07
0,6.397974956184185e-08
0,1.9539217122027398e-08
0,6.633591146678174e-05
0,0.0005691846724985232
0,8.668582951275397e-07
0,5.307245333155914e-08
0,2.2663181262270875e-08
0,2.5301848574098186e-06
0,6.391434412559817e-08
0,0.0001499176473817615
0,0.0011970913390459785
0,8.139592379755591e-08
0,2.9931316956126805e-09
0,1.5999813521930855e-09
0,0.00014765452567968505
0,1.5987467487907065e-07
0,7.546591612801697e-08
0,9.344779443030847e-07
0,2.7684250566686772e-08
0,1.0
0,3.265551510345949e-05
0,2.3809033915894326e-08
0,5.7489003063867585e-08
0,3.0436828610430294e-07
0,4.8230377403251206e-05
0,1.296634952777896e-06
0,2.6748835755361814e-08
0,6.617007927248296e-05
0,5.035619568238196e-08
0,2.7923916365936566e-09
0,7.410071672252975e-05
0,8.603205240541537e-06
0,4.941412393057491e-07
0,1.451340231037133e-09
0,6.346861716705012e-09
0,6.115904419866577e-10
0,6.5580010255326206e-09
0,5.341027986952335e-09
0,0.0001245364278451482
0,2.4366589254192553e-08
0,4.231832733035352e-09
0,7.399209049196882e-08
0,3.957040604969819e-06
0,6.3251237709829435e-09
0,1.7693466245189153e-05
0,4.616553271672944e-07
0,7.189994598885158e-08
0,1.0054146281082412e-05
0,0.9547058812275195
0,2.1615066899288256e-05
0,5.863297781783817e-06
0,2.00479665295538e-08
0,7.847418803646994e-06
0,1.1457148024240423e-07
0,6.682832758275033e-10
0,9.889108389593002e-05
0,0.027777647079547264
0,4.711583978466746e-09
0,7.512390789728312e-06
0,8.927672801960269e-10
0,0.14123515868803074
0,3.785409632789603e-08
0,1.8072869446635234e-07
0,1.0374053870994065e-08
0,9.999264905780579e-09
0,0.10417931131720701
0,0.0004435034470841635
0,0.1479409504119512
0,2.4983907095452108e-05
0,6.433720230197466e-06
0,1.011149392107882e-09
0,0.0001882481034848083
0,0.0024249534981330223
0,3.729335465435848e-05
0,6.69448312101262e-05
0,0.9999373645959064
0,4.483778238858516e-09
0,1.086249534982165e-05
0,1.362542731896612e-05
0,9.310365821558373e-09
0,0.0005727293518319327
0,0.5034509645474798
0,1.1668668267814644e-07
0,0.00023880428698513204
0,3.5861166747804495e-09
0,1.6778471358387427e-07
0,8.75660861641116e-08
0,2.6932293637274357e-08
0,1.8991858801035534e-08
0,0.10447877667919822
0,6.775996865293972e-08
0,0.9999983160770649
0,8.371201256861497e-08
0,0.00039896956196129195
0,2.79679581489005e-09
0,2.0981518785221723e-06
0,5.928121861856941e-10
0,0.00010552589089843328
0,1.9468216120909257e-09
0,4.916760780885956e-06
0,1.7683477963911246e-09
0,6.161799394982401e-08
0,0.00011267160585998962
0,2.013039481976377e-06
0,0.0001014391430278311
0,0.0219531269318159
0,7.199048610994884e-10
0,6.632565527542892e-07
1,0.9607799262894452
0,9.22624899867194e-05
0,0.0013013941591767826
0,5.954726552838796e-08
0,5.503362144888348e-07
0,0.0003819465181019192
0,4.811643829000136e-06
0,3.730814879685113e-09
0,0.0028871527948492355
0,0.00012291085142633213
0,5.331473902667671e-08
0,9.32920149406735e-08
0,1.1110430365080403e-06
0,2.8611784830072788e-06
0,0.00013250901398883036
0,1.0801861361749617e-05
0,1.2620771759191638e-08
0,4.96346538182866e-06
0,4.4447107916703215e-07
0,4.278196368225179e-06
0,1.323069102710445e-07
0,1.6319978972551642e-08
0,3.563412140471602e-08
0,0.06467928294833448
0,5.231488118972754e-05
0,0.9902316044150362
0,0.5268240755758945
0,4.4021193222144316e-05
0,7.708248471230735e-10
0,0.01951962040464457
0,1.067208676077542e-05
0,2.8265465238357897e-09
0,0.00021258414094615835
0,1.8279680094074378e-07
0,3.9939702985931187e-07
0,1.7241748901555372e-06
0,1.8368023819229627e-05
0,2.2463229419241694e-06
0,1.0826062028094527e-07
0,2.7697557579923192e-09
0,0.1804850572093451
0,3.451123482945975e-08
0,1.5953888421258884e-05
0,6.712171319934827e-06
0,0.0006354860351993224
0,7.935614698394414e-08
0,0.08606793550338845
0,3.703215731691248e-10
0,8.459470871025256e-09
0,1.736508942331365e-09
0,0.00015645949000059453
0,1.6275941982612995e-08
0,1.1403631322319777e-05
0,5.357080475559268e-07
0,3.029907466596677e-08
0,0.00013434372087257847
0,1.529101604625781e-05
0,7.365451588674485e-08
0,1.878608186025885e-07
0,2.201955400553992e-09
0,2.2031487033355327e-07
0,1.1275814767950304e-06
0,6.824756672481406e-10
0,0.0297476278820555
0,8.435562202973322e-07
0,8.785586473011679e-08
0,5.334388899476849e-11
0,0.0008688357035009746
0,9.676122229221799e-09
0,9.21178451787417e-05
0,1.8151415972753067e-09
0,0.0054060700425667945
0,0.09158293288488606
0,2.1228240219326663e-06
0,1.957918162353398e-05
0,1.344769385666623e-07
0,1.874777854487572e-07
0,0.001985554877652605
0,1.2640312114679977e-09
0,0.025774288455161175
0,2.763926199952481e-06
0,1.320902403309863e-07
1,0.9857033490415109
0,2.95293287950224e-11
0,5.264095007875353e-05
0,0.4248449382292035
0,0.014935759143437494
0,1.2030242092060083e-05
0,2.6357715660111684e-08
0,0.00025488771550073594
0,6.216157805725845e-07
0,4.483186312089338e-09
0,3.2693170560069905e-10
0,8.878940975079882e-08
0,1.5881433596077818e-08
0,3.0934707924735944e-09
0,5.366069088361869e-08
0,4.173313410410144e-08
0,3.059735482987137e-07
0,1.5993353384672863e-08
0,1.533123207171305e-05
0,1.9288696186634186e-06
0,0.004287844979067377
0,1.3501391016055311e-08
0,0.1489700918117298
0,3.5183708356592875e-06
0,8.359739512381152e-05
0,2.6349857744343614e-08
0,4.2429099334488095e-10
0,3.1976137057481836e-09
0,6.962473637561795e-08
0,1.1278976440463754e-06
0,0.0005813875301544429
0,0.00855146688486597
0,0.007596236685364902
0,1.805583185196321e-08
0,6.21473241441572e-09
0,0.002962710097069264
0,0.0019460543798765835
0,0.013667975225969744
0,3.3429399558858135e-05
0,0.017732155624303417
0,1.8017559527873114e-08
0,4.493565358659974e-07
0,1.8512429685666466e-07
0,0.00047469760388730415
0,4.4190518038779547e-10
0,1.5605320416411787e-07
0,1.1495824379667056e-08
0,5.05395876785375e-05
0,0.001145096956044177
0,6.040222550943955e-09
0,9.37353429942265e-09
0,3.44711377243055e-08
0,9.383723735435602e-10
0,1.1475391815787092e-06
0,0.0006891074957014664
0,2.645565655899752e-10
0,1.487647666007176e-06
0,9.230866893132562e-07
0,8.833777949001819e-09
0,2.2571401295987113e-07
0,3.997856525401585e-05
0,4.5914392492296435e-06
0,9.273139546627113e-07
0,3.3570572520057376e-09
0,0.4921237588621822
0,4.4023711341909615e-08
0,4.560403784177094e-11
0,2.2450649058624938e-05
0,1.1307407922569332e-06
0,8.087006944038966e-07
0,2.1081415880764857e-06
0,5.99147900743149e-06
0,4.064712282830471e-06
0,1.2890404891361804e-07
0,2.938536915541677e-06
0,0.0001189061749374329
0,1.9158522382484964e-10
0,2.228795888218938e-09
0,4.2565210957330463e-10
0,2.4837012270556766e-07
0,7.908625630752513e-05
0,3.6033631867728034e-07
0,8.90181007902702e-05
0,6.5680874447269834e-06
0,5.5134160253225576e-08
0,4.748383397862758e-06
0,0.0006881723715347253
0,7.251606348263275e-08
0,7.613689952796692e-10
0,3.621086803853813e-06
0,0.0014067823273007849
0,0.03798559555607974
0,0.00010830265447268237
0,5.5013734374859475e-06
0,3.933949847256021e-06
0,1.4386370433232853e-06
0,1.2554802637701111e-08
0,0.0002688444745812972
0,5.554393376030324e-10
0,4.9641819134249295e-09
0,0.0001509814381761998
0,2.3765099961049655e-06
0,3.2301249767778737e-09
0,1.2018288604189816e-06
0,7.197630928701204e-08
0,2.577609351204484e-05
0,0.001420177886325201
0,0.00014786886942950368
0,0.00049056747067746
0,0.03602823338703522
0,0.0001777432012807863
0,5.197650091026875e-09
0,0.00038292584169705656
0,1.1290221976055495e-08
0,9.97775337114864e-06
0,0.0014632372240004695
0,1.0196108675380542e-05
0,1.633343275145939e-05
0,0.0014721660677519106
0,3.951169622410114e-05
0,0.004643797119573506
0,4.155851683491281e-10
0,7.79263867308609e-08
0,1.74205587150658e-09
0,2.5545614946031084e-07
0,4.326996600155555e-08
0,0.001466144022003155
0,0.0005495888241187489
0,7.51618863679776e-06
0,6.134351817866576e-09
0,0.032421194260320765
0,0.0003191425827020061
0,0.0011508306398047485
0,3.567474626054334e-08
0,1.1851198165893485e-05
0,4.7889207840733586e-08
0,3.55147252099618e-07
0,3.6542631695132685e-06
0,3.518344755100698e-05
0,1.766024202218519e-06
0,2.296101816805788e-06
0,0.9999996288955706
0,0.0016777732409258962
0,0.6584532734099656
0,0.00040583687886643446
0,5.349666637444574e-07
0,0.0008368382504832429
0,0.00023822055479263933
0,0.004714764791421813
0,0.0321482594885099
0,3.627537214835303e-08
0,6.342928279764502e-08
0,6.161081387429771e-05
0,1.1551612266527341e-07
0,1.1678791548763108e-07
0,4.223046144538733e-07
0,4.850155814819812e-07
0,4.0115597894454637e-08
0,1.137677429988913e-09
0,8.318841359661339e-09
0,2.142214629650667e-07
0,0.013311905429261885
0,0.00019953721116988004
0,1.3737875426009982e-05
0,0.041119024450675876
0,0.00033823355395393146
1,0.03781859640502381
0,5.936297242588761e-10
0,7.87042169321123e-09
0,0.04977747699881843
0,1.3461918966469245e-07
0,6.866266528950053e-10
0,2.0878390597908807e-08
0,3.1917382608124462e-06
0,3.745190488532037e-08
0,9.31297396469368e-08
0,0.00015004041639388378
0,8.504389251369496e-09
0,8.539837718251175e-09
0,1.0858112734551322e-08
0,9.288195432845793e-09
0,4.228335929581777e-09
0,3.601391738911765e-08
0,2.243782976420981e-09
0,0.15998305007272035
0,1.777122279106142e-08
0,1.6278761657214117e-09
0,2.2064836873097623e-05
0,7.883505960055855e-09
0,9.262849594176602e-06
0,1.2692211652138525e-07
0,0.00039746939644843567
0,5.740414761306361e-05
0,0.0001152832474151905
0,5.9867776274104655e-09
0,1.38341707007093e-05
0,3.800446794237083e-05
0,2.1308122481999972e-05
0,0.0008123442406718474
0,2.578353171943395e-07
0,8.02497486920412e-07
0,0.5194713789156666
0,4.2579187435743786e-05
0,0.002459111721568819
0,2.762093115514658e-07
0,0.060125827808365485
0,2.066701893194625e-06
0,1.7703403962875043e-09
0,0.0002447070306580056
0,1.6002124003490818e-07
0,3.445840937896987e-06
0,1.2958069347327086e-06
1,0.5359624867230711
1,0.7232776270550878
0,1.2028374959335528e-06
0,0.6393604498114536
0,0.00805646969609054
0,0.00028359666965875184
0,0.07965523267806403
0,0.022507150755734923
0,0.9342521210101934
0,1.461309628134251e-06
0,3.7111243754914006e-06
0,2.185564075570814e-05
0,0.5937655434940062
0,0.0003586996043609592
0,0.00011190849568776483
0,3.2121021033559314e-05
0,9.770334987572394e-09
0,5.78272346130417e-06
0,5.6560084439349225e-08
0,4.5964233195591796e-11
0,1.436094494416768e-06
0,7.781062447740255e-10
0,2.5715265385656487e-08
0,6.697886994224538e-05
0,0.003137246361151617
0,5.985085131742488e-08
0,2.0292577640522517e-05
0,1.2790190800456743e-08
0,2.514845107609128e-09
0,2.1235759414607603e-06
0,1.638693784245311e-08
0,1.2583879144938944e-06
0,0.0014587114552796208
0,5.12226073023665e-08
0,2.81660445433684e-05
0,5.908076848518401e-05
0,0.0004024059780056598
0,1.3969652412180893e-06
0,0.0006246122141280184
0,0.00030722139829077064
0,0.0008606062969783577
0,0.0004287962362399574
0,5.219202965866276e-05
0,0.00026031350470034665
0,1.7782445753104234e-07
0,0.008010994237705883
0,9.939079697772142e-09
0,2.7182940697707444e-06
0,5.538048663781523e-09
0,4.155122530364547e-07
0,3.441067997111384e-05
0,3.3028509019349895e-06
0,1.0929308787082095e-09
0,1.9055115017976383e-07
0,3.1971693807707828e-09
0,0.0022440175239247973
0,1.2592671378080472e-07
0,5.752504930414541e-09
0,8.171361366925718e-08
0,1.1627568578530069e-08
0,1.8791666686639285e-08
0,2.0869706785261925e-08
0,2.8359294160435343e-08
0,5.814563777676564e-05
1,0.9876271262477176
0,2.651312047874255e-05
0,6.520743294578748e-05
0,5.1772950830884715e-05
0,1.9411612787884356e-08
0,9.085152772085178e-10
0,0.08672656670634585
0,5.052467502720432e-09
0,6.596381130644962e-07
0,8.012795031704877e-10
0,2.6130669830383687e-06
0,0.010503226502644736
0,8.052399282139633e-09
0,1.9915047710773103e-06
0,0.00018180272747136034
0,1.09207041176253e-07
0,4.0863201060014325e-05
0,1.5445789959250605e-08
0,1.5212084998202056e-05
0,1.5625723610857336e-08
0,1.5816320794679466e-07
0,5.132866115060799e-05
0,5.6725791688883683e-05
0,0.043132359892708014
0,0.0017315345459078789
0,0.008775470115349585
0,7.247238580239806e-07
0,1.181656490368359e-06
0,0.11573053499893156
0,2.0483940574379452e-07
1,0.10786092590242448
0,2.008331093130697e-08
0,1.1759240098715393e-05
0,1.3216367990906609e-08
0,7.044207447460294e-06
0,9.891920846790054e-10
0,0.0007748093994281604
0,0.0008908512733675327
0,3.0473841996052417e-06
0,4.336079095055556e-08
0,9.357821075818076e-05
0,2.5924316815732805e-05
0,1.730352192335158e-09
0,5.620711540738479e-09
0,7.153173308333394e-07
0,4.87265963683251e-10
0,4.870763537061845e-05
0,3.4009106620083283e-06
0,5.230295995327427e-08
0,1.2745717468931466e-08
0,1.2475609594848922e-09
0,1.143693169821239e-05
0,0.3792136912250134
0,1.5166841880736382e-05
0,1.7515844078047966e-07
0,6.848684877238894e-10
0,0.00029554485381485856
0,2.0045512700129637e-08
0,1.573088363083955e-07
0,0.704217238448285
0,8.815297243975348e-07
0,4.4540653425599355e-06
0,0.0019087794287416784
0,8.530270226953908e-07
0,5.543304751272039e-08
0,7.64142529963437e-06
0,1.0935956066205821e-05
0,1.695189445408957e-09
0,5.587929146612998e-09
0,0.6509088962213215
0,3.869510418979142e-10
0,8.508218744889326e-08
0,3.5175235421837196e-06
0,4.638467978533606e-09
0,3.580547735433577e-06
0,0.00043409060504799715
0,0.040979250619758385
0,0.007912690567046526
0,7.38892458065238e-08
0,0.5570421924552866
0,2.6918353826369974e-09
0,1.3052415148034132e-05
0,4.8733448766749524e-08
0,0.0002597452597574907
0,1.503773318075001e-08
0,1.903762033136802e-07
0,0.12811625271385668
0,0.00042998016403562146
0,4.015654059003114e-06
0,5.2686173037878995e-06
0,2.657267989997764e-09
0,3.8004861087506803e-06
0,1.9171917662442433e-06
0,7.367543939146473e-09
0,7.3724867404749635e-06
0,0.014867997954747815
0,1.4711070276181989e-08
0,3.0992143359772718e-09
0,2.019340366141979e-07
0,4.772911990172958e-09
0,9.704908242105992e-08
0,1.1954372096646888e-08
0,3.3086959116152826e-05
0,1.004925051854523e-10
0,1.5681957777005094e-07
0,0.027682725984817778
0,4.778458169453515e-07
0,6.384384591559716e-06
0,0.15106883542284752
0,6.594606765226183e-08
0,0.049061555808107525
0,9.330782558983992e-09
0,6.574314585576973e-08
0,5.2039085460362244e-05
0,2.633462447017628e-06
0,4.283669872531748e-08
0,6.313435129919684e-08
0,6.554909768851272e-07
0,6.546204864595993e-09
0,1.7866834895730138e-09
0,5.673350898393062e-09
0,2.3855080210837043e-07
0,2.1208336105759568e-10
0,1.3957214571349149e-09
0,9.977846551650722e-06
0,6.47349977293684e-05
0,3.433454526060712e-07
0,5.209668915544384e-10
0,6.622379410504163e-09
0,3.044327153940154e-06
0,4.4890362020266914e-10
0,0.0011802092540151986
0,2.365016267075695e-09
0,9.83404822833212e-10
0,1.9329156613282397e-08
0,5.971230102480048e-09
0,8.771072210474755e-09
0,9.578607811002745e-09
0,7.136911824440575e-05
0,1.1222955738171378e-07
0,0.00181479374144134
0,1.4604850942305579e-06
0,2.2530368766005633e-05
0,8.926973279136083e-06
0,0.004796605571079449
0,0.00029140156531613787
0,2.1715461016809564e-05
0,3.855265337765935e-05
0,8.644798337133128e-09
0,2.8456297108417696e-09
0,0.00018319499426469854
0,0.0002758098343959314
0,9.015887820804777e-05
0,2.7748549315016375e-06
1,0.8813771413373754
0,0.0009957409537050027
0,1.5347276857551307e-10
0,0.022775006610373724
0,9.961143161273877e-07
0,5.100923806947406e-08
0,0.00035331859060393623
0,6.117774569121845e-08
0,6.9733664099668505e-09
0,5.650809965913443e-08
0,0.0007629850001862059
0,5.643436658745319e-10
0,5.5904793711698927e-08
0,1.899640418184992e-05
0,4.6191406150682215e-09
0,1.2973674094758973e-06
0,0.0011543228020198175
0,0.024156740628976017
0,5.162357574667247e-06
0,8.05168768452756e-08
0,9.30160489485744e-08
0,6.60605386290413e-07
0,6.923319190028377e-09
0,1.49850746253704e-07
0,0.0008868661398093373
0,4.937438877820856e-08
0,4.891601760399423e-09
0,1.2062439142239619e-05
0,3.662035548484537e-05
0,0.00020711266722328134
0,1.074815571741939e-05
0,2.2909781169678117e-09
0,3.09071194688254e-07
0,0.030387319795733413
0,7.210222547043945e-07
0,1.200739971457371e-09
0,6.742497414125434e-07
0,1.919156866007581e-08
0,2.391503160141928e-07
0,0.00037740532903265207
0,5.9135663766734204e-06
0,1.1349411761225763e-08
0,0.0011705011388197406
0,3.870675879173999e-08
0,0.0003634617503596758
0,7.563417172339266e-09
0,4.111682885973412e-07
0,4.316390222392285e-06
0,5.8038407592684326e-08
0,1.0142093903709618e-06
0,4.446738308494688e-08
0,6.239276616027972e-05
0,9.42587739612484e-05
0,7.498261618603274e-07
0,3.326204578934073e-05
0,1.312371976236455e-07
0,2.9421406150163857e-06
1,0.9879615246528897
0,1.737272243754075e-08
0,2.643195215534517e-08
0,2.602668812999212e-07
0,3.219897975409854e-06
0,7.176278102557097e-09
0,0.38244728403362516
0,1.0196799752281848e-07
0,6.425245401216087e-06
0,0.0005033600890554001
0,1.080814815569876e-07
0,1.5382883279834868e-06
0,5.411106651065987e-10
0,2.9677680609457525e-07
0,6.727049042185674e-08
0,3.2459158768122925e-08
0,7.96748572121655e-09
0,0.4034386618420579
0,0.07561430094895301
0,5.017554831790081e-08
0,0.06509544126056015
0,1.4822537511988097e-08
0,0.0001237712449485895
0,2.448694325929263e-08
0,0.0004996853737305231
0,6.580941625403692e-07
0,6.471348725142129e-07
0,0.031177409787742884
0,4.63150280336403e-09
0,4.215595127663339e-09
0,1.4956754933584525e-08
0,7.309407863149686e-09
0,6.475714002246021e-08
0,5.3011656343638e-07
0,2.2500389993307482e-05
0,1.911946455052243e-06
0,6.846987985438469e-09
0,8.281198588213132e-07
0,1.0142665902012248e-05
0,7.401448814397944e-08
0,0.00035710277453158664
0,6.151211409539513e-09
0,9.453397926242085e-06
0,1.2704313471938295e-08
0,2.3039684254513356e-06
0,0.0013014866427188013
0,0.018512598409232944
0,9.338957556410584e-11
0,8.736182560343179e-08
0,1.6502361019156558e-06
0,7.92664713446362e-08
0,7.032292037285395e-06
0,2.904121670557266e-10
0,0.00020069982928039241
0,1.4487267584170276e-06
0,3.315747255215399e-06
0,0.21874936550222054
0,0.014560254063991137
0,3.5364141259031973e-07
0,1.4056095498967162e-05
0,0.026663525615908196
0,0.00012146134665820066
0,1.2849693554148236e-08
0,9.73669520492545e-07
0,0.00015204520556158778
0,9.78622083636925e-10
0,9.823829159731569e-11
0,8.08745946654816e-06
0,6.245072849113894e-05
0,6.007015325547907e-09
0,2.4781572111342333e-06
0,1.9497210233214007e-07
0,0.0005856994412880543
0,2.2212597304716163e-10
0,3.5007931733683137e-07
0,0.00029100975764838257
0,6.524848047684759e-10
0,2.479046609198939e-08
0,4.794179536700638e-06
0,1.7948370127148746e-05
0,3.1998669389563765e-08
0,1.7683867852792575e-10
0,0.009518274618687383
0,0.9989811288174522
0,4.8650289086143455e-05
0,2.99412476334556e-10
0,2.31230847857247e-07
0,1.385830900074859e-10
0,1.4944521033176566e-05
0,9.844067751007537e-06
0,4.638430047602322e-05
0,2.0378914694669878e-06
0,0.00017530084505271582
0,1.307205478443282e-08
0,0.0006489432010542177
0,2.8270874309786216e-06
0,6.488785658276411e-09
0,6.414797641835966e-08
0,2.524701332040136e-09
0,2.1712916741269725e-07
0,5.777542962019118e-08
0,1.2565599743975174e-08
0,0.00013927463850011996
0,2.2370132427629854e-05
0,1.1150569936324515e-09
0,2.2592468143919934e-10
0,1.3561135315475514e-06
0,0.048437651092734894
0,7.021473796172757e-09
0,2.00195596506698e-06
0,2.33263644962549e-05
0,2.9231267674240328e-08
0,1.517333506883465e-08
0,1.537856105835245e-05
0,8.720126846264601e-05
0,3.5025121134803066e-05
0,3.306346412633131e-07
0,4.793410974392628e-05
0,3.2969421835565377e-09
0,2.0104540211923125e-06
0,2.2943261255661892e-07
0,7.994255990322633e-07
0,5.252014515463011e-10
0,2.2077739558521537e-09
0,0.9997438014402015
0,1.0351497308792516e-09
1,0.9310797554150804
0,1.4507439582605742e-08
0,0.010106354731728249
0,8.117844203989075e-08
0,3.47014614591016e-10
0,0.0005213853348280637
0,5.157650686501682e-07
0,2.019281983428111e-07
0,7.231429462444916e-07
0,7.563628546694124e-09
0,1.5491857091838208e-05
0,0.003425638988395268
0,3.299147371975036e-07
0,6.957439088934106e-08
0,2.1830501111502072e-08
0,2.0951741378881114e-05
0,3.878753782573148e-06
0,9.835351385321252e-05
0,4.775483539008393e-06
1,0.9769625877073217
0,1.780952388609825e-07
0,0.998443660249176
0,3.9054784465160015e-05
0,7.119182152132204e-09
0,2.0575290899348347e-05
0,0.00014382724080302194
0,0.0006307508363529048
0,0.017788520615004
0,0.0013796060804727184
0,1.0464880336232107e-08
0,0.011378600430331818
0,2.293553010238333e-06
0,3.425799872862884e-10
0,0.00045511573905946415
0,8.358194383584442e-07
0,7.53805737254611e-07
0,6.754241329338571e-10
0,0.00016506426755600188
0,8.782683913518119e-07
0,5.182339608862015e-06
0,5.915570105757686e-07
0,1.0152767140172396e-08
0,0.009349040194321263
0,1.8006203242102548e-10
0,0.0002190063869956939
0,0.018700951598526028
0,8.32734599781487e-06
0,4.323720289778995e-05
0,8.122183211644097e-07
0,6.449034851114081e-06
0,5.2888621123754154e-08
0,1.787211288478261e-09
0,0.9998146225015383
0,2.7515580919627076e-05
0,1.018747733526736e-07
0,0.007447781739344116
0,9.461006024668884e-05
0,2.5272328828020875e-05
0,9.478029080755468e-09
0,2.0733509520985688e-08
0,1.092255847950505e-08
0,4.236956237418091e-06
1,0.9999999998961542
0,5.3008228499655644e-05
0,1.2838848015573154e-05
0,9.756385358154553e-05
0,0.0001017175923261217
0,7.02729445335031e-09
0,1.0700896321655464e-09
0,0.0007227523948403259
0,0.9631576705868515
0,8.40274835800785e-09
0,1.2777537714670667e-08
0,9.783818470441348e-07
0,2.1603231026254053e-08
0,1.6441166514238284e-05
0,0.00018010117387072292
0,0.013375014064806722
0,3.949106729923098e-10
0,8.947377197305578e-05
0,2.434771405410294e-07
0,0.10597134620599029
0,1.3743327227636064e-06
0,0.001982208840056275
0,6.445949840066577e-09
0,0.0025297835217336496
0,1.0
0,2.5000946752442537e-08
0,8.622404990496634e-11
0,9.442155687052364e-07
0,0.0030617543374535706
0,5.837151050460659e-09
0,2.841450320297572e-06
0,3.4644510677036705e-05
0,0.005583971314040546
0,3.725831248508334e-09
0,0.00017876626074536415
0,8.462629512636054e-06
0,1.3633506534114926e-06
0,1.6996660009273064e-06
0,0.0006376993428491923
0,0.0006088408261757578
0,0.0014119540015199354
0,0.00012912988138307676
0,3.941078746555974e-06
0,0.02520352540489003
0,1.349236315840902e-09
0,3.431486711727955e-05
0,1.0061845942951364e-06
0,0.00036622233857188253
0,0.0009597507151133208
0,7.199812900319279e-07
0,0.004113876814544002
0,7.387215922438448e-08
0,4.818801877015213e-09
0,0.0005028014593897544
0,0.03984269149480027
0,9.658264692306669e-05
0,0.00012193514889976572
0,1.363706350534421e-09
0,0.3547059786461623
0,0.00018702008069714117
0,9.07724605707633e-08
0,1.5407841933371282e-07
0,0.07944809976197814
0,2.2430958525686938e-08
1,0.9829646300970141
0,7.661305447306054e-09
0,0.001182679521412308
0,1.522212545283102e-06
0,3.8914614827794446e-06
0,1.0132803887554027e-06
0,1.2762998918271135e-08
0,4.065960221090814e-05
0,0.006546365355636494
0,6.528240939334494e-08
0,2.072270597626978e-09
0,1.519201934301789e-06
0,2.9793995332635507e-08
0,3.736627711309693e-05
0,0.002020278889492034
0,5.3654702377583215e-06
0,5.631317735256469e-10
0,9.769360363153405e-09
0,6.243722915380931e-08
0,0.6396237014313468
0,1.394873771000443e-06
1,0.9813489786163768
0,0.29578188724483734
0,5.709890075945286e-05
0,1.3216384020305848e-06
0,1.4359306558398436e-07
0,1.6179382338614328e-09
0,2.969500936704477e-06
0,1.6304982606839806e-09
0,7.781383536084332e-09
0,2.7733572919577416e-08
0,1.9536380828796455e-06
0,5.078865526481823e-10
0,0.014541642653538236
0,3.119875893632566e-06
0,5.903485198577143e-08
0,4.298661565547149e-10
0,0.00016418076667208128
0,5.128453616869309e-10
0,0.24617840401843144
1,0.012782999158250118
0,0.00017934693646781127
0,7.701750242844508e-08
0,5.647582967154485e-09
0,2.1952533934033293e-06
0,0.00014913781180103702
0,0.0007482637498816976
0,1.419025761098548e-07
0,3.876379321833485e-09
0,0.027835163288100696
0,0.0002242258921961641
0,1.2448078677743067e-07
0,2.4444592220034555e-07
0,2.0726708317309844e-09
0,2.0632904169070506e-07
0,1.120650912806294e-07
0,1.1391335082317045e-05
0,1.2465988391129326e-05
0,1.1303705967191464e-09
0,0.9999041467613758
0,1.254295226429095e-08
0,0.3524489062674394
0,3.651287692319155e-08
0,2.2104844413304932e-07
0,0.000213437259230822
0,1.2030731829609954e-05
0,0.03774572695584249
0,0.017568549177710786
0,1.5872046612395407e-08
0,7.815564263577307e-07
0,2.2695568367770137e-09
0,0.020938041933662412
0,2.8858497956976965e-07
0,2.379209959565601e-06
0,0.8670065339436918
0,0.03812224351351843
0,7.78474728011286e-08
0,8.132036732311947e-05
0,5.165692102911319e-09
0,9.323958731496789e-07
0,5.392150732183351e-05
0,0.3360044706727876
0,9.859239596479247e-08
0,9.696816826659645e-08
0,1.1021932684271788e-05
0,2.9378825590475476e-06
0,9.603314145836169e-07
0,1.7021055854664675e-09
0,5.19189184321121e-10
0,2.079322009234127e-09
0,4.081040874546346e-08
0,1.304160692883098e-07
0,0.0006330208923311397
0,6.045440872654141e-06
0,2.643046082905835e-09
0,1.0147557799694845e-06
0,0.0012303898188755693
0,0.00040442139623360465
0,5.1884296177353085e-09
0,7.856911540531444e-10
0,7.201101736488562e-10
0,1.9975596737941665e-08
0,1.8880322255764097e-09
0,0.0007187377671971825
0,0.9295256787943474
0,4.1863456846071205e-09
0,9.977269981211947e-05
0,4.2965175104444243e-07
0,4.2830349530619054e-08
0,1.5111974436757296e-06
0,1.6849036039321056e-09
0,0.00033281102454065653
0,6.611175720470824e-08
0,8.464746704743113e-07
0,1.5113251376505422e-09
0,0.896381245745465
0,8.856450613667913e-07
0,0.00809852029749001
0,3.1996461028865877e-06
0,6.6143221839614375e-06
0,0.05266402034772634
0,0.0004990153633859625
0,2.5892255126633584e-09
0,6.064743086400574e-08
0,9.462494916718468e-06
0,1.3246649111824683e-07
0,1.1580237706003333e-09
0,4.4989262585288236e-05
0,7.863044011966084e-09
0,0.00013852828133452985
0,2.8750167013609594e-05
0,0.0033678198215182737
0,4.3880755042803905e-07
0,7.657666393456756e-07
0,1.3865388922119342e-06
0,5.939795864475843e-07
0,1.0429940699060578e-07
0,0.0010518365367854904
0,0.03697870639470629
0,5.095330034766062e-10
0,2.2260699733626505e-09
0,0.0007351205432067541
0,2.0108559298299067e-08
0,0.005011450118877258
0,6.175682044972076e-06
0,3.452456633384331e-06
0,8.574413833172112e-09
0,1.7188126871972428e-09
0,5.4469837577209944e-05
0,3.044956648882317e-07
0,0.05185354012764514
0,4.796222176914551e-07
0,0.00012006750488279039
0,9.514498733771346e-07
0,2.125435121612686e-06
0,7.416673060209589e-07
0,7.438508801169026e-10
0,1.0806998985222396e-07
0,2.7149529863340082e-09
0,5.011536845009869e-06
0,7.768147953781651e-06
0,2.3448789411329662e-09
0,6.3282090806609285e-06
0,0.4731902446333651
0,0.22742887434251802
0,0.4078639995405626
0,2.4923527446984653e-08
0,2.5116534926061177e-07
0,9.889033622592897e-09
0,1.6115872872136263e-10
0,0.0013176533193438563
0,2.0968697733309808e-07
0,6.2426621804297e-08
0,2.294126314098145e-05
0,9.098064773521856e-05
0,9.362528973288311e-07
0,8.523022739306596e-07
0,0.00013121905269669322
0,0.0024909335412788562
0,1.404037707429838e-06
0,2.680407079526508e-08
0,1.9514332461728916e-07
1,0.9638633246154532
0,5.981212971218452e-07
0,0.0001987879571579069
0,0.0034281063742781113
0,0.0005093784278313479
0,0.9546271011631366
0,8.18719387305297e-06
0,0.0061612900308824076
0,3.6993515946413794e-10
0,1.9751114103576664e-09
0,7.00631834134947e-05
0,0.0642959976185345
0,0.018944274448245566
0,2.104351639744883e-06
0,2.219347561791346e-06
0,1.0098067880079062e-07
0,0.00034886154089335615
0,0.000706854655699879
0,2.8863663707866347e-09
0,8.432665024209749e-06
0,0.00532260793737428
0,2.786486948011151e-08
0,8.326830907827037e-10
0,3.859281104915479e-07
0,9.649459092933238e-07
0,2.1219978346440258e-07
0,3.3879695186868155e-08
0,0.001159550543568892
0,0.01203452424287373
0,2.8157157719228037e-05
0,2.2157099846949266e-05
0,0.00040287744126755434
0,6.731444164334566e-05
0,1.7572355226679663e-08
0,5.5197093787258485e-09
0,1.170180999121343e-06
0,7.058854415318397e-05
0,1.8656322923659808e-08
0,0.02590831423007535
0,1.278211204823687e-06
0,6.375930571636959e-09
0,2.6130984204166634e-08
0,4.411955972291784e-08
0,2.3162055364200212e-09
0,0.00017882894893114147
0,3.744469673333533e-08
0,2.138287086037226e-05
0,2.3482467077386923e-06
0,2.6815134742647767e-09
0,0.00014178486070764475
0,0.027849026188770835
0,3.627088801388281e-07
0,7.341565351715606e-08
0,1.4812390225748378e-08
0,0.027039779708351214
0,2.1300277249488116e-08
0,2.2135836780997128e-08
0,2.5403373898916262e-08
0,2.740092544459535e-07
0,5.932008426620332e-08
0,0.000356220320251372
0,5.8178380453310396e-08
0,0.059539336163369726
0,5.0806262222056095e-08
0,1.1805216242500791e-06
0,2.3389940602115628e-05
0,5.787769269274489e-08
0,2.8187476367982375e-08
0,6.224328480966839e-08
0,3.7778932325468415e-07
0,5.766542413785706e-05
0,2.3183188575857162e-07
0,2.0846599501935862e-08
0,3.4261545545639677e-06
0,1.5630762059485416e-07
0,2.5747935708635957e-05
0,0.011811009510121684
0,1.5568532654243069e-07
0,1.0570714683401863e-09
0,0.000205149716490845
0,0.00015057539129276226
0,0.0037540160497468674
0,0.013590783122301914
0,2.1447355794623145e-08
0,4.48758558651382e-09
0,0.0003055452808138313
0,0.0017735117477265788
0,5.4955503644649725e-09
0,2.0495146630894986e-07
0,0.05774835235068852
0,3.8588344366304926e-06
0,2.484222780475184e-09
0,0.02312365749787659
0,0.0048278220981220615
0,3.738819209682e-08
0,1.8560188337375498e-09
0,2.695352786222446e-05
0,1.694781020701272e-09
0,1.0262592137858638e-07
0,0.7965366371690199
1,0.9788895377592713
0,4.260576556941699e-09
0,1.546709743847693e-07
0,0.005812969289324018
0,0.00040961519931356777
0,4.914742746214668e-06
0,3.056097997058562e-08
0,1.5893627311294433e-09
0,2.5847716493096077e-06
0,0.02022063212392278
0,6.949410349166234e-08
0,2.444328200781238e-08
0,1.994835906625216e-07
0,2.0945515251680673e-11
0,3.300103800426514e-06
0,0.0001313677750395672
0,7.072195445428995e-09
0,2.8822324198267175e-08
1,0.24445007454245538
0,3.504390739142646e-08
0,6.372967613909733e-07
0,4.23801623178189e-09
0,1.2502193918241099e-09
0,0.00021488392948044503
0,4.782127687728519e-05
0,0.037920424798719085
0,0.00010982863462345866
0,0.001353809086827141
0,2.794201963151098e-09
0,7.057842482899373e-08
0,0.02308085133370907
0,1.743279684344411e-09
0,6.40653073071902e-05
0,0.0003371577427539261
0,2.0366529273018454e-08
0,2.6976136061216918e-06
0,8.499297747198038e-07
0,5.483953462061106e-07
0,3.170186195614042e-05
0,0.0010702557300602063
0,1.8388153909621744e-06
0,4.364989234510754e-06
0,1.5580133188372184e-08
0,1.8003421465128143e-08
0,1.1371914525616489e-07
0,7.676939325580212e-05
0,0.009211046197017474
0,4.982626399790604e-05
0,0.9677186060082476
0,7.415709442049225e-05
0,0.0062294612056199355
0,0.002152187456269478
1,0.6270006110496652
0,1.302291418468286e-08
0,3.318465026917655e-07
0,0.00037953412467107923
0,0.00010778675435599741
0,1.4262624014432927e-07
0,2.4108647247119623e-08
0,0.00016728965163965195
0,1.953574853776665e-07
0,2.9767645510196775e-08
0,3.7409871555851345e-07
0,0.0003233266050717022
0,6.371817427885879e-05
0,0.015224844622536891
0,0.9999709735894847
0,0.012028722536350726
0,0.9999999999645226
0,3.2102485077274985e-06
0,0.09659971779570502
0,6.031394703619247e-08
0,9.935156274663456e-09
0,0.0010495657949085365
0,3.947831740001751e-06
0,1.5841159430596295e-07
0,0.0002668234169230807
0,2.269240324397655e-06
0,0.9634843984364062
0,5.5424178079942234e-09
0,9.927735453448269e-06
0,0.0007984191446276204
0,0.000327641963960025
0,5.4913451620599385e-05
0,2.340163900356059e-08
0,2.440832895227354e-06
0,2.271074538528253e-08
0,2.355953653624421e-05
0,8.842052597212743e-09
0,2.0631080802689466e-08
0,0.028108256657093513
0,2.891716598975306e-09
0,4.031830270200381e-07
0,5.509476834712944e-06
0,0.0001836783481609318
0,1.0579739838371905e-07
0,2.9033536782797205e-05
0,1.570182601196412e-09
0,9.50177022652173e-09
0,0.9936423007459464
0,0.001011932321009364
0,0.00019679591402746533
0,0.0001305475918600701
0,1.730569617976921e-05
0,4.414167672071672e-08
0,8.045994431983821e-09
0,6.238890578846517e-09
0,0.003431093276922475
0,5.951013009749309e-09
0,4.967214794680201e-08
0,3.899941231907762e-09
0,1.131430064750484e-06
0,4.6738073727042667e-07
0,7.677075455988764e-08
0,5.185883835085833e-10
0,7.598101435014568e-08
0,1.249628462794234e-05
0,0.004457970369852651
0,0.010590133173859893
0,8.12658362613472e-05
0,1.3801274964526308e-07
0,2.7521702838608974e-09
0,0.0006696972685553456
0,2.7522024926206633e-07
0,0.00029001152408073265
0,6.28513663596413e-10
0,3.855398166619554e-07
0,3.8237416239021145e-10
0,0.061214917402473125
0,6.060898299016869e-05
0,0.007062604275503064
0,0.0266596269484475
0,9.437487335250372e-09
0,1.2832490015822638e-07
0,1.1508637306569342e-06
0,1.6300568447006937e-07
0,5.101896109638306e-08
0,1.3543899655301225e-05
0,3.9213815139798354e-09
0,3.8388435635355804e-05
0,1.959200713462019e-06
0,0.00017566920916479628
0,0.0006701256349131481
0,1.2542679551665976e-08
0,7.460658142053164e-10
1,0.14711427347439426
0,2.2353713729237674e-08
0,7.751571908236398e-09
0,3.408024143112636e-07
0,9.50711266172863e-09
0,1.851288740696024e-06
0,1.7387934453233289e-09
0,2.1997044137416574e-05
0,5.555297251659475e-07
0,7.035546017574114e-08
0,1.1591050613058714e-08
0,1.2463099725361236e-06
0,1.5965668368502021e-07
0,0.21364616444622572
0,6.806009880219154e-08
0,4.115569224818537e-09
0,9.202413158877912e-09
0,1.2946034872419904e-06
0,3.6855608280998604e-07
0,1.3180481957179352e-05
0,0.00014174641970143628
0,0.00013371539941266176
0,4.6330502492188e-07
0,2.654399143985939e-06
0,1.5570082021733756e-06
0,8.655141054057065e-06
0,8.931791428323586e-10
0,1.0950937083808167e-09
0,2.734159037199752e-07
0,5.1715111061121104e-05
0,7.68210807253354e-08
0,0.0023483954303788667
0,0.00046247009704732616
0,5.5985852731394036e-09
0,3.934773736746041e-08
0,0.03108217357862484
0,0.99999992471584
0,0.003208141675811551
0,0.6672426919686391
0,7.61949785005625e-09
0,2.5143899125932954e-09
0,9.083801018963152e-09
0,0.9931311757856809
0,1.6811274339468562e-06
0,8.782381137562888e-06
0,1.0860876564066699e-07
0,0.00012516572933352294
0,1.0135066906413516e-06
1,0.7010979504292524
0,0.9999944415362247
0,1.259041636829251e-07
0,1.4503735015526394e-08
0,0.6185870422426388
0,9.218307209155218e-05
0,0.016842114875467825
0,0.26118619639171436
0,5.496721770527342e-07
0,1.973789735061846e-07
0,0.2332731359017398
0,0.00022694586336261907
0,0.028421499818314464
0,6.451503174744805e-07
0,0.018432645404959265
0,4.6379606280746155e-07
0,0.000320042577398231
0,1.3789490580652085e-07
0,1.6655457189620534e-09
0,9.232544724566226e-08
0,0.08078139634843477
0,0.691627831571524
0,4.759348449580571e-08
0,0.05009117118725826
0,0.0001265568493085192
0,0.9990829309233016
0,0.0008722574639334259
0,2.643600292628135e-07
0,6.601943717177186e-07
0,0.00011078382892472343
0,1.7124194611483495e-08
0,3.6611250242994932e-09
0,1.774722652103806e-06
0,0.0007461189398850054
0,7.580263350097498e-10
0,3.8400269079686454e-08
0,1.3865068844877322e-07
0,8.207150353882092e-09
0,4.6262110534954e-09
0,1.0435868671921102e-06
0,5.057402733474058e-05
0,1.1577377134069794e-09
0,0.0003250554259986804
0,4.1074468366776237e-07
0,2.155630999765971e-09
0,0.4228500683935084
0,1.0257036945794648e-08
0,2.125123092018418e-08
0,0.010835713812638243
0,8.012574156482984e-08
0,3.2035441966009544e-09
0,0.00031906702901220835
0,0.6650145150512243
0,1.5942146565688805e-08
0,3.5462542633090546e-07
0,0.03519644696036628
0,2.698807471083975e-06
0,5.213580489781548e-07
0,2.088824846691124e-05
0,1.812516686368358e-06
0,2.7054265124727822e-08
0,1.5948621130744066e-08
0,3.82702993657592e-05
0,1.980931312465179e-09
0,2.595304757214107e-05
0,1.3282261568181647e-07
0,9.557292219590109e-06
0,2.7020187351902805e-06
0,5.13725917373359e-06
0,1.8856488199834536e-09
0,7.022618767902026e-05
0,2.6346162825684075e-06
0,3.454617769854931e-08
0,0.04642245699796119
0,0.5487072049893567
0,3.6318839218822904e-07
1,0.9999999998386429
0,6.494430162138558e-07
0,5.553342311254737e-06
0,6.950671422472939e-08
0,0.0006187195939094129
0,3.2739018738353894e-08
0,1.5427475752483746e-06
0,3.324256886117418e-08
0,1.6600141806083107e-06
0,1.8107538899048814e-07
0,2.3364129734055898e-07
0,1.4957641203523363e-09
0,7.831179773593106e-09
0,0.20779919596191687
0,1.1850670470829446e-07
0,5.8247571188249874e-06
0,1.123478027923357e-05
0,5.520475490169237e-05
0,2.896003821108721e-05
0,2.6469450338356833e-05
0,6.209265537339586e-07
0,2.370347786562872e-08
0,4.158702226034327e-05
0,5.178720738809057e-09
0,2.0043462831509416e-06
0,0.0015173680288104836
0,3.890690493377891e-07
0,6.737586275918537e-05
0,1.1100460967746286e-08
0,6.215957302473408e-06
0,1.3111105576631563e-05
0,5.7932113548863475e-05
0,1.5360583218921884e-09
0,1.8304778077353363e-07
0,0.010956675785416455
0,3.9716860844517815e-08
0,4.079118171162595e-06
0,1.1381429149287155e-06
0,3.541085290542132e-05
0,0.032796006781674
0,9.7295532462355e-08
0,0.05887209434470651
0,0.0009562109910673585
0,1.0005497395544835e-07
0,1.7201082137319316e-05
0,5.187816734273174e-10
0,3.399991764983549e-08
0,4.897418438043281e-08
0,1.5603415216841964e-07
0,1.1710170667075108e-08
0,3.7854045011885044e-08
0,2.559407960854607e-05
0,0.07125001254819588
0,2.058569678691171e-06
0,7.257207884488896e-06
0,2.8046268720757656e-07
0,8.45928356536433e-07
0,3.097470416753685e-05
0,1.0317550144758918e-10
0,4.235980443615822e-06
0,0.00010380488458435017
0,0.042465494878234616
0,2.5899907753896757e-05
0,0.048261619804946414
0,1.4571634828528115e-09
0,4.611710711373104e-09
0,7.484626453983176e-07
0,1.1462661385519835e-09
0,2.232517663874311e-05
0,2.6875079283626812e-09
0,1.578078350489344e-05
0,0.00017414129796311712
0,1.4650158289741763e-07
0,2.7174287856593987e-09
0,0.18813687796184933
0,7.198634752474428e-08
0,0.0009664260447650129
0,0.01269715072382259
0,0.00034095490866615033
0,8.46886235340419e-08
0,5.170640062912279e-08
0,2.10648505879785e-05
0,4.392803866057862e-05
0,0.008020509845606939
0,5.4332853929404375e-09
0,0.00013611517726582018
0,0.6884261640634352
0,0.041345786434146055
0,1.783574754824183e-09
0,4.652141100329649e-09
0,0.00040131017634111466
0,5.758184493190115e-07
0,4.0885255901236085e-08
0,1.779869151632936e-07
0,8.418015769487876e-09
0,1.0089186818623859e-07
0,1.0589751539874549e-08
0,5.923507295385372e-05
0,1.0514936309140898e-08
0,3.8525592379080754e-10
0,0.10349504344159012
0,1.2514853555488823e-07
1,0.9919612316985846
0,2.5906435139378505e-06
0,6.47462497992582e-09
0,1.77511576318782e-09
0,5.5784013663313185e-06
0,2.064277212956046e-05
0,1.4381263572888568e-08
0,1.8351136516246835e-08
0,7.953056167349516e-10
0,1.779856796521097e-05
0,0.03993960827555446
0,1.6323120630125272e-06
0,0.12243244829270444
0,8.228882129718149e-08
0,4.343436933804949e-09
0,1.379763922157657e-05
0,5.165900987688882e-08
0,3.6473877246024775e-11
0,1.206859278251291e-06
0,3.4415823927388076e-05
0,5.4070144184384435e-08
0,0.03980159750964628
0,5.022229155454857e-08
0,0.05385120170501278
0,0.7311161012928984
0,2.3133452756176205e-07
0,1.3686641272144117e-08
0,0.0003185920004221043
0,1.412694514172434e-09
0,1.5294243398502186e-06
0,1.8653192265941966e-06
0,0.00487280249795361
0,0.9999491835675304
0,8.796737106231067e-10
0,1.1896208554126377e-05
0,0.00020560107459210053
0,1.9405885158526413e-08
0,2.5102337784860127e-08
0,1.7205631557647403e-06
0,5.2907281858653306e-05
0,5.753354435868047e-09
0,8.77701527429506e-09
0,0.00033274704081919074
0,5.58016908567736e-08
0,0.000661685696534201
0,2.1543140922967615e-07
0,1.100350598336111e-05
0,5.570101614622073e-10
0,3.343241098607025e-07
0,0.6785012881776192
0,1.6373639639419912e-05
0,6.334997170561616e-08
0,1.2681672168539891e-09
0,6.558089575252485e-08
0,9.1855173685443e-08
0,2.748604027131831e-07
0,1.357999403096718e-06
0,0.30442187255547803
0,0.0005092655474505074
0,1.4458617642147353e-05
0,0.2987989158206179
0,7.146302529377527e-05
0,1.7724675818154107e-07
0,0.010748295206877301
0,7.606640020988479e-05
0,0.03230227813309579
0,7.624567365130245e-08
0,6.217607084142925e-07
0,0.00025570055310066345
0,0.1355532410252532
0,2.582254171984074e-08
0,3.099684035678321e-05
0,3.887906487932412e-05
0,8.013678886886712e-08
0,5.9241540199541925e-08
0,5.039934847277315e-06
0,3.339189145340106e-06
0,2.5303729580584414e-09
0,1.5924640558939495e-09
1,0.284176375550098
0,0.9999796080124601
0,1.2896068438834938e-05
0,1.726148327157464e-10
0,2.125402221875423e-08
0,0.000272442385692364
0,0.1471575943542216
0,3.6745784087827935e-06
0,2.8030373333843894e-09
0,0.0299758634430268
0,4.249372361937108e-06
0,0.9625709886016681
0,5.891828445192183e-08
0,2.3558923316413327e-06
0,2.963816165231597e-09
0,2.768811606995715e-08
0,1.985356463590263e-09
0,8.008597618596185e-09
0,8.778793140440279e-10
0,0.0009539289068026381
0,1.2039439078131554e-09
0,0.04013584698076374
0,0.0003608865393937481
0,4.155047202374633e-09
0,0.0002836049307357248
0,2.4394840184663323e-10
0,0.00010699981019171366
0,1.989895116335664e-08
0,9.399047763204451e-05
0,3.677765175649249e-07
0,8.662926572661781e-09
0,0.9999645408053265
0,6.914101553125225e-08
0,1.0295961782826646e-05
0,3.062339066036284e-08
0,3.10853931560276e-08
0,2.240082450066231e-09
0,2.123137568517611e-09
0,5.13970454417198e-08
0,8.524069426966738e-05
0,5.124796968247822e-09
0,6.600333300036231e-09
0,6.092302194170965e-09
0,1.9654011021140366e-08
0,4.077614995367834e-06
0,2.7049012744663713e-09
0,5.234390527427394e-05
0,1.7947405136277948e-06
0,0.4252784494359906
0,1.8829451374455267e-08
0,1.9976467814546183e-07
0,2.0863596198892204e-08
0,1.6511397191306293e-07
0,1.1905128332711496e-06
0,0.0191448161360144
0,0.0014372284255050399
0,1.0261013878347836e-06
0,0.0005078797242853478
0,1.9473781992515084e-07
0,0.0004763781146334873
0,6.126011567536761e-08
0,2.0379386412863354e-08
0,2.545790338078579e-07
0,1.892324681805198e-09
0,9.777176697321757e-08
0,2.539623865470542e-08
0,2.146616327601084e-09
0,2.981979347830212e-05
0,2.7157592413629144e-08
0,0.0010115841152443538
1,0.47617780682665417
0,8.403763682376672e-07
0,0.0008490634341958716
0,6.03379691532262e-05
0,1.27501018561879e-07
0,3.593484935382045e-09
0,2.8133936711330217e-10
0,2.164966053370925e-05
0,0.04234142103221821
0,4.948961671105612e-10
0,1.5420088402174012e-09
0,2.22004536189239e-07
0,0.0006147489198822276
0,0.012713756595547262
0,6.965321377063024e-08
0,2.3084680389971264e-08
0,0.008025805282563482
0,2.885301844060663e-08
0,7.131122963800444e-08
0,3.521194355855868e-08
0,1.4413767926591078e-05
0,5.290292846919855e-07
0,0.028420732877513226
0,2.8658421660472176e-05
0,3.2292941713595035e-06
0,1.9687306792933776e-07
0,0.020297829918352668
0,0.0001310459526241344
0,0.0002606089225948771
0,1.9177199883060034e-05
0,8.2859374362314e-06
0,5.166573554215194e-11
0,0.9523696396321317
0,6.112347893230357e-08
0,0.015544282628281886
0,0.000160620277014968
0,1.209956530627509e-10
0,1.7426042214045528e-05
0,2.9439298240623496e-05
0,0.0021136155915300082
0,1.0356428533934105e-09
0,1.0457576083651247e-05
0,7.21217846645954e-06
0,4.1933971906260764e-08
0,0.0015603262878336804
0,7.163862584285571e-08
0,3.728680359357221e-07
0,4.1471779913187806e-07
0,0.7428170526888407
0,4.419133168437481e-08
0,0.029126035753911917
0,6.687597855787735e-06
0,2.598648672635161e-10
0,1.4834391195999454e-06
0,9.288960379899865e-06
0,0.9346273692290237
0,0.09638675807935265
0,1.9515802792908442e-05
0,1.623080280815377e-07
0,3.083656395646732e-05
0,0.6577040686793756
0,1.2778674580960006e-05
0,7.833765882071114e-06
0,0.9999777101948567
0,6.178424700852303e-10
0,9.751350751262018e-08
0,0.0002628941266333055
0,2.8271686561071488e-05
0,1.9569896186841967e-06
0,1.57533714391914e-08
0,0.9896614142534107
0,1.4720232806009259e-08
0,4.942269358065414e-07
0,0.006012976570680042
0,6.366811421489938e-05
0,1.0321851449604074e-06
0,4.555553207781891e-08
1,0.8315053917344849
0,3.413554448840873e-05
0,0.0030667290807698394
0,1.85939459367504e-05
0,0.004302148363465887
0,4.2772539149659456e-08
0,8.293000614381636e-07
0,0.0009158059926620303
0,1.0263801883034118e-06
0,0.2145877470630621
0,1.1990822286866545e-09
0,8.710088739713421e-09
0,2.7942820210431684e-08
0,3.9570379470994604e-08
0,1.8499467120855297e-06
0,1.4248971365824608e-06
0,0.6891939177499002
0,2.5195387133968788e-08
0,5.122018312624437e-10
0,3.263045017054346e-08
0,0.6168627564255857
0,2.2309442875563856e-08
0,4.091515421634331e-09
0,1.418591303518027e-05
0,3.335104900754186e-08
0,3.0378808730364574e-05
0,3.2208565998437565e-05
0,0.017060502686797603
0,3.6503559652242296e-06
0,7.953833744176089e-08
0,0.0001113384490892252
0,0.005025117872756175
0,1.0143045818035668e-05
0,0.011940751478788682
0,1.2283145869510728e-07
0,0.6565247330871976
0,2.1445916148966704e-08
0,1.062377269950573e-09
0,7.2607826288442e-05
0,2.3869818202659796e-07
0,1.7797285465990434e-06
0,1.510339890592011e-07
0,1.1050899374071435e-05
0,2.3994988091475855e-09
0,1.1356296211020709e-08
0,2.025023183658652e-09
0,6.289853318527481e-07
0,1.708532729719529e-05
0,4.2420529011461547e-10
0,1.6484703797856608e-09
0,1.0090998779999398e-06
0,2.749269159657311e-07
0,0.0002475017286664656
0,1.618726380888043e-08
0,6.157708566866043e-07
0,7.379562774353559e-10
0,6.700432897362532e-08
0,0.08415347291226975
0,6.574346521378209e-05
0,1.7197384060608204e-09
0,3.551385741616604e-08
0,7.024954876752325e-10
0,1.7235212497805425e-08
0,0.00018030910136592094
0,2.8444179990505784e-08
0,4.3808131951124214e-08
0,0.000266346525665384
0,0.007793872522401023
0,1.4157082085468033e-08
0,9.793520741640933e-09
0,2.0676392749654126e-07
0,1.334756929370276e-06
0,8.445719336696602e-05
0,5.7284705652634315e-09
0,0.0005206715762559418
0,7.591200400119486e-05
0,2.4900205298521144e-06
0,0.0009495165902522973
0,2.2107160591634946e-08
0,3.224529142868156e-08
0,8.356102909019211e-10
0,0.0002148749896098366
0,5.806315719263929e-09
0,1.2684883480918151e-05
0,0.033272008682137956
0,3.986375448010099e-06
0,1.7270746282774264e-07
0,1.9949959043007243e-07
0,0.0005716594487549098
0,1.2955875286682353e-08
0,2.6180623525296876e-08
0,1.8240504906550305e-09
0,2.7748625566058704e-06
0,1.1379508345544904e-10
0,3.1219561431806145e-09
0,8.700597006398483e-10
0,1.7360938604767968e-10
0,8.861321912609606e-06
0,1.937651068257469e-05
0,0.00012094715027657447
0,0.00029957678814715693
0,3.0407431155698755e-06
0,2.527205869256894e-09
0,5.044191378445417e-08
0,0.00022787996844172788
0,9.221734852727114e-08
0,3.3198532974094255e-09
0,0.014674168466576066
0,5.101700939417322e-10
0,2.872931431025303e-07
0,0.00029491535974193164
0,1.1223418367072885e-07
0,0.00010189020110587637
0,8.172050557605897e-09
0,0.0008195250614904166
0,5.826365360899455e-07
0,6.251976995525612e-10
0,0.0002888567369450278
0,0.0006151470943873081
0,0.00014198653630787767
0,4.8539652917451525e-11
0,9.401394341027153e-09
0,0.9999281134112629
0,1.275613418433419e-06
0,4.638238384536171e-06
0,0.008549122183991023
0,1.752417692752648e-08
0,2.1795602424187094e-06
0,0.005739585961182398
0,6.962125111241912e-07
0,0.00016623032668065062
0,5.0073406529823295e-06
0,0.996427108480776
0,0.0001992870254913808
0,5.875300721345303e-06
0,0.9987247663024603
0,0.0009419662494830386
0,0.16412807835140772
0,7.008311923851506e-05
0,4.057159333674137e-07
0,0.276914927591025
0,0.6730011984167966
0,4.9126487000708176e-05
0,2.0166649621832828e-05
0,9.479398633299451e-10
0,1.6477878543699907e-06
0,0.00021914525918930583
0,0.004190222441539302
0,3.2929175624219624e-06
0,1.927405741183257e-05
0,6.186210299456264e-08
0,8.63901542868853e-05
0,0.0046168515755073535
0,1.4877678689271086e-09
0,1.3200544048411435e-07
0,0.001231387730504151
0,1.1880691812424816e-05
0,0.009702576772924278
0,2.4921054572081125e-08
0,0.0010149032668047816
0,3.4303936419185635e-07
0,3.336066692779265e-06
0,7.07652838327405e-07
0,1.5852488494929383e-08
0,3.4731636320949284e-10
0,4.9595071810060836e-05
0,0.011356883182423188
0,1.2425828076587318e-06
0,0.000366826555003405
0,1.1186835670417318e-06
0,0.007894808649812617
0,5.9131954453362656e-09
0,0.0001397706031862003
0,2.7759427125283906e-09
0,0.0005747633662448993
0,0.0009537260874029969
0,1.4358282338638342e-06
0,7.0232590988019e-09
0,4.230735237829875e-05
0,0.41254809853606816
0,1.3228553181674993e-06
0,1.565636810446564e-07
0,5.896970404146363e-08
0,1.5176761795784013e-07
0,7.449581412933248e-06
0,0.00020711204559195262
0,0.0037688291087121903
0,1.3886257289139758e-08
0,1.5254612301846822e-06
0,1.6492746686951128e-05
0,2.6383081657633235e-08
0,5.5743434989576295e-09
0,3.2147887582950384e-05
0,6.769693073639162e-10
0,3.870626790483053e-05
0,1.3408339731332912e-07
0,0.0001512243801897046
0,2.0510517361771593e-09
0,1.7756602070988848e-07
0,2.2546714779259812e-05
0,2.1956855916376017e-08
0,8.080378280252036e-05
0,5.531169759679636e-07
0,6.114987114808015e-05
0,0.048508994945148286
0,6.138886315119589e-09
0,1.783850642466689e-05
0,4.5734742838221436e-05
0,7.984704656031436e-05
0,4.461070667797532e-10
0,4.02419165090833e-08
0,0.002476072539298647
0,4.719359099902859e-07
0,0.0005805074611848869
0,0.006385749737764424
0,1.7816914162781557e-07
0,5.805129319576924e-08
0,0.9999891739582161
0,3.289108283312516e-06
0,3.29081445825015e-07
0,2.4971792951836797e-08
0,6.529572569428101e-08
0,0.004643949455868104
0,4.086076163089484e-08
0,7.863293845729921e-09
0,2.3544561235509493e-08
0,0.0740051564225624
0,2.5959472297642427e-08
0,4.724427380222318e-06
0,7.51653366759161e-09
0,4.414884310505353e-06
0,1.9378788458305182e-08
0,6.315123728505877e-05
0,8.075679307747328e-05
0,5.394116112849579e-08
0,0.00020949118500320467
0,5.271081497874224e-05
0,0.08890370722622547
0,9.355288698248716e-09
0,7.3082671929664344e-09
0,1.003917191984428e-07
0,0.002198902644840337
0,0.6366386277628939
0,2.9355413955281956e-07
0,0.0023205397517173376
0,6.232993713323866e-09
0,6.046322375539935e-08
0,0.05964822648731005
0,1.842402527282608e-10
0,3.449336015034518e-05
0,1.560195985252356e-07
0,4.818297098297624e-10
0,3.677222676199572e-10
0,4.266197697611161e-08
0,0.0001173754756068194
0,4.6748062447184266e-07
0,0.00014090579583345844
0,1.4459047826590825e-07
0,3.7438387359122927e-06
0,5.054625364451735e-08
0,0.0002034318043918881
0,0.012990463048797744
0,7.415726928253347e-08
0,7.114076074503675e-10
0,0.00016407420557369698
0,2.9975425151364426e-08
0,3.838225473680203e-07
0,1.6905652946202133e-08
0,5.618724017634038e-08
0,0.9955390632502873
0,1.1902551369952361e-06
0,0.9905032502096732
0,0.44596475380485506
0,0.42180474808106855
0,7.464304150208012e-05
0,2.025827794767217e-06
0,7.513202162117481e-08
0,0.0194462039443982
0,2.2819304506817603e-08
0,0.0008897864924216857
0,0.0009103435796200721
0,7.136636526770137e-10
0,0.0005692970599904662
0,0.16055940154300996
0,0.0019307979975342468
0,1.6387038161871284e-06
0,7.076731359762852e-10
0,0.0014442208111675836
0,1.6896765170482616e-08
0,1.9779677154263988e-07
0,7.513950566507594e-09
0,2.1509526398308574e-07
0,1.163223051957141e-08
0,0.2999589364396961
0,0.17156324338373338
0,0.00010166138269697227
0,7.166234290155471e-07
0,4.210400809810931e-09
0,0.00023282137540192995
0,4.101820721197122e-08
0,8.962253289500131e-05
0,1.5854739649341927e-08
0,9.466286467044392e-06
0,1.0846345761705507e-05
0,0.0015159884413093376
0,0.00043828648307544317
0,0.9999911968706475
0,2.712374586859903e-08
0,1.2296929365258692e-07
0,0.007855646386152944
0,7.5320976168314265e-06
0,1.0096561646646794e-05
0,4.253649558751838e-05
0,9.681622208646215e-09
0,4.780461567608919e-08
0,5.238115677415991e-05
0,9.675907473981499e-09
0,9.429801768231768e-09
0,2.5759613717487744e-08
0,4.735491541437396e-06
0,0.00014935353326121195
0,0.010560121470693786
0,4.219321120884621e-07
0,3.464522837472144e-08
0,0.23622531939968625
0,0.045641330598640506
0,2.808956524930454e-07
0,1.3165477494408396e-05
0,0.00016028877040410896
0,2.8800231765548453e-06
0,1.7284943014640936e-10
0,1.928866348887295e-05
0,0.00022394830038845577
0,1.0201537250769748e-08
0,2.927564567267309e-07
0,0.0019165687962994908
0,7.352418955096213e-05
0,0.025194852720453582
0,6.315189036833179e-07
0,9.676926626371753e-05
0,7.190610675715521e-06
0,1.073982196544304e-07
0,2.589118645744382e-06
0,2.7378371413298974e-09
0,4.99274970322928e-06
0,2.1585624945548952e-05
0,0.00034930252266085894
0,0.00022046109394883862
0,2.24495811322737e-05
0,1.9322400066267203e-08
0,9.21474907851837e-06
0,4.4790588588287544e-08
0,0.0077744148795871595
0,0.013088352414586907
0,7.996793543158822e-07
0,4.951833500630421e-09
0,3.5146238442951025e-10
0,1.9328074683083805e-07
0,8.759318459993619e-07
0,0.000242038525259253
0,0.43456620288406483
0,0.00024035645930293978
0,3.902028488916497e-08
0,2.8674281156474494e-08
1,0.5624085276735034
0,1.258386582525319e-08
0,3.202361674708593e-08
0,0.01164086177170145
0,6.130091061778499e-09
0,3.1665774198016563e-09
0,7.313163340989921e-07
0,6.1101280880424864e-09
0,6.6948074368637e-06
0,0.00045622736909910205
0,6.691344231107185e-10
0,0.057873323185337194
0,4.558928768417008e-09
0,3.1868049688265767e-09
0,5.121732624229347e-06
0,9.971148653020971e-08
1,0.9999999984237959
0,3.069105573212004e-05
0,1.2077472453085032e-07
0,5.338146161940305e-08
0,1.4127526922359394e-08
0,0.0001889810835765615
0,1.5731405744113422e-08
0,1.6983204531289742e-08
0,1.0483918535401001e-08
0,0.0007116127361895596
0,4.265229066845619e-05
0,8.748811403617306e-09
0,4.111830255532548e-09
0,1.8388378572463803e-08
0,7.706225135715885e-07
0,0.24441477686252835
0,5.8056177987285164e-06
0,2.7529529736544627e-06
0,0.002411440198150784
0,6.720458550888118e-07
0,7.67858704744351e-09
0,4.870770412994598e-06
0,0.0007568999508785517
0,0.0035209638377458365
0,1.1493651905582295e-09
0,4.2020341693668864e-05
0,6.2727160552666745e-09
0,2.2887710108347926e-06
0,0.0001804498701998132
0,5.147170996118386e-05
0,0.8960879150297273
0,6.589394095710391e-08
0,1.2989604003214644e-05
0,1.891773432557281e-09
0,4.402767389417843e-08
0,1.2526978729933198e-09
0,0.4724612970273349
0,3.3485307204840245e-06
1,0.9844309880856783
0,0.0002920971874964221
0,4.2450750795968947e-10
0,5.863112461646544e-09
0,5.299496289033353e-10
0,3.937487175041662e-09
0,5.3043372972896745e-06
0,0.20438477562072704
0,3.2667375906436917e-09
0,3.605311690597669e-08
0,2.186528804160812e-05
0,0.6160107122306987
0,3.7867663950080816e-05
0,0.00026476500215810174
0,0.9997949431173111
0,2.9428661283574317e-05
0,7.575649836453967e-08
0,0.0005311822659814637
0,1.5421366298871655e-08
0,1.1150453232663062e-06
0,6.505930376029543e-07
0,4.387842904236652e-06
0,0.0004796227615178347
0,1.2214844119581268e-06
0,4.088686253203969e-06
0,0.005115505386194777
0,0.00020173862410818486
0,2.2629989293379512e-10
0,7.897920031513748e-09
0,6.15786237388803e-08
0,1.3289266052754432e-06
0,1.614410074461296e-07
0,2.359781179710792e-08
0,0.00027436037562845653
0,5.7114422783253884e-05
0,6.471491041537986e-08
0,2.0663869528300703e-07
0,1.1191685152712618e-07
0,7.42078467005502e-10
0,1.6799099443721506e-06
0,3.7640239678144305e-09
0,9.457434617915615e-05
0,1.3651147193642101e-08
0,3.86610313199704e-09
0,4.458169679404742e-09
0,0.010014210326006886
0,1.9418654496425693e-09
0,3.5790169796707775e-06
0,5.914477893269211e-07
0,2.3277518655775857e-07
0,7.688829288147191e-07
0,8.46694237637473e-09
0,1.1338486845765409e-08
0,3.284595253688705e-05
0,1.1828161122933149e-05
0,1.2394570612380425e-06
0,0.013361991082154882
0,0.00012135900908663683
0,0.00042472907420397927
0,9.249908151896263e-10
0,0.00010163269892873461
0,0.0005765814966950628
0,0.004455358035322178
0,0.00616143161777126
0,3.058707544996464e-07
0,0.0007735974199317745
0,5.093239194811286e-09
0,2.2891986565024133e-08
0,1.7807162974358696e-09
0,0.0007459578511145852
0,4.0229157520955364e-06
0,2.6125634598041834e-10
0,1.077822180117424e-09
0,3.2095906196331035e-08
0,5.235252455040326e-10
0,3.3216648016144496e-05
0,8.757932899230167e-08
0,0.00010155906925497069
0,0.014722569052232789
0,3.183789696767023e-05
0,3.728062182427601e-09
0,0.47111077526444456
0,1.2288271024356295e-06
0,3.189701189954977e-08
0,1.887696088989349e-08
0,7.591079449903002e-10
0,1.0554195851528685e-09
0,0.0013720597642838564
0,6.36303203069407e-05
0,1.771653176575662e-05
0,9.011894384093136e-06
0,0.003870319193046098
0,2.2384319904686463e-08
0,1.7026960358412236e-08
0,0.0005239570635447977
0,0.003619213110576668
0,1.606007643053022e-06
0,0.30757484117462996
0,7.84470277301296e-09
0,1.624856006668178e-08
0,5.252968198246118e-09
0,2.579049379964554e-07
0,7.269008017927378e-05
0,1.3788203635772494e-08
0,0.0003764490527760039
0,1.097641340493207e-07
0,5.4199949770427555e-05
0,3.530003449759861e-08
0,3.852750466590285e-05
0,3.1499753499712065e-06
0,0.0006400248136483241
0,1.545031985446997e-08
0,1.338793373367563e-05
0,5.429883460936193e-06
0,4.217873505987657e-08
0,3.286593798040141e-08
0,0.00012892968455428794
0,1.0691585309452496e-07
0,2.178555151852748e-06
0,7.162434778236575e-06
0,1.7322332481734153e-07
0,7.500718386370393e-05
0,3.9110687228805814e-05
0,6.448694249413899e-07
0,8.910963836651184e-07
0,2.2372337943248664e-05
0,1.0188765681674055e-05
0,0.9981675098645887
0,3.515178248377342e-09
0,4.60503299291119e-08
0,0.00019935224548950497
0,4.645080855976762e-09
0,2.893995267322109e-08
0,6.890101421730593e-05
0,1.2091131165867526e-06
0,3.3651787292714425e-06
0,1.8951910513134006e-09
0,2.9397675347620058e-05
0,7.38806596336795e-06
0,2.7653511469781837e-08
0,0.00024887343789089
0,0.9999932078180321
0,0.000305951374065826
0,0.00012792118969588202
0,0.0002683127783279192
0,4.0375783113449564e-10
0,0.0022413963079156857
0,3.91103828334107e-07
0,0.00031811741880853926
0,3.5087494464505925e-09
0,1.032836594116246e-05
0,0.3699067197044861
0,0.0008194604358314455
0,0.035983022420058665
1,0.9931038430087509
0,1.4866758554190507e-07
0,1.341375745420389e-06
0,1.693765039483621e-05
0,3.7363881368699584e-06
0,0.24978664270364215
0,2.169249798216028e-09
0,5.0768184034417465e-06
0,9.212828691091984e-09
0,1.7063510522247533e-05
0,1.1172512247781749e-06
0,8.31461263648034e-09
0,0.13605455546905507
0,4.5594011879324164e-08
1,0.9862213906630998
0,2.3985822839254455e-08
0,0.000261043690840208
0,1.8709007271793594e-08
0,1.3942127124197627e-06
0,5.343121939453703e-10
0,5.591381088583652e-05
0,8.580765597987652e-07
0,3.9843753990866216e-08
0,6.930022287580313e-07
0,7.427876894779477e-08
0,0.000856272828657433
0,0.08014970612320646
0,8.956842222417519e-05
0,0.0018668413191710027
0,2.752717207910761e-10
0,8.453302367788783e-09
0,3.1506088519315224e-08
0,0.00019036997461655697
0,0.01748169091256141
0,1.9066737078919638e-05
0,0.0002091149268078099
0,2.7879706575457797e-06
0,2.444231206619929e-06
0,6.0900034896347384e-09
0,3.6816181081252835e-06
0,4.009064981955371e-05
0,1.1930545385680812e-06
0,0.7862599811904626
0,1.1751570253657772e-08
0,0.0002717718637825176
0,8.734524261010315e-08
0,3.4605668572637973e-06
0,7.398948439687544e-11
0,1.9254601547230216e-05
0,1.2999436035626098e-06
0,1.5147824366248163e-05
0,9.409904459223527e-06
0,0.0045521986920393845
0,0.011304792783142587
0,0.9957438552242844
0,0.01592435888499878
1,0.9999848493971346
0,1.8733009181279504e-07
0,1.4370067512727387e-09
0,1.2134484179136067e-08
0,2.9256280025552285e-06
0,2.1293706906728204e-08
0,2.081072395499687e-08
0,5.570452366576096e-05
0,0.05097361654570725
0,2.1309849142220655e-08
0,0.00019557152312920815
0,1.5237191768675926e-06
0,0.07107536980797968
0,2.461810244432252e-10
0,0.0008434554165240196
0,4.1185987809065914e-08
0,0.021225472197851956
0,8.437680185205468e-09
0,8.473712078726636e-05
0,8.770534950443882e-05
0,0.0005073807988619741
0,0.0002772739434355133
0,6.5954008521164285e-09
0,5.981374711774834e-08
0,2.942068927969158e-10
0,2.187381474567469e-09
0,2.682521118194274e-05
0,3.6310373245991744e-08
0,0.0022818306158829257
0,0.0007566456625799626
0,7.088204963417068e-05
0,1.0179998181640478e-06
0,2.880201302980353e-07
0,0.6319830630052844
0,4.630440495901628e-06
0,6.129046324933982e-08
0,2.168939252457658e-10
0,0.0018526776672353714
0,7.837042833434721e-07
0,0.0004536525091087376
0,7.66241161425374e-09
0,6.746465378669706e-08
0,1.4469422814808847e-08
0,2.5107933287203465e-08
0,1.3469752017824405e-05
0,6.36633114322708e-06
0,7.367351401607212e-05
0,0.0031789133635941377
0,0.000310730435931054
0,0.0431966987689577
0,1.2695206649625594e-07
0,7.511084511669483e-08
0,0.0003930282025028617
0,3.470043987707711e-08
0,6.5088826683965265e-06
0,0.0004759061217515552
1,0.9647589105110995
0,0.0003248272789705344
0,1.2244391561280021e-05
0,5.158205371677995e-07
0,0.00043204140569009445
0,0.0018887535401716311
0,2.218867499819459e-08
0,1.401506823631577e-07
0,3.619404513883033e-05
0,8.05514890157947e-08
0,8.899337034738557e-09
1,0.8526005156800608
0,3.822875584387809e-08
0,1.256495593642751e-09
0,3.0626597007694554e-10
0,3.261694052985255e-09
0,2.1763028913004428e-05
0,0.0009623841639516845
0,1.2626603999203964e-06
0,1.5935923632261972e-09
0,1.5510202803719614e-05
0,1.4442422275141313e-05
0,1.997172719834e-08
0,0.12673830889420418
0,4.574616971704728e-10
0,1.3616898459860621e-06
0,3.183002531986215e-06
0,1.161280276909298e-07
0,0.0002912319600818788
0,0.005048202324749095
0,0.01284056118132899
0,1.1744032276792866e-06
0,1.2674438141716984e-08
0,0.3355335036582224
0,2.1991177721600757e-08
0,1.05170846612217e-07
0,0.014948499227434426
0,2.2307413733583636e-07
0,1.713252754167887e-08
1,0.33275604993741686
0,7.206219714135855e-07
0,3.4548392509421753e-06
0,0.00010936672905080544
0,9.958179587292447e-07
0,5.6548006143418545e-09
0,2.162346479307609e-05
0,5.924701889566727e-08
0,0.20872107109770202
0,3.37328319056651e-05
0,4.0277750876577657e-07
0,3.912520253103622e-08
0,1.1452286170927194e-05
0,1.3511629289406263e-05
0,0.00032401203822418005
0,2.219421955404795e-06
0,0.2228448691957994
0,3.2921214104317666e-09
0,7.398580606130316e-08
0,2.585179206540572e-07
0,4.313769046324341e-05
0,1.0816107462762617e-06
0,3.40029229932753e-08
0,1.3927861330787712e-08
0,1.1103114495758698e-07
0,1.0617056223854141e-09
0,0.32137584635044036
0,4.4205073374338744e-08
0,3.731895384218803e-07
0,4.114910271050102e-06
0,5.538869792010828e-06
0,2.7086682057060992e-09
0,4.151663532064769e-08
0,1.1091060667653731e-06
0,2.274154710999563e-08
0,0.0006161000030329993
0,4.711817033121765e-10
0,6.359559916408571e-06
0,1.8931815586991894e-10
0,2.461520031649206e-09
0,4.0750342063516745e-08
0,0.0007070402305888825
0,1.3041787461131405e-09
0,0.7543326103048398
0,0.0006488083112949996
0,6.072998513313513e-09
0,1.3777953125650164e-07
0,1.3671126790755843e-08
0,4.5749665417465495e-09
0,7.679286897223147e-11
0,4.6389043321127674e-07
0,3.7721970721830005e-08
0,4.7673795855224885e-05
0,1.8096203460289459e-09
0,8.246977942913905e-08
0,1.1316148926655266e-06
0,0.00024294869045328682
0,2.5707222737464618e-08
0,2.3296927335722556e-06
0,5.123402534625076e-09
0,2.498009839127647e-08
0,5.7571408173779966e-06
0,6.892836293514977e-08
0,0.00038868627196701343
0,1.767017191417354e-08
0,1.5378332640012576e-08
0,4.54812434458796e-08
0,2.1486212107424665e-08
0,0.011575379985702544
0,2.6382820001311276e-06
0,1.793420093861821e-08
0,0.005485841351148344
0,1.570319568224523e-07
0,2.0377132167705827e-07
0,0.00014769832839027432
1,0.9924467008091415
0,0.0005065701021610863
0,5.441425841223567e-05
0,8.847088769612936e-06
0,0.050674928812559875
0,9.066405126924954e-08
0,3.0078286760631645e-07
0,1.136689142257858e-06
0,5.970891965123995e-09
0,0.002990754473621094
0,2.4868257557089312e-08
0,1.5321828231757134e-09
0,4.045791729238801e-10
0,2.8765800875332034e-06
0,5.428408569810809e-05
0,9.180068067835206e-06
0,0.0014374129536061301
0,3.951122884762106e-07
0,0.53285311647677
0,5.8570404145519715e-08
0,9.80337972021875e-06
0,6.836226146801429e-07
0,1.5484808138699202e-06
0,2.8856436700119294e-07
0,7.043793736066743e-10
0,1.8711895765005332e-08
0,5.595422469233511e-05
0,1.6043527752444968e-05
0,1.979100472205605e-08
0,1.4084784995403865e-08
0,1.5495885143016532e-08
0,0.006366014202629294
0,7.883158319126381e-07
1,0.9991111572021903
0,1.1970735969361909e-08
0,9.608928461757207e-08
0,1.05310264148848e-06
0,7.162496342611629e-07
0,8.195216687762321e-07
0,1.512319761065046e-08
0,8.8999387056481e-08
0,4.250581954239063e-09
0,0.012681453896855589
0,0.08431768847041143
0,5.859831823889863e-10
0,0.0014071418263267251
0,2.235878757140866e-08
0,1.3989122064363896e-08
0,0.001376212035942198
0,0.018114847079669538
0,1.2842301821561282e-07
0,1.247526162769836e-07
0,7.527016617698856e-08
0,3.3689550423269992e-06
0,0.003187017556442137
0,6.177987654327968e-08
0,9.082696560538419e-07
0,0.015339914484086963
0,1.073298852661147e-07
0,1.3986852818881545e-08
0,9.431135138349114e-09
0,5.965913133985088e-06
0,0.0015103244476031544
0,2.7789486739734948e-05
0,1.0228493694124775e-06
1,0.996972847262701
0,3.060824931479016e-09
0,2.1803058267893282e-05
0,1.2365879276505602e-08
0,8.280955731480296e-05
0,6.1413309638260085e-06
0,1.642898317199801e-08
0,0.00026461502766603667
0,8.084001176489772e-05
0,1.90740535928213e-06
0,1.3929796368119952e-08
0,0.0007893737514190828
0,3.535003644324395e-08
0,0.027260518915898015
0,0.00010132702842760765
0,3.835210230217163e-08
0,4.5202045292004284e-10
0,5.234202667634862e-10
0,0.24692903804112995
0,7.218184886785695e-07
0,5.221530481796073e-09
0,2.335848822748733e-09
0,2.8598756171540046e-07
0,3.394339203410535e-08
0,7.932589380512699e-05
0,3.181870832284195e-05
0,0.13683595303033294
0,1.4117046779134806e-05
0,3.6740743402095934e-07
0,3.81481081399297e-06
0,2.4414475990682858e-08
1,0.991962689403939
0,1.0021529048498993e-06
0,0.15294027290656428
0,8.869390447890135e-10
0,8.875329868421759e-09
0,0.0029574456887609944
0,1.4549817677506422e-06
0,7.43355515050419e-08
0,1.0221522352578221e-07
0,3.2976066384318845e-10
0,1.3257108678018e-09
0,4.298545733603983e-09
0,6.9414131571201325e-06
0,7.054104565343352e-09
0,1.8113200023112237e-07
0,5.3694752096269926e-08
0,6.363218634922759e-09
0,5.758295088950486e-05
0,1.4270160966872895e-06
0,2.342561369912467e-05
0,0.00044133761450369254
0,6.449544915288624e-06
0,7.282402997453789e-09
0,4.398207200549818e-05
0,8.238271657402848e-09
0,5.3118127859828706e-06
0,5.6808874778727855e-08
0,6.161028875865772e-05
0,0.0030376734086328275
0,6.408100380219036e-09
0,1.6252665254253293e-09
0,8.736320779616617e-06
0,1.8281522985898365e-08
0,2.9177087925306747e-08
0,2.2422007386693476e-09
0,5.821208478285368e-08
0,0.00010919663084924288
0,0.0003638822736917371
0,2.6593899467108865e-07
0,3.645120265461359e-05
0,8.157288898008845e-09
0,0.6449764110463818
0,0.00046497329038513904
0,0.00029027768846257793
0,3.1818353674404663e-09
0,1.7834392918040256e-05
0,1.469081858228426e-08
0,0.0021052898893427156
0,0.07449542500090368
0,4.1078974082007964e-10
0,7.314175256138249e-07
0,9.422472569103984e-10
0,2.109550512251006e-06
0,2.2798920554897223e-06
0,2.637375211087394e-07
0,0.009289058396438208
0,4.66980017602576e-08
0,1.8681636955841466e-07
0,0.009883674150395223
0,0.00011780742705000368
0,7.84722079048424e-05
0,1.676219314148053e-05
0,2.1718894799475464e-07
0,8.814372409588945e-07
0,8.458651720826973e-08
0,3.7430424562064857e-06
0,0.08896939495104994
0,2.826568844031493e-07
0,0.5793965895469018
0,2.467079609255752e-07
0,2.866686018277546e-09
0,5.188779974654072e-09
0,6.167847928261734e-10
0,6.410945442561734e-08
0,2.474537981616187e-05
0,4.431520079643659e-10
0,1.0982175994699463e-08
0,4.1787942471573115e-07
0,1.0013612387695076e-07
1,0.9755765677176276
0,0.002350885360812791
0,0.08028501011037024
0,5.615933756991682e-08
0,0.9999999865278184
0,6.009655567272555e-07
0,4.878893467189781e-08
0,0.007522104669752856
0,1.1099679888409597e-08
0,2.9140122508903073e-08
0,8.775546926618349e-06
0,2.6757665187896496e-06
0,4.5641480621127245e-10
0,0.017052168070989162
0,0.002043844333297663
0,1.741043535952055e-09
0,0.006781275111077833
0,5.672819847186793e-10
0,4.847702178040836e-09
0,4.166370452060952e-09
0,0.0003339382963959012
0,1.1725244933555309e-08
0,2.3383637721271266e-09
0,1.5358406736340368e-06
0,0.002586525749769166
0,6.234609421909855e-05
0,1.2207475427009622e-07
0,1.246678583017549e-05
0,1.1085450074441704e-07
0,1.6209461612236325e-09
0,3.841595491835934e-05
0,2.18384633557482e-07
1,0.008376389356800053
0,3.5835160572944403e-06
0,8.553140307714243e-10
0,2.88638437536377e-06
0,3.124122913232927e-05
0,8.231584401072598e-08
0,9.453942096732081e-08
0,5.1847310545985195e-05
1,0.6582123297628103
0,2.8780269256082647e-08
0,0.00027189411453159114
0,1.2776436574468653e-08
0,9.23127886282965e-09
0,4.264769685194563e-06
0,2.7338229503846037e-07
0,0.008269787006847345
0,0.0004521789658987028
0,0.3265727760641263
0,0.0019648001505196823
0,4.620032488454728e-07
0,3.3953286151732035e-06
0,3.422799006188548e-05
0,5.062583928257255e-11
0,1.2579164473441607e-05
0,0.018792677722010626
0,8.406098178989226e-09
0,5.844585763285827e-07
0,5.995730614359364e-09
0,1.0061906117391801e-05
0,3.878916460175444e-06
0,4.9392628981903395e-06
0,1.7481399065876804e-08
0,9.415242107962761e-08
0,4.0096197784337615e-09
0,6.031450302655483e-10
0,0.00018214594306329763
0,5.820341256245888e-09
0,1.4465018488552045e-07
0,0.00015173518585172454
0,7.596234374256223e-09
0,3.994045994025256e-05
0,1.9672234806152167e-07
0,3.678025987759936e-11
0,1.367931498480518e-05
0,3.0055421187097725e-08
0,3.8584792041136166e-08
0,4.784279604234028e-05
0,0.00011226658983438626
0,7.30075070856571e-05
0,3.104449612110032e-07
0,0.0008209746966556343
0,4.123768143628874e-09
0,0.00010800509349226943
0,3.2349822712939277e-10
0,2.5623324084086937e-08
0,3.3063027520815974e-05
0,2.250722309818369e-05
0,0.9999630698982396
0,1.1107301894268566e-07
0,9.25829563520394e-07
0,0.0003698064569009566
0,5.274768866284942e-08
0,9.320178187501831e-08
0,0.00020988560492839794
0,1.239919201016406e-05
0,2.6732948933440077e-07
0,2.719651785321905e-07
0,4.932119521779953e-10
0,4.015074797048377e-08
0,6.7143465689118265e-06
0,1.1480831369920308e-10
0,3.506300660306394e-08
0,0.4037784604173016
0,2.537759885424263e-10
0,0.0005958417841946547
0,0.00021956336775294166
0,1.324628602083891e-10
0,1.7549578079822108e-09
0,1.0502401926110005e-06
0,0.000231209860795067
0,0.0014513737292537073
0,5.229153487569454e-09
0,1.0356231552452718e-07
0,1.9972598109422026e-08
0,7.066794261885681e-09
0,0.033070516090289354
0,1.3788949736817056e-09
0,0.01714827323146199
0,0.0008997850463517121
0,1.5506458112538152e-05
0,2.5253304061441554e-06
0,0.4344392357621855
0,3.046599827447292e-06
0,4.244465594520307e-09
0,1.0152628043195036e-05
0,5.048480826767221e-07
0,0.21182005176205912
0,4.023281679213716e-08
0,5.1043338874194056e-11
0,0.03725213494869598
0,8.359222228303995e-08
0,1.0903449501005673e-06
0,1.4543333630846985e-08
0,4.1960189069468905e-09
0,2.8008266931511173e-05
0,7.586560909006452e-08
0,7.25465801444775e-06
0,2.6432699121306914e-09
0,1.1154651442091321e-08
0,1.2904315001110823e-05
0,0.0001714925811203017
0,2.073241036158823e-06
0,2.5710957911325346e-08
0,2.5060627607003807e-08
0,0.00022749548954763854
0,0.020899818794390145
0,0.08936211685559735
0,4.7929596251355847e-11
0,8.498509518258208e-07
0,0.017730355505784712
0,0.013986384808972813
0,4.6683746852358786e-09
0,6.136165108694733e-07
0,1.3884386187431998e-09
0,2.306621673997571e-09
0,3.176529502914218e-05
0,6.352725849744794e-07
0,0.00019763610817293914
0,7.423196479724998e-08
0,3.058639375457177e-05
0,0.0034461534004700863
0,9.963907783966947e-05
0,0.010319944273136004
0,7.14680652905174e-06
0,3.118094970117303e-08
0,2.1100747643347937e-09
0,0.00023966571443058196
0,0.0006917387467087304
0,8.614511043875498e-08
0,5.43638230111754e-05
0,0.00019431916542484337
0,1.2599895179321089e-08
0,0.00513901683840034
0,3.167859589325192e-08
0,2.9861244438175237e-09
0,0.00037353823502527027
0,1.9951981299611085e-09
0,5.219602417229259e-05
0,2.038161907171552e-10
0,1.80603871446635e-05
0,2.446375026417458e-07
0,2.4478624733142077e-06
0,6.234374743735244e-07
0,0.0012888865715776096
0,1.4847323189010837e-05
0,5.6794025697166455e-06
0,4.4953606439728095e-07
0,6.082117529354168e-07
0,0.0020068949732092553
0,2.0390300057741479e-07
0,1.2494584583846131e-05
0,0.0003259076863397059
0,5.992380455518559e-08
0,0.0009156589415456854
0,3.702388660978824e-06
0,8.64973282877052e-09
0,0.0004744437621695258
0,1.1079434581496472e-05
0,1.356746797213116e-09
0,4.432243527240959e-07
0,1.5573440697039388e-06
0,1.3487632472967382e-08
0,0.00039259380502947255
0,6.790160172903661e-09
0,2.9168534861548804e-08
0,1.0606042307749567e-06
0,1.0284265049637114e-07
0,9.76307262533095e-08
0,0.009779348851088093
0,0.0004984506663364734
0,2.148096269299119e-06
0,0.00014938782175227762
0,0.004956184743470461
0,1.8813627830608643e-08
0,0.0003928802333584959
0,0.0003904552827069802
0,0.04419373299039662
0,0.9995325571228896
0,2.933209888618297e-09
0,2.5553562282952417e-07
0,1.0403205511608122e-08
0,7.469386877142077e-05
0,0.011294628356767523
0,2.824338656012913e-07
0,8.28782106734148e-08
0,0.7860114757374698
0,0.012998284479682726
0,0.09044058308653016
0,2.784376285204054e-08
0,1.3037541841509063e-06
0,1.4285189095004376e-07
0,3.371349470620064e-08
0,2.6364269683957586e-05
0,1.6753843855116526e-09
0,1.7270664249928377e-09
0,0.9896177488916117
0,9.945985673279385e-09
0,4.983949635215999e-05
0,4.842085128819975e-09
0,2.6960273549102802e-08
0,2.6180642214495668e-08
0,1.1623928691069476e-07
0,1.7607062332452666e-08
0,3.906042560519789e-08
0,4.632618875594271e-09
1,1.0
0,7.998330887959787e-08
0,8.606042047008506e-06
0,0.0006169973039900997
0,0.00025376796748549706
0,4.980381011673488e-10
0,4.3256003506102485e-09
0,4.0249723629830144e-07
0,0.022676311464501553
0,2.3156833803301275e-08
0,0.011250092046909934
0,9.126515967260652e-07
0,0.010915023082825532
0,0.00012954099110069642
0,9.997974114932247e-08
0,1.4384909227519399e-05
0,0.02180122964100632
0,5.1731844116381616e-06
0,4.953014990387525e-07
0,1.7312555423678976e-05
0,2.4534631481122344e-06
0,0.6635000122870174
0,5.292325572196275e-10
0,3.5825921697277314e-08
0,2.227575986071931e-09
0,4.592346340714507e-06
0,0.03910492648787804
0,1.3419759479078885e-08
0,1.0807399115346483e-05
0,8.903263047025101e-08
0,1.835031166747919e-08
0,0.9843584674269266
0,4.661062763741923e-08
0,4.336945310645352e-05
0,8.31068401733629e-10
0,0.0001921880223255318
0,0.0008809043054311935
0,0.0004242364994617998
0,1.738698203014124e-10
0,6.45618594448388e-08
0,7.398714742503748e-09
0,1.3094114114562843e-10
0,4.5978685559825155e-09
0,1.6616040173030512e-05
0,6.1617693463660294e-09
0,5.639750233494141e-06
0,1.5005084601392626e-08
0,1.4617288630612188e-06
0,1.3691614836387506e-05
0,0.10022974329698818
1,1.0
0,0.9376026747464337
0,5.37928661612685e-06
0,8.579335295294088e-06
0,5.941364282806935e-07
0,1.7971886596504468e-07
0,6.433407620328886e-08
0,7.326025248061272e-05
0,0.2463138485125159
0,2.470980991332789e-07
0,0.00015260838966347826
0,0.2327536377188319
0,0.02628574476903674
0,2.736144231113207e-05
0,4.083904463714495e-06
0,2.06496392750777e-09
0,1.8596927342337176e-09
0,1.1751161517937695e-07
0,3.2033164195981828e-09
0,5.743733098122442e-09
0,4.2234240187811295e-08
0,8.035242005586874e-05
0,4.9521839472812206e-08
0,7.097461400782859e-09
0,3.623981629086418e-06
0,0.00010464121865047879
0,4.277831326587302e-09
0,4.181046490412441e-06
0,9.284844651527955e-08
0,5.435326024971134e-10
0,0.9967483209516617
0,0.00012476698287925732
0,1.0147189711913127e-08
0,8.232089191013557e-06
0,0.9999998107876388
0,2.1852585654649724e-09
0,1.5829252928449557e-05
0,7.579219515264046e-05
0,8.544362003480363e-05
0,1.954014370987152e-09
0,6.854231198941892e-06
0,6.946194214522885e-08
0,9.705609061225942e-07
0,0.017529007523809082
0,1.1582819577690195e-08
0,0.00010525618867635443
0,0.0035945765637040864
0,2.921000007996092e-09
0,8.748945021945536e-07
0,0.023012545044235933
0,6.276554198908316e-11
0,0.0001824972416433453
0,9.743942233306478e-07
0,0.0005040925671947187
0,4.531437215052726e-09
0,1.1790343097558818e-09
0,1.3623882934287482e-06
0,1.144346914447572e-06
0,0.10805397611793348
0,4.065986954528415e-08
0,5.447433362153446e-07
0,3.3983306479062626e-07
0,4.286032130574702e-07
0,3.3908203427182527e-07
0,0.0008564909127251622
0,0.09294462331341241
0,2.530699279217793e-07
0,2.0594540737998976e-07
0,2.2794106119895664e-09
0,0.0010402744829336012
0,1.4470780864796814e-10
0,9.751925971166389e-12
0,2.1364777405393298e-07
0,2.4528580401389104e-08
0,1.4507508413364383e-07
0,4.755395148476693e-10
0,0.0005204232945863724
0,2.945594595512694e-07
0,1.4775675787665379e-08
0,6.773454270496205e-09
0,4.17248318368891e-08
0,4.3348090957286055e-09
0,1.0479080262254496e-09
0,1.1546347396691821e-09
0,3.798685598382229e-07
0,5.0619403803618375e-05
0,0.019162156516597934
0,1.3651913094379002e-05
0,2.8936846920883034e-09
0,0.00021400264600445075
0,6.615779340617138e-08
0,2.3831837958072936e-07
0,6.398046975953608e-10
0,5.653416680249311e-09
0,2.199995576700595e-06
0,2.2759519043966874e-09
0,0.0010413108617975723
0,0.0007986548138702088
0,9.216502890218249e-06
0,5.79660260829972e-07
0,2.703923271834657e-07
0,2.2655964812629375e-05
0,9.416742387579758e-07
0,3.111683750314887e-07
0,7.148546202384573e-09
0,1.204651441463123e-07
0,9.950909300874825e-09
0,4.162762599486442e-06
0,3.964586101645597e-06
0,0.9999999999999716
0,7.155720130805461e-09
0,6.653631534908079e-09
0,1.5922361665887974e-05
0,0.00031491390575213345
0,0.00707546787296416
0,4.008573146034253e-05
0,6.246765098695484e-07
1,0.9915626184968754
0,0.000665963933935425
0,2.096313137541551e-08
0,0.0010918073010159329
0,0.03775638534836767
0,3.427081334801097e-05
0,5.9071257242266053e-08
0,6.2472781227403385e-06
0,0.0002592959812850258
0,7.688379260124389e-06
0,5.606316391007869e-09
0,0.09153298864726393
0,5.717279494232668e-06
0,8.398816020837526e-07
0,0.0003943422969747004
0,3.322324147044189e-10
0,2.020883743601317e-09
0,4.459660029270886e-10
0,0.010126420151106694
0,0.00041087173238630714
0,5.480075885881271e-08
0,0.8831967292083492
0,2.002261561404958e-06
0,0.0018127096443655605
0,9.41056519145086e-05
0,0.20638447814334548
0,1.4620098633616388e-10
0,6.615410631327648e-08
0,1.545630468119778e-06
0,0.00012272828257997305
0,1.3798988156545426e-07
0,0.027968057330636637
0,3.2802157229981435e-08
0,0.011991408482352276
0,3.074825470154828e-08
1,0.2734908982419946
1,0.9798698710449809
0,4.32507521066526e-06
0,7.524755007266409e-09
0,3.6701483405538e-07
0,6.477164010844015e-08
0,1.4975535647859194e-09
0,9.10323272331372e-06
0,1.2254984631026487e-09
0,0.0009001737454600785
0,0.00595840832071739
0,1.5322670924946224e-07
0,0.0007754243214597962
0,9.459844456793941e-09
0,1.5099164664938e-08
0,1.4502688492356406e-07
0,1.989518964915411e-05
0,2.1225253465100035e-05
0,0.0023501180677262504
0,2.2939662732948694e-08
0,1.180020119662091e-09
0,5.173269726898779e-10
0,9.195202019073865e-07
0,0.9999959885166545
0,5.785770161301505e-10
0,6.231157220253018e-05
0,3.031712952379939e-08
0,1.3106672030645393e-08
0,1.0575957615187039e-08
0,0.00010927142421503672
0,8.846988903782686e-05
0,3.940433017541659e-06
0,3.608095143570221e-06
0,0.0002411073509018465
0,0.0036122996995571247
0,0.00021789356277426643
0,1.3655567569615723e-08
0,4.6362142231838543e-07
0,8.60375548304969e-06
0,6.511739641839448e-07
0,1.6418109285384573e-07
0,9.62095262306253e-05
0,3.627396232706097e-09
0,7.445991600530156e-08
0,2.2075226602841348e-07
0,4.837299189473091e-05
0,1.1334870893901946e-08
0,0.9752125191585661
0,9.682038139840316e-08
0,3.0814684482571604e-07
0,2.120648572046161e-06
0,0.0007394905388987259
0,2.5219383604976634e-10
0,6.576660432856623e-06
0,0.0002062181981097778
0,0.9739664303804736
0,0.0002549374585096546
0,2.9746080328203158e-05
0,1.3524526383486378e-08
0,1.1681762818973053e-07
0,0.0501601058141082
0,4.245833225678633e-08
0,0.0004249722833551778
0,1.0871632545454805e-07
0,1.4661095232857366e-07
0,0.004359504281538796
0,0.036659334514243
0,4.372739214382728e-08
0,3.308299465109603e-08
0,1.331233263667387e-07
0,0.00014113957268459845
0,0.17648833529718724
0,1.4636120299341549e-05
0,1.269896982876828e-09
0,2.7619469113380225e-08
0,0.9999826313014886
0,1.312776095127127e-07
0,5.729102737357672e-10
0,0.012392686730921178
0,9.562145088838624e-05
0,0.01795297449287249
0,3.9372385245597513e-10
0,3.916596389006524e-05
1,0.9999956893257405
0,8.137016953800531e-05
0,2.0791395687977102e-05
0,5.4865077705709705e-08
0,9.961649035556732e-05
0,4.7728181251125003e-08
0,0.0023503258616375555
0,0.00036804507780517187
0,6.184599681791302e-09
0,2.5377519601561773e-07
0,6.588818032020475e-09
0,2.6992591032175068e-06
0,8.586489222195853e-07
0,9.327870291720433e-06
0,4.160418950913095e-09
0,1.1657789236915338e-07
0,1.1560094558058746e-05
0,0.0007846506508807716
0,2.539172517757015e-06
0,0.011586416095860358
0,1.0551263230866474e-08
0,4.9205563508990054e-09
0,1.628734285928337e-08
0,3.2729455253156416e-06
0,2.270009534691751e-06
0,1.2463799709551567e-07
0,0.0019031176215768993
0,1.1347755186998108e-09
0,6.76292522976073e-09
0,1.18626834127023e-06
0,2.5779574063782838e-08
0,3.044889617381857e-05
0,3.320702284345325e-06
0,0.028918060391863003
0,0.017016502229487536
0,0.0001171657766374144
0,2.0730997741918668e-08
0,0.0008405539329064592
0,5.438396941642062e-09
0,2.5406635925454004e-07
0,3.6745506825987887e-06
0,5.687518089180934e-09
0,4.9237924668397414e-08
0,0.10085476497762777
0,1.9803899858874275e-07
0,0.8695827484396681
0,7.272734039514571e-09
0,0.10660029473897557
0,1.4883759626864833e-09
0,3.7435871894316053e-05
0,3.4677970050755946e-07
0,1.5134650126049015e-08
0,1.876292849354763e-07
0,8.447259750161635e-10
0,3.4621278609432268e-06
0,7.520142995670997e-08
0,3.0761585348726854e-06
0,2.0901634907082995e-05
0,4.050867560920786e-08
0,0.8775311711190069
0,0.0303566758445723
0,0.2887560561099779
0,9.135414272117636e-06
0,0.11912487088937104
0,2.782123864398775e-05
0,3.694133437025995e-08
0,0.0001650726079056903
0,0.0002006796258446484
0,0.0008720661191892621
0,1.5183505791907302e-08
0,2.4777855944046852e-05
0,0.0003334420734784086
0,2.653691724890646e-05
0,0.9997808587498231
0,0.000745638008267456
0,0.000798415614943996
0,1.9507807192104876e-09
0,3.1426964479540788e-06
0,4.192864374478626e-08
0,0.001429665759490818
0,3.226474190137353e-07
0,0.018339720636172976
0,3.821960862628646e-09
0,1.8725925324936988e-06
0,0.1381659655833667
0,5.338829401877495e-05
1,0.9988545696134266
0,1.181990322137383e-07
0,0.0069088023845025204
0,6.013754973358455e-08
0,3.205495053647535e-08
0,0.0001632349197401758
0,2.5939871400734844e-05
0,0.00021551256795156737
0,0.00038633062057419
0,0.7623267896104231
0,3.3720424254522434e-09
0,5.081200503747528e-08
0,0.0004169810665075801
0,2.085274749659697e-08
0,0.00019268022978764215
0,4.608972404748352e-05
0,7.668427460830316e-07
0,0.00010117213618287752
0,2.781915778028356e-09
0,1.5975258969070938e-06
0,2.854332220191871e-09
0,0.8187694246813894
0,2.6303305516947114e-06
0,1.7936622362358434e-08
0,0.01235530254842269
0,3.16759580699711e-05
0,2.010080570034099e-06
0,5.656837553326198e-09
0,4.685814418597998e-05
0,1.343565571743193e-05
0,4.317919909808722e-05
0,0.028584159441988548
0,9.478173870396142e-06
0,6.091781430188726e-06
0,5.079609709638266e-05
0,4.2218320061999315e-08
0,0.00035196790891378187
0,4.1550959288539884e-10
0,2.7807549700505116e-06
0,1.0366455632846957e-07
0,2.232190985692167e-09
0,3.9727026468715274e-07
0,3.416448525766788e-05
0,4.588989674317968e-08
0,2.043292195442552e-05
0,0.049969451742335164
0,3.530803333748899e-08
0,6.6644166605156296e-06
0,2.261257094674547e-06
0,2.6203577350057288e-08
0,5.061374910396274e-07
0,0.00042137813329711274
0,1.751663449746376e-07
0,3.0035656864103677e-05
0,2.102641357989908e-07
0,1.6440724410845124e-06
0,0.0015342763291866198
0,6.683480555031418e-10
0,1.7575435719935442e-07
0,3.474858824194981e-08
0,1.254594994969525e-08
0,1.103816801417225e-09
0,2.54403685317879e-09
0,1.1980590223787826e-06
0,1.34258549812713e-07
0,2.5583168453695816e-08
0,6.703646740747031e-09
0,1.5296272132143955e-05
0,1.6885670621303492e-06
0,5.589640043385678e-05
0,0.0010099561638830861
0,3.437806115648301e-05
0,1.0278859291019227e-07
0,8.147015152755149e-08
0,3.20174762968284e-09
0,0.9999999999999645
0,0.4124874626781969
0,5.4328814020761315e-09
0,0.0023005384190097973
0,4.39072187016737e-08
0,3.923178864996822e-09
0,3.2594892351179916e-06
0,1.1002647744257522e-06
0,9.803682505466322e-06
0,6.83224850192723e-05
0,3.5762294743705627e-09
0,2.2831753723258434e-05
0,1.4233296273792967e-08
0,2.2578760111395247e-09
0,7.326571371107848e-07
0,1.2492581831481375e-08
0,6.892243499714642e-09
0,0.60158002744902
0,1.3475847113245018e-07
0,2.3574262094408474e-06
0,2.2999018529522088e-06
0,1.184948449878667e-07
0,0.0197934946633355
0,2.449516068867106e-09
0,4.791112646056845e-06
0,8.173044240197383e-06
0,0.0012790917696942682
0,5.698424626748034e-09
0,2.5943083202870518e-08
0,1.502216941517274e-08
0,1.5821416885733413e-08
0,4.659510553343268e-05
0,2.3042574310798444e-08
0,7.448341654089279e-08
0,4.1823261939966647e-08
0,4.63032741931351e-09
0,0.00017310724321939133
0,1.4459777576367465e-07
0,1.6856560693941687e-07
0,1.1028875472513252e-05
0,7.026316402260269e-08
0,2.3952081009564237e-08
0,0.012816768068131123
0,0.00021683212097795755
1,0.9778982100615476
0,1.456552140314929e-05
0,5.6440267436573536e-08
0,0.04408679175948379
0,3.0031372562438586e-05
0,2.1755971345473895e-06
0,7.787034343586911e-08
0,1.1853621628617528e-08
0,0.053801567713489776
0,6.582534847984948e-05
0,7.165199865636752e-08
0,0.0012611653053421997
0,0.0002533263336385903
0,8.322054736256158e-06
0,5.097847794210583e-08
0,4.631658479322297e-07
0,0.015649213150421924
0,1.6601008731187733e-07
0,0.0004757824949167013
0,8.637551916550399e-05
0,0.0024897768727762354
0,2.6297037057579757e-06
0,6.708947418992126e-08
0,1.2300446711221975e-08
0,1.5590410351405956e-08
0,4.2358874592768144e-07
0,2.259280114952197e-08
0,1.0833060539380688e-06
0,1.0429974399163838e-09
0,3.4058857719656366e-05
0,7.954504745546861e-06
0,8.089180233365332e-08
0,0.01772362189114996
0,5.489953907314592e-07
0,0.003949101310450272
0,3.150970777288085e-07
0,5.235600109324803e-09
0,1.4923356288550652e-08
0,1.0835437897516329e-05
0,7.787612945712912e-06
0,1.4786912513711268e-07
0,0.052759881884328196
0,2.8500167049078236e-05
0,9.009207122451359e-08
0,4.153930231816604e-08
0,4.000015063065495e-08
0,0.028377518156821897
0,6.993847792169951e-07
0,3.6393218565505774e-07
0,6.504421642902758e-09
0,2.6842028008199364e-06
0,0.00019776162141394764
0,2.232106534339561e-05
0,3.680748453055504e-05
0,0.999958898489251
0,5.4963563591476394e-05
0,4.425339097201322e-09
0,5.609826750836571e-05
0,5.941909587257713e-07
0,2.0413732842157027e-05
0,0.0011925916806324714
0,0.05161962283147024
0,2.7899966268960748e-08
0,0.014060740691256332
0,6.410905768431283e-09
0,9.182823484940309e-08
0,5.420505496757216e-05
0,1.1029574486290262e-09
0,2.1516541979793625e-08
0,1.5507713483298603e-07
0,7.23668321295123e-06
0,1.2761306208292448e-07
0,1.7730939790024486e-05
0,7.136504778842733e-07
0,3.3921271006539625e-07
0,1.7575054714585893e-06
0,2.2529947030112415e-07
0,5.356764455094762e-06
0,1.6929849017317066e-06
0,0.00027548632877654714
0,7.008951774096623e-05
0,2.285876160268553e-06
0,0.004434192684318202
0,9.351803917816524e-08
0,5.921945427205204e-11
0,0.000693445030542768
0,4.313836779118568e-05
0,0.000739110661701796
0,0.00011871207729876592
0,4.862154492626076e-06
0,4.159737447738737e-09
0,2.364785223322134e-09
0,8.838039507511687e-08
0,1.7031668728048854e-05
0,5.487096700248422e-09
0,5.861717862125994e-09
0,1.6646174827437897e-09
0,1.6864509750604354e-06
0,1.7030674597352086e-06
0,0.32410504223453274
0,1.4756945177852555e-08
0,3.1244504220861896e-07
0,2.200993093315826e-09
0,0.0009346013588654984
0,6.977596392604246e-07
0,0.0004385049272947025
0,4.9718154861086155e-08
0,3.2604041470351144e-08
0,3.1334562087822126e-06
0,9.482413621410496e-09
0,0.000891828883773415
0,4.884597069970605e-08
0,3.712598419664289e-06
0,1.4469776839109468e-08
0,2.8606924918348507e-08
0,2.2862411394736847e-09
0,3.352879228668412e-08
0,8.977371607595773e-07
0,3.4473635582799804e-05
0,2.5335565524104883e-10
0,1.9947064110779347e-08
0,5.491050262418917e-09
0,9.322732646676672e-06
0,0.02887430546492943
0,0.00023219872646721654
0,0.0009307859416625811
0,1.63676437551909e-05
0,0.11658145984702437
0,0.94644337177801
0,0.0003858196194353753
0,2.304672341058973e-06
0,3.8756268397576215e-08
0,5.678969233966199e-08
0,3.435287221820759e-09
0,1.397639456208249e-08
0,0.00023424689598932523
0,4.886400271653136e-05
0,5.0367593781142415e-06
0,2.5073171208704856e-07
0,1.5255760694529844e-07
0,1.2526250388504842e-06
0,4.708992163170763e-07
0,0.19581828352316452
0,1.6057345535826714e-09
0,1.1648606714210489e-08
0,1.3738106431356752e-06
0,0.011064952649387798
0,1.230559412495228e-07
0,6.657263600444745e-07
0,4.7755034007480106e-08
0,2.9065220548911764e-08
0,4.489213380748808e-09
0,3.003864513374997e-08
0,0.2823246193190467
0,2.907622483872143e-05
0,0.00043422778195255894
0,0.027844870810890987
0,1.7603918121897546e-07
0,5.0794798983365344e-05
0,1.380151259291659e-06
0,8.974054243523197e-10
0,1.5263611125034122e-08
0,0.22762739676547475
0,7.127734475054185e-06
0,1.038429053930018e-06
0,0.0001004861763293614
0,3.973337300079647e-10
0,0.00036624092385135137
0,1.098277981944941e-09
0,2.3542882233075743e-08
0,6.558153666479869e-06
0,5.0128319834339076e-08
0,0.008594347031496611
0,1.0300570409848463e-09
0,2.4249055733708497e-07
0,6.885478868710702e-09
0,7.378315622460325e-10
0,3.2086142990153576e-05
0,1.7351506638598154e-05
0,0.5186838403214811
0,3.8272541489861463e-07
0,5.215255126381811e-09
0,0.00038521186142414154
0,0.9999989022060789
0,2.798419188108723e-08
0,3.0472850273357875e-05
0,8.549973420639005e-07
0,2.1671904976144166e-05
0,3.644342601044976e-08
0,6.226867691736144e-09
0,9.175254813900769e-05
0,1.7298377997838658e-08
1,0.9999754208840256
0,3.337439962452188e-08
0,1.6157369574728633e-05
0,2.7295996424051594e-06
0,2.312741957994498e-08
0,2.782847891685044e-09
0,0.004658119021967355
0,1.3261379585799705e-08
0,0.00032417262043848527
0,1.4098667151096166e-07
0,1.4258233848010154e-08
0,0.000458219188411207
0,2.499125466229094e-09
0,3.6198276905907713e-09
0,3.84905148963034e-05
0,0.023340565424746156
0,0.000733176866691666
0,9.39152290708535e-08
0,0.16915707291538032
0,1.3265412512364945e-06
0,0.003040710550029264
0,6.125608165113271e-08
0,3.740719241621825e-08
0,2.038460402728994e-06
0,4.638537958671068e-08
0,9.289933523944603e-09
0,6.225442729039641e-07
0,1.5693303362713184e-08
0,2.4168030564129718e-05
0,3.686433385286924e-08
0,8.212552572943104e-07
0,1.7167120590512216e-05
0,2.2811437381625737e-06
0,0.00016532227618501784
0,1.3912155909591998e-07
0,0.0012335128784467721
0,6.931313276756285e-09
0,2.496850455102504e-07
0,0.7245302582944563
1,0.015392106697433091
0,2.8059374721104266e-10
0,2.6138180164822636e-08
0,0.00041036526656860496
0,0.0007921851589520218
0,1.3781406129285691e-05
0,2.5221255355190146e-05
0,8.596591197562916e-07
0,1.2239138085818954e-05
0,0.0007448757619181879
0,0.024471782647696737
0,3.2673607672530646e-07
0,0.08837682715875009
0,0.0005371726620250472
0,4.940433435340247e-06
0,7.134536596578373e-07
0,1.0989623879253518e-08
0,5.3948492482716004e-05
0,8.70527586399698e-08
0,0.0003695616628325119
0,1.308441058480125e-06
0,5.9448957236911495e-09
0,0.07608302330902335
0,9.843930762021787e-08
0,2.2275936436002457e-08
0,0.006458421345511087
0,8.593672002021821e-08
0,8.787068045401007e-08
0,0.0005473598272187147
0,1.8612063243855695e-08
0,3.907803914560001e-08
0,1.0215033152851013e-07
0,0.0001245159633337231
0,1.0245648936358477e-05
0,1.1388552443158122e-07
0,2.1608496201321393e-10
0,3.8804013723946897e-07
0,8.721474760554148e-08
0,4.1968277858439516e-07
0,2.0127715362119457e-07
0,4.250957325712981e-09
0,1.5679559717007806e-09
0,1.3320988622062627e-05
0,9.974102252606426e-10
0,3.1869916642324635e-05
0,1.0197528479471588e-09
0,9.189990626528004e-08
0,0.00015877902756939968
0,0.0003019683946813631
0,5.481330776935951e-08
0,0.005454943906290234
0,7.949427268101668e-05
0,1.1116387727253836e-07
0,5.540196431444047e-07
0,9.785438193440648e-08
0,0.00020221704796396543
0,8.765905943321257e-10
0,5.321954456464447e-07
0,2.780818144230416e-06
0,1.7927681137728935e-05
0,1.1084686981965008e-09
0,6.779203598538696e-05
0,0.0002660029606882316
0,2.2640928064700128e-07
0,1.0230596288916794e-07
0,5.188585686399473e-07
0,1.712119309598557e-05
0,7.404303406288483e-09
0,0.0738928008979572
0,5.6593831005942525e-08
0,2.274131810874902e-08
0,2.2197132745256824e-09
0,1.343767736749661e-09
0,9.377499687927717e-06
0,0.20736819903293638
0,1.6278176393307738e-07
0,2.1494288990331733e-09
0,0.0001839095604303273
0,3.777747115912373e-06
0,6.773460269582801e-07
0,0.0007340377303825793
0,0.00010580854877168867
0,3.895059823129534e-09
0,7.130084357205425e-08
0,5.851682117351629e-07
0,5.074246486740631e-09
0,0.001485035570518487
0,0.004083551137369106
0,1.1450603490049497e-08
0,4.713726816740376e-09
0,4.063103007815075e-08
0,0.39751546160885287
0,3.897734557805987e-07
0,2.2220414520067957e-07
0,1.5277880770196424e-07
0,1.0984574377428121e-06
0,1.998420759651619e-06
0,2.5291921152518973e-08
0,1.5798382079002627e-08
0,0.0003489190116339955
0,6.614309962919944e-07
0,5.1401687861206306e-05
0,1.2036818158708984e-09
1,0.8125720269570381
0,2.310983398272202e-08
0,6.122445695117515e-08
0,0.014301432294076523
0,1.0865224489953217e-10
0,1.9417768124150914e-08
0,8.92043415713119e-07
0,1.1153085521539017e-08
0,2.9349275383313634e-09
0,0.9953887648047369
0,3.074550052888504e-06
0,1.9753181896236902e-08
0,2.252180481333875e-05
0,1.9394111405006204e-06
0,5.1747227015590975e-05
1,0.8002174231394193
0,1.0587834734378738e-07
0,1.1959888802864991e-06
0,0.00020935437109399652
0,1.7177849823873933e-08
0,5.031359610010546e-07
0,0.0030247611882041393
0,1.4543326713444191e-08
0,1.601385606016434e-08
0,1.0328008050583641e-06
0,8.852593979027885e-05
0,1.1257604417788164e-05
0,9.965733838215535e-10
0,4.525404898079867e-06
0,2.7714248295099204e-09
0,2.9307273468271372e-08
0,1.212682526038462e-09
0,1.1646369521254814e-06
0,8.017337232127349e-09
0,1.428970498893281e-05
0,2.8453318199945055e-05
0,7.934459462907011e-07
0,4.589582436120113e-10
0,2.6594236445078722e-08
0,1.5838611221081166e-07
0,0.00021688976610698317
0,1.5721033846805683e-07
0,1.057227365413838e-05
0,6.623965684627117e-08
0,0.0011766144938597978
0,8.598098273642215e-08
0,1.4096737583506112e-08
0,0.00042959225352766334
0,0.002167561642016734
0,1.5423425466466063e-09
0,0.00011595759247134676
0,1.3490161806576126e-06
0,1.5148800857316634e-10
0,4.3482055579681456e-08
0,1.0782954386133906e-07
0,1.0818035417645942e-05
0,0.003243748808316245
0,5.753065808041108e-07
0,8.01624538639299e-09
0,9.59888521333281e-09
0,0.0011483976555269847
0,2.2977046417880904e-07
0,2.055979028926485e-09
0,4.537432241575275e-05
0,1.862269674977672e-07
0,9.104056815699616e-06
0,4.540066688970083e-07
0,5.365427000769634e-08
0,3.462313331985129e-06
0,1.9028589430425463e-08
0,4.3043814174196313e-07
0,3.617849014253588e-06
0,1.5115556980606031e-05
0,2.182159253439773e-09
0,6.9884205672742935e-09
0,2.9783535608364697e-05
0,0.00063263261308342
0,0.008678681897062765
0,6.243712992085242e-10
1,0.9999999429314615
0,3.633767043826866e-06
0,2.9881584530620168e-06
0,2.584772751977319e-07
0,1.2061531337892707e-09
0,1.2531759377681295e-05
0,1.5635044345524943e-06
0,7.91724363331403e-08
0,8.330416671556406e-05
0,1.3471793184684086e-08
0,2.3178546994265776e-06
0,0.00011510263874394631
0,4.5179192215725226e-10
0,0.03439934566315361
0,8.045501891044009e-07
0,0.00015535427677228133
0,1.952507954901615e-06
0,9.909509272007678e-09
0,0.004246560486256151
0,0.9663067230073344
0,1.0485788959128765e-05
0,1.2758159339120753e-07
0,2.6002302120000165e-06
0,7.013754674720606e-09
0,0.0004728795869818417
0,1.8225120705740385e-05
0,0.027265860457963826
0,3.866274862255827e-09
0,1.748336823902636e-05
0,3.681230346349598e-05
1,0.9999990965700678
0,5.7617232872390186e-09
0,3.995701485729714e-09
0,8.548953846869323e-08
0,1.1754100206712638e-07
0,6.137462536458515e-09
0,0.00022521983545366347
0,0.04035668433044879
0,4.290426616909348e-08
0,0.0010075398686335676
0,4.365949089569389e-07
0,2.7753845454439653e-05
0,5.788451861921428e-09
0,1.8504584340366019e-06
0,1.5853509172924565e-08
0,2.491788305083823e-08
0,0.0028448015313815747
0,8.867483691944266e-08
0,1.9347661905686675e-06
0,1.720483087443839e-08
0,1.5377399656527653e-09
0,2.3251529122443146e-09
0,0.0005420601235394274
0,0.0005945660921161852
0,3.097121217142246e-08
0,3.2318268897353688e-09
0,0.00024876990637822256
0,1.1078563629311807e-06
0,1.0565770592787582e-08
0,8.525973155595991e-09
0,0.023907786159077453
0,1.0608181413271308e-06
0,0.0004926761453910515
1,0.9998474969015377
0,3.0753083661447134e-10
0,7.361659501775508e-08
0,0.07944509150737784
0,4.1530024482391525e-09
0,1.6971916418278308e-06
0,0.00012540753722098212
0,1.4130626329406655e-05
0,2.2747778111245149e-10
0,3.33369004588174e-08
0,6.567778393213803e-06
0,3.2218833737663613e-06
0,1.985349561802152e-07
0,2.7183792480309666e-10
0,0.019966179048653544
0,3.6519452432171704e-08
0,2.2203847498143565e-07
0,0.0001614892487734731
0,0.07773823994560719
0,0.9998373495437253
0,2.2489807461952744e-05
0,6.402922346050662e-07
1,0.987002328818986
0,1.902556760921173e-06
0,0.00012768520866429935
0,0.16591225372396945
0,3.2289253626876916e-07
0,6.705921796948798e-09
0,3.2184559596311972e-09
0,1.8673381087715033e-05
1,0.9851425567825465
0,8.557325921829592e-11
0,3.1790039675748576e-06
0,0.0001351996269433427
0,6.352103170570336e-10
0,0.012723487615244071
0,3.4123722836457846e-08
0,0.5732896964742216
0,0.008359522343427185
0,1.187370955079736e-06
0,0.00042275148007785666
0,1.2946370952163783e-07
0,6.481517305215555e-06
0,1.00717485642391e-08
0,3.1509010469084515e-05
0,1.768901010692233e-07
0,5.64736644682392e-09
0,1.3775703485826196e-07
0,3.2510887947638957e-06
0,6.533871999895543e-05
0,2.9672150154916007e-06
1,0.9754420705967254
0,0.02267178296379197
0,8.408350566353605e-08
0,0.0007035362945016826
0,2.9813788247645326e-06
0,1.4575838774096812e-07
0,8.919163201571919e-09
0,2.9746358039530596e-05
0,9.640268592823448e-10
0,2.624102096113971e-08
0,8.914046558399232e-06
0,1.9600566088094423e-08
0,5.77294320024896e-08
0,2.248620707259521e-06
0,1.1280742625918022e-07
0,5.995777455658623e-10
0,0.0002506554585457855
0,4.2778208313520794e-09
0,1.4175479748978729e-05
0,1.3538529537527049e-08
0,2.5235980961396716e-05
0,1.0193765503593791e-05
0,2.67343103383852e-08
0,1.2759284226930534e-07
0,0.0023077690155300632
0,0.9777618278095067
0,0.001089720579666364
0,3.0037281112406518e-09
0,1.5644751377764537e-08
0,0.0005223418952287061
0,1.1452145150509855e-06
0,3.3378799169919656e-08
0,1.1531570124810928e-05
0,0.9215075102446296
0,2.1197750808532127e-06
0,4.882669616861896e-08
0,5.59755609130727e-06
0,4.199072502745975e-05
0,3.0251565152044813e-09
0,3.318440894149211e-05
0,2.940849429719048e-10
0,2.8290821235296395e-10
1,0.9999999999896261
0,8.076164502167342e-06
0,1.7194656572568922e-05
0,6.0631615027623e-05
0,0.0007892940483028832
0,0.020163266138530634
0,0.00024164801593422894
0,0.21429947493400472
0,7.0004152675974305e-06
0,0.9999984617433776
0,7.272198839792521e-07
1,0.9473295372368764
0,1.072126539211077e-05
0,3.0015664860760944e-06
0,5.8358797393718925e-08
0,7.065297214263232e-09
0,5.742466896022202e-06
0,0.00020816502639067836
0,3.312787424940157e-09
0,3.29423750651184e-05
0,1.2039105112033759e-08
0,5.161681912610541e-06
0,2.475204421604421e-08
0,1.4284434249768111e-08
0,0.03176252313048961
0,3.653544789654759e-07
0,8.080690097736438e-08
0,8.609757656956908e-05
0,8.319789001807802e-09
0,7.826076668674064e-05
0,0.00016318443880472463
0,0.0001361948545381058
0,2.636488698284e-08
0,1.5442621069794798e-06
0,0.00041080205722945375
0,5.566487608808732e-06
0,4.0871794819451455e-05
0,9.805743215771287e-06
0,6.046780986407175e-10
0,0.029369170639309203
0,7.020050136624925e-08
0,9.254790987849953e-07
0,1.9070832857259062e-05
0,1.3729062464056668e-06
0,3.363843548752483e-09
0,8.20404940963108e-07
0,2.6624852140353683e-09
0,0.9806355473052137
0,2.704488446960161e-08
1,0.9999065218401889
0,9.37125451666354e-10
0,9.728457941526164e-09
0,1.399315065972144e-07
0,0.2810435962970972
0,3.203913439155046e-08
0,6.19912747048663e-10
0,0.00042278603642035943
0,0.36286705826256865
0,1.665773952951488e-08
0,1.7416294340654886e-08
0,2.4860264900205706e-09
0,0.03348232812936182
0,0.0002062030634417708
0,5.683200511606316e-08
0,6.531276213772926e-07
0,2.987299973716068e-07
0,1.6644365121596623e-08
0,0.5660027606052143
0,1.0856052436920537e-09
0,9.563570999777291e-09
0,0.0011753861365586718
0,6.199569176867914e-05
0,1.7657591303048098e-09
0,0.00030245434976184656
0,4.186046093985908e-09
0,3.739070529491942e-08
0,4.09588762486336e-10
0,1.8220566230471652e-08
0,4.119118084564917e-09
0,0.000335599967819906
0,6.275763892235138e-10
0,3.7579476856050057e-06
0,0.9850525288931001
0,4.98914328320732e-08
0,9.638237627996603e-07
1,0.9877395529535316
0,0.9810531971740646
0,4.587369500142251e-09
0,6.920022323685708e-08
0,3.0430373477994453e-07
0,9.782507754092563e-07
0,5.897113943622113e-09
0,4.076065692237517e-07
0,1.0056324787849976e-06
0,9.838203695764901e-06
0,9.787766852794976e-08
0,1.9723064823521197e-10
0,0.000787873766303035
0,1.3157394434833798e-07
0,1.28930164235352e-09
0,1.2767869292340707e-08
0,5.367315578130993e-10
0,0.0005901468327216034
0,0.0010976305926633312
0,7.614104914178461e-05
0,3.3929400172721566e-08
0,0.6200089895629773
0,1.233543184515762e-06
1,0.019175600339219424
0,9.955144186596716e-09
0,2.5409388064587426e-05
0,9.452783197982097e-10
0,0.00021747107262230038
0,6.422465877674545e-05
0,1.0484080680259236e-07
0,8.279731908233237e-09
0,1.322030400036493e-09
0,0.04559204767563639
0,0.0006145492803824067
0,7.797900141960984e-07
0,6.525708050672167e-05
0,2.6943540909920652e-08
0,1.611337392293034e-09
0,0.7683146974080407
0,4.5324399144819147e-07
0,3.4884806173571663e-07
0,2.941200726922133e-07
0,1.5759489498930917e-05
0,1.056835893432597e-06
0,8.543678141288e-05
0,1.7771480866789896e-08
0,3.6410187575597204e-07
0,1.2075190967767647e-07
0,3.3304574561636724e-05
0,3.543134591881133e-06
0,0.39674974725188883
1,0.9914688805015475
0,0.0005591147058369765
0,0.9912580501537618
0,1.5685404439608258e-05
0,0.010048716427009413
0,0.9893526978190582
0,0.17305003826731324
0,2.9585109552219713e-07
0,2.811695119568849e-05
0,1.4831704279929153e-07
0,0.008604050309971061
0,0.0022543835564579656
0,1.4590252696062752e-09
0,3.2850092503339975e-05
0,0.0002545803077773707
0,2.382018177187567e-08
0,3.2950992297808903e-07
0,0.0009099951425841169
0,5.589938063677122e-05
0,1.1526863964460202e-08
