is_fraud,prediction_prob
0,0.00020619806123416378
0,0.00012125993125970189
0,0.0028838049045965455
0,3.279140878875905e-05
0,0.00014962802656445136
0,0.0001882542186068924
0,1.5018154745915616e-05
0,0.00013443553148695617
0,2.628082325766724e-05
0,2.083814651079482e-05
0,2.9261309893223224e-05
0,3.2784838815202305e-05
0,2.378177465818786e-05
0,4.627214495855014e-05
0,3.268986877128739e-05
0,4.7314284930010136e-05
0,3.2129020537476115e-05
0,0.0010960251070050164
0,2.2366734801570643e-05
0,5.8469159187100085e-05
0,0.0006871851500784386
0,0.0004833366039405935
0,2.7382051998127588e-05
0,0.00021012150919653107
0,2.8219307854779082e-05
0,2.370945301976077e-05
0,0.00027994414317911533
0,9.178495356430162e-05
0,0.0001781148866048911
0,0.00012256892998408224
0,8.627717620491252e-05
0,5.998785206967209e-05
0,5.420098935342865e-05
0,2.570663070473518e-05
0,3.8426318585620126e-05
0,9.184179941412209e-05
0,0.01120409437341436
0,4.232335928005707e-05
0,4.983825613443984e-05
0,2.6924410068252427e-05
0,0.0003784910538466108
0,3.263448508926518e-05
0,5.077301481419814e-05
0,0.005331135845305606
0,2.378243092669526e-05
0,0.003795914004212899
0,3.4899763407730754e-05
0,0.00023029499104532274
0,0.00013289083473991598
0,2.6086171540339266e-05
0,0.00021777895331601525
0,0.0007614262381640198
0,9.929033483362055e-05
0,0.00012362476092938156
0,0.00011196652471066461
0,5.109108471395451e-05
0,0.012891894429805328
0,3.811957207676251e-05
0,0.0001716564962472288
0,5.003058717410169e-05
0,0.00017644162710391293
0,0.00015963087185975533
0,0.0001761791956301198
0,2.618465634242049e-05
0,0.000976889967855621
0,3.196476999535201e-05
0,2.757482382836323e-05
0,3.0028861636490362e-05
0,3.5889043465009595e-05
0,9.420502704234819e-05
0,0.0002479048876893342
0,0.00032570650062281256
0,0.0001502770065017724
0,2.3670014106108258e-05
0,1.983912217883537e-05
0,0.0004535018836977849
0,0.002380296062213311
0,0.000489937229610805
0,0.0002734148800880153
0,0.00033431789179535977
0,5.806686623226055e-05
0,2.5464105427567533e-05
0,2.8661273895706187e-05
0,0.0016008017095803266
0,0.00019307368659409157
0,9.59060858837591e-05
0,2.5525911666351315e-05
0,0.0009238738616908845
0,0.0002609716298689851
0,0.0006134275095556907
0,3.748579965234699e-05
0,2.284408545702759e-05
0,3.643567890918615e-05
0,0.00043001513404671026
0,5.430828181125479e-05
0,0.0001175281464694413
0,3.9701386319983285e-05
0,0.0004835081570120404
0,3.4278008585970726e-05
0,0.00012769972412900445
0,0.00021023579397979296
0,2.486564572697725e-05
0,0.00018988808510554241
0,0.000448197374732665
0,0.00011838412821716426
0,0.0003857132690502597
0,0.00015271194798941633
0,7.252946663628834e-05
0,0.0014981537469669175
0,0.004429807075939417
0,0.0002512833034669498
0,2.398253439928946e-05
0,0.000105386752600368
0,0.0007946759909682496
0,6.246616327765272e-05
0,0.0006777187973570973
0,2.6027129524542882e-05
0,0.000223838181607532
0,6.16454887414484e-05
0,0.00030675577382453307
0,5.487857636368547e-05
0,6.893829996525904e-05
0,0.0001760702938529172
0,0.0001601219148322773
0,0.0021884470660933097
0,7.566594346296205e-05
0,0.00015725404278259695
0,5.3934131575257975e-05
0,0.0002755374003515092
0,9.147432799401938e-05
0,0.00027382410684823787
0,0.00011024015783722218
0,1.866395892734433e-05
0,0.000226362949352122
0,0.00024330642930822197
0,0.00023122384077460499
0,2.9564858694409645e-05
0,0.00040401217618195117
0,0.00023774311993350288
0,0.003435003036251385
0,3.535771010132374e-05
0,3.9214565655487125e-05
0,4.51488460315235e-05
0,6.098737890694353e-05
0,0.00038207717160962146
0,0.001979902284644661
0,2.446250683086622e-05
0,0.00023724986762198495
0,0.00013530640159341813
0,0.0002808525621029863
0,0.00018541356089673335
0,0.0002708427086041063
0,4.6194491416351275e-05
0,0.0031234634950044176
0,0.00042592624388409437
0,0.005417993531081515
0,2.8225940733270706e-05
0,0.00012843738682184554
1,0.9993826624576361
0,0.00010754958400606704
0,0.00023316014779616414
0,7.76304193922213e-05
0,4.503883648130736e-05
0,0.0002361480121705156
0,0.00012297975587240766
0,4.153391768288609e-05
0,2.3990915033968893e-05
0,0.02565916900880088
0,2.8765811030362413e-05
0,0.013270811950395008
0,3.7915466241430635e-05
0,0.00017385035398518713
0,0.0030811037286199903
0,0.00022308926100033313
0,0.004556305438934147
0,2.6855436223371976e-05
0,0.00016801904737541443
0,4.154283307042467e-05
0,0.0002089226399529666
0,0.012078181126965092
0,0.00026771028643604247
0,0.0015936048078623753
0,6.157933245565891e-05
0,4.432226746962916e-05
0,2.269032942450364e-05
0,0.003410982354131916
0,0.018255144631476834
0,2.8139559177464904e-05
0,0.00024814527369603715
0,0.00017240042932932222
0,0.00010467077422349964
0,3.244517116989692e-05
0,0.00022285526052789772
0,0.0003264202942440589
0,4.53432901921664e-05
0,6.963976019410022e-05
0,2.282500634257823e-05
0,4.769047459563979e-05
0,0.00011134664142485484
0,0.00015546485497732121
0,2.528189505407939e-05
0,2.6447751569338597e-05
0,0.0006452721704620079
0,0.00018476598218310667
0,0.012205403134061455
0,0.0001502189534725437
0,5.459309255183792e-05
0,2.7967654770814054e-05
0,2.248725809209294e-05
0,2.511815815944717e-05
0,0.0005844894345322596
0,0.037607239815145625
0,0.001687137938524225
0,0.00018880941612168294
1,0.9903761115903682
0,2.3994958059195116e-05
0,2.2070407055662876e-05
0,2.0815172687378306e-05
0,0.00037319220098903303
0,0.0020463115512112523
0,0.0016723280396999513
0,0.00027465925621176265
0,4.090004042098696e-05
0,0.00016516102466263466
0,8.443480094094941e-05
1,0.9998212827172401
0,0.00018293121123561586
0,2.4402979217480808e-05
0,0.010589877117345436
0,0.0010341831966066799
0,9.370783227723356e-05
0,0.0003932285962663206
0,7.619745656317221e-05
0,0.00019198313398901962
0,0.008865844494327039
0,0.009743708735748013
0,0.00018260397561356955
0,0.00013183415947570852
0,0.0012323522933097618
0,2.4952081576269714e-05
0,0.0010058836267149407
0,4.583701093723061e-05
0,0.0006497411270627029
0,7.171905495582573e-05
0,0.00017948325900558475
0,2.4388797812024518e-05
0,0.0006944203919078499
0,2.5492058669990784e-05
0,5.5268596254770194e-05
0,2.40263122309169e-05
0,2.0051513969625752e-05
0,3.724987530836658e-05
0,3.389349216264129e-05
1,0.6624107139874579
0,2.568394998311279e-05
0,2.9209445710151523e-05
0,3.0111906418959296e-05
0,0.0014372352611328881
0,0.0008504027352803007
0,3.6197591726681054e-05
0,6.159445449598027e-05
0,5.622718578723021e-05
0,0.0080153189828752
0,2.7857305319570246e-05
0,0.00018331006490013077
0,2.0675889857572917e-05
0,0.0025361722474711032
0,0.00026774266433667607
0,0.000263925405362455
0,3.4303081134855324e-05
0,2.452488686691912e-05
0,3.923312758864306e-05
0,2.0764691055075658e-05
0,8.779450419831467e-05
0,0.00043055891732041943
0,0.0005407671257348746
0,0.00015071460207196103
0,6.188284492652431e-05
0,2.405285326276356e-05
0,4.682313406184351e-05
0,0.00019427905684835933
0,3.7795133336690416e-05
0,0.0002079021938926275
0,3.54176887497722e-05
0,4.7263992647214295e-05
0,0.001926586775729167
0,1.6617233338882643e-05
0,3.63773243681467e-05
0,0.00013103515143674313
0,2.6716962080521237e-05
0,3.185412881434307e-05
0,0.010246970338593179
0,0.00012716824569443906
0,4.926339112344896e-05
0,0.0018722564415993195
0,3.026922792823585e-05
0,0.000194190814922309
0,0.003050340847179434
0,0.0011425259853758644
0,0.0002694972070443451
0,0.00011673536647064232
0,0.00017851826372794632
0,0.0001551328451648209
0,0.0002487897948583122
0,5.1227926450897175e-05
0,0.005235619204306755
0,3.2689051220935274e-05
0,3.513234960885126e-05
0,0.0008114665455084972
0,2.652457634692276e-05
0,0.00020949751983521603
0,0.0002816410663888482
0,0.029659661325844126
0,7.056641266438945e-05
0,2.3293651949244304e-05
0,4.402741315823226e-05
0,5.698544088608693e-05
0,5.97918661636748e-05
0,0.00013865127051243556
0,2.6064512778370526e-05
0,0.0001459277225484752
0,4.8419002275022e-05
0,0.0001836662805739408
0,0.000177707729276826
0,4.1672521720271934e-05
0,0.0013057853584449496
0,4.136803305681825e-05
0,0.005511485602217116
0,0.0006551407335202461
0,5.370912340888035e-05
0,0.002533501110427043
0,0.00015708506165435673
0,0.00014028666840076854
0,0.006491492570470653
0,6.342250303437684e-05
0,0.00011067905206106258
0,0.00013357885904917392
0,0.00016454319806460366
0,0.2838979783871486
0,0.00017371486835398138
0,0.00025588030354349
0,0.0008891510542558257
0,1.9681833823370244e-05
0,2.8860568120523378e-05
0,4.867863121857387e-05
0,0.00031135782459937593
0,0.0001325112474446578
0,2.2085136792351466e-05
0,0.0007459697353374038
0,0.00010177672914551553
0,0.00016798408866480267
0,5.700764741169546e-05
0,2.775676245504724e-05
1,0.9997955520712378
0,0.0002611056303713167
0,0.00016838786598983321
0,0.0003950519282288069
0,3.314769478137059e-05
0,0.00015729355322437592
0,2.6471838218128243e-05
0,3.312199185182669e-05
0,5.236959701871657e-05
0,2.1320118724255937e-05
0,0.00014374268237951187
0,0.0018430389120109923
0,0.0005205761193284853
0,6.827944847166601e-05
0,5.1615675889103765e-05
0,0.00017701895551506267
0,8.291676705510715e-05
0,2.4698175155710885e-05
0,0.0013566451798353715
0,0.00023813995189687055
0,3.878284374395773e-05
0,2.5099619898637445e-05
0,0.00038079202193699776
0,0.00013519678483516986
1,0.9936487356707339
0,5.128944310398104e-05
0,2.748986147709869e-05
0,0.00017802353259671494
0,0.00013077894444937888
0,8.208478924977508e-05
0,0.0002749653484300225
0,0.00015140427385522225
0,0.0006226852181541851
0,3.061385654669354e-05
0,7.778592672431427e-05
0,7.872037898715228e-05
0,1.6272055818749216e-05
0,0.0002155459040091167
1,0.9998259242256364
0,0.0003703044867415817
0,0.00014512048118632114
0,3.679551873472133e-05
0,7.982159773137757e-05
0,0.0002622478671030518
0,0.00011239747832418878
0,2.0825717186206268e-05
0,0.003491446026633752
0,3.438004840054066e-05
0,3.031153236397882e-05
0,0.00015835364031972825
0,7.231641973554571e-05
0,0.0002616222722945535
0,0.0001867344974955478
0,5.862885400349371e-05
1,0.9921078930065449
0,4.564899299140956e-05
0,0.00013863393993840384
0,0.0032141206769189068
0,0.00126123032371342
0,2.943510213511658e-05
0,4.0303115412488286e-05
0,3.55950548107476e-05
0,0.000721385288422605
0,0.00038708841917625106
0,0.0008611109772704688
0,2.4964075543755865e-05
0,2.8006660981782094e-05
0,0.00412816248809897
0,0.00011275517016901855
0,3.9433816717713275e-05
0,3.41456619703471e-05
0,0.0003138194265297836
0,0.0019823964424195016
0,0.0014460790704863748
0,0.002546294815539956
0,0.0022736098702303242
0,4.188384181966085e-05
0,3.2255017373975795e-05
0,0.0012542257933432013
0,0.005288466990439808
0,4.2908956192565044e-05
0,0.001401420242834437
0,0.00019030732317552537
0,0.00019173945956170083
0,2.8015580941731497e-05
0,2.132475173265006e-05
0,0.0003628072560726101
0,4.8342228737007524e-05
0,0.00010520046476970113
0,2.4133427456386128e-05
0,0.00010558841004804616
0,0.00010947036705695183
0,4.4793421051751925e-05
0,0.02222685295914471
0,0.00018474241078991757
0,0.00020863456573779664
0,0.00246599531644084
0,3.214627251724792e-05
0,9.9237063575204e-05
0,1.5168434336003998e-05
0,4.337589084748532e-05
0,1.6202041973154663e-05
0,4.27549939969915e-05
0,3.6676079159062124e-05
0,0.0021820211856460286
0,3.511249726638029e-05
0,0.00022712479425380304
0,0.0006084589914253031
0,2.8573182588083053e-05
0,4.9340997148593614e-05
0,2.594829033935734e-05
0,7.164070191968245e-05
0,0.0004293004546721704
0,9.004947130423695e-05
0,5.873131077530546e-05
0,5.049681708169476e-05
0,2.8053059003539085e-05
0,0.0001347995968510279
0,7.642794064746773e-05
0,2.5035488057380263e-05
0,7.434212836411262e-05
0,3.460157294509642e-05
0,3.213749554224493e-05
0,1.878769874044601e-05
0,0.00012017067880668263
0,3.624150059641925e-05
0,0.005724914458033718
0,2.0287697916079435e-05
0,4.2069084423591077e-05
0,3.378660987555441e-05
0,0.00013641607703475167
0,0.0015695155185902923
0,3.413941743498602e-05
0,0.0005493612236500388
0,0.012049535648710275
0,7.14690531478603e-05
0,0.00011204985182137422
0,0.00016587436048725584
0,2.2192766354157796e-05
0,0.0002364647237145186
0,3.1519371127762644e-05
0,0.00014707457532628476
0,2.2694704907784534e-05
0,0.00015133626092935778
0,0.000136617597718101
0,0.00019309901569136947
0,0.0005578455594583933
0,0.00032471388946404004
0,4.8743935267845406e-05
0,0.0002463741942140124
0,0.0005185349670771188
0,2.976467057594169e-05
0,9.091747728800892e-05
0,3.226960108370402e-05
0,2.989703560256083e-05
0,0.0007686936368375436
0,1.9945468503307577e-05
0,2.3781906034499767e-05
0,0.00015457199083200221
0,8.139821489048118e-05
0,0.000181446598488451
0,2.7664658080263614e-05
0,6.44919616174913e-05
0,0.0001212802633184539
0,1.604247509612259e-05
0,5.559381882048485e-05
0,0.0001564817910038268
0,0.0004279330739399539
0,0.00019665554537097742
0,3.680502272452543e-05
0,0.0002140723989420387
0,0.000394699116528843
0,0.0007247189401984542
0,3.259522777928186e-05
0,0.00015456538074362294
0,0.02207628760900598
0,0.0001664943835402016
0,0.000292600382252833
0,4.609415093677504e-05
0,0.00022457751859049355
0,0.0008316312406127963
0,8.583634881247471e-05
0,2.8992436188210615e-05
0,8.700292590792484e-05
0,0.0007640883005300093
0,5.690764860872183e-05
0,2.9572858492093208e-05
0,0.0005244373021597976
0,0.00025550561139451434
0,0.00017804558117651603
0,7.074297184527237e-05
0,7.560554902365666e-05
0,0.0006098872844094407
0,0.0005012009630812011
0,0.00019119564574349455
0,4.4323473077476135e-05
0,0.00040950704585806076
0,0.0001769709548059819
0,0.00011304853403775532
0,0.00022260882134793902
0,4.404463601367409e-05
0,0.0002061435745477899
0,6.981804130673669e-05
0,0.0010346307465753128
0,0.00026000658651396236
0,4.936994069244368e-05
0,3.5466706619618946e-05
0,0.0009687138373900933
0,8.019991030855504e-05
0,1.9007250495699493e-05
0,5.934500606406491e-05
0,0.004985547914416195
0,0.00053006611397582
0,9.761477162402331e-05
0,4.7811997880713885e-05
0,5.065350503878044e-05
0,0.0001643191238382773
0,0.00023992982398267316
0,0.002790772774324818
0,2.547374145008353e-05
0,0.00011619710154608815
0,0.03778411957506172
0,0.0009131237705207662
0,0.0009589427415480642
0,0.00019873917559249757
0,2.6040459086907752e-05
0,0.00015162627536675894
0,6.15517362996314e-05
0,0.00016372276770272714
0,0.00015796414746490115
0,5.788126477047154e-05
0,0.00016082371063471661
0,0.00025803643940782356
0,4.1251110030024136e-05
0,0.0003733805648920424
0,0.0001788543850805688
0,0.002097707755142292
0,0.00014267103446278284
0,7.046249498621063e-05
0,3.8740839578315885e-05
0,2.1928905313196785e-05
0,0.0002797140050432862
0,4.910270140913602e-05
0,4.409378253595699e-05
0,0.23779795493655104
0,0.0026736593058672084
0,0.0001649297993332884
0,0.004394846602240688
0,0.00012108361905971555
0,0.0002600916637355379
0,0.00015917647618184802
0,0.00045594002114823594
0,0.0002057418867138908
0,2.049682821066287e-05
0,0.0005009561768647773
0,0.00016212697743782408
0,0.0001236395151048947
1,0.999593743137685
0,4.658601400949769e-05
0,0.00010325537101013926
0,4.2345092843725995e-05
0,0.007726375146952755
0,2.7214665741251807e-05
0,5.0082066567656375e-05
0,0.00024829833085778663
0,0.0003599367492817264
0,3.7863385972319305e-05
0,1.9039493029486566e-05
0,0.0001450575369793389
0,2.9891223404620272e-05
0,0.001417244444423764
0,1.6412698168038503e-05
0,0.002090209080001914
0,0.000148740793946869
0,5.601495500727821e-05
0,2.6675897469924845e-05
0,0.00032521537307960156
0,0.00012850605754668033
0,1.8639228433400073e-05
0,9.955394566744087e-05
0,5.871015199370479e-05
0,2.9328016086694386e-05
0,9.299263340677097e-05
0,0.0002470529386278979
0,2.5019426289796884e-05
0,0.0009111463197951972
0,4.07006403287474e-05
0,0.013735291251392922
0,2.5545042288100363e-05
0,4.902881329815731e-05
0,4.455765183170969e-05
0,0.0005429208080679224
0,4.648264751420033e-05
0,2.5710298361759005e-05
0,0.00020274971717807678
0,0.0003410113119114704
0,3.4451222559078215e-05
0,0.00019431867310112637
0,0.00014927594271012812
0,0.0008666531747578094
0,0.0022834221209567696
0,0.00022687726372004876
0,3.790251949056158e-05
0,0.00015692376792738612
0,0.0004410147251963296
0,3.563096657795648e-05
0,3.0221209107480796e-05
0,0.00023154756412325248
0,3.564603705305739e-05
0,1.9797476975724915e-05
0,2.3018126989887165e-05
0,0.0003036701195356536
0,3.657825441564607e-05
0,0.004125993374666641
0,5.90965691413542e-05
0,0.00011368230939941555
0,4.630693988261213e-05
0,3.2902604669076655e-05
0,0.00015174476521159482
0,0.00028875753425830426
0,8.889016835844349e-05
0,0.00016908816417912469
0,0.0003715627270603177
0,0.001240410352639955
0,0.0003934649859017687
0,0.00014467532656037727
0,0.00015890871675563515
0,0.0028438356356126245
0,0.0001733967190929547
0,0.0015743388380977375
0,0.00029345614287268194
0,0.0007189746255285869
0,0.00019595349685718006
0,0.00011809152779313322
0,0.000189081592300732
0,1.608980604537613e-05
0,0.00011911849817041838
0,3.3058878698517134e-05
0,0.00030026370351039376
0,0.000160566042915553
0,3.833793287399417e-05
0,0.0001721640569709691
0,0.0001647435164262656
0,2.724562809476884e-05
0,0.00012100890921648848
0,0.00012190261919300331
0,0.00011037480751122505
0,2.452576239057782e-05
0,0.0003585605870111632
0,5.215722622912951e-05
0,3.0968168544439756e-05
0,7.001275566750561e-05
0,0.0001500905796422967
0,0.00010149979977421822
0,0.007364477428883485
0,2.5665860983076388e-05
0,0.00018473418413565904
0,0.00016617938799849685
0,0.0025732068638545705
0,0.004239638796103128
0,0.00019297889011497536
0,0.0008725572389622615
0,0.0001210574262577035
0,2.066302893183052e-05
0,4.966339006207121e-05
0,6.127258725356623e-05
0,0.0031023499050908993
0,0.011542698348359273
0,0.0002610464385910653
0,2.4864477596751343e-05
0,0.003878638896558606
0,0.0003866653890740922
0,0.00016963554740223778
0,0.0009318191083411893
0,0.00010511103684826529
0,0.00025728839645601043
0,2.377350413832813e-05
0,0.0001844132046274965
0,2.931859621946805e-05
0,6.241244271298506e-05
0,2.5876654111434723e-05
0,2.5908982184689232e-05
0,0.0011357153922233862
0,0.004918858607379338
0,0.00011796979011822345
0,9.902809506399568e-05
0,9.739649554744761e-05
0,7.546857676049265e-05
0,8.685048862720548e-05
0,0.00028137676113625706
0,0.00014565455527945555
0,0.0008444316269634311
0,0.00011804245022316412
0,7.840038382249605e-05
0,2.8055361743780033e-05
0,0.0002144381741939397
0,0.00014078561291412265
0,0.00015691312370800842
0,0.0005895032927835578
0,2.165396450076492e-05
0,3.8730678694314904e-05
0,0.00012976123825714236
0,0.00019070656674402892
0,2.881980635759379e-05
0,0.00024951441555801654
0,2.787784357635629e-05
1,0.9992095346451585
0,3.199141079323601e-05
0,0.0001690637111844788
0,0.00020643098054957737
0,0.00034248426780122536
0,0.00011004064774593745
0,0.0001913577260067824
0,0.00023185806201359306
0,9.566189902594197e-05
0,0.00014740760035717322
0,0.00044582825860492513
0,5.633613693016351e-05
0,4.020732367112945e-05
0,0.0001418313844401189
0,0.000945102696636024
0,4.501726565699415e-05
0,3.0009605561455164e-05
0,2.7370330890423846e-05
0,0.000144804739290558
0,5.652833357313849e-05
0,7.472494823547621e-05
0,2.8471149979303623e-05
0,3.0130859394657168e-05
0,0.00014541023493284925
0,8.46450692369194e-05
0,0.00018249144108713143
0,3.0188283238581985e-05
0,0.00014468093968012598
0,0.00011185427267099138
0,0.007672655695699959
0,0.0002990072107266346
0,0.0035566879605389195
0,0.0004404264888431025
0,2.818468914285075e-05
0,2.583118868148658e-05
0,0.0003241017985843719
0,8.628101168854256e-05
0,7.053556821675741e-05
0,0.00028599682231150877
0,0.00018890176189008084
0,0.00018420543479977672
0,0.0003871484088265464
0,5.6829228663899794e-05
0,0.01468956059005599
0,1.6560536138425445e-05
0,6.392584178701409e-05
0,3.851327511937629e-05
0,0.00015603553740424283
0,2.174589912833452e-05
0,9.153042118848132e-05
0,0.00017949914747603573
0,0.00015982991509426773
0,0.0005683036286158064
0,0.0001250084240163234
0,0.00017979209209322786
0,0.0005341179420490077
0,0.00017088677449562985
0,0.0015138313317881794
0,0.000442717800884375
0,0.00021657201959204852
0,4.026765257457765e-05
0,8.435268914443707e-05
0,0.002159056314639898
0,4.509009446349466e-05
0,0.00036513293817089633
0,0.0001783997858506961
0,2.5008833192393807e-05
0,0.00018866654663631744
0,2.5777433451092568e-05
0,0.00020967235459607813
0,0.00011614474821752229
0,3.0001912820807385e-05
0,0.0031426213179349153
0,2.154192763271022e-05
0,4.490991566991921e-05
0,0.00017087633018224505
1,0.9974522031108677
0,0.0002058154657547476
0,7.619815154815193e-05
0,3.055444756640487e-05
0,0.0028503302947361486
0,0.0018260791660641331
0,0.0001455807812635064
0,2.0945415087910438e-05
0,2.2398073167569474e-05
0,0.00015985820816459033
0,1.939554515882181e-05
0,0.0009128563280643315
0,0.002761194969935713
0,4.1489039963149755e-05
0,0.013138760672562245
0,6.897128280412409e-05
0,3.3558935485013814e-05
0,2.284340036706463e-05
0,3.116348906777744e-05
0,0.00012260003126948337
0,0.0001228045095520997
0,0.0006560330448378076
0,0.001362136728063615
0,4.401312036099535e-05
0,0.00010678618372387746
0,0.00018312613823338734
0,7.400336200401069e-05
0,2.657088370043237e-05
0,0.00013245774443349325
0,0.00012580117908626146
0,2.9405497011441487e-05
0,4.715506836768674e-05
0,0.007978311092224485
0,0.00010763597465247129
0,3.8545867595990694e-05
0,2.8548155352311034e-05
0,2.440076006947984e-05
0,2.8932168293875618e-05
0,0.00034475953322118057
0,0.000648286331501395
0,2.2045499833915556e-05
0,0.0008804439222011793
0,0.0006927409756104563
0,0.00013051825116799484
0,0.0007426563841021255
0,0.0023497683691950703
0,2.1962555482348047e-05
0,0.00033977797068640624
0,2.319509145377568e-05
0,0.0029631453656456387
0,6.545379972147784e-05
0,0.00022337001474167085
0,3.698771878200876e-05
0,0.0012426636898918188
0,0.00014593191881352445
0,0.0016834203982195645
0,4.4139510210785085e-05
0,4.097747549732923e-05
0,0.0003311669668447694
0,0.00023326217974386473
0,7.228230228298514e-05
0,0.00025908880873066163
0,4.7171471212933635e-05
0,0.00011737322739520536
0,2.9605154025778787e-05
0,5.571640084729574e-05
0,0.00026875000186355906
0,4.215039563737692e-05
0,8.78295886291196e-05
0,6.385760602971318e-05
0,0.00016561789544351739
0,0.000109448791683078
0,0.00014181535980976485
0,2.123876474577831e-05
0,0.0031302539170912796
0,0.00013583997964693073
0,0.0002670221382477411
0,3.09499651453181e-05
0,0.0001005883973254088
0,9.553751185970122e-05
0,5.386652140788275e-05
0,0.018684078862747186
0,0.00020753781741519875
0,2.825777369344742e-05
0,0.00014879207892265088
0,0.00010405398522675858
0,2.101793934930102e-05
0,0.00014614878951505248
0,0.0009294675706657668
0,0.00015599432339771476
0,0.016584366418565182
0,0.0002693212239637994
0,6.09152966156218e-05
0,2.837591810078402e-05
0,5.411265628881393e-05
0,0.0002020687754905512
0,0.0003502789299165852
0,0.0004940478695614961
0,5.114851995436486e-05
0,2.6686453369741148e-05
0,2.2766525270334165e-05
0,0.0002386032976329641
0,0.00017073635141951586
0,2.9960121517231256e-05
0,0.0006474377174207797
0,0.00016240772482875685
0,5.015590366408365e-05
0,9.491543289052718e-05
0,2.93102588383225e-05
0,2.6326611851955255e-05
0,0.00082597957538431
0,5.6440560814486886e-05
0,1.4056917905306352e-05
0,3.623444916663598e-05
0,9.997365151168034e-05
0,2.4476876839764097e-05
0,8.174273846011286e-05
0,0.00010128448124215451
0,0.0023407217820085534
0,2.3892621080507025e-05
0,6.666394511987652e-05
0,2.870350491071335e-05
0,0.0026214296942303726
0,3.371989271722202e-05
0,0.0012208143328454875
0,0.0008000800916410215
0,0.00022648421232444142
0,0.00018855248558110428
0,0.00017928374631990263
0,0.00017657621720001978
0,7.349689848704315e-05
0,2.920923932503003e-05
0,0.0014724796853441344
0,2.565236309767592e-05
0,3.86008113254438e-05
0,0.00012775649584450632
0,2.5497760172635603e-05
0,0.0048787842369787645
0,4.856160985582614e-05
0,2.9073880956588556e-05
0,6.249280995800268e-05
0,0.00015208905435583393
0,0.0008912118034022726
0,0.005075950725630431
0,7.178530120236286e-05
0,0.0034437027758430984
0,0.0016275544999281865
0,0.00026043184333195775
0,0.00016627515505984893
0,0.0028970870208003983
0,0.00258104206808327
0,0.007452576298568254
0,2.220318200344749e-05
0,0.0026174274530480013
0,2.5935416535468977e-05
0,3.3638748862050874e-05
0,4.329202249777422e-05
0,5.994530267913942e-05
0,0.00040052288543368134
0,8.77336584692548e-05
0,2.125549220271977e-05
0,0.0001604495032671723
0,0.0004242173964805495
0,2.6710050355284528e-05
0,0.00014198918582673464
0,5.551210130698083e-05
0,4.563434345183419e-05
0,0.012312941921723292
0,0.000131936399296519
0,4.456776455212915e-05
0,0.00015698579332980758
0,2.3748829693062176e-05
0,2.9428023490681206e-05
0,0.0015859559833110795
0,7.341737388945404e-05
0,0.0006941314555070252
0,0.0001846461636453739
0,8.155225472822963e-05
0,0.0002811373180867819
0,0.00011088894835447274
0,0.0027156169107670114
0,0.0022402947497134756
0,0.00014366569920384138
0,2.8604400868883816e-05
0,0.0029536010749725053
0,4.464933698321111e-05
0,2.961753742581449e-05
0,0.0003394461229430259
0,0.00012814430476452998
0,0.00016888038646219725
0,0.00020586122705831502
0,1.6996713343838417e-05
0,2.893242149905215e-05
0,2.651116453876513e-05
0,0.00034438806192085304
0,0.015522903485604148
0,0.00034331767896012504
0,0.0001279380032915158
0,0.0001243224303397841
0,4.755708696611224e-05
0,0.0004503051244322243
0,0.0038704623939259837
0,0.00015917064090625085
0,3.105524183607847e-05
0,0.0003383192609156914
0,0.0002560127373882913
0,0.030342990321997637
0,5.089400542472538e-05
0,0.00011711372581475177
0,0.00031606274321511774
0,0.0002970836400472144
0,0.0005000324902681935
1,0.9979624903252795
0,0.00072085276314978
0,0.00021326734332712078
0,0.00012067799634443512
0,3.2346521778221824e-05
0,2.893322285128335e-05
0,3.426626486615103e-05
0,3.906468468722671e-05
0,3.817446729804881e-05
0,2.5304741637739523e-05
0,0.0032398510082356936
0,6.0828045432848565e-05
0,0.007698980704289611
0,0.0007783529804596177
0,0.0007030825214745397
0,4.723553861051336e-05
0,0.015541358770207727
0,0.00012950595941235805
0,0.0003212342402232449
0,0.0001867147467166716
0,0.0012284750823740725
0,0.0017801695783085363
0,2.3155698574703263e-05
0,0.0001440227193041206
0,0.002735974256311602
0,0.0002595475745071909
0,4.26479035268233e-05
0,4.215867650165275e-05
0,3.651878991891727e-05
0,0.0001266717435080948
0,0.00017521412256334346
0,3.741128793830332e-05
0,0.0032612297222574093
0,6.429094623857677e-05
0,0.00020327272012359905
0,1.8339951666293457e-05
0,0.00011703161740288779
0,0.00018585822078366103
0,0.0001294462219459642
0,3.6957499658826296e-05
0,0.00018709298233640504
0,2.2196489146373758e-05
0,2.4429236159045572e-05
0,0.00010646823433206535
0,0.00010911749075940924
0,0.00018443284798722934
0,0.00406319616380049
1,0.13533371428965765
0,0.0036031756368963617
0,2.6978504310506392e-05
0,3.1226326685027156e-05
0,0.0007660303507677693
0,0.00026774774366168826
0,7.789576691132466e-05
0,3.3872444965546854e-05
0,3.428962255796999e-05
0,0.00025041548906341697
0,2.2240307415787315e-05
0,0.000180180371913951
0,0.0004974821504236204
0,4.592156481352999e-05
0,0.0043064286183234985
0,0.0001833195790778415
0,0.00013194399606803286
0,0.00014923809103996351
0,0.00506856455463409
0,0.0004742987337604947
0,0.0010100533735906633
0,0.00011068851454693313
0,0.00010118606003794669
0,0.0001764697947145418
0,3.0305545892059257e-05
0,0.00023553636878398965
0,0.0001954495677464086
0,0.11604073282517276
1,0.9869014410669936
0,8.019785352538304e-05
0,0.00027756911131092963
0,0.0010143158266469306
0,3.630463235554365e-05
0,2.7893702038217292e-05
0,3.546855566433859e-05
0,0.00028966315198441665
0,0.00024235383770154545
0,8.201453989155359e-05
0,0.00025223336914275866
0,0.00044856051391414765
0,2.8308204292517958e-05
0,0.00025301619713426123
0,0.00020661739431080406
0,0.0017267511824954267
0,0.00012536707584236628
0,0.0001490760397087296
0,2.4470181900287467e-05
0,3.721634136660852e-05
0,1.8459424311488476e-05
0,0.022836892723959303
0,7.43550418215853e-05
0,0.00020360400011736098
0,0.0001579148737607888
0,5.00237703938298e-05
0,5.112686522049808e-05
0,0.0001182643653042817
0,3.795585893320923e-05
0,1.9842296768338403e-05
0,5.7405270516502906e-05
0,0.00015379134424503644
0,2.5366882382613697e-05
0,9.422973827335493e-05
0,4.619751902237404e-05
0,0.0008076542058242616
0,3.196646568043342e-05
0,0.0008327205825746394
0,4.3787264499069205e-05
0,0.00023780768538356314
0,0.0003380667510863633
0,4.6596864437348124e-05
0,0.00034656046459594374
0,0.000249403800044524
0,0.0012710685028498904
0,0.00010153798686474238
0,0.00036697970086218136
0,0.0005714058819383976
0,6.452698447569613e-05
0,0.00029497635114082596
0,0.00020376823728092836
0,0.00016065873396123735
0,4.249662064750612e-05
0,0.004844867101598788
0,0.000125742113660574
0,0.0017361941551624455
0,4.436712793788245e-05
0,2.9384371599356322e-05
0,0.00018774045362288601
0,0.0001394437549111991
0,4.603608440728595e-05
0,2.125799547253877e-05
0,3.613618021186278e-05
0,0.0002630032919034519
0,0.00011163927865530908
0,0.00024408351142897266
0,2.79097966231509e-05
0,0.00013190455968223417
0,0.000248818815792616
0,0.00014904954510924553
0,9.857073737552955e-05
0,6.109649984341167e-05
0,2.9150575284948026e-05
0,0.00014533074712083703
0,0.0025278821958436702
0,0.003675298801383838
0,0.636262194048327
0,0.00011636825553431728
0,3.394702411174561e-05
0,0.0002103183741092695
0,0.00020028258411878313
0,3.208486743087074e-05
0,0.001862912095116975
0,0.0006872121940250615
0,0.0006782871576023836
0,0.0001394854910748568
0,0.004585857033828678
1,0.9347526692382041
0,0.002626653561033239
0,2.5424946274233564e-05
0,0.0001440190766884615
0,0.00012220428606867021
0,4.1099785856875106e-05
0,0.00013578110853891426
0,2.3513780628606322e-05
0,0.0001263486513205004
0,3.0537883425344565e-05
0,5.196142698791877e-05
0,3.2731095546389426e-05
0,0.0016574962479970197
0,0.00012748909550579473
0,0.0002155253379533307
0,0.00713050266336786
0,0.0004090474238640124
0,0.005097927879159412
0,0.00026427933161303225
0,7.139885635830553e-05
0,0.0001422669440445602
0,0.0048570216583020695
0,3.93772215429546e-05
0,0.016296762719485023
0,7.050556847644057e-05
0,7.062883217026971e-05
0,4.6970939623984135e-05
0,3.4483703008133744e-05
0,3.2912512598805666e-05
0,2.3618060504942134e-05
0,0.32672103837647903
0,3.062298121262268e-05
0,4.9750115377389015e-05
0,3.0010909705429712e-05
0,3.6660975857871125e-05
0,2.2606556448534616e-05
0,0.0002255369933281366
0,0.0036553776802124268
0,0.0008198250389455026
0,0.008250787687129715
0,0.004312777101898702
0,2.8437562069721938e-05
0,1.980098056459564e-05
1,0.995825370736044
0,0.0001716553129698207
0,0.00019371944678113546
0,3.3776433403785974e-05
0,2.0283229277726723e-05
0,6.680673901055366e-05
0,0.00016803138670564363
0,0.00014467429323422617
0,0.0002767674146803613
0,0.00030289307448412366
0,0.00010402191117303844
1,0.9973948254829486
0,0.00012741349489161328
0,3.464313765586854e-05
0,5.9187247928580824e-05
0,0.0002615865711862264
0,2.9987611939628933e-05
0,2.4470657742273567e-05
0,5.278984786351801e-05
0,0.00040155112133255044
0,0.0005433350147342514
0,6.681945449979015e-05
0,6.256099690586112e-05
0,4.35051705403455e-05
0,2.381367577509184e-05
0,2.2590092216189768e-05
0,4.332031691073459e-05
0,5.2554788591257174e-05
0,0.0014010513430319745
0,0.00028624239618569783
0,5.9335691358618114e-05
0,0.0013918907359729755
0,1.76287428091769e-05
0,7.863084047026361e-05
0,3.746452850887554e-05
0,0.00010808737264450531
0,0.0002762413230422723
0,0.00010122929115448065
0,5.9636890491306185e-05
0,7.900571127930003e-05
0,6.722827392095275e-05
0,5.566478515856639e-05
0,0.0002360376557408087
0,0.00047224277185521613
0,5.822923100152676e-05
0,3.408821377709222e-05
0,0.0002288853780867738
0,2.0845748832358827e-05
0,2.4436035806174036e-05
0,0.00021471782588159584
0,6.274588029316345e-05
0,0.0003227442926550472
0,0.004075417145778934
0,0.0006278768890847657
0,0.0003492627332026777
0,3.849418338709514e-05
0,1.875213015019034e-05
0,0.0038737093520751797
0,3.6198056141149544e-05
0,4.763475750931873e-05
0,2.278266697163685e-05
0,7.73011542503961e-05
0,0.0006719875899822089
0,0.00022332180755948273
0,0.0005826521765303995
0,7.774028813282005e-05
0,2.9159954842408943e-05
0,2.0389717927583177e-05
0,9.009056218195037e-05
0,2.3194597160926822e-05
0,2.9082997704569298e-05
0,0.00033307124206030664
0,5.383411110792329e-05
0,6.595126004452356e-05
0,0.00011676504014076282
0,2.3525833833763693e-05
0,0.0007939964088119429
0,3.724047338627322e-05
0,0.0003704663294524903
0,0.00041545743684417947
0,0.0005821700253821586
0,0.000533837373719905
0,2.1584657231497478e-05
0,2.2670930499591713e-05
0,5.7546131728177534e-05
0,0.0003452444171726462
0,9.469791314058011e-05
0,3.6702917743384037e-05
0,3.2093887068835805e-05
0,0.004884593952647308
0,3.955459122840753e-05
0,3.3695936608680494e-05
0,0.00024770267342382087
0,3.902070606140429e-05
0,3.8230717600368306e-05
0,0.002803402198906139
0,0.00045785975964399893
0,0.00011413763688228101
0,0.0003199853446330539
0,0.0003119905886830019
0,2.013694993696859e-05
0,0.00025401134026944164
0,0.0037704172217995907
0,4.060069918123838e-05
0,2.1619845462034652e-05
0,0.0006311389539301941
0,2.5611534047901634e-05
0,0.00016429315435784425
0,0.0008791685463374608
0,0.00019502404144960283
0,0.00014631232155785042
0,0.0003988404515897549
0,0.0023079823408426194
0,0.0002606950625051843
0,2.6283113670145852e-05
0,0.0002636791912970189
0,0.0032635904831486537
0,0.00019962992813548199
0,3.3600215087889756e-05
0,0.00020947530619709598
0,0.00011575137132525595
0,1.7694982567777355e-05
0,2.241389255737072e-05
0,6.84793831678654e-05
0,0.00026526425762397903
0,3.4367260106884136e-05
0,3.159638588091613e-05
0,0.00022117672312286775
0,0.00010035049726831789
0,3.669494750425652e-05
0,2.4362487404648263e-05
0,0.0003351808118665461
0,5.582310376755494e-05
0,3.500405101334446e-05
0,0.00042791223668899356
0,0.0001604820455734842
0,0.0026232947770924377
0,0.00015097425081407695
0,0.000572489289190756
0,0.00027863535181015794
0,0.0021077835623089436
0,3.977956125915904e-05
0,0.00014851316666948455
0,0.00017321254775215788
0,2.8229147164082092e-05
0,8.910432748225455e-05
0,2.615658538569203e-05
0,8.498723017324497e-05
0,1.927136113693325e-05
0,0.00016474239978922102
0,5.432052275271734e-05
0,0.008682956383672238
0,0.0018884873632114
0,0.00011209424670914252
0,5.098372806835049e-05
0,2.4837255207259544e-05
0,0.00019637614536584914
0,0.00014626027333075552
0,3.9560062276188696e-05
0,0.00022843790438735253
0,6.090296165447451e-05
0,0.0003283745199191431
0,0.00018600593815417505
0,6.805763077576272e-05
0,0.0001536560053594305
0,2.3732682648524553e-05
0,7.163252318002847e-05
0,2.6316492169433233e-05
0,0.003968581949772661
0,0.00031820211037382094
0,0.00017422807989366513
0,0.00013765750516941898
0,2.476097640568374e-05
0,0.0016785585704092347
0,2.97825376989081e-05
0,0.0019381742998328371
0,0.00017248935327685092
0,0.0001902218362550197
0,0.00036307780250140225
0,2.3218752360975885e-05
0,0.0001655459623345474
0,0.00045719283642078965
0,3.3533621314023775e-05
0,9.14263570089827e-05
0,3.053620748340138e-05
0,9.494254858483862e-05
0,0.006309316399952204
0,2.768908422917124e-05
0,0.00045382227167960025
0,0.0011119077658473234
0,0.00017212489656847236
0,0.00015797548775414917
0,0.0003217103156415381
0,0.00010930512074840881
0,7.923724829415198e-05
0,0.00030632470170537893
0,0.00010304439210615054
0,3.097571892583914e-05
0,6.322196396019632e-05
0,0.0003132351796314439
1,0.995101280276077
0,0.0005064161679394842
0,6.0631422914615914e-05
0,0.0028510489359146987
0,2.161058632557173e-05
0,5.398905472062493e-05
0,0.0001112832192521419
0,0.00018598663593410457
0,5.905008634477049e-05
0,0.00031762146222803577
0,3.1711987992917786e-05
0,4.2072486880528285e-05
0,2.146509010148971e-05
0,0.0002593552828228157
0,0.00027538789339900325
0,0.00020932505516864063
0,0.0009954943488217135
0,0.0002749705951227924
0,0.0017570694395077544
0,8.151268139473312e-05
0,0.00012746469572593784
0,0.00018166913286586742
0,3.0208448468614342e-05
0,0.03411698152520674
0,0.0002235339161140501
0,0.00032030916509416307
0,6.400704704702739e-05
0,0.0006869306822809099
0,0.00012489809237686735
0,0.00019566077484825948
0,6.079952997866323e-05
0,2.027268636620395e-05
0,0.002362377422823316
0,7.843748034676002e-05
0,3.100078523545466e-05
0,2.890034163434789e-05
0,0.0010283038284760837
0,7.204928583085805e-05
0,4.496336744270545e-05
0,0.00011849850844850113
0,7.262400840960145e-05
0,0.00015215155317923744
0,3.0441000953721974e-05
0,0.0003716000618975686
0,2.984242708410748e-05
0,0.001649361595079265
0,0.0001478828106613699
0,0.011264358516709812
1,0.9993780988695747
0,0.00011950435287745452
0,4.919732932839084e-05
0,2.9689229867776604e-05
0,5.498392866885545e-05
0,0.00034358743407682723
0,2.162454393617356e-05
0,5.230770273295731e-05
0,5.529303048386666e-05
0,0.0001838553000530045
0,0.0017119958823601019
0,2.989963049913891e-05
0,0.005726883978766366
0,4.5558872813523347e-05
0,3.269408987710804e-05
0,0.00022312641905390158
0,8.313933605961574e-05
0,0.0001387167705854275
0,0.00031994207619280704
0,0.003531203394368434
0,0.0001571740921370103
0,0.00010825650290790933
0,0.007104365573658478
0,0.00016953354137167333
0,0.00012218651561211365
0,2.6642967493209195e-05
0,0.0002445964118243216
0,0.0006473125242612504
0,0.00143954300938952
0,0.00012111747007788683
0,0.0018404704523769303
0,0.002747842219033905
0,0.00012555536115839484
0,0.00014885926831916774
0,0.00011191509647492394
0,0.00015448231407581037
0,4.031660054347499e-05
0,2.4373847374471076e-05
0,0.0018334483266684305
0,0.0001070346266932381
0,3.562679198501467e-05
0,7.523074634339465e-05
0,0.0005822988470167801
0,0.00025620151141823416
0,3.445826747710966e-05
0,0.00041419935311199675
0,0.0046417245104601315
0,0.00013349011187787144
0,2.8963299438387518e-05
0,2.4709190928498343e-05
0,2.3023459981772022e-05
0,0.000390121690749089
0,8.411716659325751e-05
0,2.8897563378985656e-05
0,0.00018608796088258927
0,6.546870033010157e-05
0,1.3409319265807232e-05
0,3.960130333621525e-05
0,0.0011323242249990746
0,4.2983890342907214e-05
0,4.621905940536326e-05
0,0.002355743022883024
0,2.2116982786428142e-05
0,0.00017262175031420768
0,0.0035828781801469866
0,3.250785286752326e-05
0,0.00021924111805228917
0,7.831626300100632e-05
0,2.8182332975102723e-05
0,0.000131257466812827
0,0.00015279349365452123
0,2.3587274286544347e-05
0,3.9870480735854536e-05
0,4.774194230437399e-05
0,4.7570729433231726e-05
0,0.0026204733214946793
0,8.977668592007409e-05
0,0.0003099129172824436
0,0.0004810607240759511
0,0.0006877110868510413
0,3.681246325979934e-05
0,0.0006697176431164732
0,3.773532941035511e-05
0,0.0025446833212653753
0,0.0002209373813061192
0,0.00021290459344309055
0,0.00012669305517023924
0,0.00023167868332298427
0,0.00013545849329638283
0,0.0003038040221465679
0,7.513748566659288e-05
0,0.0001082739959314662
0,2.852149750505106e-05
0,3.998537630850709e-05
0,8.1889746704828e-05
0,4.181054228068191e-05
0,3.212418725306055e-05
0,0.00047334112218436555
0,2.52401988281351e-05
0,4.819635319496135e-05
0,4.4828893044012e-05
0,4.5938460166577064e-05
0,0.0018808272564397838
0,0.00029344519099244525
0,0.002319319439399333
0,0.00020836072993076293
0,0.0008584000181362488
0,4.690688550433355e-05
0,0.00015353168530847234
0,3.533009437726835e-05
0,3.7780713797508934e-05
0,6.032829396932758e-05
0,3.146147705437138e-05
0,3.876718613741361e-05
0,0.0015515578419444036
0,3.709099866908563e-05
0,0.0001734276753136838
0,0.0001208389740159608
0,0.00014375953620421656
0,0.0003297122475343382
0,0.0005583419508680234
0,7.508868572943784e-05
0,4.232711791839005e-05
0,1.8194503035490638e-05
0,0.0011662262389833412
0,0.000328054522325201
0,3.0485072144570107e-05
0,6.291539185710821e-05
0,3.762136867697422e-05
0,0.0002383256298077838
0,8.21166617250771e-05
0,2.8793832674814882e-05
0,5.119551253783695e-05
0,0.00024081517320483127
0,0.00038121481586927074
0,6.061432313578426e-05
0,4.477643818492893e-05
0,0.0002032072086152995
0,6.510018609527107e-05
0,0.00015158983921706578
0,1.1999967743236857e-05
0,0.003344057487201107
0,3.7726161492762235e-05
1,0.9974879435915305
0,0.00030438237239974566
0,0.0001404489231165047
0,8.622816593363021e-05
0,3.9281500014786187e-05
0,0.00045682704712262187
0,0.002819581498677876
0,4.014332967300597e-05
0,2.5499797226025173e-05
0,9.324709276093425e-05
0,5.161970272679395e-05
0,0.00011659882349222304
0,3.769411514636229e-05
0,3.7974740999376726e-05
0,5.766265367701269e-05
0,3.835618368120558e-05
0,0.0006980495489197386
0,0.00010456124119817813
0,0.00012629788535280085
0,0.00033997449383744137
0,0.0004583974061588466
0,0.0002116206490114118
0,3.924616406583308e-05
0,0.002140595470100514
0,2.964645833549475e-05
0,0.00014668791927743092
0,0.00021431281864785483
0,4.40423164012978e-05
0,6.012853171375761e-05
0,0.00023317200564436515
0,2.282031500748693e-05
0,0.0008257039883039581
0,3.1262689797803824e-05
0,0.00024874957047925144
0,2.6624204990962072e-05
0,0.0013706724637486127
0,3.302053669844408e-05
0,2.7990586539541252e-05
0,0.00010563506157505003
0,4.0248527699996586e-05
0,6.211002774701547e-05
0,4.362569238856488e-05
0,3.550912459385191e-05
0,0.005490414148728599
0,8.049324691605728e-05
0,7.536304584155786e-05
0,3.476219880066001e-05
0,0.0024276150015466965
0,4.548741194598611e-05
0,0.0017331612320377761
0,4.093697253756756e-05
0,0.007934495173598606
0,6.299554936460612e-05
0,0.00015370858793785076
0,3.7607816314906975e-05
0,0.0004909915733149302
0,0.015295207214328836
0,0.0001659083336975356
0,0.0002498783148289294
0,2.6665351471909695e-05
0,0.00017169504294767932
0,0.0017227424339741363
0,0.0001269214402581584
0,0.0041720829221986964
0,0.0010902931081491027
0,3.614566730136218e-05
0,4.254154409960658e-05
0,0.0037349816195147646
0,0.0002623796718771548
0,0.00026048717827415754
0,0.00010501235057935591
0,0.0006615049334380806
0,6.383573147755675e-05
0,0.00015567490408551336
0,1.8278755294924142e-05
0,0.00039145763629640023
0,3.643735173839839e-05
0,0.00013053741615108946
0,8.05160665897216e-05
0,0.0069542898011958594
0,0.00029090412919279495
0,3.039393962074447e-05
0,0.00010673882628784242
0,0.003193543976933969
0,2.4757905245575047e-05
0,2.3326714691253542e-05
0,0.0002325809958432835
0,1.9251135815550913e-05
0,0.0004323820189464005
0,0.00018948038588808717
0,0.0006445224145920494
0,0.0007859738560552022
0,1.9706377253439622e-05
0,0.0001730792874065077
0,0.0009696607992066858
0,3.383261575532714e-05
0,3.0932417239038094e-05
0,2.736919185864394e-05
0,3.8063230740939774e-05
0,3.8032861981659584e-05
0,3.0787991476816794e-05
0,0.00011419584194637761
0,0.0001220392837519721
0,0.0007351742376039224
0,4.013510393501645e-05
0,0.0010162583875645249
0,3.1827492180421085e-05
0,0.00023850188989786448
0,3.1590559948648817e-05
0,5.991647271218556e-05
1,0.9998191330766057
0,0.00022292836945394834
0,5.872505817604098e-05
0,0.00013485509299366656
0,0.00016902876012223514
0,0.002169621089927922
0,2.9995304506758946e-05
0,0.00016393592946018008
0,2.379887671437953e-05
0,2.3126705453575386e-05
0,9.031481749052867e-05
0,9.555047032392003e-05
0,4.656852816139577e-05
0,0.0004369041774490443
0,0.0033012283909045416
0,4.533148783237207e-05
0,0.0001723794160193928
0,7.039231678904119e-05
0,0.00030592823447266575
0,3.521812624741275e-05
0,3.755670859415994e-05
0,0.0005907024991167833
0,0.0024654498441187564
0,4.938851300736685e-05
0,0.038584159610257136
0,0.00019702402118388742
0,4.67391506452304e-05
0,4.5701949912916015e-05
0,0.00017134042693348116
0,3.669661053739293e-05
0,2.380185125526532e-05
0,0.006313974118756689
0,2.8160321240037448e-05
0,2.3987965548296677e-05
0,7.978510615826314e-05
0,4.028514089748178e-05
0,0.00012410850336986106
0,0.00017762485538939918
0,3.833987311214815e-05
0,9.657844750029376e-05
0,6.540184138725392e-05
0,0.001936824069010462
0,0.0001535763406320956
0,7.374797679127029e-05
1,0.9985858960296217
0,6.17481333677942e-05
0,8.666075903490811e-05
0,8.485196610765522e-05
0,3.539952183404496e-05
0,8.68699887350863e-05
0,0.011062174098333113
0,7.340515833784967e-05
0,0.0002171468567984474
0,0.00013766578395406841
0,6.105856427524124e-05
0,0.00013563757235300134
0,0.00027799147826703123
0,0.0007956717560272608
0,4.2611770169034934e-05
0,4.7032772159820404e-05
0,0.001705761443312827
0,0.00041515899748406827
0,0.025700276518034373
0,7.569731958704754e-05
0,1.8296218196258864e-05
0,0.0003786940621959374
0,0.0001565342691101955
1,0.9983957735372707
0,0.00023612238288111227
0,3.890031024897322e-05
0,0.00017167756692627255
0,0.0003334585983745007
0,0.0015286902746679167
0,3.0459302149918012e-05
0,2.94698508036557e-05
0,4.1205545805133e-05
0,0.0002476435888720491
0,5.0730979384497876e-05
0,0.012071074347717644
0,5.4133394481866855e-05
0,0.00019131823535414083
0,4.276702841097062e-05
0,3.389030381311281e-05
0,0.007349203092069906
0,0.0008913526893795609
0,0.00024208542208634204
0,0.00028706003184034043
0,2.5077537919428385e-05
0,2.6102779546738893e-05
0,0.00013951295147688917
0,6.527856319259768e-05
0,0.00013832181628756018
0,0.0036216389007948046
0,2.412468384760092e-05
0,2.472310616940324e-05
0,0.0001410925625584566
0,0.0004595088784758803
0,0.0001763435934223445
0,0.00135418546570533
0,0.00011860458270943803
0,6.775746922758319e-05
0,0.00016496091307727893
0,3.227578411319697e-05
0,2.2045170999085697e-05
0,3.0372871449789554e-05
0,0.00017860554766609217
0,6.521458017756885e-05
0,5.020972622603393e-05
0,0.0006298120735129577
0,2.0372989816021847e-05
0,0.00018392784072061256
0,2.7381353643318477e-05
0,0.005357603832136666
0,4.147238812037315e-05
0,0.01378555136301593
0,0.0062616826740847075
0,0.007182690219351714
0,3.391018882562374e-05
0,0.0011224867643481982
0,9.436508470636267e-05
0,0.00012390643951131058
0,0.00021122509340685427
0,2.3880564221015248e-05
0,0.00384784829474229
0,0.00017163643175756624
0,9.648616957099128e-05
0,0.0001271627455550119
0,0.004472342291560482
0,2.2582888979945133e-05
0,3.048259532365997e-05
0,2.6605963073284238e-05
0,3.2727481835489626e-05
0,0.000434609829321912
0,0.0063120586564591645
0,0.0002874596545067878
0,3.601983735025656e-05
0,3.184192218162926e-05
0,0.0003210347342176994
0,4.578321406277106e-05
0,0.00015705323604246898
0,0.00010913718423903476
0,0.0005702274373773016
0,0.00013327733477272886
0,2.9641683921790152e-05
0,0.00017093071115887297
0,0.017332554599435862
0,0.0003114010405642903
0,2.0940728893880643e-05
0,0.00017912081099639364
0,3.708549599596667e-05
1,0.9998246501481864
0,0.00036428700659405536
0,2.340337651871564e-05
0,9.088117278202825e-05
0,0.0005402381124046811
0,0.0005255131223436218
0,0.00025975361128755133
0,0.00012270700587370108
0,0.00014943699863515056
0,0.05142423132433865
0,2.1227642072584582e-05
0,0.004905483392056801
0,0.0008907076127704793
0,0.00784683694439127
0,1.793476733495141e-05
0,2.30738125736402e-05
0,0.0007272572194051278
0,0.006647848281495262
0,0.000378074181942822
0,0.0001513324104530519
0,0.002159019270875526
0,0.00015577819259923826
0,6.740130405809528e-05
0,0.00027780762704297964
0,0.0006642759883095522
0,0.0005241502658029388
0,6.384626952613252e-05
0,0.00023216985414689477
0,0.0001892960609915542
0,0.0015361326782738812
0,5.487049621766147e-05
0,0.0011595564911571962
0,2.236105697827256e-05
0,3.4880822093100224e-05
0,0.00046321488043308504
0,6.687704950945608e-05
0,2.973155854811253e-05
0,0.00022969639633281047
0,3.2774856579968524e-05
0,0.008214306343695476
0,4.5059125605036195e-05
0,0.003027357896015835
0,0.002681579256279454
0,3.5282657900354406e-05
0,4.540944760938481e-05
0,0.00046332620589645127
0,0.00018439037425439694
0,0.007237216888603528
0,0.0008297745535741718
0,0.00012471134731801984
0,0.0004440422903021791
0,0.00015368185435955483
0,0.00010451200875859787
0,6.037203193190056e-05
0,3.209670039053508e-05
0,0.00026299956567789144
0,0.0006337461074816975
0,0.00011196349400038956
0,3.026632110292942e-05
0,4.1530808228133804e-05
0,6.545425264381513e-05
0,3.526842054450734e-05
0,8.497354131658399e-05
0,2.475410858528103e-05
0,0.0005833645910819441
0,0.000781645610819328
0,0.0004354113686503307
0,0.00014565454501685895
0,2.580816422897127e-05
0,0.00012195680815654488
0,2.553659250632491e-05
0,0.00015109278130758533
0,3.442949744966517e-05
0,0.0005551801944441467
0,0.0006385705417044169
0,0.00024152991184453628
0,2.7974579396381066e-05
0,0.025932950557214025
0,6.248409735604397e-05
0,0.00012409733140383505
0,0.0032715876713299177
0,3.177565597823892e-05
0,2.3827376043278663e-05
0,3.413476414485609e-05
0,0.0022644636046762483
0,4.175931248718152e-05
0,2.706957716363546e-05
0,8.39317171764636e-05
0,0.0008049921413144434
0,4.217284858949904e-05
0,0.00032159756028439724
0,6.567373509804235e-05
0,0.08210038586385257
0,0.0006524592750321208
0,0.0416862409623496
0,2.8756778103777828e-05
0,0.0003556313027608564
0,0.0003287355537999575
0,0.000948711284920607
0,0.03905330002604208
0,0.006009795878162827
0,3.7685702387367326e-05
0,0.004478898745016567
0,2.05909750062481e-05
0,0.0002337861109033148
0,0.013838061799195254
0,2.786768247989496e-05
0,2.7279190249588118e-05
0,0.00018850967074823038
0,2.4644142399080734e-05
0,0.00013575556029585698
0,0.0006586448413869105
0,0.003149770599705116
0,2.458425057093341e-05
0,2.285476723773587e-05
1,0.9998176338380663
0,0.00010538181363780503
0,2.3898899021119882e-05
0,1.8245911982253894e-05
0,4.50447430026044e-05
0,0.00022340579151002355
0,0.00013945717160273493
0,0.00015348079002891956
0,2.5079355649011057e-05
0,4.54111435953016e-05
0,0.000394704914171669
0,0.00017938180533949252
0,0.0001020459810291283
0,0.005572053996057587
0,0.00016105819666291458
0,4.37146869725929e-05
0,2.8282707589829216e-05
0,2.6473734262511394e-05
0,0.0002612805637578318
1,0.9765300957059196
0,0.00021633244499217214
0,2.1255864960196673e-05
0,0.004407288473798935
0,8.75916938657592e-05
0,2.5188063982008283e-05
0,3.5802631129257275e-05
0,9.934691226543299e-05
0,3.109015847433656e-05
0,1.85498947104051e-05
0,0.00018118910155644075
0,0.00017793608780679326
0,4.054682744844349e-05
0,2.4658788552340135e-05
0,1.711489878196491e-05
0,6.419109314128158e-05
0,3.167927808469135e-05
0,0.00012631334104136488
0,4.626967293215339e-05
0,0.00018282175074704315
0,1.9978298538539007e-05
0,0.0006126364124841336
0,0.00013786471216891696
0,2.1385849545706186e-05
0,2.5296888037750018e-05
0,0.014880279088671162
0,0.0001180241282454158
0,3.18271742877003e-05
0,3.925762926858165e-05
0,2.836563841603719e-05
0,0.009401594844468028
0,6.223263589961729e-05
0,0.00018999457262508886
0,0.00025053523479914413
0,8.149088047421081e-05
0,0.0038707388528292177
0,0.0007261747145067434
0,8.355136470167495e-05
0,1.6543149704918117e-05
0,2.2650257369377202e-05
0,3.110488682799554e-05
0,0.0002149487182097274
0,8.412289721771766e-05
0,0.00568901155025052
0,0.00017116301137257893
0,7.116264221890592e-05
0,0.0008581507581141028
0,2.0353978775691345e-05
0,0.0001244347332811037
0,0.003814036833706185
0,0.0002099563359549119
0,0.001819066862795444
0,6.755553145028414e-05
0,0.0016826020202223475
0,3.976669046543493e-05
0,0.0011212906290832035
0,0.00019262369643890714
0,0.0005928367096476883
0,0.0006406578458976067
0,0.0009536131202974921
0,0.0002922136634493084
0,2.8611258552364307e-05
0,0.00012010674329792518
0,2.591201749054261e-05
0,0.0021303641461411726
0,4.6538736457114856e-05
0,0.0004432959290297403
0,6.406534571821109e-05
0,0.00026929674748292677
0,0.0013141394505696209
0,0.0004544077161465985
0,0.00026320972012294086
1,0.9997497255321148
0,0.00019874827567483244
0,2.858285333282382e-05
0,5.337975167359174e-05
0,0.0002648628192622771
0,0.0003767822603227401
0,3.6773423643233214e-05
0,2.194964378739963e-05
0,0.00019756421349186688
0,2.7555571108453802e-05
1,0.9913123297733349
0,0.0001501939559763442
0,2.8692349698626487e-05
0,0.00022685582822055153
0,0.0001471637230638892
0,6.007049149236672e-05
0,0.0002723576412779689
0,0.00019576762393326618
0,2.3876245394414292e-05
0,5.865092300483088e-05
0,0.0002108512544937051
0,3.0130864155597575e-05
0,3.060821487506867e-05
0,0.0017563017285666684
0,3.266141433633105e-05
0,1.9665240940265178e-05
0,2.7332678468743784e-05
0,0.0002329263246682323
0,0.0001360178882836771
0,0.0003421461176825669
0,5.385722445507593e-05
0,0.00011645629610495972
0,3.147319777522312e-05
0,2.448123348356963e-05
0,0.00012738472098102973
0,0.0003976697067960619
0,0.0002673308409977552
0,0.0002957817011943639
0,0.008236319023030977
1,0.9988644308832623
0,4.9911910469053344e-05
0,2.9988860346646757e-05
0,0.0004414969424427226
0,0.0002390616973503796
0,0.0002079599500551212
0,3.7459517479613815e-05
0,2.489088800754565e-05
0,0.0002804898368820861
0,0.0007201878523403305
0,2.702930085269081e-05
0,2.8159629641745405e-05
0,0.0003207638922377735
0,0.00017818682946713627
0,0.00012455833077684874
1,0.9996755942624794
0,0.00020387099993817532
0,0.000155682139617862
0,3.307790548876414e-05
0,0.0003662710854033545
0,6.618091851023154e-05
0,2.8546303630385172e-05
0,6.534709238612895e-05
0,0.0006314147479373081
0,0.00033849656707171113
0,0.00017546206975457701
0,0.00010073231027152521
0,0.0001353658209925368
0,0.002223757898578909
0,0.0032604957869763005
0,0.00012113652633781772
0,0.008511719806657967
0,3.545192401895426e-05
0,2.19937591325783e-05
0,0.002217962258303576
0,0.00031666222409696467
0,0.0001814514935087185
0,2.4864028636890383e-05
0,6.0645430160554054e-05
0,0.00019378975562612407
0,2.50542873195289e-05
0,0.00011054887705041783
0,2.2575002757111552e-05
0,0.00019182198226928537
0,0.0003982156201022076
0,0.00011683364433163496
0,4.260811269010324e-05
0,0.000296828589693234
1,0.9977798532273875
0,0.00015328686613937776
0,0.0003284154239423757
0,0.0007762143994862621
0,8.33595486404534e-05
0,0.4420945161762177
0,0.0004001161231078628
0,0.0002583803271046996
0,0.00014659378192446318
0,3.15349578966688e-05
0,1.8386436008473446e-05
0,0.00021666482796468803
0,2.2026739338453756e-05
0,0.00044223579390307145
0,6.221886169309401e-05
0,5.163748723435974e-05
0,4.3935776578680477e-05
0,2.9000460902434305e-05
0,9.68803067429176e-05
0,5.94612469915071e-05
0,0.0002424685428659163
0,0.0002328849734775324
0,2.651584734447936e-05
0,0.00015871456314755413
0,0.00018884389358969338
1,0.9996418526813503
0,0.002437522993833873
0,0.0001146867350204029
0,0.00020103627496440105
0,0.0013739513343980657
0,0.0001511049163630232
0,3.871763195548998e-05
0,0.00011121289447187701
0,0.0004024518498461452
0,0.0055992756783944195
0,3.052095151418247e-05
0,0.0004302049999725959
0,0.0003383444223630094
0,8.29651084594918e-05
0,0.00012956829704341752
0,3.4442987628058566e-05
0,2.0706996620302474e-05
0,0.0004770388454021611
0,0.002560971021917778
0,0.0013675884438288169
0,0.00021736948969785936
1,0.9997958786178435
0,3.546607705145388e-05
0,0.00012588659625331562
0,4.471287459278155e-05
0,0.00013369908008387482
0,3.266802287951258e-05
0,4.447546159411839e-05
0,2.4027743402686356e-05
0,0.00023898846155907295
0,5.5035083065519216e-05
0,0.00020424398772608937
0,0.00010962134796741309
0,0.0003239977240629607
1,0.9984384277668463
0,4.185923663523983e-05
0,3.173978467815327e-05
0,4.9747640574814434e-05
0,2.4816571944595343e-05
0,0.00155214577715052
0,0.002124244387255246
0,9.532499053208174e-05
0,0.00771788406812219
0,0.00010531134747952577
0,0.00013019311675998655
0,2.2829702618189807e-05
0,0.08420842737727234
0,0.00011353317763311274
0,2.713003061825561e-05
0,0.00041350430035391804
0,6.379645938564194e-05
0,0.0006471820676829618
0,0.006795567556525613
0,0.09671821470130536
0,0.00015648437900735195
0,0.00017566800356965095
0,2.539822901120746e-05
0,8.11390249029104e-05
0,0.001488546861611542
0,6.908767177885728e-05
0,0.01050176044582488
0,0.002444611831247464
0,3.913523165885645e-05
0,3.5972740970482644e-05
0,4.494784317753804e-05
0,7.958499001332623e-05
0,0.00021609348033410297
0,0.0001392992804352704
0,5.487143875877791e-05
0,0.0002235834151942828
0,0.0027849500857433226
0,0.0017663935665780605
0,0.00015155522365579258
0,0.009971369276982594
0,3.0249844161795426e-05
0,8.198622410074837e-05
0,0.00033558277673042104
0,3.536142208589131e-05
0,0.0006741895272840157
0,3.463851668255318e-05
0,0.0020931841208643056
0,3.9889936531932595e-05
0,0.00010155145169077265
0,0.0004335306990628637
0,1.8454532357152718e-05
0,0.00014406322424276029
0,0.0002335265285990263
0,9.441515373541873e-05
0,6.050151753648138e-05
0,0.0005707734353343168
0,2.2068825374088814e-05
0,0.00010230987903821162
0,0.0022309965498783736
0,0.0024909648213850178
0,0.0002532568474679354
0,0.005363084866965894
1,0.9995970736057244
0,0.0004086835717729848
0,0.00017711067022119648
0,3.0925427312717253e-05
0,7.745499534811572e-05
0,0.00043491315753703294
0,0.0006135491444728262
0,9.800072251631218e-05
0,2.4529885694866998e-05
0,0.0023146858148627445
0,0.00013285606318266585
0,0.017626564378415747
0,0.00024372825080560615
0,6.582925572823227e-05
0,4.230060508742276e-05
0,0.0005706272807434664
0,1.6896370157451466e-05
0,7.471729202669491e-05
0,2.8947496737684327e-05
0,4.626225214032363e-05
0,2.3693498358528552e-05
0,0.0006186953409872342
0,2.26223256546008e-05
0,8.079506403883504e-05
0,2.2098608852153804e-05
0,0.00021861903404478454
0,0.0036128260546394357
0,0.00018059150112828922
0,0.00032131102065835877
1,0.9977884324523141
0,0.003194699689106387
0,0.00010111203567809884
0,0.00023345544799511855
0,4.5042445145823706e-05
0,2.193619760883969e-05
0,4.403835241714725e-05
0,0.0002343597628342688
0,0.00018731214371608493
0,0.00011211904804069809
0,2.3380354330244416e-05
0,2.518827750419547e-05
0,3.062947817258162e-05
0,4.682454693845525e-05
0,0.00901571137703194
0,0.004148160461949711
0,5.742668673376804e-05
0,0.0013310709340655909
0,0.0007779665254341626
0,9.699772209181987e-05
0,4.0072831855294614e-05
0,0.00013024565043776184
0,6.483582766780967e-05
0,0.004422012784965721
0,2.9035779897808158e-05
0,0.000521996181392864
0,4.5096747768977154e-05
0,3.948143155883391e-05
0,0.009572374071745406
0,2.4012901140293475e-05
0,2.2818060002925918e-05
0,4.267233735829909e-05
0,2.2650654110521002e-05
0,2.8678206342628008e-05
0,0.0019301978091731439
0,4.465345923748367e-05
0,2.6394027725127707e-05
0,5.1965097651463814e-05
0,0.00011585171062205336
0,0.0027122687945294074
0,5.437352968032461e-05
0,2.7502366107837824e-05
0,0.0024764059930122042
0,0.007629393121602745
0,0.00014931033570994857
0,2.7025250378414236e-05
0,1.5953601076608738e-05
0,3.828507326860915e-05
0,2.4157903306593604e-05
0,0.00027363189492992995
0,0.00012455575088808022
0,0.00010191762736963577
0,0.0020713332390388073
0,6.868479848284761e-05
0,2.9351387143545382e-05
0,1.9009132938251374e-05
0,0.0002615256327081176
0,2.6669524331978838e-05
0,0.0001606152986749929
0,2.6967042902786898e-05
0,0.00021416067749766948
0,3.829196144654247e-05
0,0.0001032527659181795
0,7.305744891726195e-05
0,0.00011289875682814523
0,0.003461027716901343
0,0.00023998153814091535
0,2.9646623573308976e-05
0,0.00015938565714033773
0,0.00028430952964855587
0,0.00045302042994485294
0,0.00017777624852193628
0,0.00024480502293376286
0,8.629339179137488e-05
0,0.0008669785273959352
0,3.671679845149211e-05
0,5.457525899336539e-05
0,0.00022809629969688396
0,0.00020398890501086388
0,0.0018604298415277735
0,0.0002450501096309033
0,0.00016624798267827925
0,0.0034995510170671043
0,0.0003409543635875392
0,3.184089950194601e-05
0,0.00020742941708602056
0,0.00014234691022675484
0,7.272397679504036e-05
0,0.000406164459414641
0,3.641676371382632e-05
0,2.1940346693583198e-05
0,1.8639742906171035e-05
0,0.005430785480207747
0,4.333810237160802e-05
0,3.095285038970431e-05
0,0.0007039756995173185
0,3.553773410791212e-05
0,0.0005000536978827541
0,0.0002009150423243657
0,3.10790954054313e-05
0,4.1770881052337175e-05
0,2.831170983431045e-05
0,2.9965168468384864e-05
0,0.00014822574439105944
0,0.011908751536733401
0,2.7816668601164995e-05
0,0.00016168665440576482
0,0.000558788690153545
0,3.876098929088202e-05
0,0.00016429919281758077
0,2.7375737097370365e-05
0,0.00013598204709586674
0,8.265255545268695e-05
0,0.0001437136017863075
0,1.9828580900969966e-05
0,0.00019137936452874978
0,2.8189670677435877e-05
0,2.5441868912685994e-05
0,0.00012608054794309046
0,0.004669615253423954
0,1.909843332285682e-05
0,2.6421574451431078e-05
0,0.00015506764641986598
0,0.00011905810329424833
0,0.012891620625944388
0,0.00030834107054106687
0,2.3534622313791318e-05
0,3.035336176929399e-05
0,0.018934071738933838
0,0.0012700377487798698
0,0.0018517296152227348
0,0.00021499422021881788
0,2.462575568447054e-05
0,0.02771061386959823
0,0.0009403449013981909
0,1.6487742773528996e-05
0,0.0004469182262822602
0,0.0002507660728740097
0,0.0004853267635395888
0,0.011976519210198143
0,0.0004545022359083306
0,0.0003996876669570693
0,6.343433515575794e-05
0,0.00022300008580278447
0,0.0001864841860076761
0,2.5576477557947438e-05
0,0.00018801338829025035
0,0.00010340205980428942
0,0.020483022597126536
0,4.5354529915111784e-05
0,4.0009342622896095e-05
0,0.001822720572253406
0,0.00019932218513667955
0,4.143682915754081e-05
0,0.000379016089447782
0,0.00016831728599089876
0,4.633527347940005e-05
0,0.00023019587552655852
1,0.9992467619747873
0,9.205913894100857e-05
0,2.3352075129947642e-05
0,1.776196836236983e-05
0,0.00014841187419556648
0,4.122219880377638e-05
0,4.481572697839737e-05
0,0.00014351268536279095
0,0.0002787963958336099
0,3.1484434800914476e-05
0,2.6107843365170956e-05
0,0.010268310910049441
0,0.0001867500041440144
0,0.00044325147794033296
0,0.0013456759345230873
0,0.00027947882355314327
0,0.003011777975182153
0,0.00014442967964930183
1,0.9994119601424669
0,3.027164781548471e-05
0,3.344151128529216e-05
0,0.00014029270458598486
0,0.00012227538318418334
0,3.270579449439529e-05
0,0.00022115250391797127
0,0.0001004052168718382
0,0.0001774069943413666
0,0.00025413218034382387
0,0.0001494279267722845
0,0.0003892146897145703
0,0.0002137716764337814
0,2.6075678866957234e-05
0,2.6506748168834798e-05
0,0.00018046174241606664
0,2.0513242795176127e-05
0,0.00011804599835615642
0,0.008196018095859951
0,7.168326545031568e-05
0,2.729567369402596e-05
0,2.576471344505387e-05
0,0.0004791463127109421
0,3.245537267034511e-05
0,3.3813894135569245e-05
0,4.2952205561952895e-05
0,0.00017267796130238282
0,2.8121285331959117e-05
1,0.9985254129552207
0,5.933497158342411e-05
0,0.0003034074689719102
0,3.0032827998281954e-05
0,0.00011579980123439053
0,0.00019627045947574715
0,3.8657757806434424e-05
0,0.00011384840094650947
0,0.00010991961927423503
0,2.510368867134125e-05
1,0.9993959992821252
0,0.0008544768119872971
1,0.9481099421661446
0,0.00020532188087728155
0,0.0002003556331363548
0,3.311315937807528e-05
0,0.00044796790717304254
0,0.00020977818317417343
0,3.891755732825726e-05
0,1.9619994388976488e-05
0,0.0005174730676766195
0,0.00018045134309690664
0,2.955596007503036e-05
0,0.0002573833035127066
0,0.000576189252519333
0,2.1184834918265817e-05
0,1.950095412278251e-05
0,0.0001523626995373972
0,0.002057032540485784
0,0.0001946182914883084
0,0.0001820134144184658
0,0.0022892385835001166
0,0.00019582727833523483
0,3.999238480672372e-05
0,0.00047664329522798215
0,0.0020327239169762533
0,0.00027416811736641784
0,0.00015250390583903688
0,0.0003160558662214024
0,0.0014700126127455745
0,2.2005787671191214e-05
0,0.0006420072896495595
0,0.00035775566995057924
0,0.0064363891548702345
0,4.077965135945622e-05
0,0.000684027546462411
0,3.282151674533296e-05
0,0.0001128999612453423
0,0.0005252732443771981
0,0.001212413370054513
0,0.00031595482999982193
0,0.0010431078235241494
0,0.0002629632529110182
0,5.8441625462750424e-05
0,0.00017658433338179255
0,2.5845763166750356e-05
0,0.0003587359750333394
0,8.333065525115931e-05
0,5.2806025038978556e-05
0,3.506544679828079e-05
0,8.67451228610091e-05
0,0.007708014743798308
0,8.096100851075077e-05
0,0.0007570028145531053
0,4.7655905659315714e-05
0,0.0009917820480020672
0,9.725410100247646e-05
0,0.0002337382347195926
0,0.004426596590363692
0,0.00016896006684330778
0,0.00014768790231911176
0,3.1353592648655136e-05
0,0.0007531090213751879
0,0.00012581788990477738
0,0.00013436306672405575
0,1.8405950182184877e-05
0,9.718080329175926e-05
0,0.00023873507190692048
0,0.0015347238706080685
0,4.0738044521198375e-05
0,1.936092406177651e-05
0,3.806312337667876e-05
0,9.100108711934575e-05
0,2.4424263675360634e-05
0,0.009976610278797747
0,0.0017370572275263898
0,0.00011328673673943596
0,3.874037263548512e-05
0,2.0124141465330118e-05
0,5.18367606962067e-05
0,0.0018857182580087498
0,2.3807078152724805e-05
0,0.00015901841620629672
0,0.00047306621270314103
0,0.00014024403631915947
0,0.00013464780035327405
0,0.00010188257091120112
0,4.314570176269978e-05
0,2.411764383433289e-05
0,2.9547233605941296e-05
0,0.00017097355784929464
0,3.5291280655711485e-05
0,0.0004957564334506596
0,0.00022340299941720995
0,4.9840025376631125e-05
0,0.0080486852453701
0,2.772159914912801e-05
0,4.90414330411511e-05
0,0.0007958524315142351
0,2.489936571177419e-05
0,0.0001571394456940981
0,3.152718854460605e-05
0,2.6988459194778505e-05
0,0.0020497194851770988
0,3.9289343961738834e-05
0,6.251334536142002e-05
0,2.820289636641656e-05
0,4.458637526929056e-05
0,0.00014030728827952153
0,0.0001841930728619167
0,2.2050418959507593e-05
0,4.4200270902433654e-05
0,2.070624761907221e-05
0,0.0001533309646035905
0,8.034295777591999e-05
0,2.4006748259891826e-05
0,0.00014001236223598582
0,0.00038184628520360355
0,2.9120967826391003e-05
0,0.00033444097992667857
0,0.0009927404839242871
0,0.0035754545299973356
0,0.0001644906826529359
0,5.959619948776079e-05
1,0.9768079611588094
0,0.00016208217840669138
0,0.000306400008315835
0,2.5799290726578548e-05
0,0.0013468520628603271
0,0.0006220329510843863
0,0.0001686270624282757
0,3.617804909254506e-05
0,0.003384173706145756
0,6.937832863828995e-05
0,0.007364156606591093
0,0.001881993688645667
0,0.0009932743206534135
0,0.00015525313234907823
0,0.00014293722401803426
0,0.0007461009719253287
0,0.006796782306457424
0,2.1707416503083525e-05
0,0.00014559164326759342
0,3.893321354777266e-05
0,0.00015053575860148817
0,3.4577296546847826e-05
0,3.701313089530913e-05
0,0.0010371461396396148
0,5.0321653595037496e-05
0,3.5759611164811374e-05
0,3.0757303564177204e-05
0,0.00017894101084039155
0,0.00011478593453201233
0,0.0029812709127730193
0,3.370774178177659e-05
0,8.005581973374205e-05
0,0.014071485180604186
0,0.00017220730645872516
0,3.100309640485112e-05
0,0.008414928384851647
0,1.764202925578728e-05
0,0.002298025678973605
0,0.00014683857271391467
0,3.143667860322221e-05
0,4.829824010099504e-05
0,0.0008325329854319002
0,0.00013621461698336225
0,0.00028132102586908504
0,0.0002754555004679226
0,0.0001675263994425779
0,0.008164533186232592
0,0.0018790129985983169
0,2.8623864390424997e-05
0,3.2693845033829986e-05
0,2.2385078418117055e-05
0,3.908913307135712e-05
0,0.009883924681253833
0,8.914857366873385e-05
1,0.9635076953500209
0,8.941857842752577e-05
0,0.00017256627449783494
0,0.0003297301586748563
0,0.00011739423058785053
0,0.000350332160281434
0,3.314231575230527e-05
0,0.0024087082688407377
0,0.0011162639488090087
0,0.00023363535677827784
0,0.00015591151922285466
0,0.00032082264698842124
0,5.2675498674717974e-05
0,0.0001337330491309391
0,2.9961207885617757e-05
0,2.3708253633656423e-05
0,0.0002831591945612802
0,0.00018203311012721907
0,3.958605585403502e-05
0,0.0028164159493321204
0,0.00010110100139142736
0,5.876998168727085e-05
0,0.0007348474525188558
0,0.00016538839621549814
0,3.2458900959522875e-05
0,6.797481645688341e-05
0,3.843093785043525e-05
0,0.0004019218439004473
0,0.012750847666015572
0,4.419065122388643e-05
0,9.703643167387324e-05
0,4.22254083815304e-05
0,0.00011037946845993844
0,0.0020168750694119523
0,5.621471549616273e-05
0,7.34102799764632e-05
0,2.754288256199655e-05
0,2.096877748731767e-05
0,0.0001254611515288926
0,0.00017123039361167006
0,0.0002197042583253679
0,2.3799932336745487e-05
0,6.593766018966229e-05
0,9.344164855225364e-05
0,2.7647660047594063e-05
0,0.0029307417704849048
0,0.21787098115547462
0,5.1443175122084404e-05
0,0.00027252931891823566
0,0.00015092140878556856
0,9.447172299984105e-05
0,0.0023548435363315856
0,3.3337354943578506e-05
0,5.8333100567222585e-05
0,0.0004304715360502782
0,0.0002761936292140327
0,1.838758832614574e-05
0,4.054018039813477e-05
0,0.00010923848490442485
0,0.0010141245246665905
0,3.3864147235677616e-05
0,2.6899424512745205e-05
0,4.318632781075646e-05
0,4.6627249867009644e-05
0,0.00036367837323766396
0,0.0010797639977642877
0,3.654974889837869e-05
0,0.0007943603565060119
0,0.0002584314155225113
0,2.5615027244338134e-05
0,0.0015901109527018257
0,3.2237800073238885e-05
0,0.0002488984785211363
0,5.4110620421097556e-05
0,6.068481747155399e-05
0,0.0015088485514913085
0,0.00012329090610484528
0,0.003649732692728665
0,0.0003423547093335577
0,0.00013460513569590256
0,6.814710401058599e-05
0,7.298943897499309e-05
0,0.00028603163863560627
0,3.218110084263096e-05
0,4.3184915254512965e-05
0,0.00014295429780846193
0,2.976198233901416e-05
0,0.00011633168358575352
0,6.069819779620778e-05
0,2.739823857647818e-05
1,0.9872554611747868
0,0.0009719790385877835
0,3.6006662269153296e-05
0,9.81635018815543e-05
0,0.00021916264492749526
0,0.005468867008754406
0,0.0002370870117453541
0,0.013360913246993655
0,2.4068369229202792e-05
0,9.265983036557943e-05
0,2.7718038872729998e-05
0,2.1935849644694684e-05
0,0.00018710957505131028
1,0.9993305359650784
0,3.2624172307758385e-05
0,3.566604064268445e-05
0,2.2663354783123808e-05
0,0.00013636619670773491
0,0.00022068521946083078
0,9.501025056993396e-05
0,0.00018604799209045057
0,0.00015078984099394917
0,0.00015495540700821535
0,4.825740302718115e-05
0,0.0006912206493424873
0,0.00019730460810182959
0,0.00011161555934648832
0,2.8219694228364508e-05
0,9.77832524051525e-05
0,2.7174356102588234e-05
0,0.00015828610728341435
0,0.0005999923759914213
0,0.0013651034072146389
0,0.00016016718140272863
0,4.210249444391972e-05
0,0.0001303017572143319
0,0.00019712203909285614
0,2.0869628083811976e-05
0,0.0002802558297450319
0,0.00014908914042132296
0,0.0005544218039022403
0,8.966891210394364e-05
0,0.0006464194558154715
0,0.000196535714204039
0,0.0007376168902549181
0,2.9557667237151695e-05
0,0.0001488723993971557
0,0.0003525001703508991
0,2.7066128080669068e-05
0,3.064899319894954e-05
0,2.6838120478761248e-05
0,2.73625901470895e-05
0,3.591535054146705e-05
0,2.2480182921599666e-05
0,0.002606806797835006
0,0.00028500667321962184
0,3.417899665163984e-05
0,0.001932785820824406
0,0.0001313782219436146
0,0.000306862531866118
0,2.6692825160352012e-05
0,0.00017014510609055403
0,5.246131869645588e-05
0,0.002340973159115409
0,0.00022273754273769087
0,0.00013396408721806286
0,7.166047589469244e-05
0,0.005454784954359623
0,2.4575306765994237e-05
0,3.500211525235793e-05
0,0.0008207388496429166
0,0.0001691161454946502
0,3.104533398506721e-05
0,3.145123029906415e-05
0,9.357398182012612e-05
0,0.0039019664690731343
0,4.0294699176354614e-05
0,0.004373463868426175
0,0.0007265539665578285
0,4.077348262795922e-05
0,9.263674980807613e-05
0,0.0003720377485569819
0,3.9802333037604706e-05
0,0.00012521154731698938
0,3.946879186881909e-05
0,2.399256800197059e-05
0,0.000165330029113554
0,2.3297529028797952e-05
0,0.00017324107260344014
0,3.926652248667376e-05
0,0.00016273319083034727
0,2.8732147134653167e-05
0,6.622694053334042e-05
0,5.691601740662946e-05
0,0.00031376991775651557
0,0.0008862691177767533
0,0.0006180696460113087
0,0.0007294867677781794
1,0.9977060233227832
0,3.133727223125742e-05
0,0.000351576804426297
0,0.0010885310159176092
0,0.0004584641611183903
0,0.005144821628790271
0,0.0001716532451211227
0,2.6830088552594127e-05
0,0.00024379043450172697
0,0.00429381992320295
0,2.1851560652663568e-05
0,0.00018741480202006956
0,3.871194248693009e-05
0,0.0003679549273692044
0,3.320318248466162e-05
0,0.00015790729560512633
0,6.729396111994136e-05
0,0.0001407614265868592
0,5.036391767973316e-05
0,3.2858946869359974e-05
0,0.00016584140991757768
0,4.1589644645420864e-05
0,0.00017702719907984374
0,0.0011828467453073618
0,5.103566615411192e-05
0,3.140084678526262e-05
0,2.446660156626097e-05
0,0.00013257685568969927
0,0.0001787602174172869
0,0.0009241011850600907
0,0.00020805778870868
0,0.0002792799245974772
0,0.0026039636044081086
0,0.0004917196587177368
0,2.5642772802175703e-05
0,1.927865770205295e-05
0,0.00018672827277305655
0,2.5167637918090552e-05
0,2.6999812568692054e-05
1,0.9143820793569412
0,3.445152966145556e-05
0,0.0001421565851983825
0,2.1077784632176982e-05
0,0.013786193436643269
0,0.00013301932305539245
0,0.00031260337682374403
0,0.00011592463266053748
0,3.433420188646367e-05
0,0.00010117852691951645
0,0.00022874949460841674
0,5.9266302112654695e-05
0,0.0001366093821595231
0,2.597283216463988e-05
0,0.0012616393279927052
0,3.197445888714887e-05
0,0.010839657746784909
0,2.0516309871812923e-05
0,0.0005277607074807072
0,6.341360308137539e-05
0,3.053694657653928e-05
0,6.703187340819247e-05
0,0.0001543244196177283
0,0.001375382699378405
0,7.289136190625997e-05
0,4.199989029628154e-05
0,0.0002871471246950552
0,4.199227608785715e-05
0,3.4333611363363944e-05
0,2.9454042346229716e-05
0,0.0003294711021804657
0,2.6750358333386204e-05
0,0.006289930259311741
0,0.0001317599278517207
0,4.271768066935009e-05
0,9.095191377271582e-05
0,6.663000588478341e-05
0,0.00016540044643638803
0,0.0009424440484817523
0,0.0004828239087512166
0,0.005517333565313618
0,0.00015973484045570647
0,2.4628770753154973e-05
0,0.0001915187423565358
0,0.000409402577071433
0,0.0002507954380119976
0,3.14267660843233e-05
0,0.00016563338225260754
0,2.3973400678938137e-05
0,0.0007439251530940476
0,9.638944800244138e-05
0,9.412770705935894e-05
0,3.857798504016018e-05
0,6.898929384356409e-05
0,3.812958342768927e-05
0,0.0009677613688549846
0,0.014024494956907973
0,0.026566333125963213
0,3.757753172460844e-05
0,3.889255299384484e-05
0,4.0953111680743015e-05
0,0.0011858113020307922
0,1.8033430281240632e-05
0,2.4677484297594995e-05
0,2.6976676853774638e-05
0,0.00014596929259093976
0,0.00012994098041360034
0,2.997287357506431e-05
0,9.649729672830932e-05
0,0.002889880271387332
0,0.0006955781967571015
0,3.4445634820436764e-05
0,0.0006003730055674529
0,5.988374952693391e-05
0,0.00010601069685311583
0,1.5447706573397064e-05
0,3.522094189928817e-05
0,0.00010966560412190562
0,2.3772192813919804e-05
0,2.250809448602589e-05
0,0.022892290867957285
0,0.0004587855549781865
0,0.0001245766887016189
0,0.00018276470316941473
0,1.3318312687550147e-05
0,0.00033676691267739433
0,3.6763492912086134e-05
0,2.6767246584683675e-05
0,2.5909519504751553e-05
0,3.5128200801734445e-05
0,4.7885436892225976e-05
0,0.00016041279523169508
0,0.00010658924192438162
0,0.0006652620848995929
0,0.00026578988445420096
0,0.0002579712771342245
0,2.8889439804555497e-05
0,0.00016116107153838573
0,2.3916153318578386e-05
0,3.112921501157617e-05
0,0.006130241217611944
0,0.00017781818826358595
0,2.7697416687925446e-05
0,6.23065036095925e-05
0,3.293154019784339e-05
0,9.132373671822543e-05
0,4.36053226869385e-05
0,2.8893470810761894e-05
0,0.00011905877922125195
0,0.0006846688967023779
0,3.502635919584142e-05
0,0.00036918465284554953
0,0.00010616431344951027
0,2.0862382648727463e-05
0,0.0002068066637688411
0,4.33504324818081e-05
0,0.0010655266214778184
0,3.590665890897604e-05
0,2.89807589315702e-05
0,0.00016008302158219235
0,0.00011368331737779508
0,5.427039504937135e-05
0,0.005764300939073472
0,0.0004130919622099433
0,2.9990141279389333e-05
0,2.297215711309938e-05
0,0.0014264375256536103
0,2.2158384457416332e-05
0,4.070215998405264e-05
0,3.437532490665282e-05
0,4.120936640922319e-05
0,2.5540713115877688e-05
0,2.9812347186370577e-05
0,3.175947553337203e-05
0,0.0001926926112370732
0,0.00012374473677859472
0,2.7459524360339053e-05
0,5.506694739015909e-05
0,3.1831733800964674e-05
0,1.9066062561045123e-05
0,1.8985002767168166e-05
0,0.00016894435703324458
0,2.6160905701745437e-05
0,2.7116640867053377e-05
0,0.00016386195108394392
0,8.72178165841785e-05
0,2.837664276305101e-05
0,3.068403833675792e-05
0,2.0496178228865163e-05
0,0.0005202502383354231
0,1.2177413272253286e-05
0,0.0001621246415438986
0,0.00028982328680912623
0,2.5675165861472767e-05
0,0.00045232472031734574
0,4.0251175488792936e-05
0,6.401857696736979e-05
1,0.9990244728905021
0,7.665298139399372e-05
0,0.00013011770908459864
0,0.0017276487782682242
0,0.00013991458624874274
0,3.20408866829024e-05
0,2.7339004375538818e-05
0,0.00012214838003012766
0,3.032977627992676e-05
0,5.223791186261706e-05
0,0.00011992186979529902
0,4.4194909935836265e-05
0,0.00012679299887898696
0,1.9178180061605195e-05
0,2.1175284721370165e-05
0,3.896006663886457e-05
0,0.00012458250552325705
0,0.005101308641373477
0,0.0006408000020730154
0,0.000719620895893927
0,3.002228249489354e-05
0,0.00010186712321989486
0,0.0009765318811442156
0,4.006503632564216e-05
0,4.282514357059869e-05
0,0.0009570627134562688
0,9.45993356133282e-05
0,0.0016672421318194598
0,0.0001210563123576042
0,0.0009069446270882742
0,0.0002256292206095138
0,9.056172082304603e-05
0,0.007323920117812531
0,3.9862102349106734e-05
0,0.000209173405372942
0,2.9226036221126932e-05
0,3.1844785729291765e-05
0,0.00041078114657865046
0,0.00012486210090102058
0,1.2981996322567883e-05
0,4.739496562830898e-05
0,5.121236213660423e-05
0,0.0011765199061837199
0,0.00013531098864087476
0,3.05674762027772e-05
0,0.0002026100380836661
0,4.646962568273124e-05
0,2.4289235770184813e-05
0,0.00018488283469756973
0,2.555157566306669e-05
0,0.0003475219959728432
0,0.000154120600891892
0,0.0001112951685856663
0,3.774246993818078e-05
0,2.0313342332987265e-05
0,0.00018587602027097128
0,7.05851725190672e-05
0,8.901825829136107e-05
0,0.0009252605336481231
0,0.00045055668334251627
0,6.665461949488771e-05
0,0.0014046324808330184
0,0.00022369538043121498
0,0.003854617385549821
0,0.0001674056325506011
0,7.290697479581982e-05
0,3.478245675378638e-05
0,0.0003942263474122212
0,6.804764729430901e-05
0,7.466092206595167e-05
0,2.00660800394696e-05
0,0.0001476920130640439
0,2.1855531825861266e-05
0,5.7398439629283656e-05
0,1.8834394652766694e-05
0,0.00018112364418520916
0,6.297049097499161e-05
0,5.81815418093377e-05
0,4.4397675324391205e-05
0,5.211362628233899e-05
0,0.0018816077672732295
0,3.238143198748235e-05
0,5.6464723990454956e-05
0,0.00023748542926043734
0,2.594101025674528e-05
0,0.0005932052831783771
0,0.00011242866452059563
0,2.7118215447245548e-05
0,5.0367646287872246e-05
0,0.0001901799351801306
0,0.00014848541964481636
0,3.2972255610951e-05
0,1.8867208835383666e-05
0,9.225624684677917e-05
0,0.000654048063158432
0,0.000225463993115893
0,9.712237303121034e-05
0,2.834356947458662e-05
0,0.00018873940465729766
0,0.00012381394232796535
0,0.0001259900248857353
0,9.543332299771497e-05
0,4.6515087512842904e-05
0,0.0001699441454932851
0,3.825858356332382e-05
0,5.8109485988491626e-05
0,2.5729420967552193e-05
0,0.003917526651504965
0,0.0013708977673852327
0,0.010844356446701257
0,2.600005028424937e-05
0,4.750357246755133e-05
0,0.001114831445234988
0,4.8245932850793475e-05
1,0.9971177212128347
0,1.966272291469869e-05
0,4.539143476040036e-05
0,0.0005699290525820498
0,6.715574012191231e-05
0,0.0009842383688781038
0,8.44729567170318e-05
0,6.991245814829712e-05
0,2.4687991310914756e-05
0,4.268751669777862e-05
0,0.0005288949836758746
0,6.361080300515877e-05
0,2.856528546552444e-05
0,0.00015403806374952845
0,5.990166737148201e-05
0,0.00017733378189606515
0,0.000316038094021069
0,0.00010895972465402846
0,2.6360575236297355e-05
0,0.00012389509233952733
0,5.728816118846584e-05
0,0.0041221666469864
0,4.8482870592305496e-05
0,0.00010335645062913385
0,7.538004904995049e-05
0,0.0003373454453799985
0,0.0001536949275894097
0,2.462514211391589e-05
0,4.1679584629795616e-05
0,0.00010835972505878498
0,2.9895454634566224e-05
0,0.0001686294291568481
0,0.013600898677377586
0,4.5747006970640585e-05
0,0.00016823095570978053
0,0.00010735822004460683
0,3.3020091682832135e-05
0,5.423119214292986e-05
0,1.8319254214082282e-05
0,4.7434621933535664e-05
0,0.00018163760304210365
0,4.458668854215018e-05
0,0.0010016444421941575
0,0.0005618338008064111
0,2.5926927511009744e-05
0,3.776517308900942e-05
0,0.0003516883560647574
0,0.00015127804453288261
0,0.0005057871543580343
0,0.0015001541433490406
0,0.00020239585724461835
0,0.0003360285948253827
0,3.5194729403620445e-05
0,2.713559590212399e-05
0,2.8459183441223874e-05
0,1.9803225112060008e-05
0,0.0032339089734083498
0,0.00018438061234283152
0,6.449740776599185e-05
0,0.002118172175918012
0,0.00016459315314147613
0,5.4903244482478613e-05
0,0.00014761117432815697
0,4.928414168761529e-05
0,4.353300684545844e-05
0,3.074796049880183e-05
0,0.00025782078712840187
0,0.00018432008688012738
0,4.0863108388254906e-05
0,3.7779533662240624e-05
0,0.0027578264689344994
0,2.6436668493202084e-05
0,0.0004993841869024298
0,5.705427809735293e-05
0,4.25384837363403e-05
0,0.0005746956470630799
0,0.001353692717275966
0,3.8324253661845124e-05
0,0.00020554486093920336
0,8.304239359351892e-05
0,3.0263143619786146e-05
0,0.0008995535536665527
0,2.2943494951583415e-05
0,0.000885692268349699
0,6.087337636722705e-05
0,3.275575780598171e-05
0,0.00017816618620151647
0,2.5091354849275764e-05
0,5.736623527349326e-05
0,0.00016825453361569287
0,0.0001994246718186454
0,0.009556373753759543
0,0.00016379946234571256
0,0.0001706246499439724
0,0.00010924207952140195
0,5.380450899371425e-05
0,0.0001409511220911689
0,0.002976494957332108
0,5.645911670490786e-05
0,2.5181044679167347e-05
0,0.0060477388554033866
0,3.485979113191143e-05
0,2.620577741317887e-05
1,0.9978402951378652
0,0.00037452896330084816
0,0.00033119121014015885
0,0.0001160197568193735
0,0.00020095783983365827
0,0.0032581037707601016
0,0.014264473165770916
0,0.0008549367858576118
0,0.00015947092309954764
0,0.00017736326559495522
0,0.00053548020643697
0,5.189415903390581e-05
0,4.820864276814609e-05
0,0.00019097714770974946
0,2.9271173480086854e-05
0,5.214910471408453e-05
0,2.6457269827719715e-05
0,4.551582975301068e-05
0,0.0001432419989086347
0,0.0026313805792244262
0,0.00027149890333677166
0,2.958333974008559e-05
0,0.0002623890911811174
0,0.0006058187648234188
0,3.365683335967125e-05
0,0.0022057749459426386
0,5.660284524731074e-05
0,0.00039192524860277015
0,8.162568348529407e-05
1,0.9883430924658756
0,0.00018015053115052055
0,4.075020519892361e-05
0,0.0007026776077320667
0,0.0003081575145313413
0,0.00026620714881340113
0,0.0002080783124303767
0,0.051604471975574856
0,0.0027404404369796927
0,0.0005444746615390867
0,3.3155079921515325e-05
0,0.0001298767073260567
0,4.1048648595173125e-05
0,0.00018078721667922414
0,0.00024063896400003282
0,4.812131518791541e-05
0,3.185361581767498e-05
0,2.217320013543256e-05
0,0.0002894086861995683
0,0.00015732661923178895
0,2.4399429511935717e-05
0,0.00011638242777194494
0,0.05519882962160731
0,0.0034642735762712125
0,0.00016406025359423057
0,4.657273632094706e-05
0,3.256871484171208e-05
0,0.00040134769107879844
0,0.006274470060342235
0,3.8451404126073976e-05
0,0.00020497259183873304
0,3.733302631741999e-05
0,2.9705138657845874e-05
0,0.00033839757756023054
0,0.00217710076509908
0,0.0013530321066916053
0,4.0820454014616896e-05
0,0.00040693316932988665
0,4.19837170331094e-05
0,5.103589360116011e-05
0,4.588411445070648e-05
0,0.00020830838754983458
0,8.022759190969491e-05
0,3.236292379642661e-05
0,0.0002041309862257007
0,2.7877617683266617e-05
0,0.00011637298182530727
0,0.004818326144342337
0,0.00046449083737571295
0,1.8190808824265956e-05
0,0.00022625700508216727
0,5.365647299498479e-05
0,6.117647430451095e-05
0,0.00015085926159646334
0,0.0009906129707859784
0,2.8232037686672478e-05
0,0.005580691981504102
0,0.00013673482429054683
0,0.000191407576045062
0,4.289766170647375e-05
0,0.0001605860841172749
0,0.00019504566036178514
0,0.005313582205746648
0,0.0006265124501257367
0,0.00017278507117487782
0,2.6333630941154886e-05
0,0.0010985529542026503
0,4.3645505475816694e-05
0,0.0014904608304513226
0,2.727030100162504e-05
1,0.999099072950426
0,2.498607637639419e-05
0,6.520263391887833e-05
0,0.0003747500653210104
0,0.0007583790436541687
0,6.135165837080427e-05
0,0.0008007466578117571
0,0.002338148752881222
0,0.00018876172935822317
0,6.288016145477882e-05
0,4.435335498435064e-05
0,0.00015288699552867596
0,2.7278172723288558e-05
0,0.0002106224609912566
0,0.00026467427420275453
0,0.0001012689009720094
0,1.565652206025638e-05
0,0.00010610267005799296
1,0.9944504843799419
0,3.344850299101483e-05
0,0.0005884881248058511
0,0.0003025132403962938
0,2.9319494352203848e-05
0,3.117549018736051e-05
0,1.7770543451011657e-05
0,1.6942244562108796e-05
0,0.0023977507486092706
0,0.00045106498412277496
0,6.04875812507095e-05
0,0.0009904599835830548
0,0.00015142364353499323
0,0.00022965548968887148
0,3.389084768489631e-05
0,5.284258354284828e-05
0,0.0004258080521886052
0,0.0002631383930710714
0,0.00029415106838697673
0,0.013054612331520058
0,0.0016949240424275814
0,0.00011968914358291826
0,0.004124464429205467
0,3.557955126300564e-05
0,2.897248945462131e-05
0,0.00011529994104427967
0,0.000423174064222961
0,0.0001959045396092571
0,3.618493012706108e-05
0,4.7281018833176145e-05
0,0.00012724171178392772
0,0.0019913905212758307
0,0.00017361162741122457
0,0.0002156457351697353
0,2.7660055225257076e-05
0,0.0036893416383622143
0,4.015901548878534e-05
0,0.007100811827861927
0,0.001953482356130607
0,0.00015040576100919822
0,0.0003722670089186826
0,2.473344633882983e-05
0,2.649163557688076e-05
0,0.000624516378318095
0,5.392810274477018e-05
0,0.00020882469726314238
0,3.202871438353237e-05
0,9.781317007114682e-05
0,7.246588458081916e-05
0,0.0055566488208089
0,0.0008035825670147371
0,2.578101734451315e-05
0,0.00016182084571570848
0,0.0001936790425972095
0,0.0002588177302177814
0,0.00017438381731332562
0,3.776512274909041e-05
0,0.00013222947696497648
0,0.002862584760112731
0,0.0003128820451225916
0,3.2185963563856625e-05
0,2.609227448722591e-05
0,8.809599022098608e-05
0,1.7460222811359504e-05
0,0.00015890263675145095
0,6.978560992588254e-05
0,0.005884406205609216
0,0.00022711121837129574
0,9.900254411927691e-05
0,0.0015881136188426598
0,0.00014304773102875816
0,0.0005742014830903933
0,8.611963967918684e-05
0,4.4328002052113335e-05
0,0.003330115589016906
0,0.00016976810910532925
0,2.635360274101514e-05
0,2.9834537574275116e-05
0,2.5594249003870196e-05
0,1.8478552852843097e-05
0,0.00015098553814409693
0,6.720074520034501e-05
0,0.00016620676483700828
0,0.008343100144922774
0,2.1796381656038363e-05
0,2.1584668279119514e-05
0,0.010521215958528911
0,3.471486361959099e-05
0,7.707736169501624e-05
0,1.8905246998433425e-05
0,0.00013413489833284144
1,0.9628421473082068
0,0.0001500590058493595
0,0.003943232962054642
0,0.00022833649772038443
0,0.00037641077058224345
0,0.0006694373531605452
0,0.0002566627956589722
0,4.1170704958184744e-05
0,2.977440772476095e-05
0,2.605426818607626e-05
0,5.290238287682464e-05
0,0.00021125198723830754
0,3.0434835649492607e-05
0,8.790999573987787e-05
0,0.0006044138756558003
0,5.870645524884725e-05
0,0.00012201192947197261
0,4.008544693755536e-05
0,0.0003248494073636865
0,0.00012719713258548364
0,0.00019717709697583986
0,4.7502891727872614e-05
0,0.00029126618988357554
0,0.00014438386261363196
0,5.112107137659083e-05
0,4.085290318188347e-05
0,2.967370205813187e-05
0,0.00042911778980185116
0,0.00014967297750816236
0,0.00026318523283785835
0,5.767856465940408e-05
0,3.203126390230299e-05
0,0.00020785447577930524
0,4.753451995833892e-05
0,0.0016946648426415928
0,6.0297557842016926e-05
0,4.3335779836625117e-05
0,0.0002372763724375439
0,0.00033476570854259173
0,3.181985823264904e-05
0,2.1449719080587193e-05
0,4.076996488468681e-05
0,3.891871647054461e-05
0,7.016843747655669e-05
0,0.00030228707700564696
0,0.0017834129707179095
0,0.0001544775500399337
0,0.0009056633706478215
0,0.0016276637457592104
0,0.00047588624042662605
0,0.00010867251095926174
0,5.2014990780670086e-05
0,0.0005489521282750012
0,0.00014825500872422097
0,0.0002699200547246674
0,3.29619760013277e-05
0,2.9645234927094547e-05
0,0.0007097715508810168
0,2.8590899610542905e-05
0,8.811678134479288e-05
0,9.653116425509637e-05
0,0.0006442962405813746
0,0.0002922868009106485
0,0.0006484868969767386
0,4.241779661365952e-05
0,2.256293800383164e-05
0,0.00015421137743264893
0,0.0002220362154100233
0,3.124401998684302e-05
0,0.00034568355522288747
0,8.896041853487603e-05
0,2.5674599038516218e-05
0,0.00046252965480611226
0,2.7173224261814545e-05
0,3.183238491184488e-05
0,0.00032638318131214105
0,0.005943427283567839
0,0.00022280847430351117
0,0.00010495495073430062
0,0.00016826411660059065
0,2.4611456975385794e-05
0,0.0019489643353864214
0,0.0002870779576932235
0,4.467943561924573e-05
0,2.520475298778554e-05
0,0.0001393187693862848
0,4.586012193124491e-05
0,0.0005809694180826613
0,2.934948329677533e-05
0,0.0016121414008735267
0,0.0003103463488468473
0,4.209531308497957e-05
0,0.00024898356927863106
0,4.3408297349469105e-05
0,6.773698322657915e-05
0,3.361838111758138e-05
0,1.888774968397611e-05
0,2.6299318704429062e-05
0,3.8778517779659636e-05
0,0.005090636646174482
0,3.904077754045021e-05
0,0.00010953535812989832
0,3.953561488335029e-05
0,0.007953486535291092
0,0.00033158246228671105
0,5.682513532434316e-05
0,0.00020767283458071736
0,0.00014279480904168024
0,1.922191261190822e-05
0,5.352295591566433e-05
0,4.4123985120613526e-05
0,3.087905440700628e-05
0,0.0026935797389550224
0,6.57814294892238e-05
0,0.0006086413828657112
0,0.0049564839185785034
0,5.474412076470193e-05
0,0.0004875978992294509
0,0.0055702621070614295
0,0.004799821495453498
0,7.44233952068617e-05
0,0.00011184903622887523
0,0.0008363595031872819
0,0.00011739004112045556
0,0.003083511964567074
0,0.00029806861310593757
0,0.0004476197001715316
0,0.0001380885350910563
0,0.010792673192054186
0,3.0046219090783625e-05
0,6.35922958715987e-05
0,0.0006756387635233809
0,3.2096581781059064e-05
0,0.00032148411545856017
0,8.619128014564208e-05
0,2.8626881333978494e-05
0,0.00027872823516431674
0,3.30960189921315e-05
0,0.0010480192010160101
0,0.00010912637529357717
0,0.0003043639960451413
0,0.00015894370964605705
0,3.4425937506785396e-05
0,2.065770294413736e-05
0,0.0004135870108868043
0,0.0002560529054458596
0,8.674788013327118e-05
0,0.008193146867023158
0,9.639938349694989e-05
0,4.511672235629416e-05
0,0.0008399086437771497
0,3.353691292567025e-05
0,0.00019674414735511753
0,4.4241045261054946e-05
0,0.0002510639488860091
0,0.00010962763483745315
0,0.0004074468011265076
0,0.0001303523221442815
0,1.72254880040192e-05
0,0.0001861885432501887
0,0.004562139893906521
0,0.00015760343892131726
0,0.0008351316587476729
0,0.0001561944020553513
0,5.821450559883139e-05
0,0.001357437171083268
0,2.85585570793826e-05
0,0.00032284102431653434
0,0.0003294121619721383
0,6.271056988148503e-05
0,0.0021509241435932287
0,0.0001745852685346964
0,5.295574143430257e-05
0,2.0734042562424486e-05
0,0.01102991992225026
0,5.814987084887074e-05
0,0.00011784026241200408
0,0.00013311052248023793
0,2.7712462489303333e-05
0,0.00011468197053145514
0,0.0001084747618907967
0,0.00031400465220830245
1,0.9991643872841571
0,5.64198727686021e-05
0,0.00030019503561955283
0,2.6148334725428826e-05
0,0.00023341393216017131
0,2.7483911198747563e-05
0,5.79316673278984e-05
0,0.0002224182263068242
0,0.0003425792987951826
0,9.802012599252015e-05
0,3.143506771525744e-05
0,9.069683699498312e-05
0,2.189297618696694e-05
0,2.5729425520059225e-05
0,0.00020037695954170984
0,0.00011702826912771353
0,0.00021129068676299493
0,0.00024458365881486094
0,0.0005954982565852156
0,2.7839746791541538e-05
0,0.00367216694001189
0,0.00016498844872399644
0,0.0002205183121485428
0,2.331168977723041e-05
0,0.00011859223389764236
0,2.176703539980299e-05
0,6.247324192025561e-05
0,2.2517112686073168e-05
0,3.235752907406185e-05
0,7.426920825328632e-05
0,0.0001230301255826305
0,0.001217721402673819
0,0.0001312355117043584
0,0.00010516030396465487
0,4.9301819399007224e-05
0,0.0006300825868895081
0,2.1739418929642478e-05
0,0.0003396094873013406
0,0.00024770593355478244
0,3.2462345803616395e-05
0,9.561767073967064e-05
0,2.920292449551096e-05
0,0.002724785197836912
0,3.460331923332863e-05
0,2.710446979697943e-05
0,3.445252442016874e-05
0,3.274869371068211e-05
0,0.015089160679912549
0,0.00014245980753373538
0,2.668099652417842e-05
0,4.97796314213297e-05
0,6.940147451450693e-05
0,0.0002013645275027392
0,0.00016318256651518976
0,5.270322312390181e-05
0,0.00013674517482551083
0,2.1237018684710436e-05
0,0.0005074882699002177
0,0.00025506091832546893
0,0.000142371405185025
0,2.669450070138696e-05
0,2.2372807977210405e-05
0,3.081231127266391e-05
0,2.1390780202781203e-05
0,0.0006976875182919595
0,4.005844053564597e-05
0,0.0058920386427670215
0,2.702611815585779e-05
0,6.691749319123944e-05
0,8.963619525201178e-05
0,9.939314990115022e-05
0,2.2410386478008024e-05
0,8.494965645470867e-05
0,8.356971125406167e-05
0,2.610495854087945e-05
0,0.0003488341043540837
0,0.06415683579725127
0,0.00011728193671049842
0,0.00018671136182463543
0,4.4603440179964994e-05
0,0.00010833319708850933
0,2.423013953342363e-05
0,2.5197420205621146e-05
0,0.00014271209611132053
0,0.00019257370078824766
0,2.8643158207705935e-05
0,0.00024865393856024725
0,7.339503584318452e-05
0,0.0008840960277265026
0,0.0006836685665414666
0,3.0254295774090734e-05
0,2.1985365682404073e-05
0,7.5618278714108e-05
0,0.0014194133733510105
0,0.000388215022578033
0,0.0020063969351502287
0,0.00014204743037383
0,0.00027543524601302645
0,4.8617260484661075e-05
0,0.00013888930650413975
0,0.001234550971379017
0,0.00020194398052147394
0,0.00011713573619163625
0,0.03921399667746751
0,4.7362988563211926e-05
0,0.00011519152690588051
0,0.0002358331971167926
0,8.708200380743611e-05
0,0.0004990568380107026
0,0.005689428062113754
0,3.6822491960395253e-05
0,0.00014517563978999428
0,6.394567545171467e-05
0,2.697521122656991e-05
0,4.395445978471881e-05
0,2.889842449984366e-05
0,9.163687871540852e-05
0,0.0013325627975973055
0,4.3733775695793164e-05
0,0.05106549548928958
0,6.792829025569309e-05
0,9.641286589133945e-05
0,3.082721211959231e-05
0,0.00025087955653710386
0,3.750339812011378e-05
0,0.00014798561747136964
0,2.864308382245011e-05
0,0.00011568301291799618
0,3.6970601433759607e-05
0,3.1774514526646784e-05
0,0.0002591406879668104
0,0.000114218629996921
0,0.00011219258607277425
0,0.0013018306677997557
0,3.145724928138467e-05
0,9.50039644432287e-05
1,0.9984812035121441
0,0.000104789210246061
0,0.0003644625370572941
0,2.9141197810234312e-05
0,4.009880755008682e-05
0,0.00016311998520186118
0,0.00018330143157214464
0,4.493637028505615e-05
0,0.00036691874236633744
0,0.0007941740817320212
0,3.699947301329454e-05
0,4.397010652871666e-05
0,0.0001314014202226002
0,0.00013455884414811277
0,0.00023746588354272435
0,0.00010644988589786561
0,4.337625492362966e-05
0,0.00014496915036273236
0,3.528596390914421e-05
0,0.00032603301197490386
0,0.0005069190917443246
0,2.8627292872709207e-05
0,4.585899423201688e-05
0,0.0037222300932790247
0,0.0001892530815433188
0,0.005594997963297891
0,0.00368471204379256
0,0.0003462305935823326
0,2.0270590205502595e-05
0,0.0026329897925420525
0,0.00011944487246944587
0,0.0001778383484508611
0,0.0005368941334224667
0,0.0003379435959686154
0,0.00012750380178455347
0,9.184403616415915e-05
0,0.00017515373986351585
0,0.0001111312880689635
0,7.618692079046789e-05
0,3.536225959197175e-05
0,0.0005579990079462911
0,5.097517762597122e-05
0,0.00019557366326966848
0,0.0009691236025340326
0,0.0003290140307954486
0,2.6559727957218835e-05
0,0.009346531977448967
0,3.8446245204324114e-05
0,3.0610309801977434e-05
0,3.990323444196763e-05
0,0.0002693986795054878
0,2.8299314687303784e-05
0,0.0001554828413040969
0,3.1678591396544716e-05
0,4.202849835141214e-05
0,0.00016461745727042626
0,3.126052893329165e-05
0,3.288790190896534e-05
0,5.361744244310383e-05
0,4.649486749213869e-05
0,2.3764854176110816e-05
0,4.3822379782370125e-05
0,2.7050657403049956e-05
0,0.0018274473341494035
0,3.2966080871133516e-05
0,2.642086379500382e-05
0,3.0248496086276048e-05
0,0.0001230218493555948
0,4.7936685142615564e-05
0,0.00016607272209008948
0,7.366670472172421e-05
0,0.0003778036493403336
0,0.024266322146273916
0,0.00031206706176958545
0,0.00011509659366067841
0,6.27862435180597e-05
0,0.00014476026491095837
0,0.01885246450715332
0,2.3546335223189266e-05
0,0.0020670790628705845
0,0.0002170599135659019
0,3.229662316660046e-05
1,0.9996654008619941
0,2.985840386310135e-05
0,0.003621255111552838
0,0.0017965963724555516
0,0.0010304062307745303
0,0.00014166507206883565
0,2.7741436349567618e-05
0,0.00019453903416496226
0,3.88069487785339e-05
0,3.44034527767345e-05
0,3.976912495461651e-05
0,0.0006686599077281466
0,2.4729667583099786e-05
0,2.5864604706488434e-05
0,6.112709458867489e-05
0,1.8678248340072908e-05
0,0.00036529846967272135
0,3.27658541982761e-05
0,0.00011627160410183412
0,0.00025104508501012555
0,0.0005691074175968923
0,3.697514828915459e-05
0,0.0020216675211968548
0,6.667254681632974e-05
0,0.0002173613853640151
0,3.928375258234568e-05
0,2.4724421457078847e-05
0,2.6185553690972704e-05
0,2.369238240295507e-05
0,0.0002061267775144836
0,0.00015274261061091842
0,0.0011077443820274328
0,0.004291920953683599
0,3.951954193199742e-05
0,3.696356199219038e-05
0,0.0022687231076791194
0,0.00039913494510473226
0,0.0006613201016149548
0,0.00047304624403881414
0,0.00166706760703913
0,4.832947188949837e-05
0,0.0001170015047157676
0,0.00040874291346347844
0,0.00017256438283934516
0,4.841501850526083e-05
0,0.00020598871807759182
0,3.877127968007972e-05
0,0.0008668863850401541
0,0.0017346746330903987
0,4.3319713267773834e-05
0,2.2935975533137584e-05
0,1.850049289388858e-05
0,2.702138364051777e-05
0,5.254262209223761e-05
0,0.00022119980704541077
0,2.8064593145987778e-05
0,7.702353624471855e-05
0,3.262957564631495e-05
0,5.666510447290423e-05
0,4.471991523323013e-05
0,0.00585132893811412
0,0.00021037194884162595
0,0.0001000853776781892
0,2.385258682072442e-05
0,0.003611188168672914
0,2.898910965781319e-05
0,6.244667144194258e-05
0,0.00012683603018038775
0,0.00021746404167282565
0,8.19366440065849e-05
0,0.00022699799702579165
0,0.00012058406362923873
0,0.000200793984251481
0,3.711695679519837e-05
0,0.00017778447942449026
0,0.00011950066061193541
0,4.947022790350226e-05
0,0.0001267462297934684
0,5.580383351162288e-05
0,9.465234640812217e-05
0,0.003492817471286735
0,8.53809121686629e-05
0,0.0001441995887959214
0,5.7114917936094834e-05
0,2.168523885550161e-05
0,0.00017291960628127424
0,0.0004373094226911505
0,2.6122847207341782e-05
0,5.3520512180805386e-05
0,0.00018702205318045016
0,0.014833270766101065
0,0.008174573425920692
0,0.004342065745409551
0,0.0001510083726350314
0,0.0003952295885639556
0,0.00010662415815371423
0,5.4098915533630085e-05
0,0.00017765453900690293
0,2.0248772261901386e-05
0,2.06478732364592e-05
0,0.00038628477702561657
0,0.0002153142275307944
0,5.883736965010801e-05
0,4.0682505900067e-05
0,3.117364817068585e-05
0,0.00012318883019868873
0,0.0002183942793721443
0,0.0002991706904342826
0,0.00017117573585485513
0,0.02655486491005078
0,0.0005641622658333248
0,3.5871869882989475e-05
0,0.00013627519925091662
0,7.330276749427995e-05
0,0.0036201819982759533
0,0.0006355158466612372
0,0.00018967719664716962
0,0.00022019703323121806
0,9.895182448034943e-05
0,0.00016819701012441907
0,0.0011120160458642887
0,9.520134885902856e-05
0,4.9721617084554246e-05
0,5.3166760750376484e-05
0,4.3897153060720284e-05
0,2.6829975256265235e-05
0,0.0003360121891082434
0,0.0002615842469607868
0,7.743621435044386e-05
0,5.566360056362169e-05
0,0.002419571618574527
0,0.0005329378261436041
0,8.392645788797604e-05
0,2.7509306524629078e-05
0,0.00016331654319331888
0,3.51686330140983e-05
0,6.723406986027082e-05
0,0.00013063904106759975
0,7.89307799732535e-05
0,9.840765619479113e-05
0,0.00011535490169763821
0,0.0016407075529014472
0,0.0016601449291207806
0,0.003388589102311491
0,0.00027087328402499534
0,0.00041137101602391576
0,0.0002443099753552041
0,0.00023114129205043592
0,0.0005576046369871096
0,0.004484208946518902
0,3.5282010566757686e-05
0,2.444612048216327e-05
0,0.0001555793269841373
0,4.016180837310854e-05
0,4.037474632754796e-05
0,9.892935685126815e-05
0,0.0006981272014331539
0,0.0009049649847958169
0,0.0001611425155820837
0,4.365102472151047e-05
0,3.459430910565636e-05
0,0.0005844061626968522
0,0.00014356850496174714
0,0.0003731347045041974
0,0.002469347271413764
0,0.0001692944045910001
1,0.9979124631220181
0,3.526441492982906e-05
0,1.677971744072885e-05
0,0.0022940606448298463
0,8.868219215651152e-05
0,4.099030601106527e-05
0,3.6926110639723686e-05
0,0.000164066028553238
0,2.8848393739117268e-05
0,3.072932583809192e-05
0,0.00010123414990333066
0,2.8868152002520327e-05
0,0.00026561523310165974
0,3.0922267350348274e-05
0,0.00012463106380149376
0,2.6474383094109208e-05
0,7.678194950370771e-05
0,2.0381731772474166e-05
0,0.0007326874523971801
0,0.0001546798671749507
0,3.2808840191144456e-05
0,0.00016290530624004688
0,3.6031170594988535e-05
0,0.00012198473084414082
0,3.329213736328428e-05
0,0.00013184004190121935
0,0.00011574699471101489
0,0.000220708528957493
0,4.204916202181969e-05
0,0.00019095862165572982
0,9.573930065103872e-05
0,6.653039682079122e-05
0,0.0002130962113542715
0,1.9112196513028363e-05
0,0.00034010431040170264
0,0.0009187724140083285
0,0.00012341833421422666
0,0.0006198181015182573
0,3.646849223187276e-05
0,0.0017884505915204795
0,0.0002571789649943596
0,0.00019047950170041663
0,0.0001374119908676327
0,0.00047473054317423235
0,0.00023927354663268218
0,4.755941318074462e-05
1,0.9994505783699259
1,0.9975121328620956
0,0.0004323805688773534
0,0.0030297097047093345
0,0.006320150401682297
0,0.00020554643999240175
0,0.003524393706289849
0,0.011447865073517726
0,0.027543644234802444
0,0.000163611242684775
0,0.00037340481188672574
0,0.00011564583016212528
0,0.0026559761216360875
0,0.00040037704991658036
0,0.0003687715879924879
0,0.0001807652757986569
0,2.181010333020871e-05
0,0.00012309916159680077
0,2.936597104782071e-05
0,3.5624014052192525e-05
0,0.00017642190953620106
0,5.892839221083806e-05
0,2.5061978722551628e-05
0,0.0003301629277204683
0,0.0004484683214532288
0,2.4528649992265123e-05
0,0.00016994183829798786
0,2.2856419831246763e-05
0,0.000430519357283815
0,0.00012166665301683352
0,2.5550467471607666e-05
0,6.941475287050679e-05
0,0.0009579074804025657
0,3.0359298516864106e-05
0,0.00015799092916272367
0,0.0002565660076009436
0,0.00017170313573130458
0,5.156434294067407e-05
0,0.00010367233460375211
0,0.0004966567865763345
0,0.000449023882069007
0,0.0003493016730335615
0,9.171737725771868e-05
0,0.00015233414901498675
0,3.221120887687997e-05
0,0.00038093537518074324
0,6.338856597377603e-05
0,0.00015846081438091166
0,4.6608761687907596e-05
0,2.2491101817923825e-05
0,9.511472835165243e-05
0,9.523081171686037e-05
0,4.5727628578436125e-05
0,0.0003010237887629529
0,4.1685115262184405e-05
0,0.000710250138635534
0,3.6810878764452666e-05
0,7.894569859276005e-05
0,5.9218977063008606e-05
0,8.775322942404756e-05
0,3.0571800147320955e-05
0,1.9353099180993126e-05
0,4.9590604947560535e-05
0,0.00042732071919991064
1,0.999816399872111
0,0.00017944622348979017
0,0.00016634769431067396
0,0.00014904352683815862
0,2.725256011788423e-05
0,4.419663742067682e-05
0,0.0009023040636857556
0,3.23194001475482e-05
0,0.000160077935193529
0,4.2177765148283206e-05
0,4.640338151559981e-05
0,0.00116735723604504
0,1.846822021768682e-05
0,0.00025019831349885153
0,0.00042929427263373697
0,7.231494864383552e-05
0,0.0001410476294352582
0,5.0556161530148003e-05
0,8.525488995596284e-05
0,6.361309629960822e-05
0,8.233007853108248e-05
0,0.00014111560581389585
0,0.00032213485604560085
0,0.004845747765259045
0,0.0011365348560663346
0,0.00044762676134873743
0,8.798852907567051e-05
0,0.00010909301133482264
0,0.0019330484509124985
0,0.00024369020522311988
1,0.9993561230459258
0,3.16536874775722e-05
0,0.00010123179413601315
0,2.3697796149690245e-05
0,0.00015238457889905931
0,5.116306978113295e-05
0,0.0003719572621458711
0,0.0001590876881488935
0,0.00031492503909278806
0,6.012718675955502e-05
0,0.0002979328857428453
0,0.00043366456010854017
0,3.817056258868647e-05
0,3.3663235403646296e-05
0,4.177469221827432e-05
0,5.2783166669258153e-05
0,0.000363452897032165
0,0.0001425702396187254
0,3.603839666949299e-05
0,1.754224933207431e-05
0,1.925851247743634e-05
0,0.00019968568725161872
0,0.006979157030122725
0,0.00015041311875268963
0,7.03514781006281e-05
0,2.8257999224941475e-05
0,0.00020768881382686135
0,2.633286408730741e-05
0,0.00028645985378356314
0,0.005464293550300657
0,3.35617018188202e-05
0,0.00016361109917670068
0,0.0004931722882669592
0,0.001292021824961563
0,2.6092303690900664e-05
0,0.0002734601054629093
0,0.00014259987763922703
0,3.4379453685449395e-05
0,2.213110542845343e-05
0,0.006178227628945102
0,4.556619324136273e-05
0,4.1880196204939556e-05
0,0.00011824323689365804
0,3.2975536319238554e-05
0,0.0001901952512856342
0,0.0001346405670349774
0,0.003941536360436752
0,0.00116449374658038
0,2.73119125371906e-05
0,0.005188604566291022
0,2.0240544610108705e-05
0,0.00014354263067141974
0,6.831643691629489e-05
0,0.0004902814798655244
0,2.104592613836565e-05
0,5.4876387206701646e-05
0,0.002187808028303919
0,0.0001845166531225933
0,0.0002101262290643073
0,0.00024118430356311678
0,2.2157712149740516e-05
0,0.00017662851699152285
0,4.0121889241949665e-05
0,4.298845937223147e-05
0,5.934100347279804e-05
0,0.0003958597802998799
0,2.525352839690806e-05
0,5.314154062005579e-05
0,0.0005711742223653332
0,7.435174625589186e-05
0,3.362939234422605e-05
0,2.681646032182079e-05
0,0.00015970046933111697
0,6.603586547398137e-05
0,3.3322601553545024e-05
0,0.0017699022453544794
0,0.00011136306413832225
0,0.00026090434154619216
0,0.0018285344862035257
0,3.529685964551006e-05
0,0.0014861287879539872
0,7.4361748192363e-05
0,3.3040139150974796e-05
0,0.0001636987731396663
0,0.00013032899587703928
0,2.2901195469005612e-05
0,4.7478252574706635e-05
0,7.98029977860581e-05
0,2.0113389335191503e-05
0,4.478104185179275e-05
0,4.442627920732418e-05
0,0.0005077788900630783
0,3.627650216363063e-05
0,3.9277857703623135e-05
0,0.0001440607827005514
0,0.00018655215937992363
0,4.807702261596632e-05
0,2.2509065210074002e-05
0,3.231299604912317e-05
0,5.8580007538812814e-05
0,0.0001579273179001946
0,0.0010303652399109762
0,0.0006860419294147504
0,2.4174018839102346e-05
0,5.239144555448379e-05
0,3.367382729322642e-05
0,2.8441752816929587e-05
0,2.637310948233899e-05
0,0.0037098454395869214
0,4.950273688419237e-05
0,0.0002769346999465118
0,0.00015169227709077907
0,0.00012843313465194257
0,0.00015223666483927766
0,0.0377457628943802
0,0.00023065935085726756
0,0.00031199370846043424
0,7.529061414592622e-05
0,2.887467291968193e-05
0,4.230913036674392e-05
0,0.00019215535515479986
0,0.00035799058323334577
0,0.00016239887361730183
0,0.00030765340734089183
1,0.9190091267636145
0,0.00013783910056622782
0,3.06874002314464e-05
0,0.0005250457932278579
0,0.00016932275238418085
0,2.2480221092523336e-05
0,8.800082313156925e-05
0,3.203071399488915e-05
0,4.291212535687736e-05
0,3.2550221490819844e-05
0,0.0006398883079350223
0,3.989706700302855e-05
0,4.595984275978296e-05
0,0.0004078219997122186
0,3.0045533386662686e-05
0,8.029261261291101e-05
0,0.0005628346070507719
0,0.0013348824312203295
0,0.00015337824159011897
0,8.5586472586696e-05
0,9.254179834001361e-05
0,5.009620218646349e-05
0,2.37316932007312e-05
0,2.1490642698327276e-05
0,0.0007905336192851269
0,6.403940581606955e-05
0,2.3065092177913672e-05
0,0.00027648770867062556
0,0.00014674811151069267
0,0.00018014839861937946
0,0.0002933998879164335
0,3.699323287940915e-05
0,3.820892650160378e-05
0,0.0024916181063134725
0,0.00010755830229126933
0,2.9340662177229712e-05
0,2.572204501642459e-05
0,4.621841745677554e-05
0,2.473364497714318e-05
0,0.00012860363414211604
0,0.00010624849345522257
0,5.45111334857754e-05
0,0.00034260621676400656
0,2.7508241914912854e-05
0,0.0005210526480813718
0,2.1511234320970845e-05
0,0.000253481243480442
0,0.0002040961858529329
0,5.1120946440426985e-05
0,0.0001449459910147051
0,1.9414871902412625e-05
0,0.00012561866616294797
0,0.00019269930263899324
0,0.00018305199019823669
0,8.70463877367664e-05
0,4.57416997628663e-05
0,7.642833499150331e-05
1,0.9998073384217622
0,1.6151948864432066e-05
0,4.2225088613608316e-05
0,0.00023849406172828412
0,0.0008118468173706285
0,4.709330411194866e-05
0,0.009962519534469546
0,4.808717461457249e-05
0,0.0001223728202559764
0,0.0002575722956811629
0,3.7767066205416494e-05
0,0.00011568584624920788
0,0.00011387459232123058
0,3.9426155597665596e-05
0,2.266596800032585e-05
0,2.5426389470641888e-05
0,0.00033790734934532787
0,0.0011522346981432785
0,0.004866093715693826
0,4.300267949964097e-05
0,0.0021246921926982524
0,4.507589365463196e-05
0,0.0001241194374087091
0,3.306668351571512e-05
0,0.00016531640836817658
0,4.2505658853112164e-05
0,3.306253838063271e-05
0,0.001942135713672773
0,3.7433734227802904e-05
0,3.05521076185558e-05
0,1.4840548212334107e-05
0,3.0444525603739157e-05
0,2.878204689974773e-05
0,0.0001464339410217568
0,0.00011563867272909889
0,7.40154434900762e-05
0,2.6076222069265333e-05
0,0.00013408118420536652
0,0.00018328349481228437
0,4.048083973483731e-05
0,0.00017313710953190714
0,4.0834220130730744e-05
0,0.00031258044767804434
0,2.4166751742661974e-05
0,0.00023699951964261946
0,0.00023828533765155242
0,0.0016620824659492198
0,2.8901400707641933e-05
0,1.610158106447387e-05
0,4.063711733931721e-05
0,2.2408313858371428e-05
0,0.00028769121205065977
0,2.4768628622944298e-05
0,0.0002698269156738104
0,7.570671285564385e-05
0,0.00025867205472772685
0,0.003182695510522155
0,0.01528324299454848
0,2.015407088558802e-05
0,0.00034928273187365133
0,0.0009392670592141981
0,0.0001854668604997567
0,2.5554066884749732e-05
0,3.110918520153981e-05
0,0.0010949501380930076
0,6.017467266931034e-05
0,3.484642704339893e-05
0,9.006722692809371e-05
0,0.0002130654781840616
0,4.3303669731821435e-05
0,0.00021844095994937463
0,2.5271711565826656e-05
0,0.0010321435022319996
0,3.1222231986107055e-05
0,4.854131164160323e-05
0,0.00014508990064476528
0,2.138986185863637e-05
0,6.224852706369861e-05
0,0.00023550148309722595
0,0.00019138644567288574
0,2.5584379089172984e-05
0,5.027299813332602e-05
0,0.0008380011237145946
0,0.11769011861722307
0,0.00012559970815475822
0,3.966193628619852e-05
0,3.330559241673962e-05
0,6.81554213167524e-05
0,0.0001799632051807554
0,0.00024163647839205372
0,0.00019717363591799549
0,9.98845538199163e-05
0,0.0003037410461322558
0,5.23989308149207e-05
0,0.00015674250265974404
0,0.0008387919595262928
0,3.660722000869939e-05
0,4.258239519119399e-05
0,2.3622762745690744e-05
0,0.0006208727486857894
0,2.5934236741485756e-05
0,1.749731666850234e-05
0,0.00012662904152387148
0,0.00013717321376924212
0,3.783570567873507e-05
0,7.04290057740222e-05
0,0.00013216754140572628
0,0.0017099828661130347
0,2.0787518895112655e-05
0,0.00021279890699885421
0,0.00015500138119657232
0,3.6791208402683044e-05
0,2.5230446769073723e-05
0,0.00013358697052353336
0,0.00030641979811792526
0,8.867038934562967e-05
0,0.00013416869776840864
0,0.0006759807374549855
0,3.0893154654803826e-05
0,0.00019256784645826618
0,6.135837995488584e-05
0,8.286488660235833e-05
0,2.0251722440169007e-05
0,3.785885876902917e-05
0,0.042309467921908935
0,4.844678485483894e-05
1,0.9982189562926872
0,8.143868479925546e-05
0,0.0005830508016147646
0,2.4910861243919257e-05
0,2.61993137650222e-05
0,0.00016834354417623695
0,0.0001281287256793136
0,3.8739404177219304e-05
0,0.0001397295642026527
0,0.0005478341846844614
0,0.0004386806474808825
0,0.00036886499389900937
0,2.803873930334215e-05
0,4.208092718313001e-05
0,4.42428050184585e-05
0,0.00020774846779139487
0,0.00018095138865837203
0,0.0034764374618949977
0,0.0003382219590335365
1,0.9997080671426909
0,2.9653610213284337e-05
0,0.006452080450368077
0,0.0002282081099983591
0,1.7071366202437565e-05
0,0.00019702229084598563
0,0.000177079664597293
0,0.0005356065435152022
0,0.0007728332055207735
0,0.001759833765128993
0,2.9977975653903237e-05
0,0.0003953511367005868
0,8.40507132605729e-05
0,2.787280093952573e-05
0,0.00035113257923095344
0,4.573529584361353e-05
0,2.6565090402266433e-05
0,3.604872526082791e-05
0,0.00028077170749169254
0,0.0004245630516821283
0,0.00014264688963114104
0,0.00012219096736059798
0,3.245922267424946e-05
0,0.0016872501252737798
0,3.203923172889723e-05
0,0.00015649073226820708
0,0.08989297109287128
0,0.00019851113681887135
0,9.362330399379404e-05
0,0.00015726577564245602
0,0.0012190951270120603
0,4.4317413879255774e-05
0,4.216619258116843e-05
0,0.007081676330161839
0,0.00017947528343404193
0,2.4355709201104347e-05
0,0.0009935900103445045
0,9.958699746126611e-05
0,0.0001607659350171802
0,1.8250242413389648e-05
0,3.6892546889970334e-05
0,8.95601117865179e-05
0,0.005448057804918597
1,0.9755048979779322
0,0.0001619090759559952
0,0.0001524467594727347
0,0.0003562072787346868
0,0.00020026320722760173
0,1.7060969058831026e-05
0,8.613998079141114e-05
0,0.0003248094115905883
0,0.01938456109231795
0,4.793491015439236e-05
0,4.202802379587895e-05
0,3.319220976450663e-05
0,2.272002894516599e-05
0,0.00014268382564288623
0,0.00019843658977999358
0,0.0010884306272436798
0,2.9767827036653982e-05
0,0.00014692341368426225
0,3.0112186693939424e-05
0,0.0007613607895198473
0,0.00018650139985521916
0,0.0003335675748776593
0,3.924451869467496e-05
0,0.0005808055999931536
0,0.13358922175150667
0,4.016023729747848e-05
0,3.601226287513013e-05
0,0.0002257972176048203
0,0.0002465283547264092
0,4.1850554137659466e-05
0,0.0003574329535403673
0,0.00012406245896140141
0,0.00027719919617078963
0,4.044401302600695e-05
0,0.0010135105736947083
0,0.00013128848625797114
0,0.00020520534071668777
0,0.00013492786245516974
0,0.00016866665733736123
0,0.0002683091301292765
0,0.00015204138881069052
0,0.000523296201544622
0,0.0001286414797283881
0,0.006007585290422087
0,4.515534601658036e-05
0,0.004323285574968878
0,0.00011227030877608481
0,0.0001850087251526317
0,0.0003177260491457712
0,0.0001223283351804409
0,0.0004272689159299231
0,2.6072834761443702e-05
0,3.61225343473703e-05
0,0.00021885968363086553
0,0.004239803721767377
0,0.00015995220847173192
0,0.00013962541651783042
0,0.0005074882699002177
0,0.021611739783594455
0,0.00020992770982529232
0,3.596407650039083e-05
0,4.53621782279445e-05
0,0.001685953757362592
0,2.4695406517121712e-05
1,0.9996441527089978
0,0.0005447782760860084
0,0.0006240437922551014
0,0.00015985875241793183
0,0.0003260091386883104
0,2.9550332489697402e-05
0,2.135541140464048e-05
0,6.831778960603826e-05
0,0.0011779875616159576
0,5.024456452813207e-05
0,0.0006529278790697722
0,0.00017912191022965084
0,5.577639515208974e-05
0,0.00012502599994511864
0,0.0012998687385582786
0,9.330787567201537e-05
0,5.400266831672887e-05
0,3.6430816739452256e-05
0,4.394513420656825e-05
0,0.005706676381450656
0,6.88977970293239e-05
1,0.9995492041000168
0,0.004606207735688972
0,0.0004473870467975846
0,0.0007154094565802937
0,2.8658006201469882e-05
0,3.0645212008749236e-05
0,0.00010520799304939124
0,4.306635685561406e-05
0,2.596546874229629e-05
0,2.2949186895031708e-05
0,0.00010108994782654909
0,2.426761200753479e-05
0,0.02035281938569566
0,0.00014499662897158311
0,2.4538565688568977e-05
0,4.967528398200647e-05
0,0.0020828446750293904
0,3.577016879012005e-05
0,0.00164931853943254
1,0.9979011464764861
0,0.00023234941243784464
0,3.337939535774496e-05
0,1.797257611856646e-05
0,0.0003565115399313022
0,0.0028190486868239456
0,0.000186232723714175
0,2.249134445456604e-05
0,1.9442454407317463e-05
0,0.0037488025593115583
0,0.00010529804508777169
0,3.940616885815854e-05
0,5.56474615355734e-05
0,2.7975682912351295e-05
0,2.1388515425407042e-05
0,4.682606905115807e-05
0,0.0001915595491125785
0,0.00026257001631939516
0,2.506538023874919e-05
0,0.021157278844517135
0,3.579744580881374e-05
0,0.00077210360664413
0,3.333888506530424e-05
0,3.022597595994668e-05
0,0.00012900227187324453
0,0.00018770423523832967
0,0.0005102997324209306
0,0.0006714293222656186
0,6.045795629567568e-05
0,4.7997838051171714e-05
0,3.541026641389697e-05
0,0.024904127957413407
0,9.289753521084694e-05
0,0.00021226072052187665
0,0.005389693069662222
0,0.0025950517796538503
0,3.177852901953103e-05
0,0.0001554346651832282
0,0.0001332063646467686
0,4.0443128968287275e-05
0,0.0033719734162845553
0,0.05143173834292318
0,2.4066931346900548e-05
0,0.00011558594895646816
0,0.00012481731803534415
0,0.00012185656412066837
0,0.00016723995348567783
0,3.2741576835933495e-05
0,0.00010881870016454827
0,3.276420267763923e-05
0,0.00010027210040573215
0,3.535447265634525e-05
0,0.00024080697905748278
0,0.00022215588470207094
0,8.287899996666751e-05
0,5.314186096157533e-05
0,0.00015979690498819254
0,0.0005034300822338284
0,2.552341813995589e-05
0,3.137580603736465e-05
0,5.2125787606021485e-05
0,2.095754255584005e-05
0,4.615588984094101e-05
0,0.0015418516368451316
0,0.009209777194588261
0,2.049112520740612e-05
0,0.0001733625106932102
0,1.930687547774728e-05
0,2.7224373331799864e-05
0,0.00011436618044360322
0,3.3296409061997e-05
0,0.00016405436906382156
0,4.0306298177100114e-05
0,0.000666131282108363
0,3.293848213691175e-05
0,0.018124079402797137
0,3.153422919990716e-05
0,0.006891685182031423
0,0.00013434523301598058
0,0.0001237234132268571
0,0.0012544761400684118
0,0.00011603764890089717
0,5.188478758359597e-05
0,1.842207903986e-05
0,0.00014501255624669717
0,4.570962853520519e-05
0,3.7558604769092466e-05
0,8.210745272846822e-05
0,1.6532025796178358e-05
0,0.0002550526957178966
0,0.00025541844605006975
0,0.00504045820405982
0,0.0002791250804249976
0,0.0001814832311342589
0,0.00015969483319372264
0,0.0007071473435132222
0,0.00010212441163048674
0,0.0002635700256969859
0,0.00037889219124354745
0,5.480085670481644e-05
0,4.9555235332964896e-05
0,0.0002198866764404547
0,0.00010347528176881472
0,0.0020464077095883977
0,0.00010466266977137188
0,0.00012547812138922023
0,3.5369232284808846e-05
0,2.39849804090566e-05
0,8.666769418920909e-05
0,2.623502369211361e-05
0,0.009773598279758875
0,2.2642002494847175e-05
0,0.00018758980968852158
0,4.338539254885455e-05
0,0.00015099592908549911
0,1.6838597495516138e-05
0,2.9969718918433384e-05
0,3.144010518402399e-05
0,3.241504588306247e-05
0,0.00012172709557758049
0,0.00014035272505668833
0,4.7318245406321054e-05
0,0.0002189866819946792
0,0.002492333464655948
0,0.0016248052734592557
0,0.010206816326543923
0,2.165437964186659e-05
0,2.25633342216021e-05
0,2.40752644345292e-05
0,2.56659441333474e-05
0,0.0005083731209070248
0,2.894565457072291e-05
0,4.5996482958922676e-05
0,0.00022158412033325634
0,8.894462985270627e-05
0,0.00027296245843145916
0,7.481603674625724e-05
0,0.00024900778822405334
0,0.0017650662663680548
0,0.00023886689161125102
0,2.5942588921154824e-05
0,2.4751727698192337e-05
1,0.9944082274346202
0,3.138689761656983e-05
0,0.00014058048275032072
0,0.00021696514704472626
0,0.00034050304519565747
0,0.008664955488026264
0,0.0008918068071011474
0,0.00024515076520131336
0,3.816237011683489e-05
0,5.485059711222547e-05
0,0.00011242044704670583
0,0.0009441007236713815
0,0.0008521016848345806
0,0.00011024630564655204
0,9.081889868425769e-05
0,4.8874805488021064e-05
0,0.00013363174353190054
0,0.0029692795509989097
0,1.9271472889241524e-05
0,0.0003615549279136041
0,0.0004406141422012875
0,5.850055734517449e-05
0,2.4768311569559616e-05
0,2.8960243420236757e-05
0,0.0002705428998096716
0,2.8218372747025503e-05
0,4.341431350047946e-05
0,0.0003722928329000234
0,0.005457123485886017
0,0.00018654343547479943
0,0.00017536791402941176
0,0.00016441844609613545
0,0.00035847749341692814
0,0.00017039202337376053
0,3.1389073812712094e-05
0,0.0001654064300480509
0,0.0020086103838501865
0,6.973707799271289e-05
0,0.0028864466636849416
0,0.00011727118897339366
0,3.1996238460939725e-05
0,3.925657555617679e-05
0,1.8708576944884243e-05
0,3.152125649739836e-05
0,0.0002528929003603641
0,2.6389860673203352e-05
0,8.97459003036897e-05
0,7.338220514170681e-05
0,3.756463272120506e-05
0,0.00018825959564449743
0,0.0011446957113334028
0,0.00010893705391127634
0,5.083464901907253e-05
0,3.151324847073842e-05
0,0.00038116299412389095
0,0.00012269944928449536
0,6.491010782493161e-05
0,0.00044743619702441274
0,4.956158342719809e-05
0,2.5602477900775305e-05
0,0.0004991362313757358
0,2.4112521356129247e-05
0,0.0006801466239704964
0,2.7532811737108957e-05
0,0.0001653317002016081
0,0.00021828864848416564
0,3.6197827120071746e-05
0,0.00017717108745578586
0,4.522499460910951e-05
0,3.126264359576476e-05
0,0.00011901705603477714
0,4.2758493434216385e-05
0,2.9369315823690747e-05
0,6.487684626969963e-05
0,8.001153770049198e-05
0,0.00011279800202651115
0,0.0009811987416674531
0,4.437506449617444e-05
0,2.7297454518016824e-05
0,0.00013427821412682848
0,0.00031406776064992257
0,0.0005239218522422682
0,0.0015352995792719593
0,4.630784216684097e-05
0,2.6926022617785557e-05
0,0.000601277035547161
0,0.0003322956451830223
0,4.2351854766249935e-05
0,8.120153763437259e-05
0,0.008192525196809467
0,0.00019223776829357042
0,5.529708013070842e-05
0,0.002278528257181255
0,0.0030768494389077717
0,5.37167377808385e-05
0,1.9029201230393372e-05
0,0.00021031623234864084
0,4.6324029576729153e-05
0,0.0004912215006965724
0,0.002715282920482429
1,0.9997471640053188
0,8.072245760005323e-05
0,3.487138847222538e-05
0,0.0007127080512502128
0,0.0006519745961833425
0,0.0002025983921930944
0,6.460107004175479e-05
0,5.9193874087829176e-05
0,0.00014618534536160125
0,0.001308487666666942
0,5.999798414997022e-05
0,2.7570705531502855e-05
0,7.160115241998417e-05
0,2.9624450835886984e-05
0,0.0001798825167676821
0,0.00014095675052338064
0,2.6237317818996807e-05
0,4.2316450880682724e-05
1,0.9996347182195906
0,1.4044519231148965e-05
0,4.8950710473440304e-05
0,2.147488738943688e-05
0,2.108890403161666e-05
0,0.0022684575613811974
0,0.0011731065310600765
0,0.0009319827570539778
0,0.00020723251635015145
0,0.00035763814090700657
0,5.748231258091646e-05
0,1.873888383291358e-05
0,0.00150082196785862
0,2.694462295779629e-05
0,0.00010013157846282512
0,0.0003068390782482931
0,7.037286598938563e-05
0,0.00021455959318589915
0,0.0003351282572914259
0,0.0002788059591915589
0,0.0003032495485806857
0,0.00022121810169843095
0,0.00016227614055980266
0,9.282981009368673e-05
0,3.1983778275292535e-05
0,1.851356150203955e-05
0,2.8031140648307772e-05
0,0.00016176802485549848
0,0.0012027027966146802
0,0.0001358832034881128
0,0.011647626060202428
0,0.00656018608746243
0,0.0010619042896745931
0,0.0030057279141173553
1,0.9973639228876388
0,2.4847607872306037e-05
0,7.577257657964783e-05
0,0.00020065977611468042
0,0.0002364699556039907
0,0.000539954357544705
0,3.1586417083488744e-05
0,0.00017671683879020932
0,0.00011151483149156395
0,2.5548075210614666e-05
0,2.0590750515912345e-05
0,0.00012360649562247861
0,0.0002697759756770856
0,0.0006557448317498843
0,0.08883837617925298
0,0.0007100939343412085
0,0.015349466512090768
0,0.0002310298684865805
0,0.0011353498546459318
0,2.6075924887319865e-05
0,2.9663591721983085e-05
0,0.00026586551395527754
0,0.00019621201327662974
0,2.1136797352635126e-05
0,0.0007623781047747275
0,0.00018413985445770792
0,0.009933955292359086
0,6.495609540354672e-05
0,9.453331531956576e-05
0,0.00024587426956688963
0,0.00016214791803826318
0,0.00012530729775546995
0,3.008735564646358e-05
0,0.00019594741038280185
0,4.520445155809591e-05
0,0.00037367493017236356
0,5.452596648222757e-05
0,5.8906744044422206e-05
0,0.003529888197844687
0,2.521581602580303e-05
0,2.7317997846782327e-05
0,0.00012998110524359546
0,0.00038958457876909976
0,5.15635218057978e-05
0,0.00010924959961816839
0,3.386527487662306e-05
0,3.114425622951928e-05
0,0.005157673804860339
0,0.009132256869305367
0,0.00013770443666353608
0,0.00010990295967312827
0,0.0002861168424065329
0,2.0746880619315358e-05
0,4.139443242902217e-05
0,2.6048229891197996e-05
0,0.0006891363426511626
0,2.4474159473503647e-05
0,4.849029161949014e-05
0,4.297244955307653e-05
0,3.8492486763790825e-05
0,0.00012950142957553608
0,5.2822293447895205e-05
0,3.51839054680982e-05
0,3.490108788253367e-05
0,0.00015209641795828395
0,0.0035079109299802932
0,0.007834349123434167
0,0.0001856178234485947
0,0.0004319865929129785
0,2.252276950095268e-05
0,0.0025474892274665643
0,1.4791688066975822e-05
0,0.005270776272741284
0,3.062496858893205e-05
0,3.6348405295306815e-05
0,3.976159953120618e-05
0,0.001275883446322882
0,0.00024848306253259333
0,0.0004384197080448249
0,0.0007773591074795851
0,3.6888495891315956e-05
0,6.975841455148672e-05
0,0.00016700246953558638
0,3.028446459698251e-05
0,4.821035869150947e-05
0,0.0003675965908989017
0,4.230169505808567e-05
0,0.00014464769500002327
0,9.445742946411581e-05
0,0.00026258835015269613
0,0.00022668213451851506
0,6.70554795160111e-05
0,3.561752791494278e-05
1,0.998130713201463
0,4.381057248846806e-05
0,8.587476145805176e-05
0,3.4106975411730466e-05
0,2.1447873598262584e-05
0,9.971637326920315e-05
0,8.185157518216276e-05
0,0.00019147327688385544
0,3.415297360051666e-05
0,6.958920607613362e-05
0,4.2526619417647246e-05
0,0.0005066381275593433
0,7.281327566452625e-05
0,0.009536219975798866
0,4.108080461763437e-05
0,2.063249857161849e-05
0,2.8121036745666457e-05
0,0.00012931635504589745
0,0.0004255358525517921
0,0.0029602930774272913
0,0.00013804926973054937
0,0.0001513598470022084
0,3.0947394940815146e-05
0,0.00011138775371702644
0,4.845749672155646e-05
0,0.00017346533765601148
0,4.149689945282704e-05
0,3.940677445803107e-05
0,2.9972411972702172e-05
0,0.0001992613644610242
0,2.107353420432582e-05
0,0.0016001739083518125
0,0.0002021172754612694
0,2.564146889110018e-05
0,3.2235848837263295e-05
0,0.0029443880117734234
0,0.0032495614544552623
0,0.0016412240759856906
0,0.005586685919512603
0,7.771210415480454e-05
0,3.336737299825833e-05
0,3.986614099873225e-05
0,0.001303439486607221
0,0.00010020354063912352
0,0.0001318092133726251
0,0.0006345722535273441
0,0.00030103248697301005
0,0.0003890153876683753
1,0.9973377312790336
0,0.026910887435718876
0,0.00043919232760457203
0,2.2601124182973264e-05
0,0.001486528539685032
0,0.00018606591798512229
0,0.0011713061322948777
0,0.0028292582233737564
0,2.0280871964757992e-05
0,6.543900678785944e-05
0,0.000570990575471815
0,0.0009634726705919065
0,0.0011024155443481647
0,4.007883473487336e-05
0,0.0017827154315874052
0,2.81432799697376e-05
0,7.436766174550273e-05
0,3.1380238495894814e-05
0,3.670712758865457e-05
0,4.142677997324598e-05
0,0.0017096567821089698
0,0.0010881570946171166
0,1.7429991125201152e-05
0,0.011223841723969261
0,0.00042796648435591914
0,0.008408307270030729
0,0.00014777416394843869
0,2.7651999317364458e-05
0,0.0003179426672006856
0,0.00025135336200141523
0,5.4581489718090744e-05
0,3.764539203507873e-05
0,0.0014312240579098748
0,0.00022788759262014046
0,3.135039741206445e-05
0,2.8767043407069647e-05
0,7.545392803122503e-05
0,2.8894959781749213e-05
0,5.148766039125213e-05
0,0.0011318492044365342
0,0.0001928610685444378
0,2.7726449902495208e-05
0,0.00018240238137637787
0,2.5949770998354223e-05
0,4.080667358954028e-05
0,0.0009658690152796628
0,5.5240197518624015e-05
0,1.800502912158053e-05
0,0.0016266069105660577
0,4.4803336243242326e-05
0,9.068876556724185e-05
0,0.00020288265731445342
0,0.0024516310611194677
0,6.439180808588323e-05
0,3.608284924012229e-05
0,0.0027034388403419395
0,0.00036457765240608124
0,3.452916064131872e-05
0,0.0002894326197896312
0,8.743687383266058e-05
0,3.104667729556802e-05
0,2.252106014926283e-05
0,0.0001699761753766491
0,2.590593534476532e-05
0,0.0002026376526415791
0,3.0199420765590247e-05
0,0.00012774904203632673
0,0.00031938190057314046
0,0.0004181056795148383
0,1.7969377224945393e-05
0,0.00019003665364505215
0,0.001264084301276909
0,6.069052445552148e-05
0,0.012317476795104356
0,0.0007271889238048803
0,0.0004482331155670723
1,0.9933381897349979
0,6.418299010394014e-05
0,0.00013500084781401517
0,3.9565949463497324e-05
0,0.00023219928483285307
0,3.513875869572553e-05
0,0.00026985308451628966
0,8.061900004598384e-05
0,8.02355298328898e-05
0,5.0759343403799394e-05
0,0.0002682222435346834
0,2.5954443452273074e-05
0,3.653782666328509e-05
0,0.0009745571798446208
0,3.725901536148278e-05
0,0.00014346485861430628
0,0.00026881509388490413
0,0.00040420806866402854
0,0.00016084911113603865
0,0.0005774257953709151
0,4.0938208070166985e-05
0,5.118978137809295e-05
0,0.00018464165719392594
0,3.831957259024999e-05
0,0.0001777889940356906
0,0.0006579658494169913
0,3.507331320876697e-05
0,0.0025409509578723606
0,2.255697660088103e-05
0,0.0002371695340685598
0,7.327957327679468e-05
0,0.00015250580546947567
0,2.694219723810467e-05
0,1.8896581829491264e-05
0,0.001248208036377762
0,4.1403776993350685e-05
0,0.00018760940353728699
0,0.00018682031426066377
0,0.0008561506755337128
0,0.007349037515284952
0,3.848479446880277e-05
0,0.0004904878982628338
0,0.00046930967942399943
0,8.452251242720653e-05
0,0.00022714352364762655
0,4.5861911339151164e-05
0,2.0908784952467253e-05
0,7.08839466287962e-05
0,2.4850288435129474e-05
0,4.45129342788567e-05
0,8.63281062227343e-05
0,0.00015203913499910722
0,0.0005823462006456331
0,0.00010990232790459666
0,0.00025108357020347204
0,0.00015040243608117803
0,5.6687694006358845e-05
0,0.0001726796187243631
0,4.620801905982066e-05
0,0.00016476382466760884
0,0.00013849705173276996
0,0.0034908353191080263
0,0.000638142133045312
0,0.003180409753300864
0,6.156988071472536e-05
0,8.139488036230413e-05
0,0.00038084673584749525
0,4.6770912837569125e-05
0,8.92661298483609e-05
0,5.399877342423138e-05
0,0.00031073098682324275
0,0.00026170223786374335
0,2.782165654707762e-05
0,5.3424983459790766e-05
0,0.002267374941427372
0,0.00010512395407311934
0,0.001075254484079851
0,0.00036945217566414516
0,0.00016940579623878584
0,2.3572924627617375e-05
0,3.590097671066294e-05
0,0.00042200395134380756
0,0.00014997648713244768
0,0.003784010239230563
0,3.0535339295411284e-05
0,0.00022566925549252222
0,0.020673427316840333
0,0.0011566302160963356
0,2.8084057642476496e-05
0,0.00011639808587930264
0,0.00019991787218547969
0,2.5314682244748907e-05
0,4.4249149156747266e-05
0,2.224483771340213e-05
0,3.9788387712715075e-05
0,2.589466999052106e-05
0,0.00011476248935059276
0,0.0002868550303855098
0,3.897317548434776e-05
0,4.042028939825034e-05
0,0.002872805296729036
0,3.869379628832719e-05
1,0.9998872938109693
0,0.0001493087976899459
0,2.1564407315787593e-05
0,5.961525980333634e-05
0,0.0004352526953371014
0,0.00013003842852746792
0,3.090147555177695e-05
0,2.160783773557717e-05
0,3.2292749741025714e-05
0,0.00011363038403439597
0,0.0018483638170460881
0,0.00018379021308273052
0,0.016732443555671085
0,8.11941132452784e-05
0,3.135531656940413e-05
0,0.0002145410039196351
0,2.8759488094050353e-05
0,5.2217930682657275e-05
0,3.6007458816638914e-05
0,0.00027358147710891743
0,3.518940668461331e-05
0,0.0015237137005477321
0,0.0001783962221562587
0,0.0017711111761097812
0,0.004682999175350698
0,3.569109899573672e-05
0,4.949690520840642e-05
0,9.076361628877453e-05
0,3.337547935041039e-05
0,5.6706413725992487e-05
0,0.00015860473115380982
0,0.002906566504019367
0,0.00731396223573222
0,3.21243605044618e-05
0,0.0030832870213921026
0,9.714812664525524e-05
0,2.3572508767459725e-05
0,3.066607444361084e-05
0,7.663251489732468e-05
0,0.00022923608168676877
0,3.0054578800195764e-05
0,3.020364134007815e-05
0,0.0004096307279904804
0,5.045317288541715e-05
0,0.0002072650937959521
0,0.0007053073298451117
0,9.002462802140257e-05
0,2.749676112691311e-05
0,3.5919381742040315e-05
0,0.0022828845614697468
0,0.0006542164864483395
0,6.033935800708369e-05
0,6.881355244596775e-05
0,3.378429183226469e-05
0,1.6386288953993103e-05
0,0.00011106882331687713
0,8.344161234706958e-05
0,0.005277857275427377
0,0.00021522880129928092
0,0.0001357179764989053
0,0.011859032200906783
0,0.00016032417860869797
0,9.533749496495189e-05
0,0.02335454735567154
0,0.00017236963333297083
0,0.0019610047394577066
0,0.0004544954206859092
0,0.00013171824320100893
0,0.0002376252804068724
0,0.0021613303940036044
0,0.0005761896939272718
0,0.00022231099599757834
0,0.00039788338422301454
0,2.0116786143766105e-05
0,2.8368735236617597e-05
0,5.9864267109231063e-05
0,0.0003312717025269112
0,0.00015295751505774117
0,4.343851120044661e-05
1,0.9801341949242119
0,0.009033557229045985
0,0.00019697985831805388
0,4.004081163287909e-05
0,1.999681380791158e-05
0,0.00021066103565704284
0,0.0025400736484082775
0,0.00046055595539554043
0,2.3754443391427527e-05
0,0.0020017197458783997
0,0.00013162531138628578
0,0.02346804603503246
0,0.0010173554127377276
0,0.00010916907049674169
0,4.5702345223087154e-05
0,3.423832916691998e-05
0,3.508975313437037e-05
0,4.361786754995506e-05
0,3.060318201836419e-05
0,0.009542670868963004
0,2.0237699257774967e-05
0,0.0015947881426080707
0,0.0003140724866673377
0,3.7219690860113065e-05
0,0.0004616374473265142
0,2.607443119788097e-05
0,0.00025196516484688955
0,3.07275962149849e-05
0,0.00014983134332709905
0,5.51201239144116e-05
0,2.8136495746554796e-05
0,0.06292792969237504
0,2.4488460357064755e-05
0,0.00023644864571371275
0,4.893896594449247e-05
0,3.1822713020611366e-05
0,3.375733536955535e-05
0,5.778063794896153e-05
0,3.6227321718030536e-05
0,0.003292798356782192
0,3.519028333396264e-05
0,3.335799450755283e-05
0,3.4214700724809416e-05
0,3.251723177367618e-05
0,0.00023894855226442102
0,3.688467676929745e-05
0,0.00025042517145805877
0,0.00019045876095493644
0,0.0008513132284177528
0,2.8948441839358213e-05
0,2.453108734394661e-05
0,2.349628550753388e-05
0,3.6184600644228336e-05
0,0.00015450654495722347
0,0.0018069705028968762
0,0.00035252188655320857
0,0.00012462093439570259
0,0.0003453236708598314
0,2.1048084996815588e-05
0,0.00020533303431426986
0,2.3209201021787003e-05
0,2.8558687597959978e-05
0,0.00013388558885211755
0,3.0198520756341533e-05
0,7.90115179533074e-05
0,3.147754210184015e-05
0,2.8664265545321855e-05
0,0.0002399665348140302
0,2.3869590122089732e-05
0,0.00023590360758055293
1,0.9982761191197326
0,0.00016032206849136865
0,0.0003724096740331384
0,0.000545646106076093
0,4.5818572602071004e-05
0,2.9426060644354843e-05
0,2.713812703572101e-05
0,0.0005285863129700014
0,0.0041625672983692285
0,2.8784868961758578e-05
0,0.0005019552958092028
0,1.958590740964264e-05
0,0.0002776093409607586
0,0.0009140363139327573
0,5.680342288071956e-05
0,3.8169462929414705e-05
0,0.0013754949126491146
0,6.397611120319002e-05
0,2.5763737234320647e-05
0,3.595574676372817e-05
0,0.00011650377178771834
0,9.487615070092325e-05
0,0.0014559357477545685
0,0.00019514109398585815
0,0.0003666308406588305
0,2.749603670375479e-05
0,0.003458427587496821
0,0.00019325070332855396
0,0.0007427302530420188
0,0.00022600344887252916
0,9.052240037706937e-05
0,3.900985354639509e-05
0,0.014554629273850858
0,4.19999486724247e-05
0,0.00092457295516854
0,0.00012417427625113276
0,3.680681313836717e-05
0,0.00016722216079995201
0,0.00016961207973321694
0,0.00013367477558171546
0,6.0534473797448744e-05
0,0.00011016617987493038
0,0.00011601485450455424
0,3.764753671799769e-05
0,0.0003210066760013851
0,2.169074481398634e-05
0,0.0004830695976166401
0,9.777286789227172e-05
0,0.007909012695874018
0,1.9050103939353434e-05
0,0.0014480231758917553
0,0.0001920370808679277
0,2.7782370921173207e-05
0,0.00047525304907871
0,0.00010086850615539876
0,0.0009086192604330496
0,0.005517427954182755
0,0.000147629145804779
0,0.0001290256248512886
0,0.0003520408820419687
0,0.0032042684595086747
0,0.00014680183017933378
0,0.00019883739492701686
0,0.0013881285914859876
0,1.5629939784724696e-05
0,4.7592271552055535e-05
0,0.00016448335625352106
0,0.0001171571144554901
0,8.304341135624963e-05
0,3.178017257215385e-05
0,0.017294828877978213
0,2.9998596843105645e-05
0,0.00013081584424220653
0,0.0012427526284319564
0,0.0002044473742944932
0,0.00010841902582473091
0,2.850547917673693e-05
1,0.9993419916887564
0,9.695896338413451e-05
0,0.0004951236907463866
0,0.00011007692797353629
0,0.0005560835986292217
0,3.906565758600644e-05
0,4.53417637414503e-05
0,0.00016496520286550658
0,7.094458945940889e-05
0,0.0016319532173940084
0,2.0114811877188326e-05
0,5.5064849855078706e-05
0,1.7995511919406953e-05
0,2.8657734300754797e-05
0,0.00010580088443618158
0,0.00014420609269246172
0,0.004524898833349089
0,5.5906708807282335e-05
0,5.929778242694395e-05
0,2.3541263101031674e-05
0,0.21917689320242079
0,1.9012404956223086e-05
0,3.071071690700987e-05
0,0.00014861488141401573
0,2.2182903062602493e-05
0,0.00015484046678191157
0,0.00019862253521564537
0,0.0023505094444595926
0,0.00017920019012132297
0,2.2050978891433495e-05
0,0.00010271413407855297
0,0.00034064733372671116
0,0.00019538831290799688
0,0.0024193226595269637
0,2.5506561543033955e-05
0,0.0007319650390546088
0,0.0008127720236790171
0,4.6590859875619614e-05
0,0.00011655323986630792
0,4.6023639882629355e-05
0,0.00040785617014869326
0,3.990698312608744e-05
0,0.00023246408513627885
0,4.56051304921608e-05
0,5.310667384164521e-05
0,5.368401356906774e-05
0,0.0001440272831657432
0,7.474644681907481e-05
0,2.7653511092662913e-05
0,2.9699528419711028e-05
0,7.48998805860843e-05
0,4.0859541267239914e-05
0,0.00018033207663732307
0,0.00015065663888221635
0,9.170601030505068e-05
0,1.7754511265398425e-05
0,3.3870851354608284e-05
0,0.0026310109246183338
0,0.0001453437249315047
0,0.0001382016663562665
0,7.769441965251073e-05
0,5.387785562903763e-05
0,4.261310749222647e-05
0,0.00019016673747526504
0,2.6264092815089322e-05
0,4.666910741302246e-05
0,0.00014428936458473417
0,0.0014144934031563017
0,2.190648669378163e-05
0,1.9151805504587134e-05
0,1.835031545245906e-05
0,0.00013319517812608028
0,0.00028090078663801953
0,7.796987152033023e-05
0,0.00011397640389605996
0,0.00019079849135960177
0,0.00011780758062207773
0,0.00022377915038608974
0,9.80899064389483e-05
0,2.946546928760824e-05
0,4.412125311618113e-05
0,0.00039048311511400444
0,7.360715524151049e-05
0,0.0003110909203608228
0,0.003511356387551552
0,8.141351459403133e-05
0,2.0854948342043943e-05
0,4.118564319831013e-05
0,0.00017226558454304104
0,8.009111996130038e-05
0,4.264328461519092e-05
0,4.054822596977769e-05
0,4.394481649429568e-05
0,2.508069739274917e-05
0,3.719826297583601e-05
0,2.336807224494999e-05
0,3.8551031750539126e-05
0,0.00013729066633873203
0,0.0034490578041248845
0,0.000303555637529423
0,0.00024657953840049267
0,0.0001261065375829429
0,3.469078557560379e-05
0,2.0596705209185997e-05
0,0.0003019080637860696
0,2.1084168353895017e-05
0,8.00208822261731e-05
0,0.0011054730764469651
0,3.4886702667188863e-05
0,0.00039462927151219973
0,0.00015514768143355873
0,3.0223806360273182e-05
0,0.00019705363121620337
0,2.260820106298283e-05
0,0.00015611973073105339
0,3.5820529400634766e-05
0,2.970780304567062e-05
0,0.00017459092540365623
0,0.0004058290532007986
0,0.0002777442997168861
0,3.892635530722998e-05
0,5.918191814399413e-05
0,0.0042891204026395575
0,0.00013777262571817574
0,0.00016813544964987693
0,0.0008074455002082458
0,2.6846660876765348e-05
0,0.00014279720976171346
0,0.0035735387562536728
0,0.00029980537307989054
0,0.0001119165933405222
0,0.00021554312351570456
0,0.011619030014796184
0,8.298529111749111e-05
0,0.00012746350223451493
0,0.006795042760881273
0,0.00037410921811579655
0,0.0005119957257459776
0,0.0001628748394636304
0,4.420077473082325e-05
0,0.0018163521067370127
0,0.0027940660128983044
0,0.0001671866135301914
0,0.00014024096200876665
0,3.607461897432369e-05
0,9.837544020591075e-05
0,0.0002474459025401515
0,0.0011377434908229564
0,0.0002626627173430939
0,0.00010634069112610244
0,2.541335659482547e-05
0,9.543763240128473e-05
0,0.03577377855482542
0,7.275512299950959e-05
0,2.2780568824219808e-05
0,0.0003640954633866078
0,0.00011329986487054011
0,0.0034425367840766577
0,2.0970642386246503e-05
0,0.00022992319875052514
0,2.570650468321934e-05
0,0.00012124630241392893
0,0.00010788619658076758
0,4.415620856854504e-05
0,6.725784164097398e-05
0,0.0005618989099829833
0,0.012073841460337043
0,0.00020101740294050418
0,0.00027089044185477345
0,4.075199804282554e-05
0,0.0007200234706901978
0,2.502991063936087e-05
0,0.00014863746484540134
0,4.455765651651383e-05
0,0.00020716049205709382
0,0.0003021773321930308
0,0.0001151348581600463
0,2.2375850055831953e-05
0,0.0004514827862511755
0,0.003018093586823456
0,0.00015801172728558595
0,3.234407171277358e-05
0,0.0005329040683367643
0,2.222245290323443e-05
0,0.00021208516621340614
0,0.00029350493519025357
0,0.0020033390113478287
0,3.578215291098394e-05
0,0.0002488385497280163
0,9.567927756087671e-05
0,2.6714613142040997e-05
0,0.00010633796787931601
0,0.00022778159554316107
0,3.0508662178601272e-05
0,0.00022127434544713366
0,1.8266788010236288e-05
0,0.00011813848407706684
0,0.0001758732071377169
0,1.7268318053078365e-05
0,0.00016741253508320946
0,6.347244452626202e-05
0,0.0003909750407976281
0,0.00013728606784004757
0,0.00011718178512076877
0,0.0010846737179810392
0,0.00018081537032601066
0,0.00011383285570078843
0,0.00045141070128261186
0,0.00011782199939108846
0,2.4356799549521286e-05
0,3.456912825229439e-05
0,0.004182231049042288
0,0.00014360810795453562
0,0.0002796884824216679
0,0.0016614460077613426
0,5.1460005711075213e-05
0,4.699691170226399e-05
0,0.06319836304097974
0,0.00020795016005599896
0,0.0005761850421131987
0,0.00015161166617852238
0,3.624082032557995e-05
0,0.0030778624048218672
0,2.6678243538687326e-05
0,2.5066432443819913e-05
0,3.4688266529552556e-05
0,0.001162588275905485
0,1.875838745392306e-05
0,5.486734947142757e-05
0,4.602991974937977e-05
0,0.0002924981449013527
0,0.00010696182827876165
0,0.00014451330503756178
0,0.00011741922671845692
0,4.40896133602539e-05
0,0.0008409764142679317
0,0.00034039187813743966
0,0.0015145913186618474
0,2.532492718790776e-05
0,2.66434113925601e-05
0,2.4786325687760377e-05
0,0.00039218201741853117
0,0.007315294322821608
0,3.5964596715831617e-05
0,0.0004462724505532354
0,2.3230094839318178e-05
0,4.154059290252118e-05
0,0.0005760434504460002
0,5.8778059170860234e-05
0,0.0002599268232709402
0,6.415215531677526e-05
0,2.5360730332616914e-05
0,4.9302163365749886e-05
0,0.00016628921470323912
0,0.0002087116536398219
0,2.331465333227655e-05
0,9.846363928169596e-05
0,4.8891690238396045e-05
0,0.00016013950193931027
0,8.091890461977796e-05
0,0.00034203518011555775
0,0.0012877701035948624
0,5.530710726175056e-05
0,3.197232981866968e-05
0,0.0001746333081244104
0,2.5956346490753722e-05
0,3.8058525010753256e-05
0,2.5685041679937393e-05
0,3.7692237260944606e-05
0,0.01671409452999661
0,0.00013438141987269904
0,0.003038475064662985
0,0.006142350652345512
0,0.0032530070276253335
0,0.0001326461116488164
0,0.0001697285860362337
0,0.00017110668661527765
0,0.002083806771873662
0,3.776791950952262e-05
0,0.0013309540906019832
0,0.00035721418278097467
0,4.576434698208484e-05
0,0.016056320489881398
0,0.00745877997260361
0,0.005553863302369383
0,2.6939629703850326e-05
0,3.522222914888382e-05
0,0.00027859655922324506
0,5.687315735748845e-05
0,7.307074520327694e-05
0,2.3914469322505756e-05
0,2.369308425219622e-05
0,3.730099524555516e-05
0,0.0021079900363768066
0,0.0009409461291394256
0,0.00022890749818026054
0,3.7960857938550344e-05
0,3.794502974341429e-05
0,0.0003718422394247248
0,5.312545124175969e-05
0,8.605156483389052e-05
0,5.8473970729983444e-05
0,0.00027229993947580384
0,0.00016990428612764235
0,0.00021597986064958148
0,9.434334741000716e-05
0,0.104070862732227
0,2.8279527732142523e-05
0,0.0006475109266085896
0,0.002072931708310269
0,0.00013259639160442056
0,0.00026730391345003646
0,0.00011692104274965027
0,2.4647660439414474e-05
0,2.2795061614157845e-05
0,0.0007329617970935055
0,1.8169826731462272e-05
0,0.00013379392343879193
0,3.0091519714277196e-05
0,0.00013173471534935738
0,0.00010438040501262622
0,0.0006632738778578789
0,4.2509979579292027e-05
0,3.314592124468227e-05
0,0.002056441876183127
0,0.003118125158596245
0,2.7061897599117087e-05
0,0.0028197210780181773
0,0.00061747939004482
0,0.00010267007930350729
0,2.837576715306373e-05
0,0.0001425527730262429
0,0.0002104803543999051
0,1.9222303847615058e-05
0,2.9021975022840995e-05
0,0.0002076801572664708
0,8.057279730030945e-05
0,0.0031344685042097495
0,5.921590692714606e-05
0,0.00013186117299693033
0,0.00022032509097404758
0,0.00013028525043306936
0,0.0001316628877467327
0,8.286149153264071e-05
0,0.0001418244361556607
0,0.0003044343806648502
0,0.0001564561087674239
0,0.00018207579437204085
0,8.610339716359929e-05
0,2.3042694555132386e-05
0,0.00018551242415619146
0,3.8227203467573205e-05
0,0.0006671624569048764
0,0.000261676196254464
0,1.9722065791389655e-05
0,3.803806848425225e-05
0,3.738497705658404e-05
0,4.2406820996454496e-05
0,0.0001004390129227714
0,0.0001570129867257794
0,0.004050472252927829
0,0.00014909548835612688
0,5.682720826168672e-05
0,2.308006942226276e-05
1,0.9994903203194176
0,3.478272761234303e-05
0,1.8647810555120157e-05
0,0.0038042157336292117
0,2.658122045530626e-05
0,2.488718450162993e-05
0,0.00013891517435778126
0,2.6169829284870083e-05
0,0.00024079326360153385
0,0.00022122984788744535
0,5.9884277567346736e-05
0,0.00042683013810182734
0,4.9236217481946454e-05
0,0.00011331485659006459
0,0.00016993356954061534
0,2.0500150993777564e-05
1,0.993418178396585
0,8.673393815662923e-05
0,3.917053342668768e-05
0,4.4060418997206046e-05
0,3.6172732721588385e-05
0,0.0003106638285929604
0,0.000575745143537559
0,9.626282580394837e-05
0,3.0470041543253824e-05
0,0.00031280753582911964
0,0.00015880588971881523
0,1.7177522603036707e-05
0,2.0665566949000208e-05
0,5.769106379582312e-05
0,8.410928532480307e-05
0,0.003218412925566454
0,0.00019102844935331987
0,0.0002404884428276035
0,0.01283423541793311
0,7.11692125363005e-05
0,5.776285136533401e-05
0,0.00013017746826458112
0,0.00021536476275952604
0,0.0002320790219759812
0,2.8005750314197536e-05
0,0.00018949005556816214
0,9.129068298600117e-05
0,0.00021602854317965918
0,0.00035112918154495376
0,0.00021751988395590349
0,0.0038206494093198417
0,5.096426886630812e-05
0,9.827099896479112e-05
0,3.9900792549132775e-05
0,3.945777889042069e-05
0,4.3030772798884394e-05
0,0.006706815732376366
0,0.00012832578648372603
1,0.9997473766478915
0,0.0005050277696966386
0,6.251851179267687e-05
0,2.6190513004095155e-05
0,9.10689001305192e-05
0,4.675299892512549e-05
0,0.000206930202630717
0,0.0006421834445979398
0,0.00035792930644146026
0,2.807660480303516e-05
0,0.00020955247298545443
0,0.0032966977840650797
0,0.00021075636817534244
0,0.00025642749993674884
0,0.004479679085715315
0,0.00014572523381679725
0,3.464373377797294e-05
0,0.0006592478377903144
0,0.0001257146530469886
0,6.254744136465661e-05
0,0.00019157053600515317
0,0.00018806038275107594
0,0.0035900242188155475
0,0.00010985641735240623
0,0.00013561541346298088
0,0.0003006756917540712
0,0.0005993852141676364
0,5.2989284298614656e-05
0,2.542166187771447e-05
0,3.622234383206697e-05
0,0.0001478969276774825
0,5.344844260380323e-05
0,4.118403972133291e-05
0,0.00016675373235146564
0,0.002149769524881084
0,4.011816018722247e-05
0,2.6379467595164363e-05
0,4.09630232767706e-05
0,4.8846994125288315e-05
0,0.0001708035619060177
0,0.00045907080751572644
0,0.00022466464179125002
0,3.550911357413042e-05
0,2.729910881867329e-05
0,0.000261634119443379
0,0.004881029930861906
0,3.38124568885013e-05
0,0.0002258485780358667
0,9.210536698911192e-05
0,3.0024722177341852e-05
0,2.6454228513576596e-05
0,3.1939070668219405e-05
0,6.586020667124591e-05
0,0.0002237384765847032
0,0.0006868810167570164
0,0.0001480081864899023
0,0.0023782328816068636
0,0.0002580781195707493
0,0.000169405269552143
0,3.476805381597097e-05
0,0.00014426563361772318
0,0.0002767943127291342
0,0.0011469609074793137
0,0.0009790487790842732
0,0.00014710376409822728
0,0.0003046089828698486
0,8.030164641516379e-05
0,5.3058212334301054e-05
0,3.972243588905499e-05
0,0.0006030187902914156
0,0.0005047581164289677
0,3.1267135714190785e-05
0,2.4421851999980104e-05
0,3.257699643556958e-05
0,2.5727400987521297e-05
0,0.00015441183160911485
0,2.082164047156851e-05
0,0.0001548856493505126
0,0.004462370815586456
0,0.00031498232282068674
0,3.6296774571569725e-05
0,0.0017438812192613895
0,0.00010835492533183733
0,3.279998993819126e-05
0,1.6215691439680454e-05
0,3.047979407822606e-05
0,2.9279472909306115e-05
0,0.00043409151965974856
0,0.00011215380934347647
0,0.000144776449916837
0,0.00030402118295905304
0,0.0020390328055408104
0,5.1881992786484634e-05
0,4.672506554952397e-05
0,0.004051800395519504
0,0.00041833974004518355
0,0.00015977491817824134
0,0.0008500121422325215
0,3.2677344251343e-05
0,6.103611177889669e-05
0,4.505200967292494e-05
0,7.739135571190593e-05
0,0.0009318079782369524
0,3.773132193716083e-05
0,0.0001856021848266417
0,4.9065348228645286e-05
0,0.00032377800744099144
0,2.227386467116343e-05
0,0.0002203804148909443
0,9.977952414194998e-05
0,0.00020818646234212562
0,5.1308355272886845e-05
0,0.00014958137402816258
0,0.00011175357874160415
0,2.1755931802771885e-05
0,5.532694076704852e-05
0,0.0002502832470926764
0,4.0480545676871424e-05
0,3.308052850237784e-05
0,0.0004195040490798528
0,4.606004292243538e-05
0,0.00025420263065796013
0,0.0001585116792047618
0,8.602521282124418e-05
0,5.031741743763015e-05
0,9.472486679890207e-05
0,0.00018253867957190655
0,0.001270045873796226
0,2.5197199356323227e-05
0,8.95662696526338e-05
0,0.0001267411922163545
0,3.099513950660625e-05
0,0.00010410000132418385
0,0.0001886092794995146
0,0.00012076182259201763
0,0.00020613644875518987
0,4.724829134244794e-05
0,0.00047059391399280077
0,0.006251581406101904
0,2.2107878542411007e-05
0,0.000577175117277188
0,0.45822323491255507
0,0.00020110473494060194
0,0.00013016593633469165
0,0.00019248457829798015
0,2.830290912658886e-05
0,0.0005721865510748367
0,0.00031461032306370914
0,0.0006981317571954945
0,0.00015391119143075456
0,6.376310815683062e-05
0,0.001693512232039144
0,0.00036085301483497056
0,0.00522774086776352
1,0.999551233367411
0,3.048376684982489e-05
0,0.00031351076380781184
0,0.0007261608718924695
0,0.0001051408391191472
0,0.003400170352224591
0,4.146109814024173e-05
0,0.0001416227831641389
0,3.099585346260576e-05
0,0.0001990639471213839
0,0.00029344897079592344
0,2.657333090042928e-05
0,0.008318846594898972
0,2.7092326381851837e-05
1,0.9994859638671951
0,0.00010751987098459106
0,0.00019891412549232697
0,4.508208792093608e-05
0,0.0002652692741191543
0,6.127618608147434e-05
0,0.00018894572920766237
0,3.574126155088532e-05
0,3.571143534176466e-05
0,9.623038830112867e-05
0,3.541829488680406e-05
0,0.0011539654429998146
0,0.0007951429500707731
0,0.00013255808799518632
0,0.00040288086902539303
0,4.415875439032977e-05
0,2.9882178946030214e-05
0,1.7764079311366324e-05
0,0.00031694293590287345
0,0.0006735856687130942
0,0.00011663911012722531
0,0.0006683424986228466
0,4.610918075683558e-05
0,0.00017236650060354692
0,4.628146778443984e-05
0,0.0003607358455405774
0,0.00021523778107834421
0,0.0002137336888273555
0,0.003450992016057611
0,0.0005178041838062466
0,8.869013400407098e-05
0,3.01083226029521e-05
0,0.0011066511819474729
0,3.314197689432243e-05
0,0.00015377274776728341
0,0.00017801063267974205
0,0.00040711420154579566
0,0.00018593117041471982
0,0.0006426916860052143
0,0.0004337438371208236
0,0.016731895215053156
0,0.0018889042189631558
1,0.9969687851239999
0,5.611717122746753e-05
0,5.8186591345235286e-05
0,2.658647166917243e-05
0,0.00028469711180996644
0,2.4655993811840734e-05
0,2.5481601147913474e-05
0,0.004041026171383098
0,0.0024807853662287944
0,2.2484316923184338e-05
0,0.00013137821577459527
0,0.00011799230264069301
0,0.0020399641496679785
0,3.4225724172200476e-05
0,0.00018039913095832424
0,2.088662440283378e-05
0,0.0007714885862323368
0,2.3077928540963993e-05
0,0.000578556443933748
0,0.00014373290548129884
0,0.00020146850943642423
0,0.00018108978329218228
0,3.344394616987737e-05
0,2.779850711766653e-05
0,4.745495669678154e-05
0,3.2691707402036114e-05
0,0.00017205707102346918
0,6.478899908909706e-05
0,0.009387464218026283
0,0.00016585158712952453
0,0.0004189161513251342
0,6.791811259488965e-05
0,5.637739161639409e-05
0,0.010910582217648039
0,0.00025814995069438156
0,3.695443379852355e-05
0,5.1428890717439614e-05
0,0.0005827381281417795
0,7.387970398238615e-05
0,0.0003252383064708908
0,2.2891506762402507e-05
0,4.7041291220677163e-05
0,3.1335394142603575e-05
0,1.9661282829726775e-05
0,0.0002109678029656824
0,0.00010282357014252442
0,0.00013806807166441193
0,0.00046990083824058587
0,0.0002140201584082085
0,0.0019583401149301785
0,3.966520652310277e-05
0,0.0003316184590668504
0,0.00014992206353885246
0,2.6089689053086938e-05
0,0.00017916092085493182
0,0.0002700827755627861
1,0.9986671909544256
0,0.00016250755502495167
0,0.00011588763761171837
0,3.371169505851657e-05
0,0.002573717955728393
0,0.0004501043081059185
0,2.3096309114341956e-05
0,3.955237837835306e-05
0,0.00019902115352175636
0,4.693112936518549e-05
0,3.283788647917942e-05
1,0.999136400904398
0,3.849829160383111e-05
0,2.2860814914466106e-05
0,2.8479181617724213e-05
0,2.2914606041547998e-05
0,0.00016110107063136052
0,0.0022458580268536507
0,3.4505509826437e-05
0,2.031013002380065e-05
0,0.0024149162194288093
0,0.00011472689095579689
0,4.9329480019226104e-05
0,0.0002663732687927261
0,9.320542509519217e-05
0,0.00014495268158750787
0,0.00020875393213851438
0,3.03595115818128e-05
0,0.00014561347034571572
0,0.0005542670326253633
0,0.0020591142520236284
0,0.00014304201789349917
0,3.147105199915969e-05
0,0.002356762952627026
0,2.442134439388749e-05
0,2.701928947066445e-05
0,0.0017619947002178943
0,2.948845333383303e-05
0,2.16678126067649e-05
1,0.9986833548969765
0,0.0003085359150561047
0,0.0001935333291860621
0,0.00023811687932153347
0,0.00013904167469882989
0,2.94368405223057e-05
0,0.00015295038690732096
0,2.1853812959006732e-05
0,0.0005997985706695014
0,0.00031308205031097794
0,4.50076606593211e-05
0,2.6770111435057592e-05
0,0.00013021062806323425
0,0.0001939268162806326
0,0.00020780086424295114
0,0.000937662355272602
0,0.033823567794665804
0,2.7498120005572438e-05
0,3.033475227017014e-05
0,3.8340125757456907e-05
0,0.00026258693758799914
0,5.8009458035820304e-05
0,3.229866610550583e-05
0,1.5518723596637598e-05
0,7.594525415886059e-05
0,2.715213685913844e-05
0,0.0023899910940829885
0,0.00011136984189303064
0,0.0002832494805924944
0,0.00026512937108085703
0,0.00011770243503979784
0,2.161641674546268e-05
0,6.196179858494122e-05
0,0.00013213480487152176
0,2.727137828995181e-05
0,0.00017402818060182268
0,2.413195197974335e-05
0,0.00013565799098071656
0,3.3260210792005944e-05
0,2.7535137118247237e-05
0,5.862051776911755e-05
0,0.0005223294085068641
0,2.328644869374179e-05
0,0.0023623703948538652
0,0.0005224790316386504
0,1.8423654229271963e-05
0,4.1422814838649704e-05
0,3.4279603977930333e-05
0,3.798698678596398e-05
0,9.729897213117482e-05
0,0.00039908873041195046
0,2.071537212008008e-05
0,0.00014176016595290872
0,2.9402715079209774e-05
0,4.0039237496363905e-05
0,0.0003281465777120147
0,0.00017970740836022354
0,4.291698825525473e-05
0,0.00016311042343800553
0,2.7731323349005797e-05
0,2.4404513284319757e-05
0,0.00024386720087044315
0,4.0458283274124025e-05
0,0.007805964962291954
0,4.558788303664122e-05
0,7.61322245466365e-05
0,3.2024883028968485e-05
0,2.3052436435746455e-05
0,0.0014022030995199932
0,8.595312879257652e-05
0,0.0007856179925575135
0,0.0021324986669707833
0,0.0003264152696499896
0,6.279161963231443e-05
0,0.00016620005267424062
1,0.9795234024263552
0,0.005514992094306897
0,0.00015099095217588064
0,0.00012028056686239175
0,0.007289397544399056
0,4.2608318147278456e-05
0,3.6603014107885014e-05
0,5.229498111257885e-05
0,3.569093286836889e-05
0,0.00028938078360466965
0,2.3222633208913935e-05
0,6.308654706478288e-05
0,5.2807076961377935e-05
0,0.00014768656794453405
0,0.0005706086237185281
0,9.44652984817161e-05
0,0.00016485257453907506
0,4.495301409095128e-05
0,0.0026543537000070115
0,1.9908536628683265e-05
0,0.00025192963770512153
0,6.651159103611529e-05
0,3.380045379530637e-05
0,4.484324404772367e-05
0,0.0006464650663512097
0,8.213558568184944e-05
0,0.00019351230070918947
0,0.00013623607766313694
0,1.7566721559702905e-05
0,2.981528289210913e-05
0,3.123711805193693e-05
0,0.00047523897729494924
0,9.362306163520063e-05
1,0.9990869083566309
0,4.1773137089211065e-05
0,6.563168070668668e-05
0,0.0001926436279034601
0,6.956630798048297e-05
0,9.788999415107372e-05
0,0.00046943339955042877
0,5.4048628695368045e-05
0,3.842050326421023e-05
0,0.0011494860980129102
0,0.10745091874496172
0,3.236303723981415e-05
0,0.00018418200145561766
0,5.986279977145806e-05
0,1.836512021001512e-05
0,0.0010298964538325494
0,0.00034990538741752435
0,8.31814777213302e-05
0,5.4255077812864274e-05
0,4.4189309821403924e-05
0,0.00010561504626926577
0,0.0005240318103804831
0,5.13109215927993e-05
0,0.00030661174025460255
0,0.0010841971644596007
0,0.00010753456038784425
0,6.682090795432784e-05
0,5.9083039020707675e-05
0,0.0011264542904320164
0,0.00048043762986410435
0,0.00042563783747246614
0,0.00012386925370276353
1,0.9937691750382137
0,4.314603592738069e-05
0,8.366796327038414e-05
0,3.642442257728773e-05
0,0.00019902513835502226
0,0.0017353696099000253
0,2.9498892756978127e-05
0,0.00016866755040710138
0,0.00033560700608468606
0,0.00024480879478218614
0,0.00010540274374171817
0,0.00015293811379191104
0,0.0002749731775811037
0,0.004691603876721442
0,0.0002979794267345735
0,2.0443866175354393e-05
0,5.9713938236132974e-05
0,2.6086963917359536e-05
0,0.010922491274367292
0,2.5686138029641435e-05
0,2.8772410054920586e-05
0,2.927536408213933e-05
0,2.840219739669432e-05
0,1.847076621075529e-05
0,0.00013284150359766148
0,8.981431530370836e-05
0,0.0008427418339934112
0,0.00011921205375979418
0,0.00012761765744747716
0,0.0001172707690718697
0,5.153226206879976e-05
1,0.9998497690134603
0,0.0001177785965414735
0,0.0018469156674570982
0,8.279994410842642e-05
0,3.050363137472181e-05
0,0.00022626756367032588
0,7.355732105061583e-05
0,9.426452682866961e-05
0,4.475776237293612e-05
0,2.6902969409724126e-05
0,2.350528661497685e-05
0,4.901010308772119e-05
0,0.0001440394815226058
0,2.560366411071979e-05
0,6.346500694247867e-05
0,0.0005506513535951789
0,2.966879147523214e-05
0,0.00014789133790614914
0,3.53390143338373e-05
0,0.00022593479278207307
0,0.00019967124207350323
0,0.000150059682105899
0,2.7098070954881917e-05
0,0.0001872209659011074
0,4.086844441338438e-05
0,0.00013042080450909879
0,3.0019401513237285e-05
0,0.000474346407247951
0,0.0012529361937803354
0,2.2212528176119096e-05
0,2.5724326681007186e-05
0,0.0003115568003704183
0,0.0003752517923033658
0,3.7775743861761755e-05
0,7.321770286918721e-05
0,5.029076580821788e-05
0,0.00019240294534605745
0,0.0005050681954489972
0,5.406163746517442e-05
0,0.00013436764670396426
0,1.7318810997196305e-05
0,0.0049280803967299254
0,0.00017721512367734044
0,0.00020165293358675781
0,2.8970168275783477e-05
0,6.925837897728145e-05
0,4.824368878803381e-05
0,0.023209895495450737
0,0.0034329940078230555
0,4.33539815710049e-05
0,3.615597579643128e-05
0,6.276672763984961e-05
0,0.0002269554995097931
0,0.0002462805739894295
0,0.0004933110535922312
0,0.0008616911153915428
0,4.336608311514038e-05
0,0.000911549061118185
0,0.0002953446784519067
0,0.00031258957047415104
0,0.0001369598558002309
0,0.0001491012967757171
0,5.153296031318712e-05
0,0.00013444268697447803
0,3.786978480392385e-05
0,0.00020673829553893855
0,0.0019228703975320525
0,9.244777904716335e-05
0,0.0011728520251448418
0,3.685183028075541e-05
0,3.239968259236023e-05
0,4.0522090758268775e-05
0,3.010165496835592e-05
0,0.0004160687048101496
0,0.00016188897983972236
0,4.210572214199809e-05
0,0.0005708240943802454
0,3.918059980074728e-05
0,2.216958108676512e-05
1,0.9997206294377435
0,0.00036953364091011655
0,0.003376122145970509
0,4.1340372263475045e-05
0,0.012453569574683234
0,2.280824522523939e-05
0,0.00037113643451587873
0,0.0006880050258869474
0,2.4132684036999937e-05
0,0.0004886149871824506
0,0.00012736426592411398
0,8.022453023926559e-05
0,6.776374879065893e-05
0,0.000760730025809514
0,0.00042858360294465803
0,3.2265977179981683e-05
0,0.0006607177013610234
0,4.426877327187057e-05
0,3.022000675587711e-05
0,2.6376159680927734e-05
0,0.00042063167042564613
0,4.705022266994028e-05
0,3.6721190842528707e-05
0,4.914583142054132e-05
0,0.0037413190444047974
0,0.0004626284933347016
0,2.111225608745201e-05
0,8.281534144868217e-05
0,3.873296963468891e-05
0,2.3217122806059563e-05
0,0.0001586788768855573
0,6.0191076828096904e-05
1,0.9981304189628353
0,0.00015245379015922205
0,2.432293577672539e-05
0,0.00019277861473222064
0,0.00032504341352672405
0,2.8205154431638286e-05
0,6.444158412355088e-05
0,9.607360428158674e-05
1,0.9917187102569697
0,2.3270321384225045e-05
0,0.00019146495683709298
0,4.617137757090307e-05
0,4.784738170286395e-05
0,0.0001270280611045981
0,2.4816828138256362e-05
0,0.002450403464906068
0,0.00014922478572785452
0,0.0006589735949540935
0,0.0002590017468791102
0,8.893312196487213e-05
0,4.3718413017941974e-05
0,0.0006479269159438275
0,2.8695672025468716e-05
0,0.0002900064328246492
0,0.0019461968681341777
0,4.8252717359721e-05
0,0.0004695844661060093
0,3.14022090805178e-05
0,0.00013936216106418613
0,0.0019141284664544074
0,0.00019287911179296334
0,8.086144981165483e-05
0,6.765240969621225e-05
0,4.037109843757091e-05
0,4.81031746402421e-05
0,0.0001643033107727279
0,2.234158407712651e-05
0,4.57186294858045e-05
0,0.0002483685308124929
0,3.115887765125428e-05
0,0.00016998120810371532
0,0.00021717296711571614
0,9.684576395696807e-05
0,0.0003307833222229297
0,2.535221370938304e-05
0,4.094744827211692e-05
0,0.004222574736127906
0,0.00018582182109938181
0,0.0025115310973973706
0,0.0006187458448571816
0,0.00017036467149609763
0,3.576919694088304e-05
0,6.918842683239491e-05
0,3.435311071539158e-05
0,2.3307138904447906e-05
0,0.00014011170323708643
0,0.0001454303913474908
0,0.0022264526140640265
0,2.6299535419626932e-05
0,3.520367955555709e-05
0,0.00024603088959457444
0,5.043907233096405e-05
0,8.539176760577648e-05
0,0.0001256760423802602
0,0.00015767174401349544
0,8.727353310525477e-05
0,0.0005481882811683121
0,3.7594277476082035e-05
0,2.8932748888287324e-05
0,0.00014028875686813527
0,0.00010389396391389479
0,5.010158215751495e-05
0,0.005919096301849086
0,8.46258040606993e-05
0,0.0053276073168445895
0,0.0002551094437042954
0,3.92671604805667e-05
0,3.186991150101347e-05
0,0.0006746735578595062
0,0.00045887455590123565
0,0.00045970846948413323
0,5.791167758633112e-05
0,0.00017077681039558772
0,4.4186426657381056e-05
0,2.8876840536906247e-05
0,0.001492223824398041
0,2.4679791882795026e-05
0,0.000382684240602516
0,0.00015980306836387614
0,0.00013997646232704198
0,0.0005228107631891685
0,0.010365686845042328
0,0.0003844635933558442
0,3.150264186034694e-05
0,0.00015562364680962647
0,0.000131480027158952
0,0.02796927552456937
0,2.1780946312247365e-05
0,0.00012830754013230954
0,0.014385138610672803
0,5.241325552682916e-05
0,0.00022766070655119296
0,4.1439820641961904e-05
0,2.2146571503951186e-05
0,0.00014295029898226574
0,3.739459746243256e-05
0,0.00015918486472505004
0,2.0338633145548825e-05
0,3.5049037299150994e-05
0,0.0002228333830471029
0,0.00017148411608489282
0,0.00016772910284991598
0,4.064767366616953e-05
0,2.390744816651379e-05
0,0.00020844331126466654
0,0.011208580565984184
0,0.013385261441075763
0,3.2061040585572734e-05
0,0.0004948988019233434
0,0.0009570622661596972
0,0.0008188895731531522
0,3.42860753300294e-05
0,0.00017488295188457638
0,4.5675063298772195e-05
0,5.7909997692847965e-05
0,0.00012495296622199996
0,4.2727125892262184e-05
0,0.00023320542324175545
0,3.287464159726244e-05
0,0.00021085481602308746
0,0.0004806288538164071
0,0.00027145679792505545
0,0.0010854380020352626
0,0.00013193528447308825
0,6.886643383722378e-05
0,2.8963016011893783e-05
0,0.00011233728363801552
0,0.0004159405908953419
0,0.0006802869414542592
0,0.00017014987358444605
0,0.0001487000397210046
0,2.4409723180135977e-05
0,0.0006840068030625451
0,2.9385672037329564e-05
0,2.010979861725008e-05
0,0.00016077106844287922
0,4.681594575670861e-05
0,0.00013235806699277174
0,3.634865009024096e-05
0,0.0002341550507284845
0,5.8536484946929025e-05
0,0.0002955340474800741
0,5.450462075998501e-05
0,0.0017551958478880156
0,0.00045823102580263767
0,0.00012334704264004365
0,0.0001708787786711788
0,0.0004741782709506034
0,0.00047064504604981197
0,6.539606223971847e-05
0,0.0001609894149769258
0,6.565498659290456e-05
0,4.715142568763956e-05
0,0.0016711632944861022
0,0.00011795731900875646
0,3.358862454660759e-05
0,0.00033529368354081555
0,0.0038750583811556025
0,2.525094014272199e-05
0,0.000705943668188953
0,3.613502839719819e-05
0,4.5745771241228294e-05
0,0.0035180220894323157
0,5.4907050833994154e-05
0,3.1737704275371973e-05
0,0.00018064799493507208
0,2.7410546922429536e-05
0,4.8440198617039337e-05
0,0.0002759203972812613
0,0.011402307084556435
0,4.6911198801710546e-05
0,0.0001011334696501042
0,0.0007580762253291352
0,0.00010508452236507456
0,0.0002209658413272229
0,0.00014569608321774146
0,0.0012595512612071542
0,0.014064937404479907
0,5.307527922537559e-05
0,2.0203020372770348e-05
0,3.409110287405842e-05
0,0.00013213975589766318
0,0.002588804808293073
0,4.827612902114119e-05
0,5.946228263955325e-05
0,0.009081669195286314
0,0.00293245132841576
0,0.0005483753987759976
0,2.4830542769633865e-05
0,0.00012316824103717185
0,2.4149269554179798e-05
0,3.769029153997248e-05
0,9.628366084852957e-05
0,3.291753100943731e-05
0,2.8946262969799216e-05
0,0.0041293404421416345
0,4.1428082806741136e-05
0,0.0001671541124781253
0,2.9220899227305737e-05
0,3.0496382923249083e-05
0,3.8320227591847446e-05
0,3.9229959836820606e-05
0,4.2880117599008015e-05
0,0.00014174398739727159
0,3.1535286532165794e-05
1,0.9626605478656147
0,4.69862183144104e-05
0,0.00011496844216822765
0,0.0002242584394461473
0,0.0002680811688520683
0,6.493673399839409e-05
0,3.291344901747153e-05
0,8.481287911133814e-05
0,0.0011957869164141756
0,4.1310549803630184e-05
0,0.0005957253406759331
0,4.4782928682054176e-05
0,0.0015598899128175824
0,8.151579820814563e-05
0,4.685089894155624e-05
0,0.002804971167465475
0,0.001330639102423317
0,0.00023339058187682305
0,2.2306969348421514e-05
0,0.00015254966374778208
0,0.00010231722799513639
0,0.015380845252399673
0,3.2783059556204994e-05
0,6.686074957487102e-05
0,2.7868893126533706e-05
0,8.596907966178868e-05
0,0.0030483883244012146
0,0.00014874671737707937
0,0.0001535986312655781
0,2.6329108352042617e-05
0,2.3683382724239877e-05
0,0.006558552029730364
0,2.3673126773950795e-05
0,0.0002152071331347081
0,4.545346534630004e-05
0,8.095206618178326e-05
0,0.0006864950650133861
0,0.00030467366274609557
0,4.221314453502676e-05
0,4.837355785243974e-05
0,5.287560528054816e-05
0,2.6504309388162e-05
0,4.0159226308892226e-05
0,6.844086116335534e-05
0,2.444561841666649e-05
0,0.0001941441642098091
0,4.047573524345377e-05
0,0.0007289826161487545
0,0.00021208626933630857
0,0.0005719275961991148
1,0.9965384950262484
0,0.005379113058554576
0,0.00018162595902578601
0,0.00022239121573748864
0,0.0002544490853347359
0,4.168529184096309e-05
0,0.0007125931914462676
0,0.00015983124494888332
0,0.018930259734528315
0,3.265287786612751e-05
0,0.0002693350612900052
0,0.0018823306412803357
0,0.006013169439406644
0,0.00021708079701165164
0,0.00018368890902008058
0,2.4866611976555e-05
0,3.2942746464544295e-05
0,0.0003401066093611444
0,2.7046242638340526e-05
0,3.676698014127738e-05
0,1.7212577067248e-05
0,0.0002023775518456321
0,5.592175502172468e-05
0,2.7826007267700812e-05
0,0.0004537550773296694
0,0.00011031068559784724
0,2.4785462771022218e-05
0,0.0002471490265996548
0,9.12836358003125e-05
0,3.590430998380245e-05
0,0.01000661281142846
0,0.00022873823995821858
0,3.095244931659255e-05
0,0.00012987300249670705
0,0.008479592298911192
0,3.534546679479673e-05
0,0.00011909897540799278
0,0.00018260906885784033
0,0.000171770336572985
0,2.6955973124123632e-05
0,0.00042730695974028813
0,3.8742091903970216e-05
0,5.980444360499599e-05
0,0.0031055123999610807
0,4.8132531747328684e-05
0,0.00029131155511232486
0,0.0009656456060033638
0,8.434353227397301e-05
0,0.0002856453642972068
0,0.0010343740754435145
0,3.653307695022387e-05
0,0.00015579662246843477
0,0.00044279428601486564
0,0.00022567259782236543
0,2.5767687338115544e-05
0,3.722292215342378e-05
0,0.00019961700981380986
0,0.00011649408959998368
0,0.0011308441275738755
0,5.295823872303412e-05
0,0.00013286396246815904
0,4.6485865244510615e-05
0,3.644264833396242e-05
0,0.0005148174735775948
0,0.0002089934544698116
0,0.0013904713223100201
0,0.00013959076778600064
0,3.959216432598319e-05
0,3.138695466128825e-05
0,0.0019031859557014695
0,7.079397309137976e-05
0,3.19675165588773e-05
0,5.573639428885105e-05
0,3.957522861206441e-05
0,2.9582288759840436e-05
0,4.498360962250799e-05
0,0.00016414405936715048
0,0.0006239025323421731
0,2.617315863730937e-05
0,3.8044763549988804e-05
0,4.930541071311192e-05
0,2.931163590285742e-05
0,4.463334363368777e-05
0,7.155214194542717e-05
0,6.30602501542684e-05
0,0.00012196710630731505
0,0.010056239370454191
0,8.937017813529682e-05
0,2.355158654100044e-05
0,0.00014672543402182814
0,5.7822172511150353e-05
0,0.00011228711697018826
0,0.0001359036014183174
0,6.157160788947725e-05
0,0.00011558259798288559
0,3.111671919961426e-05
0,0.0004945570158022229
0,0.0009072947208183042
0,0.00015607293242672355
0,0.00022620478725954657
0,0.0006152085658383463
0,0.00040685922894455806
0,0.00011540132579502231
0,0.00014515243985558938
0,1.8375316641399677e-05
0,2.568830071196336e-05
0,2.6767372813491233e-05
0,0.0023396909948492977
0,0.00010952784341148969
0,0.012139738294141427
0,4.771238150285744e-05
0,4.045976713827728e-05
0,0.00019374803762467764
0,0.00010780556364829065
0,0.013055402938905886
0,0.00016599398519376071
0,7.091247266185245e-05
1,0.9995809929722463
0,0.00026991828742458057
0,2.9223018518618836e-05
0,0.00040804898009906586
0,0.0005969354253512774
0,0.00019098925438160185
0,5.9426753271360127e-05
0,0.00013273802793425002
0,0.00022722525422889546
0,0.0001235788370409257
0,2.5335698667038334e-05
0,0.0014735976608417354
0,0.00015357782979933326
0,0.00017702369011624066
0,0.0006836652788383134
0,3.520816358189961e-05
0,4.2938992588432015e-05
0,2.7046740474421645e-05
0,0.0020988453623681813
0,0.0002501743608380183
0,1.92631750864976e-05
0,0.004807710333455902
0,0.00016235952540390657
0,0.00035200850960761593
0,0.00015431198059200546
0,0.0022380438006525216
0,3.353801100399934e-05
0,1.769759874423914e-05
0,0.00012802094554037287
0,0.00012389935810814008
0,3.7000338022936e-05
0,0.001391823573211093
0,3.060205638192467e-05
0,0.0042519854054873
0,9.443494474305523e-05
1,0.9996613582153562
1,0.999761544302253
0,0.00016780597456252506
0,2.3254316303653467e-05
0,2.406684473983242e-05
0,3.32418634712486e-05
0,5.938839348163699e-05
0,0.00014172109329686514
0,4.3467262162061654e-05
0,0.00019498696641780257
0,0.0011391535994029346
0,5.4501505291960073e-05
0,0.00016284822299583447
0,3.3050869127281616e-05
0,5.502429297361417e-05
0,2.610088782727062e-05
0,9.097020725555341e-05
0,0.0002661925183605995
0,0.0004340199919007843
0,1.7056258834925387e-05
0,4.5516712874884085e-05
0,7.926786877620443e-05
0,8.827910811835077e-05
0,0.021785561759741685
0,2.1741904761592307e-05
0,9.768159463353202e-05
0,8.527084252816728e-05
0,2.4790771854325763e-05
0,2.8615166957796248e-05
0,0.0006342122413778982
0,0.00013136110442557393
0,0.0001389019479440571
0,0.0005058644351570416
0,0.00014539947745767026
0,0.0012685625249113151
0,0.00019874065177753132
0,1.979208101615873e-05
0,6.298220660187364e-05
0,7.489499448141247e-05
0,0.00011649952165673824
0,3.244171473595583e-05
0,0.00015661935819611222
0,3.86373120195401e-05
0,1.724705366673778e-05
0,4.6532791931947436e-05
0,0.00019860570504637886
0,5.92641044190875e-05
0,0.09751948240585243
0,2.3313367610127138e-05
0,0.0004222658470803334
0,0.00016292053666127807
0,0.0003030436845345482
0,3.4795105323688405e-05
0,0.00011465941888627098
0,0.00017327643112477232
0,0.0048976197525733
0,0.0002834160095810946
0,0.0031504087361278383
0,2.7023340426490554e-05
0,4.519005891937509e-05
0,0.0005532022174892905
0,4.081496549868514e-05
0,0.00011893968306758799
0,2.8517209387814316e-05
0,6.0445739867692084e-05
0,0.004202069482436524
0,0.002054364472184883
0,4.4087539492501874e-05
0,3.65148129144978e-05
0,4.900167500576721e-05
0,0.0003523126822038417
0,0.001400125704535122
0,0.0001149042666098804
0,3.859663417848694e-05
0,3.715005352174226e-05
0,0.03791426175961942
0,3.8147300797506754e-05
0,3.051238117398448e-05
0,0.0034114738925042436
0,0.0001325885464816375
0,0.0032625295928668026
0,3.403977229649033e-05
0,0.00020570695736715834
1,0.999423132580927
0,8.653174095841358e-05
0,0.00015505590074734317
0,2.0801933872696336e-05
0,0.00027441908609398245
0,5.3012442942063074e-05
0,0.0028258196748261214
0,0.00011935753544881788
0,5.199489926117745e-05
0,4.534868454719577e-05
0,4.1150185356504096e-05
0,0.00011719212609299387
0,6.807752654222104e-05
0,0.00014331946387060977
0,5.795658869037049e-05
0,8.058131142891805e-05
0,0.00014382267795908074
0,0.0003420967080144336
0,0.00019601332736800893
0,0.0006630843953376425
0,2.1946314714624996e-05
0,2.8238177935144178e-05
0,1.3532597691805569e-05
0,0.00033118256171491483
0,0.0001369292784131429
0,2.466571880446325e-05
0,0.0005452896501086992
0,2.3501431283761777e-05
0,9.086418626994014e-05
0,0.00014160358905050596
0,4.361129371379408e-05
0,0.00044591946691614873
0,0.00035467514262387515
0,0.003753949204932077
0,0.0006590038242603052
0,0.00025335005566715617
0,3.404947944722938e-05
0,0.0014445107537607788
0,3.726354758838646e-05
0,0.0005077041607064298
0,0.0001904395269878707
0,5.317229647824722e-05
0,3.06952744037934e-05
0,0.0027488956022534193
0,5.2037624302635104e-05
0,0.0011885619436314261
0,4.3014739023711413e-05
0,0.0010996275878916487
0,3.002730372883401e-05
0,0.00013884719485776455
0,2.799225537832142e-05
0,2.328886295400245e-05
0,0.0004041852229226729
0,1.6143685381057516e-05
0,0.0003733747184863915
0,5.895827184283028e-05
0,0.0002521008107081319
0,9.647432104555358e-05
0,3.820177880248979e-05
0,0.008099127706322904
0,0.0013446547587659266
0,0.020357640334169383
0,0.00018459499714921512
0,0.0016642232517331827
0,0.00021034099053013366
0,5.426313030147765e-05
0,0.00043897696518038797
0,0.00014581445107398315
0,0.0002563641103818191
0,9.986688084454196e-05
0,0.0025978266537783987
0,0.00016809355563047622
0,0.00022748439603610145
0,0.9284552595317053
0,0.00012058453157699038
0,0.014707285244745426
0,4.712503732237564e-05
0,0.0005155560291356454
0,2.7579659607613837e-05
0,0.00042369469935327235
0,0.0001976559699466747
0,0.003310253299132242
0,2.914786074945211e-05
0,0.000244230178483179
0,0.00047465850988915253
0,0.00020180602514876432
1,0.9942295651726694
0,6.272708803003477e-05
0,0.0010867607933982587
0,1.3859097904253007e-05
0,2.2850762013035584e-05
0,0.00021815652633644812
0,9.171145957711375e-05
0,5.615652187545511e-05
0,0.0002444538373489937
0,0.001967885092473205
0,3.230702194375366e-05
0,6.379747769557847e-05
0,0.0001778797117914309
0,2.527456676163946e-05
0,0.0002504519720117652
0,0.0001649287452887009
0,6.181706716119126e-05
0,0.00011483297656796205
0,0.00010772993450738308
0,0.00010691877366593295
0,2.622108014478321e-05
0,0.008519114433363699
0,0.000141613292799348
0,3.2382339657992625e-05
0,0.0005841010214189652
0,0.0001610640942706642
0,0.00016462098581273405
0,3.086401603789501e-05
0,0.0001435869611507779
0,0.0003811689220760083
0,0.0007958921082487188
0,0.01545170337488603
0,0.00026182066346875656
0,0.0003278616416983603
0,0.0001686687514485471
0,2.7067601312473488e-05
0,5.949580427414678e-05
0,8.164879087929088e-05
0,9.676877594324652e-05
0,3.9728953394992026e-05
0,2.5939464870118816e-05
0,3.308063823771026e-05
0,8.496973142005632e-05
0,2.34492021305476e-05
0,0.00222058506001129
0,0.000332431388791558
0,4.7440990985382424e-05
0,0.0009497896896864104
0,0.0001100650683764579
0,2.0092164308881764e-05
0,0.000160876016410283
0,0.0001233812817563407
0,3.0629228359163204e-05
0,0.0003022883606108448
0,7.158449260582515e-05
0,0.0001259605918181584
0,0.004340240849948011
0,2.4512686286779113e-05
0,0.000787098529753871
0,5.173987460063251e-05
0,5.2276480892720324e-05
0,2.3190001670109377e-05
0,2.1649755488507242e-05
0,0.000159565292143863
0,3.724952422231295e-05
0,3.0397282417039984e-05
0,2.9750378682294165e-05
0,0.000283294637771282
0,0.0002614303826104885
0,0.0003924990340475938
0,0.00036076344841714093
0,0.0034774510393032394
0,5.095017273668572e-05
0,0.0009481416299490068
0,8.239912105649604e-05
0,0.02304916209816644
0,0.001340842552918402
0,4.4003588437155446e-05
0,0.002517722345731484
0,4.5344983929896595e-05
0,5.864884346085067e-05
0,0.00034075892486226444
0,0.00011158364829942642
0,0.000220327083846217
0,0.00018345696810025122
0,7.199864093643617e-05
0,0.00021507426737943933
0,2.9136955663593366e-05
0,2.748299564498931e-05
0,0.002686598283441284
0,4.4320896544247434e-05
0,2.1564407315787593e-05
0,0.003514407182679569
0,4.89731595523729e-05
0,9.451826474163547e-05
0,0.00017551925656722904
0,2.7673531256749452e-05
0,0.0007524564352784694
0,3.3863829419685484e-05
0,0.00012718246793063946
0,0.00015955747569928658
0,0.000208199606065724
0,6.42715880620688e-05
0,2.6953770647452968e-05
0,2.2038025241718446e-05
0,4.606341308736991e-05
0,0.00026096836257363137
0,2.0610585741495872e-05
0,6.006711548552421e-05
0,1.5509307788999677e-05
0,1.869155562063456e-05
0,0.00032078342329083657
0,6.123572336829746e-05
0,1.997299920454078e-05
0,0.0004831980835909652
0,4.5215830953020774e-05
0,4.773246986197722e-05
0,0.001172770620180877
0,0.004705165554318336
1,0.9995555688272881
0,0.0003211261536714546
0,2.113606905342742e-05
0,0.001789802382578762
0,0.00015271521573417162
0,0.00041098507244798283
0,4.8322860969951395e-05
0,3.3424659675564334e-05
0,0.0006564517075569979
0,0.0001320677048921566
0,9.956141952583867e-05
0,0.0006315609659051536
0,0.00042768954009092156
0,0.00019632495477493877
0,2.518280819146947e-05
0,0.00022653408277479903
0,0.0013428479173632915
0,3.649810865741937e-05
0,0.0004995619528049029
0,0.0001826349231752861
0,0.0016147054550028114
0,4.953866264367539e-05
0,3.85349781236383e-05
0,5.913536801693047e-05
0,0.0007797172367123591
0,5.436407163497928e-05
0,4.224134327743921e-05
0,4.98604775671876e-05
0,3.648889990181422e-05
0,0.0001811863647902057
0,0.00014915274248393127
0,3.2353620931665155e-05
0,0.0007982463132242309
0,0.00011183140296328476
0,0.0019131389530805886
0,6.373471021636815e-05
0,3.403911804287498e-05
0,2.597645980765999e-05
0,0.00017627784185163215
0,9.2963290764636e-05
0,3.666047206274692e-05
0,0.0018267470138930869
0,0.0002056325867103059
0,4.5326353380368695e-05
0,2.640194339132808e-05
0,3.662568796210559e-05
0,0.0010650679579048282
0,3.704265356797343e-05
0,0.0008447092681386757
0,3.831701452779392e-05
0,0.00015442635641492512
0,0.00019895448557035554
0,0.0005475073072332122
0,0.00025144880082515877
0,0.0011077494382518555
0,0.00020124129831759603
0,2.1091929870342494e-05
0,8.319027548082918e-05
0,9.540072903275166e-05
0,0.0002454768757595435
0,0.0057364837725530715
0,0.0012656234425060258
0,4.502504169451749e-05
0,0.0011524967974631017
0,4.482470821807824e-05
0,3.0836801494798056e-05
0,0.00019938053429335308
0,2.557882906858872e-05
0,2.7430860355841888e-05
0,4.64259108926757e-05
0,0.0001567850180618627
0,2.4299986447888745e-05
0,0.00010564709551244545
0,0.00012099534823291843
0,0.00010369294389511053
0,0.00015745695995668632
0,2.7924503097339375e-05
0,0.0001130397894045537
0,3.768922578380908e-05
0,0.0002282311501589226
0,0.00014167402039391862
0,0.000513445278513686
0,0.004052674323018922
0,3.511097379407915e-05
0,4.7383506806957224e-05
0,0.002104140102298962
0,7.449747468306984e-05
0,0.00020568689460815105
0,0.0035734864175007166
0,0.00018306536589282778
0,7.505644209827961e-05
0,4.349778032208344e-05
0,2.217173427637775e-05
0,0.00029223922389934976
0,3.328339898008663e-05
0,2.897837698281383e-05
0,3.6543824565466266e-05
0,0.00017271836556552307
0,4.4152048123322554e-05
0,0.001825492119487061
0,3.587859556403633e-05
0,0.0002283357974223314
0,2.8276048680090332e-05
0,0.00022897095058913226
0,0.00011659568855009505
0,0.0002525884009434799
0,2.34897552060417e-05
0,3.939894922741804e-05
0,0.0001660868738464119
0,4.361637139931181e-05
0,0.000146709940655679
0,5.067729972827788e-05
0,0.00012684163046352914
0,2.0593612781943237e-05
0,1.927883232603546e-05
0,1.8265900954508974e-05
0,0.00010890933880101914
0,0.00019774356315051462
0,0.00019707601094546092
0,4.655962872713924e-05
0,0.00011002356338009687
0,2.31202548973209e-05
0,0.0023998568039067135
0,0.0011307852443757991
0,0.0002893625320282489
0,0.0005523179151760259
0,0.00013146339559684606
0,0.2885731531722934
0,0.017747634125685082
0,0.00018685578804830956
0,0.0001601941413650263
0,3.101690269632465e-05
0,3.754481002704299e-05
0,2.902534375753586e-05
0,1.521404125975598e-05
0,0.0002977173400529587
0,0.00014432382589001953
0,0.00039624834470089487
0,3.047370336581624e-05
0,0.00045400709349198334
0,4.060262967239996e-05
0,0.0001576606131787583
0,0.0036079180688225096
0,1.598969109668418e-05
0,4.464173634474518e-05
0,0.0001186216580760514
0,0.0007645370466245399
0,4.064600951151347e-05
0,5.4617358530269854e-05
0,5.26937427188324e-05
0,5.421299707898215e-05
0,0.00013977788450889627
0,2.4506193742494015e-05
0,0.0019755404145036194
0,0.00020403704110348695
0,0.0004119793074558151
0,0.0013889150985397923
0,9.433796277119382e-05
0,0.00013290111637525117
0,0.0008116848538141646
0,2.6001714258836833e-05
0,2.4402540256633448e-05
0,0.0010819328719726912
0,0.0007884263480074395
0,2.678396663658955e-05
0,0.00013872687323420398
0,2.2014788528765347e-05
0,0.0002579055278239343
0,2.9227879569186968e-05
0,8.82010483970517e-05
0,0.00020100049811591682
0,2.0115831056079923e-05
0,0.0044093533905457125
0,2.940417641973472e-05
0,3.526963024856462e-05
0,2.9607308240465825e-05
0,5.232354088615797e-05
0,0.00013171766159323378
0,8.84862033875179e-05
0,0.0013746993570482827
0,4.117801178282043e-05
0,5.5099307919342715e-05
0,0.00028418096178780904
0,0.017100177377952275
0,3.276215263153608e-05
0,0.0035876372845830362
0,0.00018375872772066407
0,7.764202248125018e-05
0,2.5758798898094224e-05
0,4.113277517788826e-05
0,0.00015416922988911467
0,3.008812169172493e-05
1,0.7835420385786173
0,3.9924635794690014e-05
0,0.0007011512376677058
0,0.0001240137614360353
0,3.455841754735925e-05
0,4.234322653921718e-05
0,0.0019447822460074576
0,3.943827003682554e-05
0,0.0001726198024378725
0,0.00039283389549500544
0,5.39693201561623e-05
0,0.00035797132467914593
0,3.4962455575587056e-05
0,2.9527977957048432e-05
0,9.505530219407261e-05
0,0.001605667584500643
0,0.000824837328194964
0,4.597870605628597e-05
0,0.0014078763120546403
0,3.588661989131785e-05
0,0.00024349108290564608
0,4.8437172208392576e-05
0,4.8152449011857334e-05
0,0.00015920032256172095
0,1.975470488295873e-05
0,3.384127081871965e-05
0,7.268912520171696e-05
0,2.9207906533375517e-05
0,9.793335335456592e-05
0,0.0007560373395565164
0,0.0009932327090067677
0,0.00022687967953878067
0,0.000259912681759414
0,0.0001742904433885415
0,6.275319321922129e-05
0,0.0035763723524255115
0,3.719196187861051e-05
0,4.195764035576394e-05
0,0.009057460918284901
1,0.9981785090249655
0,4.19260449150268e-05
0,3.4812903384691805e-05
0,0.00016381385473074458
0,0.009017796371616323
0,0.0011241300308180077
0,0.00010353742251850709
0,0.00020118949373518823
0,0.0001567990595647154
0,0.00023195333731333814
0,0.0008616901142581799
0,0.0001305315330322853
0,0.0008752929347209653
0,0.0003911024041993266
0,0.00012265996242041233
0,0.0007422846747986461
0,4.0587461627642446e-05
0,0.00013883299988661649
0,3.1119967120399286e-05
0,0.000240990665396749
0,0.0005894986442200213
0,2.8588710597064878e-05
0,0.0029957768017862376
0,5.813587603382268e-05
0,2.1302627644715965e-05
0,0.003977817592174986
0,2.387960909780401e-05
0,6.313326554534874e-05
0,0.0004422073698152812
0,2.55965818549987e-05
0,4.7744539595823294e-05
0,4.7326898317297665e-05
0,0.00011128697825526749
0,0.00033721676030793054
0,2.4436022498220166e-05
0,2.9581914504925332e-05
0,2.7985727006899127e-05
0,7.259044953863205e-05
0,0.0003929720971688467
0,4.0438461314547456e-05
0,3.290413852044371e-05
0,2.5986689811086353e-05
0,0.00028097556870566897
0,6.889279418891461e-05
0,0.0005622795251938001
0,2.9281676815855408e-05
0,6.25073609650749e-05
0,0.00010169982087877637
0,0.00012329763525979696
0,1.7645184104680815e-05
0,0.006577643796742745
0,9.558653275566344e-05
0,4.3430421414839964e-05
0,2.06080551209165e-05
0,3.727672905307802e-05
0,0.00019534442970595327
0,8.1790745387629e-05
0,2.3114797519250356e-05
0,0.00017119275378770085
0,0.00012258401972615188
0,2.390339421183386e-05
0,0.0001505415858267756
0,9.482777497549143e-05
0,3.691361853073556e-05
0,3.400112184480676e-05
0,0.00010658881885191415
0,0.00017597357727752234
0,6.260731990047759e-05
0,0.0021587059989337095
0,6.263055299884874e-05
0,2.9749776595522592e-05
0,2.623942357364541e-05
0,2.325918596342332e-05
0,0.00013176650465597018
0,0.017366478092388365
0,1.9017148195797493e-05
0,5.430061691289551e-05
0,0.00010955018033229187
0,0.00011282943287374172
0,0.00010366824185995589
0,0.0059793942108596915
0,0.0005717708955428434
0,3.0454526172219253e-05
0,2.0347506745576687e-05
0,0.00014894534423901023
0,2.0321279000141635e-05
0,0.0002272638201155136
0,0.0010904390937224301
0,2.164008055762603e-05
0,3.2460598152158776e-05
0,2.1709267135323083e-05
0,0.0006955102120916614
0,4.835562279744108e-05
0,2.9445894961317908e-05
0,0.00027303192157580473
0,0.000538979611805855
0,0.00017364886851711393
0,3.5033614929186166e-05
0,1.8071033855564264e-05
0,0.0002296932675974876
0,0.0001735242286486209
0,0.00023542861474264718
0,8.201138351588577e-05
1,0.9990104855264668
0,2.2958843681423283e-05
0,1.2526637814181873e-05
0,0.0015539920148953563
0,4.060973836948227e-05
0,1.5120560169750708e-05
0,0.00011554366106759391
0,3.651869583655325e-05
0,4.956336030829693e-05
0,0.04636563719696652
0,0.00016906987349063309
0,3.0302652412086742e-05
0,0.00014159828047990828
0,0.00015783023862151808
0,0.0002876596943399818
1,0.9993605923401299
0,0.00035236783243276174
0,6.48213397147815e-05
0,0.00014116688904962455
0,5.194017176677129e-05
0,2.092961186171663e-05
0,0.00027875904731381606
0,4.097214758634082e-05
0,2.9302381955356356e-05
0,0.00020983292444610308
0,7.671437500784506e-05
0,0.0001635051071259
0,3.747992480374096e-05
0,4.7332441412440894e-05
0,4.6257580241420654e-05
0,6.011700312884429e-05
0,2.7671184857466008e-05
0,0.00016074228060351318
0,3.778831571462017e-05
0,0.00027749077560400434
0,0.0003832977112507058
0,3.044725605928693e-05
0,3.4810800659536765e-05
0,4.571218940660535e-05
0,3.0323591017546214e-05
0,0.00010803130731419432
0,2.592105950263669e-05
0,0.00012408176803852192
0,5.070894397679328e-05
0,0.006073470930773008
0,7.238589235945443e-05
0,3.2758701913758094e-05
0,8.841180614602911e-05
0,0.0005502158295263113
0,7.392935885147766e-05
0,0.00030591880701845593
0,0.00019309308939553587
0,6.475803501401504e-05
0,0.00010933876827886635
0,2.9458120969178588e-05
0,0.0001729918262916263
0,0.004074103918174908
0,3.38996498862355e-05
0,6.7998903252571e-05
0,1.8317035604218173e-05
0,0.00044215767665089676
0,4.2949314983825465e-05
0,8.683367930385232e-05
0,0.0001876861738488236
0,2.5715721696318135e-05
0,0.00017943947733920895
0,0.0003620179073407718
0,1.7831246529519573e-05
0,0.00012690606892899568
0,0.0005896896249671867
0,1.71293032168585e-05
0,0.0002445662448380197
0,0.00040364464096314176
0,2.4135203748437418e-05
0,2.5206118636103456e-05
0,0.0004222208707910667
0,0.0001046718554720385
0,0.0010036756255586976
0,2.8067889136207248e-05
1,0.9550586900555732
0,0.00012306509060636616
0,0.0001899609537935149
0,5.301358389864666e-05
0,2.528554911378735e-05
0,9.155440092043665e-05
0,0.0001385137650526338
0,2.565394047845135e-05
0,0.0003145773771030556
0,3.021337874536617e-05
0,4.600469246541417e-05
0,0.0002899673107168458
0,2.3145584377823e-05
0,0.0008725030971549008
0,3.7590850202119947e-05
0,0.00012311517160741307
0,0.00013665479578274585
0,2.6589414781222036e-05
0,0.00030588846056786557
0,0.004263528955817138
0,0.00546586247333207
0,1.9465548600942215e-05
0,5.130655772216082e-05
0,2.6329866687292332e-05
0,0.00029795666061147925
0,0.0002831367998600777
0,0.0007286873361321204
0,3.015331490988518e-05
0,0.00014909194967848753
0,0.00012371206121640602
1,0.9988367708398223
0,1.896842390957963e-05
0,2.8221489893164958e-05
0,2.132656517002965e-05
0,0.00013227567357300776
0,2.708028678515327e-05
0,0.009684715867362383
0,0.002999874083425234
0,5.94261280260487e-05
0,0.0001810891849617589
0,3.768619319700537e-05
0,0.00019947150097193
0,2.997988803849647e-05
0,6.463228660912684e-05
0,2.4491086159722934e-05
0,0.0006031161768895372
0,0.0006122030129462344
0,5.950277773696794e-05
0,0.00015245207583636943
0,1.6979201906465195e-05
0,1.985287771853279e-05
0,2.9504318902883624e-05
0,0.00017000439787715851
0,0.0001920252382155613
0,2.494272690586433e-05
0,3.1796727941574544e-05
0,0.00013001445868883395
0,3.068319607154906e-05
0,2.8736028107104396e-05
0,3.0806197131141796e-05
0,0.019478590323868485
0,7.476704937692196e-05
0,0.0003607208319720802
1,0.9997803767771692
0,4.992424822431973e-05
0,2.8565716878158417e-05
0,0.002287965931874203
0,3.286822517500176e-05
0,0.0002379983760371579
0,9.710473162539652e-05
0,0.00016271876224046246
0,3.109313974254202e-05
0,5.526774143237739e-05
0,0.00019013854195761324
0,0.0001258574250630226
0,0.00026174936139317795
0,3.2596431384528336e-05
0,0.0012659034907050572
0,0.0004895399966588237
0,5.466777009723196e-05
0,0.0001685391510063984
0,0.0009987138005466115
0,0.014689553623494436
0,0.00015930016366420092
0,2.3080658230340326e-05
1,0.9997107817197486
0,9.860873569511346e-05
0,0.00017133867222894343
0,0.0026943965497287347
0,5.225672912526117e-05
0,6.0817825844411096e-05
0,3.096671274163461e-05
0,0.00010606368972935623
1,0.9997602981816873
0,2.4680845549211253e-05
0,4.386602766651972e-05
0,0.00034906039079705004
0,2.9418640403876073e-05
0,0.0015154680308890997
0,3.385522512813412e-05
0,0.008176987229266458
0,0.007152749038818794
0,7.634587655835478e-05
0,0.00021075517112895906
0,2.2754031541036577e-05
0,0.0002812333165514245
0,4.217884672617108e-05
0,8.296804475447695e-05
0,4.053757921778576e-05
0,2.6168775725675732e-05
0,0.00014434352404433016
0,0.0001269599560492972
0,0.0001093445126049917
0,0.0002673009405747114
1,0.999667655534643
0,0.0018554595900699747
0,2.8973012790144624e-05
0,0.0002943315566445495
0,0.00015107523022321143
0,4.5513130686335156e-05
0,5.314933854119439e-05
0,0.00010721882594320423
0,3.298244435817247e-05
0,3.5662807270224956e-05
0,0.00010489803410704068
0,2.4754667497272533e-05
0,3.761374263916374e-05
0,5.0161997573865754e-05
0,1.6941392913673124e-05
0,0.00011586913218945526
0,0.0035830670409725787
0,6.986658009346621e-05
0,0.00013207725218695833
0,1.862127281750339e-05
0,0.00016780399038016707
0,0.000281935204050502
0,4.91005904624849e-05
0,4.854157963297348e-05
0,0.00026182818042935595
0,0.004937449360607645
0,0.00019822398537056886
0,2.44554177700071e-05
0,3.86431907275578e-05
0,0.0001320915532754075
0,6.553765237015569e-05
0,8.237404469271626e-05
0,0.00014090450729089735
0,0.0008478786495583261
0,0.0002042485588374372
0,3.9982289740011014e-05
0,0.0002219283713406922
0,0.0001368580407427946
0,4.0188075098239803e-05
0,0.00010329067863243597
0,8.091399748406425e-05
0,2.3429756146375862e-05
1,0.7613860583349878
0,0.00014219388335746003
0,0.00013738687468823133
0,0.000239085492352747
0,0.00016120011659425732
0,0.0023832288788899893
0,0.0001534123077628083
0,0.0016537235198991504
0,0.0002547681687944408
0,0.001997819233816217
0,0.00018984788691207112
1,0.9962237403783701
0,0.00020124367359989522
0,0.00010917562268392979
0,3.366775410914199e-05
0,5.661897084033072e-05
0,0.00019890818749336155
0,0.00012516697818490668
0,1.8301016325748313e-05
0,0.00015404485891368753
0,3.326216469962487e-05
0,0.00013174844148695564
0,3.062892624502715e-05
0,2.2620634527216283e-05
0,0.0006793400515558378
0,4.357985638086125e-05
0,4.87675685438385e-05
0,0.0001688148318209295
0,3.8785761851639394e-05
0,0.00013873495136526142
0,0.00011427278440616218
0,0.0030563165583572883
0,3.3491795161692664e-05
0,0.00016694527051697083
0,0.0005068905904351607
0,0.00015878801892645086
0,0.00012667581157537787
0,0.00015292331958011483
0,4.46690562949107e-05
0,0.003999820269282465
0,2.4395162101287728e-05
0,6.38190553587749e-05
0,7.64466906433422e-05
0,3.8518282714478347e-05
0,2.6890296075299164e-05
0,3.867215506615829e-05
0,3.4313245099333795e-05
0,0.04647531613813007
0,3.265459543412498e-05
1,0.8993098593650295
0,7.0885824773079e-05
0,3.9534184937824865e-05
0,3.352972919722863e-05
0,0.0014686587251566542
0,5.43194075509524e-05
0,3.684466402617513e-05
0,0.0012100283875205189
0,0.0029505643474563056
0,3.6524447440192805e-05
0,3.9965899978321814e-05
0,2.8610698739160687e-05
0,0.0032053121820588893
0,0.00270789544684866
0,2.1882900203525395e-05
0,2.8117534164797117e-05
0,2.625262279933338e-05
0,2.0235902751541403e-05
0,0.004384473150147276
0,3.082957260569106e-05
0,3.758903530139989e-05
0,0.0029945136133653406
0,0.00029682074238624476
0,4.015469076579437e-05
0,0.00031207847086547126
0,2.7386000545239694e-05
0,3.976600029727642e-05
0,9.215061802259158e-05
0,2.7226754395777912e-05
0,3.069777881975923e-05
0,0.0006387709838441004
0,3.912702631207458e-05
0,0.00030835793504576834
0,0.045745338311767046
0,5.552115168420582e-05
0,0.00014087179428783569
1,0.996827152401459
0,0.005438299676107971
0,3.047999222327069e-05
0,2.588770757798013e-05
0,0.00016298623846543363
0,0.00021567346861499912
0,7.458090728029146e-05
0,2.302034317758943e-05
0,0.00010168895378113546
0,0.00012560292977195332
0,1.4777933435281429e-05
0,2.862533155771017e-05
0,0.0009328236010019501
0,5.35587342029248e-05
0,9.662174099184667e-05
0,2.3496040984371994e-05
0,3.514420448090448e-05
0,0.0001381762736162491
0,0.000375395643370174
0,0.00021313260000556763
0,3.766753201828192e-05
0,0.008878095509990946
0,0.0002444504241443713
1,0.9961873436350642
0,2.9498491469229454e-05
0,0.0001729236079241285
0,0.00010700311657198483
0,0.0004476749089862323
0,0.0006977160009893249
0,0.0005770642459303077
0,5.129910641959503e-05
0,2.613243365555956e-05
0,0.0031523623396688123
0,0.0001846321206991387
0,2.2231830110908856e-05
0,0.00020436570984137966
0,2.294514291255965e-05
0,2.3847259547830087e-05
0,0.0037090747253430163
0,3.690002855255948e-05
0,0.0001456629703158088
0,2.9442144373966677e-05
0,9.044360376377025e-05
0,0.00016395266538248452
0,0.00033134948687889315
0,2.1706036617887974e-05
0,4.4004463531722175e-05
0,2.344126799849513e-05
0,0.00017356366957978762
0,3.442074302960343e-05
0,0.0019279878126700566
1,0.9998282382193765
0,0.00018872611869537342
0,0.0033983766985191265
0,0.0001279923996030398
0,0.02752202242379431
0,0.0010884681919215806
0,0.46136189659148513
0,2.0540739268323573e-05
0,8.9406252184156e-05
0,3.94057256956521e-05
0,0.0016645524940238593
0,0.00044621494981636115
0,3.805605172901111e-05
0,0.00011775502697375217
0,0.0004101842399348565
0,5.147541965083377e-05
0,0.0013113889183221812
0,0.0002711477189153369
0,0.00015708866576442327
0,3.099583031123078e-05
