is_fraud,prediction_prob
0,3.045357339698089e-10
0,1.9017908908207833e-10
0,1.0128133019631072e-09
0,7.036799892064211e-10
0,1.0723229991392723e-09
0,2.2280359741698655e-10
0,7.036799892064211e-10
0,1.070628856869766e-09
0,1.1570218080063748e-09
0,1.1570218080063748e-09
0,1.069794879008204e-09
0,1.851338892575529e-10
0,1.1570218080063748e-09
0,1.1570218080063748e-09
0,2.1393133567894512e-10
0,1.2824619900102431e-10
0,1.1570218080063748e-09
0,9.153780039888764e-10
0,2.1393133567894512e-10
0,1.8966230732425918e-10
0,5.026202129517549e-10
0,2.71782960326909e-10
0,1.1570218080063748e-09
0,4.4143910448987557e-10
0,1.069794879008204e-09
0,1.1570218080063748e-09
0,1.2578152775620817e-10
0,7.945399113363459e-10
0,1.1570218080063748e-09
0,7.036799892064211e-10
0,1.1570218080063748e-09
0,1.069794879008204e-09
0,1.1570218080063748e-09
0,1.069794879008204e-09
0,7.036799892064211e-10
0,3.506859002278015e-10
0,7.148418801189594e-10
0,1.1570218080063748e-09
0,1.2750025719180694e-10
0,7.036799892064211e-10
0,1.069794879008204e-09
0,1.069794879008204e-09
0,2.1393133567894512e-10
0,2.1970179394217026e-09
0,1.069794879008204e-09
0,4.890972739449336e-09
0,1.1570218080063748e-09
0,9.617796734513608e-10
0,1.2508694125826943e-09
0,1.1570218080063748e-09
0,9.617796734513608e-10
0,1.1564703230751178e-09
0,7.036799869241603e-10
0,1.9017908908207833e-10
0,1.4987509959977279e-09
0,1.4813280693682225e-10
0,1.2774691858177689e-09
0,1.9017908908207833e-10
0,2.859391164625522e-10
0,1.1570218080063748e-09
0,3.513660164769085e-10
0,3.184063062290276e-10
0,1.1564703230751178e-09
0,1.9017908908207833e-10
0,2.831025483050377e-10
0,1.1570218080063748e-09
0,2.1393133567894512e-10
0,1.1570218080063748e-09
0,7.036799892064211e-10
0,7.945399113363459e-10
0,1.4987509959977279e-09
0,3.057270491595805e-10
0,2.768135071649613e-10
0,1.069794879008204e-09
0,1.1570218080063748e-09
0,2.859391164625522e-10
0,1.3570558269499711e-08
0,1.0723229991392723e-09
0,5.218075019881916e-10
0,1.3795548848253874e-10
0,1.9017908908207833e-10
0,1.9017908908207833e-10
0,7.036799892064211e-10
0,4.24434028803936e-10
0,1.843908404871962e-10
0,1.2750025719180694e-10
0,1.069794879008204e-09
0,2.2280359741698655e-10
0,1.2508694125826943e-09
0,1.4987509959977279e-09
0,7.036799892064211e-10
0,1.1570218080063748e-09
0,1.069794879008204e-09
0,7.148197125976219e-10
0,1.1570218080063748e-09
0,2.1393133567894512e-10
0,1.9017908908207833e-10
0,1.0826215657740681e-10
0,1.069794879008204e-09
0,1.070628856869766e-09
0,3.5381680067010577e-10
0,1.069794879008204e-09
0,4.4143910448987557e-10
0,2.468015031892481e-10
0,1.070628856869766e-09
0,1.4987509959977279e-09
0,1.070628856869766e-09
0,2.1393133567894512e-10
0,1.0723229991392723e-09
0,8.333424535525178e-10
0,1.851338892575529e-10
0,1.1570218080063748e-09
0,1.1570218080063748e-09
0,1.1570218080063748e-09
0,1.069794879008204e-09
0,2.541565441911473e-10
0,7.036799892064211e-10
0,1.070628856869766e-09
0,1.4813280693682225e-10
0,1.9017908908207833e-10
0,2.2280359741698655e-10
0,7.036799892064211e-10
0,4.4143910448987557e-10
0,1.070628856869766e-09
0,1.1570218080063748e-09
0,1.1262463542470031e-09
0,1.1564703230751178e-09
0,1.602799413218558e-10
0,1.851338892575529e-10
0,1.2508694125826943e-09
0,1.0706286893615191e-09
0,7.148197125976219e-10
0,1.069794879008204e-09
0,8.137459359352126e-10
0,1.4813280693682225e-10
0,9.37281238622136e-11
0,1.069794879008204e-09
0,2.541565441911473e-10
0,1.4987509959977279e-09
0,6.351671171139341e-09
0,1.1570218080063748e-09
0,1.1570218080063748e-09
0,1.069794879008204e-09
0,1.2824619900102431e-10
0,5.092055972305998e-10
0,1.0723229991392723e-09
0,7.036799892064211e-10
0,1.0889554564443592e-10
0,7.036799892064211e-10
0,1.1564703230769132e-09
0,7.036799869241603e-10
0,1.1564703230751178e-09
0,1.069794879008204e-09
0,1.0731588269765734e-09
0,1.070628856869766e-09
0,6.118854528698645e-07
0,7.036799892064211e-10
0,1.2750025719180694e-10
1,0.9999999987879602
0,5.984943691648507e-10
0,7.004323849624601e-10
0,1.1570218080063748e-09
0,1.103835382220952e-10
0,1.1564703230769132e-09
0,1.0826215657740681e-10
0,1.9017908908207833e-10
0,1.1570218080063748e-09
0,7.1449574343222516e-09
0,1.069794879008204e-09
0,2.8985044287833637e-09
0,7.036799892064211e-10
0,1.2508694125826943e-09
0,1.4987509959977279e-09
0,2.978717198098647e-10
0,8.204798232876192e-10
0,1.9017908908207833e-10
0,1.0723229991392723e-09
0,1.1570218080063748e-09
0,2.4367085500932556e-10
0,2.019191734755419e-09
0,1.0723229991392723e-09
0,1.5017956913858164e-09
0,1.103835382220952e-10
0,1.2824619900102431e-10
0,1.069794879008204e-09
0,2.9438666972337396e-09
0,7.394056966069511e-09
0,1.069794879008204e-09
0,1.1564703230751178e-09
0,1.9017908908207833e-10
0,1.1570218080063748e-09
0,1.069794879008204e-09
0,2.1095840691120095e-10
0,1.4987509959977279e-09
0,1.9017908908207833e-10
0,1.103835382220952e-10
0,7.036799892064211e-10
0,2.1393133567894512e-10
0,3.1764057184974517e-10
0,2.1393133567894512e-10
0,1.069794879008204e-09
0,1.069794879008204e-09
0,2.8157662742043365e-10
0,1.3795548848253874e-10
0,5.387317953528632e-10
0,1.1564703230751178e-09
0,1.069794879008204e-09
0,2.1393133567894512e-10
0,2.1393133567894512e-10
0,7.036799892064211e-10
0,2.4171728053223174e-10
0,5.387317953528632e-10
0,1.648201419035665e-08
0,1.2508694125826943e-09
1,0.9999998442833424
0,7.036799892064211e-10
0,2.1393133567894512e-10
0,7.036799892064211e-10
0,1.0826215657740681e-10
0,7.148196855226875e-10
0,2.1095840691120095e-10
0,3.0631742399406187e-10
0,1.069794879008204e-09
0,2.1393133567894512e-10
0,1.2508694125826943e-09
1,0.9999998841656549
0,1.1564703230751178e-09
0,1.1570218080063748e-09
0,6.1637313481655675e-09
0,1.9017908908207833e-10
0,1.2750025719180694e-10
0,1.2508694125826943e-09
0,1.593476758017984e-10
0,6.732427860666434e-10
0,1.0123930800162857e-09
0,5.2591057442859e-09
0,1.7141164176757345e-10
0,7.036799869241603e-10
0,3.2165122570630797e-10
0,7.036799892064211e-10
0,1.0723229991392723e-09
0,1.9017908908207833e-10
0,1.1570168732380696e-09
0,1.1570218080063748e-09
0,1.9017908908207833e-10
0,7.036799892064211e-10
0,9.37281238622136e-11
0,1.1570218080063748e-09
0,1.9017908908207833e-10
0,1.9017908908207833e-10
0,7.036799892064211e-10
0,1.2750025719180694e-10
0,7.036799892064211e-10
1,0.9999997655241303
0,1.9017908908207833e-10
0,1.851338892575529e-10
0,1.2750025719180694e-10
0,9.153780039888764e-10
0,7.148197125976219e-10
0,2.1393133567894512e-10
0,7.036799892064211e-10
0,7.036799892064211e-10
0,8.337220118672621e-10
0,1.069794879008204e-09
0,1.4813280693682225e-10
0,1.2750025719180694e-10
0,1.0123930800162857e-09
0,7.036799869241603e-10
0,5.984943691648507e-10
0,1.9017908908207833e-10
0,7.036799892064211e-10
0,1.069794879008204e-09
0,1.1570218080063748e-09
0,1.2750025719180694e-10
0,4.4143910448987557e-10
0,5.984943691648507e-10
0,1.2129375193528438e-10
0,1.2824619900102431e-10
0,1.069794879008204e-09
0,1.602799413218558e-10
0,1.4813280693682225e-10
0,2.2280359741698655e-10
0,1.069794879008204e-09
0,2.1393133567894512e-10
0,1.4813280693682225e-10
0,1.1252811551847052e-09
0,7.036799892064211e-10
0,1.1570218080063748e-09
0,7.948697072575445e-10
0,1.1570218080063748e-09
0,1.9017908908207833e-10
0,8.212671267735466e-10
0,1.069794879008204e-09
0,1.069794879008204e-09
0,1.4813280693682225e-10
0,1.069794879008204e-09
0,7.036799869241603e-10
0,1.0128133019631072e-09
0,2.859391164625522e-10
0,2.1393133567894512e-10
0,1.070628856869766e-09
0,2.71782960326909e-10
0,7.036799869241603e-10
0,7.945399113363459e-10
0,1.069794879008204e-09
0,6.1637313481655675e-09
0,1.9017908908207833e-10
0,1.069794879008204e-09
0,1.0694891596659909e-09
0,1.069794879008204e-09
0,1.4813280693682225e-10
0,5.984943691648507e-10
0,2.6076474285774074e-08
0,2.2280359741698655e-10
0,1.069794879008204e-09
0,1.1570218080063748e-09
0,1.1570218080063748e-09
0,1.2824619900102431e-10
0,1.4987509959977279e-09
0,1.069794879008204e-09
0,7.036799892064211e-10
0,1.1570218080063748e-09
0,7.036799869241603e-10
0,2.811415807953703e-10
0,7.036799892064211e-10
0,1.5017956913858164e-09
0,1.103835382220952e-10
0,1.1564703239676388e-09
0,1.15691043184316e-09
0,2.2035414337642204e-10
0,1.2591980865608363e-09
0,1.070628856869766e-09
0,7.036799869241603e-10
0,1.072613088622037e-09
0,1.851338892575529e-10
0,2.0825596312605503e-10
0,7.036799869241603e-10
0,1.0826215657740681e-10
0,1.531676938756165e-09
0,2.602747980767599e-10
0,2.403118235488291e-10
0,1.0694891596659909e-09
0,1.1570218080063748e-09
0,1.069794879008204e-09
0,1.2824619900102431e-10
0,1.0723229991392723e-09
0,1.8321899049590454e-10
0,7.036799892064211e-10
0,3.984747501108011e-10
0,1.1570218080063748e-09
0,3.3507414083548075e-10
0,1.1570218080063748e-09
0,1.2750025719180694e-10
1,0.9999998841656549
0,7.036799869241603e-10
0,1.070628856869766e-09
0,1.1570218080063748e-09
0,1.1570218080063748e-09
0,1.069794879008204e-09
0,1.1570218080063748e-09
0,1.069794879008204e-09
0,7.036799892064211e-10
0,1.1570218080063748e-09
0,1.070628856869766e-09
0,6.910035279766497e-09
0,2.831025483050377e-10
0,2.1393133567894512e-10
0,1.4813280693682225e-10
0,1.1262463542470031e-09
0,1.1570218080063748e-09
0,1.1570218080063748e-09
0,1.4987509959977279e-09
0,1.070628856869766e-09
0,1.2750025719180694e-10
0,7.036799892064211e-10
0,7.148419071947345e-10
0,2.71782960326909e-10
1,0.959208317188306
0,1.4813280693682225e-10
0,1.602799413218558e-10
0,2.859391164625522e-10
0,1.602799413218558e-10
0,7.945399113363459e-10
0,1.070628856869766e-09
0,7.036799869241603e-10
0,1.9017908908207833e-10
0,7.036799892064211e-10
0,1.1262463542470031e-09
0,2.1393133567894512e-10
0,7.036799892064211e-10
0,2.859391164625522e-10
1,0.9999999999899536
0,7.148419071947345e-10
0,7.03258197273036e-10
0,1.1570218080063748e-09
0,1.069794879008204e-09
0,2.978717198098647e-10
0,1.2824619900102431e-10
0,7.036799892064211e-10
0,1.220861550761248e-08
0,2.1393133567894512e-10
0,1.1570218080063748e-09
0,8.318040948079704e-10
0,1.4813280693682225e-10
0,1.4813280693682225e-10
0,1.660334704404235e-10
0,7.065225164090086e-10
1,0.9999999995633087
0,2.2280359741698655e-10
0,6.732427860666434e-10
0,3.2882610730715425e-09
0,6.910035579593074e-09
0,1.1570218080063748e-09
0,1.103835382220952e-10
0,7.036799892064211e-10
0,1.1262463542470031e-09
0,7.036799892064211e-10
0,2.4198301916112945e-10
0,1.1570218080063748e-09
0,7.036799892064211e-10
0,7.30242086602134e-10
0,1.4987509959977279e-09
0,1.1570218080063748e-09
0,7.036799892064211e-10
0,7.948697072575445e-10
0,2.8985044287833637e-09
0,1.2774691858177689e-09
0,8.333448456552962e-10
0,1.4987509959977279e-09
0,1.069794879008204e-09
0,1.1570218080063748e-09
0,1.014101525597548e-08
0,1.2523170605743022e-09
0,1.9017908908207833e-10
0,2.859391164625522e-10
0,1.070628856869766e-09
0,1.4987509959977279e-09
0,1.9017908908207833e-10
0,7.036799892064211e-10
0,1.1570218080063748e-09
0,1.069794879008204e-09
0,1.4813280693682225e-10
0,1.069794879008204e-09
0,1.9017908908207833e-10
0,7.036799869241603e-10
0,1.1570218080063748e-09
0,0.0017153910279164887
0,2.811415807953703e-10
0,2.71782960326909e-10
0,1.2774691858177689e-09
0,1.069794879008204e-09
0,5.984943691648507e-10
0,7.036799892064211e-10
0,1.069794879008204e-09
0,7.036799892064211e-10
0,1.069794879008204e-09
0,7.036799892064211e-10
0,1.0596933029929164e-08
0,1.1570218080063748e-09
0,4.805711064207321e-10
0,7.945399113363459e-10
0,1.069794879008204e-09
0,1.9017908908207833e-10
0,1.1570218080063748e-09
0,1.9017908908207833e-10
0,2.831025483050377e-10
0,7.036799869241603e-10
0,1.2750025719180694e-10
0,1.4813280693682225e-10
0,1.1570218080063748e-09
0,1.4987509959977279e-09
0,1.069794879008204e-09
0,7.036799892064211e-10
0,1.2508694125826943e-09
0,1.2750025719180694e-10
0,1.069794879008204e-09
0,7.036799892064211e-10
0,7.036799869241603e-10
0,1.9017908908207833e-10
0,1.2412700910737261e-09
0,7.036799892064211e-10
0,1.4813280693682225e-10
0,1.1570218080063748e-09
0,1.069794879008204e-09
0,7.948697072575445e-10
0,1.2824619900102431e-10
0,1.1570168732380696e-09
0,1.2774691858177689e-09
0,7.036799892064211e-10
0,1.1262463542470031e-09
0,1.9017908908207833e-10
0,7.036799892064211e-10
0,1.4753826478957214e-10
0,1.1570218080063748e-09
0,1.069794879008204e-09
0,2.1052567114817554e-10
0,1.070628856869766e-09
0,2.859391164625522e-10
0,1.069794879008204e-09
0,7.148197125976219e-10
0,1.9017908908207833e-10
0,1.4813280693682225e-10
0,1.660334704404235e-10
0,3.984747501108011e-10
0,1.069794879008204e-09
0,7.036799892064211e-10
0,1.9017908908207833e-10
0,7.036799892064211e-10
0,2.8985044287833637e-09
0,1.069794879008204e-09
0,7.036799892064211e-10
0,1.7876013488667338e-10
0,7.036799869241603e-10
0,7.036799869241603e-10
0,1.4813280693682225e-10
0,7.032581995539288e-10
0,1.070628856869766e-09
0,7.036799892064211e-10
0,1.4813280693682225e-10
0,7.036799869241603e-10
0,2.124281942165632e-10
0,1.070628856869766e-09
0,2.2280359741698655e-10
0,7.036799869241603e-10
0,1.0723229991392723e-09
0,7.140857722809517e-10
0,1.2750025719180694e-10
0,1.1564703230751178e-09
0,9.49290061605216e-10
0,1.1570218080063748e-09
0,7.945399113363459e-10
0,1.069794879008204e-09
0,1.4753826478957214e-10
0,2.2280359741698655e-10
0,7.036799869241603e-10
0,1.1570218080063748e-09
0,1.1570218080063748e-09
0,5.026202129517549e-10
0,7.036799892064211e-10
0,1.9017908908207833e-10
0,1.1564703230751178e-09
0,1.0706286893615191e-09
0,4.749384408141512e-10
0,2.1393133567894512e-10
0,1.069794879008204e-09
0,4.24434028803936e-10
0,7.011638299353095e-10
0,1.1564703230751178e-09
0,7.036799892064211e-10
0,4.24434028803936e-10
0,7.945399113363459e-10
0,2.1393133567894512e-10
0,1.1262463542470031e-09
0,1.9017908908207833e-10
0,7.148197125976219e-10
0,7.036799892064211e-10
0,1.0731588269765734e-09
0,1.070628856869766e-09
0,1.593476758017984e-10
0,1.1570218080063748e-09
0,1.4987509959977279e-09
0,7.036799892064211e-10
0,7.036799892064211e-10
0,1.8966230732425918e-10
0,1.070628856869766e-09
0,1.070628856869766e-09
0,2.1393133567894512e-10
0,1.593476758017984e-10
0,1.2750025719180694e-10
0,1.4987509959977279e-09
0,1.0723229991392723e-09
0,2.4223417422814626e-09
0,7.036799892064211e-10
0,1.1564703230751178e-09
0,1.0526325148541555e-08
0,1.0889554564443592e-10
0,2.6861186700372447e-10
0,7.148197125976219e-10
0,1.9017908908207833e-10
0,7.948697072575445e-10
0,1.4813280693682225e-10
0,6.732427860666434e-10
0,2.585081075358484e-10
0,7.036799892064211e-10
0,8.137459359352126e-10
0,1.0723229991392723e-09
0,2.2280359741698655e-10
0,1.0723229991392723e-09
0,2.859391164625522e-10
0,7.948697072575445e-10
0,1.069794879008204e-09
0,1.1570218080063748e-09
0,1.069794879008204e-09
0,7.036799892064211e-10
0,1.2824619900102431e-10
0,1.9017908908207833e-10
0,1.069794879008204e-09
0,6.49146777848341e-10
0,1.2774691858177689e-09
0,2.572422340700185e-10
0,1.1252811551847052e-09
0,1.070628856869766e-09
0,1.1564703230769132e-09
0,5.984943691648507e-10
0,1.4813280693682225e-10
0,1.750975072462123e-10
0,1.4813280693682225e-10
0,2.4171728053223174e-10
0,1.2508694125826943e-09
0,1.069794879008204e-09
1,0.9999999107213653
0,1.2824619900102431e-10
0,7.036799892064211e-10
0,1.069794879008204e-09
0,3.378068525728208e-09
0,7.036799892064211e-10
0,1.9017908908207833e-10
0,1.2129378283395876e-10
0,1.070628856869766e-09
0,1.069794879008204e-09
0,7.036799892064211e-10
0,1.4010230833473293e-10
0,1.1570218080063748e-09
0,6.940800881501923e-09
0,1.1570218080063748e-09
0,1.465205852463627e-08
0,1.1574624764374567e-09
0,7.036799892064211e-10
0,1.069794879008204e-09
0,2.450964543172903e-10
0,1.9017908908207833e-10
0,7.036799892064211e-10
0,1.4813280693682225e-10
0,1.2824619900102431e-10
0,1.069794879008204e-09
0,1.0723229991392723e-09
0,2.859391164625522e-10
0,1.103835382220952e-10
0,8.137459359352126e-10
0,2.1052567114817554e-10
0,3.378068525728208e-09
0,1.2750025719180694e-10
0,1.4813280693682225e-10
0,1.2750025719180694e-10
0,5.026202129517549e-10
0,1.4813280693682225e-10
0,1.069794879008204e-09
0,2.2280359741698655e-10
0,8.137459359352126e-10
0,1.069794879008204e-09
0,1.4987509959977279e-09
0,1.069794879008204e-09
0,7.948697072575445e-10
0,1.2502693903098394e-09
0,1.9017908908207833e-10
0,2.6311144096684596e-10
0,2.831025483050377e-10
0,5.218075019881916e-10
0,1.1570218080063748e-09
0,1.4813280693682225e-10
0,5.092055972305998e-10
0,1.1570218080063748e-09
0,7.036799892064211e-10
0,7.036799892064211e-10
0,2.547959200036308e-10
0,7.036799892064211e-10
0,7.148418801189594e-10
0,1.1570218080063748e-09
0,7.148197125976219e-10
0,1.4813280693682225e-10
0,1.1570218080063748e-09
0,1.0723229991392723e-09
0,1.1564703230751178e-09
0,1.1564703230751178e-09
0,1.1262463542470031e-09
0,9.617796734513608e-10
0,1.4987509959977279e-09
0,1.2508694125826943e-09
0,3.167438875119474e-10
0,9.617796734513608e-10
0,1.9017908908207833e-10
0,1.1574624764374567e-09
0,1.070628856869766e-09
0,1.070628856869766e-09
0,1.0723229991392723e-09
0,7.148419071947345e-10
0,7.036799869241603e-10
0,3.3499089777188637e-10
0,7.036799892064211e-10
0,2.71782960326909e-10
0,1.1570218080063748e-09
0,1.4813280693682225e-10
0,1.0723229991392723e-09
0,1.9017908908207833e-10
0,1.2578152775620817e-10
0,2.4367085500932556e-10
0,1.1570218080063748e-09
0,1.1574624764374567e-09
0,1.1570218080063748e-09
0,1.9017908908207833e-10
0,1.069794879008204e-09
0,5.026202129517549e-10
0,7.036799892064211e-10
0,1.1570218080063748e-09
0,2.2035414337642204e-10
0,1.070628856869766e-09
0,1.1564703230769132e-09
0,1.1252811551847052e-09
0,2.1393133567894512e-10
0,4.4143910448987557e-10
0,2.4198301916112945e-10
0,1.0694891596659909e-09
0,1.9486582475898037e-08
0,1.2824619900102431e-10
0,2.2280359741698655e-10
0,1.1262463542470031e-09
0,1.3795548848253874e-10
0,1.069794879008204e-09
0,1.069794879008204e-09
0,7.036799869241603e-10
0,7.302650764939369e-10
0,1.0723229991392723e-09
0,1.1570218080063748e-09
0,4.24434028803936e-10
0,3.3507414083548075e-10
0,1.070628856869766e-09
0,1.070628856869766e-09
0,1.2750025719180694e-10
0,2.978717198098647e-10
0,1.593476758017984e-10
0,1.070628856869766e-09
0,1.069794879008204e-09
0,1.069794879008204e-09
0,1.9017908908207833e-10
0,1.9017908908207833e-10
0,7.148419071947345e-10
0,1.1252811551847052e-09
0,1.1570218080063748e-09
0,1.1570218080063748e-09
0,7.032581995539288e-10
0,2.1393133567894512e-10
0,1.1564703230769132e-09
0,1.1564703230769132e-09
0,7.148419071947345e-10
0,1.15691043184316e-09
0,1.0723229991392723e-09
0,2.1393133567894512e-10
0,1.069794879008204e-09
0,7.945399113363459e-10
0,7.036799869241603e-10
0,1.069794879008204e-09
0,1.0723229991392723e-09
0,7.036799892064211e-10
0,2.2280359741698655e-10
0,2.8157662742043365e-10
0,7.036799869241603e-10
0,1.069794879008204e-09
0,7.945399113363459e-10
0,1.1570218080063748e-09
1,0.999999999149783
0,2.2280359741698655e-10
0,2.2280359741698655e-10
0,3.1764057184974517e-10
0,9.617796734513608e-10
0,1.9017908908207833e-10
0,1.069794879008204e-09
0,7.036799892064211e-10
0,2.1393133567894512e-10
0,1.069794879008204e-09
0,9.153780039888764e-10
0,1.2750025719180694e-10
0,1.1570218080063748e-09
0,7.036799892064211e-10
0,4.0743515265138285e-10
0,1.2824619900102431e-10
0,7.036799892064211e-10
0,1.9017908908207833e-10
0,7.148197125976219e-10
0,1.1570218080063748e-09
0,1.103835382220952e-10
0,1.1570218080063748e-09
0,1.2750025719180694e-10
0,7.148197125976219e-10
0,1.851338892575529e-10
0,1.2750025719180694e-10
0,1.1570218080063748e-09
0,1.1564703230751178e-09
0,1.1574624764374567e-09
0,1.2412700910737261e-09
0,9.37281238622136e-11
0,1.2508694125826943e-09
0,1.1570168732380696e-09
0,1.069794879008204e-09
0,2.1393133567894512e-10
0,1.2508694125826943e-09
0,1.1574624764374567e-09
0,1.069794879008204e-09
0,1.2750025719180694e-10
0,1.2129378283395876e-10
0,1.9017908908207833e-10
0,2.859391164625522e-10
0,1.4813280693682225e-10
0,6.557424398044405e-09
0,7.036799892064211e-10
0,1.2750025719180694e-10
0,1.1570218080063748e-09
0,8.137459359352126e-10
0,1.4813280693682225e-10
0,7.945399113363459e-10
0,1.1570218080063748e-09
0,1.0723229991392723e-09
0,3.984747501108011e-10
0,7.148419071947345e-10
0,2.572422340700185e-10
0,2.350460141505901e-10
0,5.984943691648507e-10
0,7.148418801189594e-10
0,7.004323849624601e-10
0,7.036799869241603e-10
0,1.1570218080063748e-09
0,1.2824619900102431e-10
0,3.82033928359571e-09
0,1.9017908908207833e-10
0,1.1262463542470031e-09
0,4.4143910448987557e-10
0,7.036799892064211e-10
0,2.2003640799242976e-10
0,7.036799892064211e-10
0,3.506859002278015e-10
0,1.1262463542470031e-09
0,1.1570218080063748e-09
0,1.072613088622037e-09
0,7.036799892064211e-10
0,1.2750025719180694e-10
0,1.6005014568378746e-10
1,0.9999998723200533
0,2.450964543172903e-10
0,1.069794879008204e-09
0,1.2824619900102431e-10
0,3.984747501108011e-10
0,1.0128133019631072e-09
0,3.184063062290276e-10
0,7.036799892064211e-10
0,1.1570218080063748e-09
0,1.0706286893615191e-09
0,1.9017908908207833e-10
0,4.6161764659178276e-09
0,2.436513682145797e-09
0,1.069794879008204e-09
0,1.0123930800162857e-09
0,1.103835382220952e-10
0,1.069794879008204e-09
0,1.1570218080063748e-09
0,1.069794879008204e-09
0,4.0743515265138285e-10
0,1.2578152775620817e-10
0,2.450964543172903e-10
0,1.2508694125826943e-09
0,1.069794879008204e-09
0,7.036799869241603e-10
0,2.2280359741698655e-10
0,1.4813280693682225e-10
0,1.1570218080063748e-09
0,2.71782960326909e-10
0,7.036799869241603e-10
0,1.9017908908207833e-10
0,1.1570218080063748e-09
0,8.348322164700586e-10
0,7.148197125976219e-10
0,1.069794879008204e-09
0,1.1570218080063748e-09
0,1.1570218080063748e-09
0,7.036799892064211e-10
0,1.4987509959977279e-09
0,5.218075019881916e-10
0,7.036799892064211e-10
0,1.5017956913858164e-09
0,1.2508694125826943e-09
0,1.070628856869766e-09
0,8.137459359352126e-10
0,1.0123930800162857e-09
0,2.1393133567894512e-10
0,5.218075019881916e-10
0,1.1570218080063748e-09
0,2.8985044287833637e-09
0,7.036799892064211e-10
0,2.0825596312605503e-10
0,1.103835382220952e-10
0,1.2508694125826943e-09
0,1.8321899049590454e-10
0,2.8359416253396095e-09
0,1.9017908908207833e-10
0,1.1570218080063748e-09
0,1.070628856869766e-09
0,1.1262463542470031e-09
0,1.0723229991392723e-09
0,1.9017908908207833e-10
0,1.069794879008204e-09
0,1.070628856869766e-09
0,7.036799892064211e-10
0,1.069794879008204e-09
0,3.2165122570630797e-10
0,1.4813280693682225e-10
0,1.1570218080063748e-09
0,1.1570218080063748e-09
0,7.036799869241603e-10
0,2.2035414337642204e-10
0,8.137459359352126e-10
0,1.1570218080063748e-09
0,1.1570168732380696e-09
0,2.859391164625522e-10
0,1.2508694125826943e-09
0,1.1570218080063748e-09
0,1.1574624764374567e-09
0,1.2508694125826943e-09
0,1.1570218080063748e-09
0,9.83506502850577e-10
0,1.739089822253457e-10
0,1.9017908908207833e-10
0,2.859391164625522e-10
0,2.034302845377529e-10
0,7.036799892064211e-10
0,6.732427860666434e-10
0,5.645796175431151e-09
0,1.1570218080063748e-09
0,3.8944710878692054e-10
0,2.450964543172903e-10
0,1.1570218080063748e-09
0,1.069794879008204e-09
0,1.069794879008204e-09
0,1.4813280693682225e-10
0,1.4987509959977279e-09
0,1.1257091979897726e-09
0,1.9017908908207833e-10
0,1.4813280693682225e-10
0,1.1570218080063748e-09
0,8.137459359352126e-10
0,1.2372380060763358e-10
0,1.069794879008204e-09
0,1.0889554564443592e-10
0,1.0723229991392723e-09
0,1.069794879008204e-09
0,7.945399113363459e-10
0,1.602799413218558e-10
0,1.9017908908207833e-10
0,4.6161764659178276e-09
0,1.1570218080063748e-09
0,7.036799892064211e-10
0,1.069794879008204e-09
0,1.1564703230769132e-09
0,7.065225164090086e-10
0,1.1574624764374567e-09
0,1.4987509959977279e-09
0,2.4198301916112945e-10
0,1.9017908908207833e-10
0,2.2280359741698655e-10
0,2.1393133567894512e-10
0,9.171956477461186e-10
0,2.2280359741698655e-10
0,7.036799869241603e-10
0,1.2508694125826943e-09
0,1.070628856869766e-09
0,1.069794879008204e-09
0,2.3066896239518768e-10
0,2.0610196182848676e-10
0,1.103835382220952e-10
0,7.065225164090086e-10
0,1.4987509959977279e-09
0,1.2750025719180694e-10
0,1.1570218080063748e-09
0,1.0723229991392723e-09
0,1.069794879008204e-09
0,1.1564703230751178e-09
0,1.9017908908207833e-10
0,1.1570218080063748e-09
0,1.4813280693682225e-10
0,1.1564703230751178e-09
0,2.2280359741698655e-10
0,4.24434028803936e-10
0,1.1570218080063748e-09
0,9.171956477461186e-10
0,4.9231741584954565e-09
0,7.948697072575445e-10
0,1.070628856869766e-09
0,3.024263051306471e-10
0,3.378068525728208e-09
0,1.1564703239676388e-09
0,1.1570218080063748e-09
0,7.004323849624601e-10
0,1.1570218080063748e-09
0,1.4813280693682225e-10
0,1.069794879008204e-09
0,1.851338892575529e-10
0,1.4987509959977279e-09
0,1.9017908908207833e-10
0,7.036799892064211e-10
0,2.859391164625522e-10
0,1.0826215657740681e-10
0,2.1393133567894512e-10
0,1.070628856869766e-09
0,7.036799892064211e-10
0,1.2824619900102431e-10
0,8.204798232876192e-10
0,1.9017908908207833e-10
0,7.065225164090086e-10
0,1.0723229991392723e-09
0,1.9017908908207833e-10
0,2.1393133567894512e-10
0,7.945399113363459e-10
0,7.036799892064211e-10
0,5.026202129517549e-10
0,1.1262463542470031e-09
0,1.1570218080063748e-09
0,2.811415807953703e-10
0,2.5947815536823705e-10
0,1.2366779205984284e-08
0,4.4143910448987557e-10
0,7.004323849624601e-10
0,1.1570218080063748e-09
0,5.026202129517549e-10
0,1.1570218080063748e-09
0,1.851338892575529e-10
0,7.148197125976219e-10
0,1.1570218080063748e-09
0,2.831025483050377e-10
0,7.148197125976219e-10
0,7.036799892064211e-10
0,1.851338892575529e-10
0,1.9017908908207833e-10
0,1.9017908908207833e-10
0,7.302650764939369e-10
0,2.350460141505901e-10
0,2.71782960326909e-10
0,2.2280359741698655e-10
0,2.2280359741698655e-10
0,5.026202129517549e-10
0,3.984747501108011e-10
0,1.069794879008204e-09
0,7.065225164090086e-10
0,3.506859002278015e-10
0,7.948697072575445e-10
0,2.8985044287833637e-09
0,2.2280359741698655e-10
0,2.4367085500932556e-10
0,1.1570218080063748e-09
0,1.1570168732380696e-09
0,2.4171728053223174e-10
1,0.9999999049597416
0,1.070628856869766e-09
0,1.1262463542470031e-09
0,1.4987509959977279e-09
0,1.9017908908207833e-10
0,7.036799892064211e-10
0,1.2824619900102431e-10
0,1.2750025719180694e-10
0,1.9017908908207833e-10
0,1.9017908908207833e-10
0,7.148197125976219e-10
0,1.069794879008204e-09
0,1.072613088622037e-09
0,2.8985044287833637e-09
0,5.026202129517549e-10
0,1.2824619900102431e-10
0,9.748484982031041e-10
0,1.1564703230769132e-09
0,1.069794879008204e-09
0,1.1564703230769132e-09
0,3.984747501108011e-10
0,1.2441231209795441e-08
0,1.1570218080063748e-09
0,1.1570218080063748e-09
0,8.333424535525178e-10
0,1.2750025719180694e-10
0,1.103835382220952e-10
0,1.1570218080063748e-09
0,1.9017908908207833e-10
0,1.2750025719180694e-10
0,3.057270491595805e-10
0,1.9017908908207833e-10
0,2.4171728053223174e-10
0,1.2750025719180694e-10
0,1.9017908908207833e-10
0,1.069794879008204e-09
0,1.0889554564443592e-10
0,1.1570218080063748e-09
0,1.069794879008204e-09
0,1.2824619900102431e-10
0,2.1422738528004233e-10
0,1.069794879008204e-09
0,1.9017908908207833e-10
0,7.148419071947345e-10
0,7.036799892064211e-10
0,2.4367085500932556e-10
0,1.26854562016779e-09
1,1.2257365471721406e-08
0,9.532309384363928e-10
0,1.1570218080063748e-09
0,1.2824619900102431e-10
0,2.4171728053223174e-10
0,1.2508694125826943e-09
0,1.2750025719180694e-10
0,1.2750025719180694e-10
0,1.069794879008204e-09
0,7.148197125976219e-10
0,1.069794879008204e-09
0,2.8157662742043365e-10
0,1.0694891596659909e-09
0,7.036799892064211e-10
0,1.070628856869766e-09
0,2.3066896239518768e-10
0,1.4987509959977279e-09
0,1.4987509959977279e-09
0,1.5017956913858164e-09
0,2.768135071649613e-10
0,7.036799869241603e-10
0,1.1570218080063748e-09
0,1.070628856869766e-09
0,1.2129378283395876e-10
0,1.1570218080063748e-09
0,2.403118235488291e-10
0,1.069794879008204e-09
0,3.7074794030283175e-08
1,0.9999999998416678
0,1.2750025719180694e-10
0,7.148197125976219e-10
0,2.547959200036308e-10
0,2.1393133567894512e-10
0,1.1570218080063748e-09
0,1.4813280693682225e-10
0,1.4987509959977279e-09
0,1.1570218080063748e-09
0,7.036799892064211e-10
0,1.4753826478957214e-10
0,4.749384408141512e-10
0,7.036799892064211e-10
0,1.3609582039968774e-10
0,1.2129378283395876e-10
0,2.1393133567894512e-10
0,2.71782960326909e-10
0,4.4143910448987557e-10
0,7.036799892064211e-10
0,1.069794879008204e-09
0,7.036799892064211e-10
0,6.808703253351273e-10
0,1.2824619900102431e-10
0,1.1262463542470031e-09
0,2.7023935639713593e-10
0,1.1570218080063748e-09
0,1.9017908908207833e-10
0,5.160240285332937e-10
0,7.036799892064211e-10
0,7.036799892064211e-10
0,2.1393133567894512e-10
0,1.0723229991392723e-09
0,1.1570218080063748e-09
0,1.1570218080063748e-09
0,1.851338892575529e-10
0,1.4987509959977279e-09
0,1.1570218080063748e-09
0,1.1570168732380696e-09
0,1.069794879008204e-09
0,2.768135071649613e-10
0,1.2508694125826943e-09
0,2.1393133567894512e-10
0,3.057270491595805e-10
0,7.148197125976219e-10
0,1.070628856869766e-09
0,7.148197125976219e-10
0,1.1564703230751178e-09
0,1.8966230732425918e-10
0,1.069794879008204e-09
0,1.851338892575529e-10
0,1.593476758017984e-10
0,1.1570218080063748e-09
0,2.1393133567894512e-10
0,2.949162335310511e-09
0,2.978717198098647e-10
0,1.5017956913858164e-09
0,1.9017908908207833e-10
0,1.069794879008204e-09
0,2.768135071649613e-10
0,2.859391164625522e-10
0,7.036799892064211e-10
0,7.036799892064211e-10
0,1.9017908908207833e-10
0,3.5207551751437813e-10
0,1.1570218080063748e-09
0,1.4092050276930044e-10
0,1.069794879008204e-09
0,1.1564703230751178e-09
0,1.2824619900102431e-10
0,1.070628856869766e-09
0,1.1570218080063748e-09
0,1.069794879008204e-09
0,1.9017908908207833e-10
0,2.859391164625522e-10
0,1.1570218080063748e-09
0,9.752760109258537e-10
0,1.1257091979897726e-09
0,1.1570218080063748e-09
0,2.1393133567894512e-10
0,2.71782960326909e-10
0,1.4753826478957214e-10
0,1.2824619900102431e-10
0,1.070628856869766e-09
0,6.732427860666434e-10
0,1.1564703230751178e-09
0,1.070628856869766e-09
0,8.204798232876192e-10
1,0.9999999995633087
0,7.004323849624601e-10
0,7.036799892064211e-10
0,1.4987509959977279e-09
0,1.070628856869766e-09
0,1.2750025719180694e-10
0,1.8321899049590454e-10
0,1.069794879008204e-09
0,7.036799869241603e-10
0,7.036799892064211e-10
0,7.036799892064211e-10
0,1.9017908908207833e-10
0,9.649188189394791e-09
0,1.1564703230769132e-09
0,1.2508694125826943e-09
0,7.004323849624601e-10
0,4.965722451258305e-10
0,3.3329310310765583e-10
0,2.1393133567894512e-10
0,2.1393133567894512e-10
0,7.032581995539288e-10
0,1.1564703239676388e-09
0,7.036799892064211e-10
0,1.4206576243241131e-08
0,1.069794879008204e-09
0,1.1570218080063748e-09
0,1.069794879008204e-09
0,7.036799892064211e-10
0,1.2750025719180694e-10
0,7.036799892064211e-10
0,1.0463325671812446e-08
0,2.1393133567894512e-10
0,1.4813280693682225e-10
0,7.036799892064211e-10
0,7.036799892064211e-10
0,7.036799892064211e-10
0,1.0889554564443592e-10
0,1.072613088622037e-09
0,1.069794879008204e-09
0,1.47252636314886e-08
0,7.30242086602134e-10
0,1.103835382220952e-10
0,7.036799892064211e-10
1,0.999999595857651
0,1.1570218080063748e-09
0,1.2508694125826943e-09
0,1.1570218080063748e-09
0,7.036799892064211e-10
0,2.1393133567894512e-10
0,1.1570218080063748e-09
0,4.965722451258305e-10
0,1.2508694125826943e-09
0,1.1262463542470031e-09
0,1.1564703230751178e-09
1,0.9999999995633087
0,1.1564703230751178e-09
0,1.9017908908207833e-10
0,1.103835382220952e-10
0,1.4374372518348227e-10
0,7.036799892064211e-10
0,1.1570218080063748e-09
0,1.9017908908207833e-10
0,2.0349143804695476e-10
0,2.4171728053223174e-10
0,1.069794879008204e-09
0,1.4813280693682225e-10
0,1.4813280693682225e-10
0,1.9017908908207833e-10
0,1.1570218080063748e-09
0,7.036799892064211e-10
0,1.1570218080063748e-09
0,1.069794879008204e-09
0,1.6166759738492664e-10
0,7.036799892064211e-10
0,6.910035279766497e-09
0,1.1570218080063748e-09
0,1.069794879008204e-09
0,1.1570218080063748e-09
0,1.2508694125826943e-09
0,1.3609582039968774e-10
0,1.1574624764374567e-09
0,1.822629144442948e-10
0,1.9017908908207833e-10
0,1.4813280693682225e-10
0,1.103835382220952e-10
0,2.4367085500932556e-10
0,1.1570218080063748e-09
0,1.069794879008204e-09
0,1.069794879008204e-09
0,1.3996396406047353e-10
0,7.036799892064211e-10
0,1.069794879008204e-09
0,2.4367085500932556e-10
0,1.103835382220952e-10
0,2.4171728053223174e-10
0,1.0123930800162857e-09
0,2.4367085500932556e-10
0,1.602799413218558e-10
0,1.9017908908207833e-10
0,1.1570218080063748e-09
0,2.8985044287833637e-09
0,1.9017908908207833e-10
0,1.9017908908207833e-10
0,7.036799892064211e-10
0,1.069794879008204e-09
0,7.839285888309003e-10
0,4.4143910448987557e-10
0,1.851338892575529e-10
0,1.069794879008204e-09
0,1.069794879008204e-09
0,1.1570218080063748e-09
0,1.1570218080063748e-09
0,1.069794879008204e-09
0,1.4813280693682225e-10
0,7.948697072575445e-10
0,1.9017908908207833e-10
0,1.2824619900102431e-10
0,7.036799892064211e-10
0,1.069794879008204e-09
0,1.0694891596659909e-09
0,7.036799892064211e-10
0,1.9017908908207833e-10
0,2.71782960326909e-10
0,7.032581995539288e-10
0,7.148197125976219e-10
0,7.036799892064211e-10
0,1.1570218080063748e-09
0,1.2824619900102431e-10
0,2.1052567114817554e-10
0,1.2508694125826943e-09
0,1.1570218080063748e-09
0,2.6311144096684596e-10
0,2.140617502708853e-09
0,1.1570218080063748e-09
0,1.069794879008204e-09
0,1.070628856869766e-09
0,1.9017908908207833e-10
0,1.069794879008204e-09
0,1.072613088622037e-09
0,2.4367085500932556e-10
0,1.9017908908207833e-10
0,1.4813280693682225e-10
0,2.1095840691120095e-10
0,7.036799892064211e-10
0,1.2508694125826943e-09
0,2.4171728053223174e-10
0,1.069794879008204e-09
0,2.1393133567894512e-10
0,2.2280359741698655e-10
0,1.9017908908207833e-10
0,2.1393133567894512e-10
0,1.1570168732380696e-09
0,7.148197125976219e-10
0,4.4143910448987557e-10
0,7.148197125976219e-10
0,1.1252811551847052e-09
0,1.3996396406047353e-10
0,1.1570218080063748e-09
0,8.137459359352126e-10
0,1.0463325671812446e-08
0,1.571996366768719e-10
0,7.036799892064211e-10
0,1.4987509959977279e-09
0,7.948697072575445e-10
0,7.036799892064211e-10
0,1.1570218080063748e-09
0,1.2750025719180694e-10
0,7.004323849624601e-10
0,1.069794879008204e-09
0,2.1393133567894512e-10
0,7.148197125976219e-10
0,1.069794879008204e-09
0,1.2750025719180694e-10
0,1.9017908908207833e-10
0,1.1262463542470031e-09
0,1.2824619900102431e-10
0,2.2280359741698655e-10
0,2.1393133567894512e-10
0,1.660334704404235e-10
0,1.0761728514666875e-08
0,1.2750025719180694e-10
0,2.4171728053223174e-10
0,1.2508694125826943e-09
0,2.768135071649613e-10
0,2.2280359741698655e-10
0,7.945399113363459e-10
0,1.070628856869766e-09
0,7.036799892064211e-10
0,2.187565700125511e-10
0,1.1570218080063748e-09
0,1.851338892575529e-10
0,7.036799892064211e-10
0,7.036799892064211e-10
0,2.2280359741698655e-10
0,1.3731867385617069e-09
0,7.148418801189594e-10
0,7.036799892064211e-10
0,7.036799892064211e-10
0,1.851338892575529e-10
0,5.218075019881916e-10
0,2.4367085500932556e-10
0,1.9017908908207833e-10
0,1.070628856869766e-09
0,1.069794879008204e-09
0,1.3609582039968774e-10
0,1.2508694125826943e-09
0,1.069794879008204e-09
0,1.1570218080063748e-09
0,7.036799892064211e-10
0,1.069794879008204e-09
0,7.036799892064211e-10
0,3.378068525728208e-09
0,1.0723229991392723e-09
0,2.2280359741698655e-10
0,1.2508694125826943e-09
0,1.069794879008204e-09
0,3.021059535744211e-10
0,1.4813280693682225e-10
0,1.2774691858177689e-09
0,1.2578152775620817e-10
0,1.1262463542470031e-09
0,1.0723229991392723e-09
0,1.1570218080063748e-09
0,7.148197125976219e-10
0,7.004323849624601e-10
0,1.069794879008204e-09
0,1.1262463542470031e-09
0,1.2824619900102431e-10
0,1.1262463542470031e-09
0,2.8985044287833637e-09
0,1.069794879008204e-09
0,1.070628856869766e-09
0,1.4987509959977279e-09
0,1.2824619900102431e-10
0,1.070628856869766e-09
0,2.1393133567894512e-10
0,1.1564703230751178e-09
0,1.9017908908207833e-10
0,1.070628856869766e-09
0,1.9017908908207833e-10
0,1.069794879008204e-09
0,1.1574624764374567e-09
0,7.06467818982654e-10
1,0.9999999440806435
0,1.1564703230751178e-09
0,1.069794879008204e-09
0,1.2502693903098394e-09
0,7.036799892064211e-10
0,1.2824619900102431e-10
0,1.1570218080063748e-09
0,1.070628856869766e-09
0,1.1570218080063748e-09
0,1.1262463542470031e-09
0,1.069794879008204e-09
0,1.069794879008204e-09
0,1.9017908908207833e-10
0,8.137459359352126e-10
0,1.069794879008204e-09
0,3.057270491595805e-10
0,1.9017908908207833e-10
0,1.4987509959977279e-09
0,1.0694891596659909e-09
0,1.0723229991392723e-09
0,7.036799869241603e-10
0,7.036799892064211e-10
0,1.069794879008204e-09
0,0.30573924653821954
0,7.948697072575445e-10
0,1.069794879008204e-09
0,7.036799869241603e-10
0,1.1564703230751178e-09
0,7.148419071947345e-10
0,2.450964543172903e-10
0,1.069794879008204e-09
0,7.036799892064211e-10
0,1.9017908908207833e-10
0,1.4987509959977279e-09
0,7.036799892064211e-10
0,1.9017908908207833e-10
0,2.71782960326909e-10
0,7.036799892064211e-10
0,1.602799413218558e-10
0,2.768135071649613e-10
0,2.1393133567894512e-10
0,7.036799892064211e-10
0,1.9017908908207833e-10
0,1.1564703230751178e-09
0,1.1570218080063748e-09
0,8.204798232876192e-10
0,2.859391164625522e-10
0,1.1840996137323644e-08
1,0.9999999854784265
0,1.1570218080063748e-09
0,7.036799892064211e-10
0,1.069794879008204e-09
0,1.2750025719180694e-10
0,1.103835382220952e-10
0,1.9017908908207833e-10
0,7.036799892064211e-10
0,1.069794879008204e-09
0,7.148419071947345e-10
0,6.910035279766497e-09
0,1.9017908908207833e-10
0,6.732427860666434e-10
0,1.1570218080063748e-09
0,1.602799413218558e-10
0,1.070628856869766e-09
0,7.036799869241603e-10
0,7.036799892064211e-10
0,2.4198301916112945e-10
0,8.212671267735466e-10
0,1.7141164176757345e-10
0,2.1393133567894512e-10
0,3.378068525728208e-09
0,1.4753826478957214e-10
0,2.1393133567894512e-10
0,7.036799892064211e-10
0,7.036799892064211e-10
0,1.070628856869766e-09
0,2.4171728053223174e-10
0,2.768135071649613e-10
0,6.351671171139341e-09
0,2.4171728053223174e-10
0,7.948697072575445e-10
0,1.2508694125826943e-09
0,7.948697072575445e-10
0,1.0723229991392723e-09
0,1.1570218080063748e-09
0,1.1570218080063748e-09
0,1.3423933790997627e-08
0,1.0706286893615191e-09
0,1.069794879008204e-09
0,7.945399113363459e-10
0,2.4171728053223174e-10
0,4.4143910448987557e-10
0,7.036799892064211e-10
0,1.0826215657740681e-10
0,3.6808517401249494e-09
0,1.859500353398925e-10
0,1.4813280693682225e-10
0,7.036799892064211e-10
0,1.069794879008204e-09
0,1.1564703230751178e-09
0,1.9017908908207833e-10
0,1.2750025719180694e-10
0,1.2578152775620817e-10
0,7.036799892064211e-10
0,7.036799892064211e-10
0,1.1570218080063748e-09
0,1.2508694125826943e-09
0,1.103835382220952e-10
0,1.069794879008204e-09
0,1.2502693903098394e-09
0,1.069794879008204e-09
0,4.0743515265138285e-10
0,1.5980893801154435e-08
0,1.069794879008204e-09
0,7.004323849624601e-10
0,2.1393133567894512e-10
0,1.069794879008204e-09
0,2.4198301916112945e-10
0,9.37281238622136e-11
0,1.1570218080063748e-09
0,1.1570218080063748e-09
0,1.103835382220952e-10
0,7.036799892064211e-10
0,9.262887497952154e-09
0,1.0723229991392723e-09
0,1.2824619900102431e-10
0,1.4813280693682225e-10
0,2.350460141505901e-10
0,7.036799892064211e-10
0,1.2508694125826943e-09
0,2.2280359741698655e-10
0,2.8985044287833637e-09
0,7.948697072575445e-10
0,1.0706286893615191e-09
0,1.070628856869766e-09
0,2.811415807953703e-10
0,2.8157662742043365e-10
0,7.036799869241603e-10
0,1.4813280693682225e-10
0,1.2508694125826943e-09
0,1.1570218080063748e-09
0,1.1570218080063748e-09
0,7.036799892064211e-10
0,1.1570218080063748e-09
0,1.2750025719180694e-10
0,5.026202129517549e-10
0,1.069794879008204e-09
0,1.851338892575529e-10
0,1.1570218080063748e-09
0,1.1570218080063748e-09
0,1.4987509959977279e-09
0,1.3996396406047353e-10
0,5.218075019881916e-10
0,7.948697072575445e-10
0,4.965722451258305e-10
0,7.036799892064211e-10
0,7.036799869241603e-10
0,1.4813280693682225e-10
0,1.069794879008204e-09
0,1.1570218080063748e-09
0,1.9017908908207833e-10
0,1.069794879008204e-09
0,1.070628856869766e-09
0,1.069794879008204e-09
0,1.3915132335749598e-10
0,7.148419071947345e-10
0,7.036799892064211e-10
0,3.0631742399406187e-10
0,1.4987509959977279e-09
0,1.2824619900102431e-10
0,1.2824619900102431e-10
0,1.1570218080063748e-09
0,3.167438875119474e-10
0,7.036799869241603e-10
0,1.9017908908207833e-10
0,1.069794879008204e-09
0,1.1570218080063748e-09
0,1.2508694125826943e-09
0,2.2280359741698655e-10
0,1.9017908908207833e-10
0,1.2750025719180694e-10
0,7.948697072575445e-10
0,5.026202129517549e-10
0,1.1570218080063748e-09
0,1.1570218080063748e-09
0,1.4987509959977279e-09
0,2.1393133567894512e-10
0,7.148197125976219e-10
0,7.036799892064211e-10
0,5.387317953528632e-10
0,7.036799892064211e-10
1,0.9999998012177369
0,1.1564703230769132e-09
0,1.0723229991392723e-09
0,1.0723229991392723e-09
0,1.2750025719180694e-10
0,2.768135071649613e-10
0,1.1252811551847052e-09
0,1.1570218080063748e-09
0,1.069794879008204e-09
0,1.069794879008204e-09
0,7.036799892064211e-10
0,1.2824619900102431e-10
0,1.069794879008204e-09
0,1.1570218080063748e-09
0,1.1570218080063748e-09
0,1.1570218080063748e-09
0,1.069794879008204e-09
0,7.036799892064211e-10
0,1.2508694125826943e-09
0,7.148197125976219e-10
0,9.153780039888764e-10
0,4.965722451258305e-10
0,1.1570218080063748e-09
0,1.1257091979897726e-09
0,7.036799892064211e-10
0,7.036799892064211e-10
0,7.148419071947345e-10
0,1.2824619900102431e-10
0,1.069794879008204e-09
0,1.2508694125826943e-09
0,1.1570218080063748e-09
0,2.0349143804695476e-10
0,1.103835382220952e-10
0,2.585081075358484e-10
0,1.1570218080063748e-09
0,5.514972562200479e-09
0,1.069794879008204e-09
0,1.9017908908207833e-10
0,2.4198301916112945e-10
0,1.1570218080063748e-09
0,1.1574624764374567e-09
0,1.2750025719180694e-10
0,1.9017908908207833e-10
0,1.5017956913858164e-09
0,2.1393133567894512e-10
0,1.069794879008204e-09
0,7.036799892064211e-10
0,2.0530172655155127e-08
0,1.1570218080063748e-09
0,3.378068525728208e-09
0,1.069794879008204e-09
0,1.1145557853107937e-09
0,2.1393133567894512e-10
0,7.036799869241603e-10
0,2.1052567114817554e-10
0,5.026202129517549e-10
0,1.2508694125826943e-09
0,7.148197125976219e-10
0,1.3996396406047353e-10
0,1.2750025719180694e-10
0,1.1564703230769132e-09
0,4.3415147263993496e-10
0,1.1262463542470031e-09
0,5.192497974015688e-09
0,1.5017956913858164e-09
0,1.851338892575529e-10
0,1.1570218080063748e-09
0,1.1564703230751178e-09
0,1.0826215657740681e-10
0,1.4987509959977279e-09
0,7.036799869241603e-10
0,1.2578152775620817e-10
0,1.2508694125826943e-09
0,7.036799892064211e-10
0,7.036799892064211e-10
0,4.24434028803936e-10
0,1.069794879008204e-09
0,7.948697072575445e-10
0,7.032581995539288e-10
0,1.1564703239676388e-09
0,1.103835382220952e-10
0,1.069794879008204e-09
0,7.148197125976219e-10
0,3.378068525728208e-09
0,1.1570218080063748e-09
0,1.1570218080063748e-09
0,1.069794879008204e-09
0,7.036799892064211e-10
0,2.1393133567894512e-10
0,1.4987509959977279e-09
0,2.733982798531861e-10
0,2.4171728053223174e-10
0,7.036799892064211e-10
0,1.1564703230769132e-09
0,4.24434028803936e-10
0,1.2824619900102431e-10
0,7.036799892064211e-10
0,1.069794879008204e-09
0,1.4813280693682225e-10
0,1.2824619900102431e-10
0,1.069794879008204e-09
0,1.1574624764374567e-09
0,7.945399113363459e-10
0,1.1257091979897726e-09
0,1.9017908908207833e-10
0,1.0614573163502378e-09
0,7.036799892064211e-10
0,1.1564703230769132e-09
0,1.069794879008204e-09
0,1.1570218080063748e-09
1,1.0
0,7.148197125976219e-10
0,1.069794879008204e-09
0,1.070628856869766e-09
0,1.069794879008204e-09
0,7.004323849624601e-10
0,7.036799892064211e-10
0,7.948697072575445e-10
0,1.069794879008204e-09
0,1.069794879008204e-09
0,1.2750025719180694e-10
0,1.1570218080063748e-09
0,1.1570218080063748e-09
0,3.984747501108011e-10
0,1.501893262797294e-09
0,1.1570218080063748e-09
0,2.8157662742043365e-10
0,1.9017908908207833e-10
0,3.057270491595805e-10
0,1.1570218080063748e-09
0,1.069794879008204e-09
0,1.1570168732380696e-09
0,8.333448456552962e-10
0,1.069794879008204e-09
0,1.1354591181477362e-09
0,2.6548918228095514e-10
0,1.069794879008204e-09
0,1.069794879008204e-09
0,1.070628856869766e-09
0,7.036799892064211e-10
0,1.9017908908207833e-10
0,5.387317953528632e-10
0,1.1570218080063748e-09
0,1.9017908908207833e-10
0,1.069794879008204e-09
0,7.036799892064211e-10
0,1.069794879008204e-09
0,1.1570218080063748e-09
0,1.9017908908207833e-10
0,1.103835382220952e-10
0,1.069794879008204e-09
0,1.0123930800162857e-09
0,7.036799869241603e-10
0,1.1570218080063748e-09
1,0.9999996614580253
0,1.4813280693682225e-10
0,7.036799892064211e-10
0,2.2280359741698655e-10
0,1.9017908908207833e-10
0,2.2035414337642204e-10
0,7.43746044933496e-09
0,1.1570218080063748e-09
0,4.4143910448987557e-10
0,1.9017908908207833e-10
0,1.1570218080063748e-09
0,1.070628856869766e-09
0,1.4987509959977279e-09
0,1.1570168732380696e-09
0,7.036799892064211e-10
0,7.036799892064211e-10
0,1.2508694125826943e-09
0,4.965722451258305e-10
0,2.1393133567894512e-10
0,1.069794879008204e-09
0,1.9017908908207833e-10
0,1.1564703230751178e-09
0,5.984943691648507e-10
1,0.9999999981351977
0,1.0723229991392723e-09
0,1.1570218080063748e-09
0,7.948697072575445e-10
0,9.153780039888764e-10
0,7.148419071947345e-10
0,1.1570218080063748e-09
0,1.4813280693682225e-10
0,1.602799413218558e-10
0,2.859391164625522e-10
0,1.2750025719180694e-10
0,7.004323849624601e-10
0,1.103835382220952e-10
0,1.2508694125826943e-09
0,1.2824619900102431e-10
0,1.069794879008204e-09
0,2.019191734755419e-09
0,1.1570218080063748e-09
0,7.004323849624601e-10
0,2.4367085500932556e-10
0,2.1393133567894512e-10
0,1.4813280693682225e-10
0,1.1570218080063748e-09
0,1.069794879008204e-09
0,1.1574624764374567e-09
0,7.148418801189594e-10
0,7.036799892064211e-10
0,1.069794879008204e-09
0,2.1393133567894512e-10
0,2.4198301916112945e-10
0,1.0826215657740681e-10
0,2.4171728053223174e-10
0,5.984943691648507e-10
0,1.2824619900102431e-10
0,2.768135071649613e-10
0,1.1570218080063748e-09
0,1.1570218080063748e-09
0,1.4813280693682225e-10
0,1.1713983190139433e-10
0,1.2824619900102431e-10
0,1.103835382220952e-10
0,2.768135071649613e-10
0,1.9017908908207833e-10
0,2.4367085500932556e-10
0,1.9017908908207833e-10
0,8.337220118672621e-10
0,1.069794879008204e-09
0,8.333448456552962e-10
0,1.465205852463627e-08
0,1.2774691858177689e-09
0,1.9017908908207833e-10
0,2.4171728053223174e-10
0,1.069794879008204e-09
0,7.065225164090086e-10
0,7.004323849624601e-10
0,1.069794879008204e-09
0,9.171956477461186e-10
0,7.036799892064211e-10
0,1.4813280693682225e-10
0,1.0723229991392723e-09
0,1.831430918850549e-09
0,7.036799892064211e-10
0,1.069794879008204e-09
0,7.036799892064211e-10
0,7.036799892064211e-10
0,7.148197125976219e-10
0,1.069794879008204e-09
0,7.004323849624601e-10
0,7.036799892064211e-10
0,1.1570218080063748e-09
0,1.103835382220952e-10
0,1.1570218080063748e-09
0,7.948697072575445e-10
0,7.148197125976219e-10
0,3.984747501108011e-10
0,2.2280359741698655e-10
0,1.9017908908207833e-10
0,1.2508694125826943e-09
0,1.2523170605743022e-09
0,2.450964543172903e-10
0,1.069794879008204e-09
0,2.71782960326909e-10
0,1.069794879008204e-09
1,0.9999999999996438
0,1.0826215657740681e-10
0,1.9017908908207833e-10
0,7.036799892064211e-10
0,5.026202129517549e-10
0,2.4171728053223174e-10
0,1.1564703230769132e-09
0,2.831025483050377e-10
0,1.1574624764374567e-09
0,1.1252811551847052e-09
0,1.1570218080063748e-09
0,1.5503234738873566e-09
0,1.1564703230751178e-09
0,1.072613088622037e-09
0,7.036799892064211e-10
0,1.9017908908207833e-10
0,7.148419071947345e-10
0,2.1970179394217026e-09
0,1.2578152775620817e-10
0,2.71782960326909e-10
0,1.0694891653804926e-09
0,1.0706286893615191e-09
0,1.2750025719180694e-10
0,4.4143910448987557e-10
0,1.2508694125826943e-09
0,1.15691043184316e-09
0,1.069794879008204e-09
0,7.036799869241603e-10
0,1.070628856869766e-09
0,7.148197125976219e-10
0,1.1570218080063748e-09
0,1.1564703230751178e-09
0,1.9017908908207833e-10
0,1.9017908908207833e-10
0,1.9017908908207833e-10
0,1.4813280693682225e-10
0,7.036799892064211e-10
0,1.1564703230751178e-09
0,1.9017908908207833e-10
0,1.5017956913858164e-09
0,1.069794879008204e-09
0,1.5980893801154435e-08
0,9.752760109258537e-10
0,1.851338892575529e-10
0,1.069794879008204e-09
0,5.984943691648507e-10
0,1.070628856869766e-09
0,1.1564703239676388e-09
0,1.0731588269765734e-09
0,3.167438875119474e-10
0,1.0723229991392723e-09
0,7.148197125976219e-10
0,1.1262463542470031e-09
0,1.069794879008204e-09
0,1.593476758017984e-10
0,7.948697072575445e-10
0,1.070628856869766e-09
0,1.2508694125826943e-09
0,1.069794879008204e-09
0,1.069794879008204e-09
0,1.069794879008204e-09
0,1.069794879008204e-09
0,1.2750025719180694e-10
0,1.2750025719180694e-10
0,1.1570168732380696e-09
0,8.137459359352126e-10
0,4.4143910448987557e-10
0,1.070628856869766e-09
0,1.069794879008204e-09
0,1.9017908908207833e-10
0,7.036799892064211e-10
0,4.4143910448987557e-10
0,7.065225164090086e-10
0,1.660334704404235e-10
0,7.064678166913513e-10
0,3.506859002278015e-10
0,1.2824619900102431e-10
0,5.387317953528632e-10
0,1.851338892575529e-10
0,1.602799413218558e-10
0,2.8985044287833637e-09
0,1.602799413218558e-10
0,2.1393133567894512e-10
0,2.1393133567894512e-10
0,1.0694891596659909e-09
0,1.2750025719180694e-10
0,2.1393133567894512e-10
0,1.069794879008204e-09
0,1.070628856869766e-09
0,1.103835382220952e-10
0,1.2578152775620817e-10
0,1.4813280693682225e-10
0,1.2523170605743022e-09
0,1.070628856869766e-09
0,1.5017956913858164e-09
0,1.2750025719180694e-10
0,7.148419071947345e-10
0,1.0723229991392723e-09
0,2.811415807953703e-10
0,1.2842322511636315e-09
0,3.378068525728208e-09
0,1.069794879008204e-09
0,1.2019660004738272e-09
0,7.036799892064211e-10
0,1.0723229991392723e-09
0,9.532309384363928e-10
0,1.069794879008204e-09
0,1.069794879008204e-09
0,1.4987509959977279e-09
0,7.036799892064211e-10
0,1.2508694125826943e-09
0,1.4987509959977279e-09
0,2.1617865698784158e-08
0,7.036799892064211e-10
0,1.1570218080063748e-09
1,0.9999998841656549
0,1.4987509959977279e-09
0,1.069794879008204e-09
0,7.036799892064211e-10
0,1.1570218080063748e-09
0,1.1570218080063748e-09
0,7.036799892064211e-10
0,7.148197125976219e-10
0,1.851338892575529e-10
0,1.1570218080063748e-09
0,2.2280359741698655e-10
0,1.1570218080063748e-09
0,1.9017908908207833e-10
0,1.1570218080063748e-09
0,3.167438875119474e-10
0,1.1570218080063748e-09
0,1.069794879008204e-09
0,1.069794879008204e-09
0,9.37281238622136e-11
1,0.9999999299748874
0,2.2003640799242976e-10
0,7.036799892064211e-10
0,6.182208246533726e-10
0,1.9017908908207833e-10
0,1.1570218080063748e-09
0,1.1570218080063748e-09
0,2.1393133567894512e-10
0,1.069794879008204e-09
0,7.036799892064211e-10
0,3.2165122570630797e-10
0,7.036799869241603e-10
0,7.036799892064211e-10
0,1.1570218080063748e-09
0,7.036799892064211e-10
0,1.4813280693682225e-10
0,7.036799892064211e-10
0,1.1262463542470031e-09
0,1.2750025719180694e-10
0,1.2508694125826943e-09
0,1.1570218080063748e-09
0,1.0694891596659909e-09
0,1.2508694125826943e-09
0,1.1570218080063748e-09
0,2.2280359741698655e-10
0,1.2774691858177689e-09
0,1.593476758017984e-10
0,1.851338892575529e-10
0,2.2280359741698655e-10
0,2.1393133567894512e-10
0,2.949162335310511e-09
0,1.2750025719180694e-10
0,1.070628856869766e-09
0,4.3828133656688146e-10
0,1.851338892575529e-10
0,1.2502693903098394e-09
0,1.2508694125826943e-09
0,5.984943691648507e-10
0,1.9017908908207833e-10
0,1.1570218080063748e-09
0,1.2750025719180694e-10
0,1.4813280693682225e-10
0,7.036799869241603e-10
0,2.615486808322234e-10
0,2.572422340700185e-10
0,1.9017908908207833e-10
0,3.5381680067010577e-10
0,7.036799892064211e-10
0,1.070628856869766e-09
0,2.71782960326909e-10
0,7.948697072575445e-10
0,1.070628856869766e-09
0,1.9017908908207833e-10
0,1.1252811551847052e-09
0,1.9017908908207833e-10
0,6.8357596249579816e-09
0,1.2508694125826943e-09
0,1.4839988504815675e-10
0,2.831025483050377e-10
0,1.4987509959977279e-09
0,2.4198301916112945e-10
0,1.1570218080063748e-09
0,1.4987509959977279e-09
0,2.2280359741698655e-10
0,1.070628856869766e-09
0,1.4813280693682225e-10
0,1.1262463542470031e-09
0,1.103835382220952e-10
0,1.1570218080063748e-09
0,1.0694891596659909e-09
0,1.0723229991392723e-09
0,1.4813280693682225e-10
1,0.9999999107213653
0,5.984943691648507e-10
0,7.036799892064211e-10
0,1.1574624764374567e-09
0,3.167438875119474e-10
0,3.057270491595805e-10
0,1.9017908908207833e-10
0,1.593476758017984e-10
0,1.1713983190139433e-10
0,1.9017908908207833e-10
1,0.9999996703283284
0,1.9017908908207833e-10
0,1.9017908908207833e-10
0,1.4987509959977279e-09
0,3.2165122570630797e-10
0,1.2824619900102431e-10
0,1.2508694125826943e-09
0,7.036799869241603e-10
0,7.036799892064211e-10
0,2.1393133567894512e-10
0,8.137459359352126e-10
0,1.9017908908207833e-10
0,2.1393133567894512e-10
0,2.8985044287833637e-09
0,7.036799892064211e-10
0,1.1570218080063748e-09
0,1.1570218080063748e-09
0,5.82861722055612e-10
0,1.0723229991392723e-09
0,1.2824619900102431e-10
0,1.069794879008204e-09
0,1.2508694125826943e-09
0,1.069794879008204e-09
0,1.069794879008204e-09
0,1.0889554564443592e-10
0,1.1570168732380696e-09
0,1.2824619900102431e-10
0,2.978717198098647e-10
0,1.2412700910737261e-09
1,0.9999999268661599
0,2.1393133567894512e-10
0,1.1570218080063748e-09
0,1.0723229991392723e-09
0,1.2508694125826943e-09
0,4.0743515265138285e-10
0,1.9017908908207833e-10
0,7.036799892064211e-10
0,1.1570218080063748e-09
0,1.069794879008204e-09
0,1.069794879008204e-09
0,1.069794879008204e-09
0,2.71782960326909e-10
0,1.1570218080063748e-09
0,1.9017908908207833e-10
1,0.9999999995726452
0,3.506859002278015e-10
0,7.148197125976219e-10
0,1.1570218080063748e-09
0,7.504648443207138e-10
0,1.851338892575529e-10
0,1.069794879008204e-09
0,1.069794879008204e-09
0,1.2508694125826943e-09
0,6.732427860666434e-10
0,1.571996366768719e-10
0,1.9017908908207833e-10
0,1.2508694125826943e-09
0,7.148418801189594e-10
0,1.0128133019631072e-09
0,1.069794879008204e-09
0,2.859391164625522e-10
0,1.9017908908207833e-10
0,2.1393133567894512e-10
0,8.333424535525178e-10
0,1.0723229991392723e-09
0,1.0706286893615191e-09
0,1.1570218080063748e-09
0,1.593476758017984e-10
0,1.069794879008204e-09
0,1.069794879008204e-09
0,1.9017908908207833e-10
0,1.9017908908207833e-10
0,1.069794879008204e-09
0,1.070628856869766e-09
0,1.1570218080063748e-09
0,1.1570218080063748e-09
0,3.057270491595805e-10
1,0.9999999987927701
0,1.9017908908207833e-10
0,1.070628856869766e-09
0,1.1564705249939252e-09
0,2.2280359741698655e-10
0,6.4035378121690234e-09
0,1.1262463542470031e-09
0,2.831025483050377e-10
0,1.1570218080063748e-09
0,1.2824619900102431e-10
0,7.036799892064211e-10
0,5.218075019881916e-10
0,7.036799892064211e-10
0,1.1262463542470031e-09
0,7.036799892064211e-10
0,1.069794879008204e-09
0,1.069794879008204e-09
0,1.069794879008204e-09
0,1.0706286893615191e-09
0,1.2824619900102431e-10
0,1.4839988504815675e-10
0,1.660334704404235e-10
0,7.036799892064211e-10
0,1.4813280693682225e-10
0,1.3530422140271266e-10
1,0.9999998841656549
0,5.218075019881916e-10
0,2.71782960326909e-10
0,4.4143910448987557e-10
0,3.167438875119474e-10
0,9.617796734513608e-10
0,7.036799892064211e-10
0,1.2750025719180694e-10
0,7.036799892064211e-10
0,2.1970179394217026e-09
0,1.9017908908207833e-10
0,7.004323849624601e-10
0,4.467485739609597e-10
0,1.069794879008204e-09
0,2.2280359741698655e-10
0,1.069794879008204e-09
0,1.069794879008204e-09
0,1.0723229991392723e-09
0,1.4987509959977279e-09
0,1.1564703230751178e-09
0,5.984943691648507e-10
1,0.9999999999994003
0,7.036799892064211e-10
0,1.1262463542470031e-09
0,1.4813280693682225e-10
0,7.036799869241603e-10
0,1.9017908908207833e-10
0,1.4813280693682225e-10
0,1.2750025719180694e-10
0,7.945399113363459e-10
0,1.069794879008204e-09
0,5.984943691648507e-10
0,1.4987509959977279e-09
0,1.4987509959977279e-09
1,0.9999998053761917
0,1.2824619900102431e-10
0,1.1570218080063748e-09
0,1.593476758017984e-10
0,7.036799892064211e-10
0,2.4223417422814626e-09
0,7.148197102792314e-10
0,7.036799869241603e-10
0,1.1564703239676388e-09
0,1.0706286893615191e-09
0,2.2280359741698655e-10
0,1.069794879008204e-09
0,7.945399113363459e-10
0,1.069794879008204e-09
0,1.2824619900102431e-10
0,1.0723229991392723e-09
0,1.2750025719180694e-10
0,3.215537463882623e-10
0,1.1564703239676388e-09
0,4.33047227524554e-06
0,3.024263051306471e-10
0,8.137459359352126e-10
0,1.1570218080063748e-09
0,1.4813280693682225e-10
0,1.9341876065624573e-10
0,1.1570218080063748e-09
0,9.532309384363928e-10
0,1.1262463542470031e-09
0,1.1570218080063748e-09
0,7.036799892064211e-10
0,1.069794879008204e-09
0,1.9017908908207833e-10
0,1.1570218080063748e-09
0,2.3066896239518768e-10
0,1.1570218080063748e-09
0,1.4813280693682225e-10
0,9.532309384363928e-10
0,1.0723229991392723e-09
0,2.187565700125511e-10
0,2.140617502708853e-09
0,1.9017908908207833e-10
0,1.1570218080063748e-09
0,1.2508694125826943e-09
0,1.1570218080063748e-09
0,2.4198301916112945e-10
0,1.069794879008204e-09
0,1.0694891653804926e-09
0,1.9017908908207833e-10
0,1.9017908908207833e-10
0,4.965722451258305e-10
0,7.036799892064211e-10
0,1.069794879008204e-09
0,1.6166759738492664e-10
0,1.9017908908207833e-10
0,1.069794879008204e-09
0,1.103835382220952e-10
0,1.1570218080063748e-09
0,7.945399113363459e-10
0,1.4987509959977279e-09
0,7.948697072575445e-10
0,7.148419071947345e-10
0,1.678977255082746e-08
1,0.9999998729500944
0,1.2508694125826943e-09
0,1.1574624764374567e-09
0,1.069794879008204e-09
0,1.103835382220952e-10
0,4.965722451258305e-10
0,4.4143910448987557e-10
0,1.2750025719180694e-10
0,1.9017908908207833e-10
0,1.0123930800162857e-09
0,1.8966230732425918e-10
0,8.333448456552962e-10
0,2.4198301916112945e-10
0,1.2750025719180694e-10
0,1.4813280693682225e-10
0,3.3507414083548075e-10
0,7.036799892064211e-10
0,2.2280359741698655e-10
0,1.069794879008204e-09
0,7.065225164090086e-10
0,7.036799892064211e-10
0,1.4987509959977279e-09
0,7.036799892064211e-10
0,1.1564703230769132e-09
0,1.602799413218558e-10
0,7.036799869241603e-10
0,1.0694891653804926e-09
0,1.3609582039968774e-10
0,1.1262463542470031e-09
1,0.9999999987241035
0,3.8504157928477906e-10
0,1.070628856869766e-09
0,3.612061240625312e-10
0,1.4813280693682225e-10
0,1.1570218080063748e-09
0,1.1570218080063748e-09
0,4.0743515265138285e-10
0,1.1262463542470031e-09
0,7.148419071947345e-10
0,7.036799892064211e-10
0,7.036799892064211e-10
0,1.069794879008204e-09
0,1.1570218080063748e-09
0,2.4223417422814626e-09
0,1.2774691858177689e-09
0,2.2280359741698655e-10
0,3.378068525728208e-09
0,2.768135071649613e-10
0,6.732427860666434e-10
0,1.2750025719180694e-10
0,1.0826215657740681e-10
0,1.1574624764374567e-09
0,8.337220118672621e-10
0,1.069794879008204e-09
0,3.3507414083548075e-10
0,1.4813280693682225e-10
0,7.036799892064211e-10
0,2.8985044287833637e-09
0,1.069794879008204e-09
0,7.036799892064211e-10
0,1.069794879008204e-09
0,1.069794879008204e-09
0,7.036799892064211e-10
0,1.3570558269499711e-08
0,1.1570218080063748e-09
0,1.9017908908207833e-10
0,1.069794879008204e-09
0,1.3609582039968774e-10
0,1.1252811551847052e-09
0,1.069794879008204e-09
0,7.036799892064211e-10
0,7.148196855226875e-10
0,7.948697072575445e-10
0,1.1262463542470031e-09
0,7.036799892064211e-10
0,7.036799892064211e-10
0,1.1570218080063748e-09
0,7.036799892064211e-10
0,9.617796734513608e-10
0,7.036799869241603e-10
0,2.1393133567894512e-10
0,7.148197125976219e-10
0,2.1393133567894512e-10
0,1.9017908908207833e-10
0,2.1393133567894512e-10
0,1.1262463542470031e-09
0,7.036799892064211e-10
0,1.2372380060763358e-10
0,1.069794879008204e-09
0,1.1564703230751178e-09
0,1.602799413218558e-10
0,1.069794879008204e-09
0,7.036799892064211e-10
0,1.1570218080063748e-09
0,8.333424535525178e-10
0,1.2508694125826943e-09
0,7.036799892064211e-10
0,1.9017908908207833e-10
0,1.9017908908207833e-10
0,1.1564703230751178e-09
0,2.572422340700185e-10
0,1.070628856869766e-09
0,1.069794879008204e-09
0,7.148197125976219e-10
0,7.036799892064211e-10
0,1.851338892575529e-10
0,1.2508694125826943e-09
0,1.1262463542470031e-09
0,7.115556307852151e-10
0,1.2508694125826943e-09
0,1.069794879008204e-09
0,1.501893262797294e-09
0,7.945399113363459e-10
0,1.069794879008204e-09
0,8.137459359352126e-10
0,4.4143910448987557e-10
0,1.1570218080063748e-09
0,1.069794879008204e-09
0,1.4813280693682225e-10
0,1.9017908908207833e-10
0,7.036799892064211e-10
0,1.4987509959977279e-09
0,1.1570218080063748e-09
0,7.036799892064211e-10
0,1.0694891596659909e-09
0,7.036799892064211e-10
0,7.011638299353095e-10
0,1.7860543687599026e-10
0,1.1570218080063748e-09
0,1.1570218080063748e-09
0,1.1570218080063748e-09
0,1.069794879008204e-09
0,2.8157662742043365e-10
0,1.1252811551847052e-09
0,1.069794879008204e-09
0,7.036799869241603e-10
0,1.4987509959977279e-09
0,1.2824619900102431e-10
0,1.070628856869766e-09
0,1.069794879008204e-09
0,7.948697072575445e-10
0,7.036799892064211e-10
0,1.070628856869766e-09
0,7.036799892064211e-10
0,6.732427860666434e-10
0,1.9017908908207833e-10
0,1.1570218080063748e-09
0,1.070628856869766e-09
0,1.5017956913858164e-09
0,1.069794879008204e-09
0,1.069794879008204e-09
0,1.0723229991392723e-09
0,1.1570218080063748e-09
0,2.859391164625522e-10
0,7.036799892064211e-10
0,1.069794879008204e-09
0,7.036799892064211e-10
0,3.378068525728208e-09
0,1.0723229991392723e-09
0,8.137459359352126e-10
0,4.4143910448987557e-10
0,7.065225164090086e-10
0,1.8471215997318822e-07
0,7.004323849624601e-10
0,7.036799892064211e-10
0,1.3996396406047353e-10
0,7.948697072575445e-10
0,1.069794879008204e-09
0,3.378068525728208e-09
0,1.1262463542470031e-09
0,2.4367085500932556e-10
0,1.2824619900102431e-10
0,2.831025483050377e-10
0,1.2508694125826943e-09
0,1.069794879008204e-09
0,7.148419071947345e-10
0,1.0706286893615191e-09
0,1.135459322020903e-09
0,1.2750025719180694e-10
0,1.1570218080063748e-09
0,7.036799869241603e-10
0,1.1570218080063748e-09
0,1.9017908908207833e-10
0,1.2750025719180694e-10
0,1.2824619900102431e-10
0,1.103835382220952e-10
0,9.153780039888764e-10
1,0.9999999107213653
0,1.2750025719180694e-10
0,1.069794879008204e-09
0,1.069794879008204e-09
0,1.070628856869766e-09
0,1.9017908908207833e-10
0,1.1570218080063748e-09
0,1.9017908908207833e-10
0,1.602799413218558e-10
0,7.036799892064211e-10
0,7.036799892064211e-10
0,1.5017956913858164e-09
0,2.602747980767599e-10
0,7.03258197273036e-10
0,1.1564703230751178e-09
0,9.617796734513608e-10
0,1.2502693903098394e-09
0,1.1570218080063748e-09
1,0.9999999107213653
0,1.4813280693682225e-10
0,2.2280359741698655e-10
0,1.660334704404235e-10
0,1.070628856869766e-09
0,1.069794879008204e-09
0,1.660334704404235e-10
0,2.0610196182848676e-10
0,1.1570218080063748e-09
0,7.036799869241603e-10
0,7.036799892064211e-10
0,7.948697072575445e-10
0,2.811415807953703e-10
0,7.036799892064211e-10
0,2.1393133567894512e-10
0,7.036799892064211e-10
0,1.069794879008204e-09
0,1.069794879008204e-09
0,1.0813035512673802e-09
0,1.069794879008204e-09
0,1.069794879008204e-09
0,7.036799892064211e-10
0,4.965722451258305e-10
0,1.1570218080063748e-09
0,1.1570218080063748e-09
0,1.2750025719180694e-10
0,2.8157662742043365e-10
0,7.036799892064211e-10
1,0.9999999998415163
0,1.069794879008204e-09
0,1.1570218080063748e-09
0,1.1570218080063748e-09
0,2.0610196182848676e-10
0,1.2508694125826943e-09
0,1.069794879008204e-09
0,1.069794879008204e-09
0,1.069794879008204e-09
0,1.9017908908207833e-10
1,0.9999999774041893
0,7.148197125976219e-10
1,0.00108564943708701
0,2.8157662742043365e-10
0,1.2578152775620817e-10
0,1.1570218080063748e-09
0,1.0694891596659909e-09
0,4.4143910448987557e-10
0,1.851338892575529e-10
0,1.9017908908207833e-10
0,5.13369269008829e-10
0,7.148197125976219e-10
0,1.1570218080063748e-09
0,1.0723229991392723e-09
0,3.984747501108011e-10
0,7.036799892064211e-10
0,1.069794879008204e-09
0,7.036799869241603e-10
0,1.2686881377750023e-08
0,1.070628856869766e-09
0,7.004323849624601e-10
0,1.89504510134375e-09
0,7.948697072575445e-10
0,1.9017908908207833e-10
0,7.032581995539288e-10
0,3.474819825708582e-10
0,4.4143910448987557e-10
0,3.506859002278015e-10
0,2.4198301916112945e-10
0,2.207009867228013e-09
0,1.1570218080063748e-09
0,1.0723229991392723e-09
0,4.965722451258305e-10
0,1.341349346372423e-08
0,1.1570218080063748e-09
0,1.0723229991392723e-09
0,2.1393133567894512e-10
0,1.602799413218558e-10
0,7.148197125976219e-10
0,1.1564703230751178e-09
0,2.831025483050377e-10
0,2.4223417422814626e-09
0,1.0723229991392723e-09
0,7.036799869241603e-10
0,1.6166759738492664e-10
0,7.036799892064211e-10
0,1.2578152775620817e-10
0,1.1574624764374567e-09
0,7.065225164090086e-10
0,1.1570218080063748e-09
0,7.036799892064211e-10
0,1.1252811551847052e-09
0,1.2824619900102431e-10
0,2.2280359741698655e-10
0,1.1570218080063748e-09
0,3.984747501108011e-10
0,7.036799869241603e-10
0,7.036799869241603e-10
0,1.0123930800162857e-09
0,5.984943691648507e-10
0,1.2824619900102431e-10
0,1.069794879008204e-09
0,1.4987509959977279e-09
0,1.0723229991392723e-09
0,4.4143910448987557e-10
0,1.1570218080063748e-09
0,7.036799892064211e-10
0,3.024263051306471e-10
0,4.109613349418922e-09
0,1.069794879008204e-09
0,7.036799892064211e-10
0,7.036799892064211e-10
0,1.593476758017984e-10
0,1.4813280693682225e-10
0,5.387317953528632e-10
0,7.177072389009823e-10
0,1.069794879008204e-09
0,7.036799892064211e-10
0,1.1570218080063748e-09
0,1.9017908908207833e-10
0,1.0123930800162857e-09
0,7.036799892064211e-10
0,1.069794879008204e-09
0,1.9017908908207833e-10
0,1.1564703230751178e-09
0,1.1570218080063748e-09
0,2.2035414337642204e-10
0,1.9017908908207833e-10
0,7.036799892064211e-10
0,2.1393133567894512e-10
0,7.948697072575445e-10
0,1.593476758017984e-10
0,2.4171728053223174e-10
0,7.148419071947345e-10
0,1.1570218080063748e-09
0,1.0694891596659909e-09
0,1.9017908908207833e-10
0,2.2280359741698655e-10
0,2.8359416253396095e-09
0,1.9017908908207833e-10
0,3.167438875119474e-10
0,1.4813280693682225e-10
0,1.069794879008204e-09
0,1.070628856869766e-09
0,7.065225164090086e-10
0,2.1393133567894512e-10
0,1.069794879008204e-09
0,1.9017908908207833e-10
0,7.036799869241603e-10
0,1.0723229991392723e-09
0,2.1393133567894512e-10
0,1.4813280693682225e-10
0,1.069794879008204e-09
0,1.070628856869766e-09
0,7.036799869241603e-10
0,1.2750025719180694e-10
0,7.945399113363459e-10
0,5.026202129517549e-10
0,1.9017908908207833e-10
0,6.732427860666434e-10
0,1.1564703230751178e-09
0,1.648201419035665e-08
0,1.1570218080063748e-09
0,1.3795548848253874e-10
1,0.9999999812187786
0,1.0723229991392723e-09
0,2.811415807953703e-10
0,1.1570218080063748e-09
0,1.069794879008204e-09
0,2.350460141505901e-10
0,9.153780039888764e-10
0,1.9017908908207833e-10
0,4.717949230703767e-09
0,7.036799892064211e-10
0,1.26854562016779e-09
0,2.2280359741698655e-10
0,4.24434028803936e-10
0,1.1262463542470031e-09
0,1.4987509959977279e-09
0,1.0826215657740681e-10
0,5.940342235467546e-10
0,1.069794879008204e-09
0,7.148419071947345e-10
0,1.1570218080063748e-09
0,1.1570218080063748e-09
0,7.036799892064211e-10
0,2.1052567114817554e-10
0,9.37281238622136e-11
0,1.1570218080063748e-09
0,1.9017908908207833e-10
0,2.2280359741698655e-10
0,2.859391164625522e-10
0,1.1262463542470031e-09
0,1.501893262797294e-09
0,1.9017908908207833e-10
0,1.103835382220952e-10
0,8.998832023328564e-09
0,3.2165122570630797e-10
0,1.9017908908207833e-10
0,1.0694891653804926e-09
0,1.1570218080063748e-09
0,7.032581995539288e-10
0,7.004323849624601e-10
0,1.851338892575529e-10
0,2.1393133567894512e-10
0,1.1257091979897726e-09
0,1.1564703230769132e-09
0,1.070628856869766e-09
0,1.4987509959977279e-09
0,2.034302845377529e-10
0,4.6029277904246404e-10
0,1.069794879008204e-09
0,1.1570218080063748e-09
0,2.1393133567894512e-10
0,1.1570218080063748e-09
0,1.069794879008204e-09
0,1.2412700910737261e-09
0,1.2750025719180694e-10
1,0.9999998418350097
0,1.851338892575529e-10
0,1.069794879008204e-09
0,1.069794879008204e-09
0,3.513660164769085e-10
0,3.2165122570630797e-10
0,1.4813280693682225e-10
0,7.148418801189594e-10
0,4.24434028803936e-10
0,7.948697072575445e-10
0,3.9955713528422915e-10
0,1.2508694125826943e-09
0,1.1570218080063748e-09
0,7.148197125976219e-10
0,1.9017908908207833e-10
0,1.1570218080063748e-09
0,1.1564703230751178e-09
0,1.0723229991392723e-09
0,1.9017908908207833e-10
0,7.948697072575445e-10
0,1.1262463542470031e-09
0,1.4813280693682225e-10
0,1.1252811551847052e-09
0,1.4987509959977279e-09
0,1.069794879008204e-09
0,2.1393133567894512e-10
0,1.069794879008204e-09
0,4.965722451258305e-10
0,7.643747677165702e-09
0,1.069794879008204e-09
0,1.4813280693682225e-10
0,1.1570218080063748e-09
0,1.4987509959977279e-09
0,7.148418801189594e-10
0,1.069794879008204e-09
0,1.069794879008204e-09
0,1.1570218080063748e-09
0,1.9017908908207833e-10
0,1.1574624764374567e-09
0,1.1564703230751178e-09
0,4.4143910448987557e-10
0,1.9017908908207833e-10
0,1.069794879008204e-09
0,1.9017908908207833e-10
0,1.1570218080063748e-09
0,1.4206576243241131e-08
0,5.387317953528632e-10
0,1.069794879008204e-09
0,4.4143910448987557e-10
0,1.0723229991392723e-09
0,1.1570218080063748e-09
0,2.140617502708853e-09
0,1.1570218080063748e-09
0,7.036799892064211e-10
0,1.0723229991392723e-09
0,2.4198301916112945e-10
0,1.9017908908207833e-10
0,7.036799892064211e-10
0,1.2508694125826943e-09
0,2.8985044287833637e-09
0,1.1570218080063748e-09
0,1.1570218080063748e-09
0,1.1570218080063748e-09
0,2.1393133567894512e-10
0,1.2824619900102431e-10
0,6.197576971713378e-09
0,1.1570218080063748e-09
0,4.965722451258305e-10
0,1.2824619900102431e-10
0,1.9017908908207833e-10
0,7.148196855226875e-10
0,1.593476758017984e-10
0,1.4092050276930044e-10
0,1.4813280693682225e-10
0,1.9017908908207833e-10
0,3.378068525728208e-09
0,1.1564703230751178e-09
0,1.0128133019631072e-09
0,1.602799413218558e-10
0,1.070628856869766e-09
0,1.1570218080063748e-09
0,2.811415807953703e-10
0,1.593476758017984e-10
0,1.069794879008204e-09
0,1.1570218080063748e-09
0,1.1262463542470031e-09
0,1.1570218080063748e-09
0,7.148197125976219e-10
0,1.2750025719180694e-10
0,1.2750025719180694e-10
1,0.9999996703283284
0,1.1262463542470031e-09
0,1.1570218080063748e-09
0,7.036799892064211e-10
0,1.2508694125826943e-09
0,1.5017956913858164e-09
0,1.2824619900102431e-10
0,3.8944710878692054e-10
0,1.9017908908207833e-10
0,1.1564703230751178e-09
0,1.1570218080063748e-09
0,1.1570218080063748e-09
0,4.4143910448987557e-10
1,0.999999999149783
0,1.1570218080063748e-09
0,7.036799892064211e-10
0,1.1570218080063748e-09
0,7.036799869241603e-10
0,1.069794879008204e-09
0,7.036799869241603e-10
0,1.1570218080063748e-09
0,1.069794879008204e-09
0,4.0743515265138285e-10
0,1.2750025719180694e-10
0,1.069794879008204e-09
0,7.148197125976219e-10
0,7.036799869241603e-10
0,7.036799892064211e-10
0,2.1393133567894512e-10
0,1.9017908908207833e-10
0,2.978717198098647e-10
0,5.026202129517549e-10
0,3.513660164769085e-10
0,4.965722451258305e-10
0,1.069794879008204e-09
0,1.1262463542470031e-09
0,1.2508694125826943e-09
0,1.069794879008204e-09
0,7.945399113363459e-10
0,1.069794879008204e-09
0,1.069794879008204e-09
0,2.1393133567894512e-10
0,1.0694891596659909e-09
0,1.4753826478957214e-10
0,1.070628856869766e-09
0,2.2280359741698655e-10
0,7.148419071947345e-10
0,1.2508694125826943e-09
0,1.069794879008204e-09
0,7.036799892064211e-10
0,1.9017908908207833e-10
0,7.036799892064211e-10
0,1.069794879008204e-09
0,7.036799892064211e-10
0,1.1257091979897726e-09
0,8.137459359352126e-10
0,7.036799892064211e-10
0,2.350460141505901e-10
0,1.0706286893615191e-09
0,7.948697072575445e-10
0,7.036799892064211e-10
0,4.4143910448987557e-10
0,2.2280359741698655e-10
0,7.945399113363459e-10
0,1.8938882743808595e-10
0,1.4987509959977279e-09
0,1.4813280693682225e-10
0,4.15912744001818e-09
0,1.9017908908207833e-10
0,1.1570218080063748e-09
0,4.6347287886484865e-09
0,1.2508694125826943e-09
0,2.2280359741698655e-10
0,1.069794879008204e-09
0,7.036799892064211e-10
0,9.420382790688632e-09
0,2.2280359741698655e-10
0,7.148196855226875e-10
0,2.0349143804695476e-10
0,7.036799892064211e-10
0,7.945399113363459e-10
0,7.036799869241603e-10
0,7.036799892064211e-10
0,7.036799869241603e-10
0,7.036799892064211e-10
0,1.9017908908207833e-10
0,7.036799869241603e-10
0,1.1570218080063748e-09
0,1.1564703230751178e-09
0,1.4813280693682225e-10
0,7.148419071947345e-10
0,1.1570218080063748e-09
0,7.036799892064211e-10
0,2.2280359741698655e-10
0,5.984943691648507e-10
0,7.036799869241603e-10
0,3.506859002278015e-10
0,8.137459359352126e-10
1,0.9999999995571376
0,1.069794879008204e-09
0,1.761200728815205e-10
0,2.4171728053223174e-10
0,1.069794879008204e-09
0,1.26854562016779e-09
0,7.036799869241603e-10
0,1.069794879008204e-09
0,1.1570218080063748e-09
0,7.148196855226875e-10
0,7.036799892064211e-10
0,3.0631742399406187e-10
0,1.2750025719180694e-10
0,1.070628856869766e-09
0,1.069794879008204e-09
0,7.148197125976219e-10
0,1.069794879008204e-09
0,2.5947815536823705e-10
0,1.069794879008204e-09
0,7.036799892064211e-10
0,7.177072389009823e-10
0,1.069794879008204e-09
0,1.1570218080063748e-09
0,2.4171728053223174e-10
0,1.3795548848253874e-10
0,7.036799892064211e-10
0,1.851338892575529e-10
0,7.036799892064211e-10
0,4.4143910448987557e-10
0,1.1252811551847052e-09
0,1.1564703230751178e-09
0,1.1262463542470031e-09
0,5.2591057442859e-09
0,5.984943691648507e-10
0,7.036799892064211e-10
0,7.036799892064211e-10
0,1.4753826478957214e-10
0,1.069794879008204e-09
0,1.1570218080063748e-09
1,0.9999999988471633
0,1.4813280693682225e-10
0,1.1570218080063748e-09
0,1.9017908908207833e-10
0,2.8985044287833637e-09
0,1.0706286893615191e-09
0,1.1564703230769132e-09
0,1.1564703230751178e-09
0,1.9017908908207833e-10
0,7.036799892064211e-10
0,1.4987509959977279e-09
0,1.1570218080063748e-09
0,7.948697072575445e-10
0,1.1570218080063748e-09
0,8.212671267735466e-10
0,1.1570218080063748e-09
0,4.6029277904246404e-10
0,7.036799892064211e-10
0,1.4987509959977279e-09
0,1.851338892575529e-10
0,1.851338892575529e-10
0,1.1570218080063748e-09
0,1.4987509959977279e-09
0,1.2508694125826943e-09
0,2.1393133567894512e-10
0,1.1570218080063748e-09
0,1.4813280693682225e-10
0,1.069794879008204e-09
0,1.9017908908207833e-10
0,1.069794879008204e-09
0,3.2165122570630797e-10
0,1.9017908908207833e-10
0,3.8944710878692054e-10
0,1.4987509959977279e-09
0,1.1570218080063748e-09
0,1.2508694125826943e-09
0,1.1570218080063748e-09
0,7.148419071947345e-10
0,2.859391164625522e-10
0,1.1570218080063748e-09
0,1.0694891596659909e-09
0,7.036799892064211e-10
0,1.069794879008204e-09
0,1.1262463542470031e-09
0,2.859391164625522e-10
0,7.948697072575445e-10
0,1.2750025719180694e-10
0,3.0631742399406187e-10
0,7.036799892064211e-10
0,1.1570168732380696e-09
0,1.2750025719180694e-10
0,1.0723229991392723e-09
0,7.036799892064211e-10
0,1.2508694125826943e-09
0,1.593476758017984e-10
0,7.945399113363459e-10
0,2.350460141505901e-10
0,8.641017012859186e-09
0,1.9017908908207833e-10
0,1.4813280693682225e-10
0,2.6311144096684596e-10
0,1.070628856869766e-09
0,7.036799892064211e-10
0,7.036799892064211e-10
0,1.1570218080063748e-09
0,2.859391164625522e-10
0,1.1262463542470031e-09
0,1.1570218080063748e-09
0,7.065225164090086e-10
0,1.1564703239676388e-09
0,4.24434028803936e-10
0,1.103835382220952e-10
0,2.4171728053223174e-10
0,1.4813280693682225e-10
0,1.851338892575529e-10
0,7.036799892064211e-10
0,1.9017908908207833e-10
0,1.0723229991392723e-09
0,1.1570218080063748e-09
0,7.036799892064211e-10
0,8.710222522743804e-10
0,1.1564703230769132e-09
0,2.71782960326909e-10
0,8.137459359352126e-10
0,7.036799892064211e-10
0,2.450964543172903e-10
0,7.036799892064211e-10
0,1.1570218080063748e-09
0,7.036799892064211e-10
0,1.1570218080063748e-09
0,7.036799892064211e-10
0,7.036799869241603e-10
0,7.176740129891058e-10
0,8.318040948079704e-10
0,1.0706286893615191e-09
0,2.859391164625522e-10
0,1.9017908908207833e-10
0,2.978717198098647e-10
0,1.1570218080063748e-09
0,7.065225164090086e-10
0,1.928765223603492e-08
0,1.0826215657740681e-10
0,1.069794879008204e-09
0,1.1570218080063748e-09
0,7.036799892064211e-10
0,1.9017908908207833e-10
0,2.6311144096684596e-10
0,7.036799892064211e-10
0,7.036799869241603e-10
0,4.965722451258305e-10
0,1.2750025719180694e-10
0,9.153780039888764e-10
0,1.1574624764374567e-09
0,1.9017908908207833e-10
0,1.4987509959977279e-09
0,7.036799892064211e-10
0,1.1570218080063748e-09
0,1.069794879008204e-09
0,1.1570218080063748e-09
0,2.2280359741698655e-10
0,1.069794879008204e-09
0,1.1570218080063748e-09
0,3.8944710878692054e-10
0,2.187565700125511e-10
0,1.9017908908207833e-10
0,7.036799892064211e-10
0,1.0128133019631072e-09
0,7.036799892064211e-10
0,1.2750025719180694e-10
0,1.2824619900102431e-10
0,1.069794879008204e-09
0,1.1570218080063748e-09
0,1.1570218080063748e-09
0,1.1570218080063748e-09
0,1.851338892575529e-10
0,7.945399113363459e-10
0,7.036799892064211e-10
0,1.069794879008204e-09
0,1.069794879008204e-09
0,7.036799892064211e-10
0,1.1570218080063748e-09
0,9.153780039888764e-10
0,1.1570218080063748e-09
0,1.1570218080063748e-09
0,1.4987509959977279e-09
0,1.4813280693682225e-10
0,2.1393133567894512e-10
0,1.9017908908207833e-10
0,1.1570218080063748e-09
0,1.0694891596659909e-09
0,7.036799892064211e-10
0,1.4987509959977279e-09
0,1.2508694125826943e-09
0,2.1393133567894512e-10
0,5.984943691648507e-10
0,1.069794879008204e-09
0,7.036799892064211e-10
1,0.9999999441690193
0,1.4813280693682225e-10
0,7.036799892064211e-10
0,1.566199509503317e-09
0,7.148197125976219e-10
0,1.4813280693682225e-10
0,7.036799892064211e-10
0,1.0723229991392723e-09
0,1.069794879008204e-09
0,1.4813280693682225e-10
0,7.036799869241603e-10
0,1.2750025719180694e-10
0,1.0826215657740681e-10
0,7.036799892064211e-10
0,7.036799892064211e-10
0,1.9017908908207833e-10
0,7.148197125976219e-10
0,1.1570168732380696e-09
0,2.4198301916112945e-10
0,7.004323849624601e-10
0,1.4813280693682225e-10
0,7.036799892064211e-10
0,1.4987509959977279e-09
0,1.593476758017984e-10
0,1.602799413218558e-10
0,9.617796734513608e-10
0,1.1570218080063748e-09
0,1.1252811551847052e-09
0,1.069794879008204e-09
0,1.4987509959977279e-09
0,7.148419071947345e-10
0,1.069794879008204e-09
0,1.0123930800162857e-09
0,1.069794879008204e-09
0,2.4198301916112945e-10
0,7.036799892064211e-10
0,1.1570218080063748e-09
0,2.1464952006383243e-10
0,7.148197125976219e-10
0,7.036799892064211e-10
0,1.1570218080063748e-09
0,7.036799892064211e-10
0,1.4193615305486695e-08
0,2.71782960326909e-10
0,1.069794879008204e-09
0,1.4813280693682225e-10
0,1.1570218080063748e-09
0,1.1570218080063748e-09
0,2.978717198098647e-10
0,1.1570218080063748e-09
0,1.0723229991392723e-09
0,5.984943691648507e-10
0,7.036799892064211e-10
0,1.9017908908207833e-10
0,7.036799892064211e-10
0,1.1570218080063748e-09
0,1.1570218080063748e-09
0,1.069794879008204e-09
0,1.070628856869766e-09
0,1.2508694125826943e-09
0,1.2824619900102431e-10
0,1.547358536754614e-08
0,9.37281238622136e-11
0,2.8985044287833637e-09
0,2.978717198098647e-10
0,7.945399113363459e-10
0,1.4813280693682225e-10
0,2.811415807953703e-10
0,1.2824619900102431e-10
0,1.4813280693682225e-10
0,1.069794879008204e-09
0,7.036799892064211e-10
0,1.9017908908207833e-10
0,7.036799892064211e-10
0,7.036799892064211e-10
0,1.0723229991392723e-09
0,1.2750025719180694e-10
0,1.4813280693682225e-10
0,7.036799892064211e-10
0,1.4813280693682225e-10
0,1.018141624911452e-08
0,1.9017908908207833e-10
0,1.1570218080063748e-09
0,1.070628856869766e-09
0,2.1393133567894512e-10
0,2.4171728053223174e-10
0,1.1564703230751178e-09
0,7.036799892064211e-10
0,7.036799892064211e-10
0,3.3499089777188637e-10
0,1.2508694125826943e-09
0,1.1570218080063748e-09
0,7.036799892064211e-10
0,2.1393133567894512e-10
0,7.948697072575445e-10
0,1.2578152775620817e-10
0,2.2280359741698655e-10
0,2.2280359741698655e-10
0,1.0723229991392723e-09
0,1.1564703230751178e-09
0,1.1262463542470031e-09
0,8.137459359352126e-10
0,1.069794879008204e-09
0,2.1393133567894512e-10
0,1.4813280693682225e-10
0,1.069794879008204e-09
0,1.9017908908207833e-10
0,1.0694891653804926e-09
0,7.004323849624601e-10
0,7.915716963066424e-09
0,7.036799892064211e-10
0,1.069794879008204e-09
0,1.070628856869766e-09
0,1.4813280693682225e-10
1,0.999999964010583
0,1.9017908908207833e-10
0,1.4813280693682225e-10
0,1.1570168732380696e-09
0,1.3795548848253874e-10
0,1.070628856869766e-09
0,2.1393133567894512e-10
0,1.4813280693682225e-10
0,7.036799892064211e-10
0,1.1570218080063748e-09
0,2.4171728053223174e-10
0,7.036799892064211e-10
0,7.036799892064211e-10
0,7.036799869241603e-10
0,2.2280359741698655e-10
0,1.3530422140271266e-10
0,1.070628856869766e-09
0,1.1564703230769132e-09
0,1.9017908908207833e-10
0,2.396517075505295e-10
0,1.602799413218558e-10
0,7.004323849624601e-10
0,1.1570218080063748e-09
0,1.4813280693682225e-10
0,1.069794879008204e-09
0,3.2165122570630797e-10
0,7.945399113363459e-10
0,1.1570218080063748e-09
0,1.1570218080063748e-09
0,1.069794879008204e-09
0,2.1393133567894512e-10
0,2.859391164625522e-10
0,7.148196855226875e-10
0,1.069794879008204e-09
0,3.506859002278015e-10
0,1.1574624764374567e-09
0,1.069794879008204e-09
0,1.069794879008204e-09
0,7.036799892064211e-10
0,1.1570218080063748e-09
0,3.513660164769085e-10
0,2.1393133567894512e-10
0,2.4171728053223174e-10
0,7.945399113363459e-10
0,1.9017908908207833e-10
0,1.1570218080063748e-09
0,1.1570168732380696e-09
0,3.2165122570630797e-10
0,2.978717198098647e-10
0,2.8985044287833637e-09
0,1.4987509959977279e-09
0,9.642861971485103e-10
0,1.1570218080063748e-09
0,1.1570218080063748e-09
0,1.069794879008204e-09
0,7.036799892064211e-10
0,1.47252636314886e-08
0,1.0826215657740681e-10
0,1.069794879008204e-09
0,1.2502693903098394e-09
0,1.1564703230751178e-09
0,2.1393133567894512e-10
0,2.2280359741698655e-10
0,1.103835382220952e-10
0,7.036799892064211e-10
0,1.2824619900102431e-10
0,4.04816354115452e-10
0,5.984943691648507e-10
0,1.069794879008204e-09
0,1.069794879008204e-09
0,1.0694891653804926e-09
0,1.9017908908207833e-10
0,5.026202129517549e-10
0,1.2750025719180694e-10
0,2.2280359741698655e-10
0,1.8938882743808595e-10
0,2.5947815536823705e-10
0,2.1393133567894512e-10
0,1.1262463542470031e-09
0,2.1393133567894512e-10
0,1.851338892575529e-10
0,1.070628856869766e-09
0,7.036799892064211e-10
0,1.1262463542470031e-09
0,7.036799892064211e-10
0,1.069794879008204e-09
0,1.4374372518348227e-10
0,1.2824619900102431e-10
0,1.103835382220952e-10
0,1.0723229991392723e-09
0,1.3915132335749598e-10
0,1.2034131305843378e-08
0,1.4987509959977279e-09
0,1.1570218080063748e-09
0,7.036799892064211e-10
0,1.1570218080063748e-09
0,1.1574624764374567e-09
0,1.0694891653804926e-09
0,1.1570218080063748e-09
0,1.9017908908207833e-10
0,2.3698016387897228e-09
0,1.822629144442948e-10
0,7.065225164090086e-10
1,0.9999998591251676
0,1.4987509959977279e-09
0,2.2976125374236972e-10
0,1.1564703230769132e-09
0,1.6277246259717178e-10
0,1.4987509959977279e-09
0,9.532309384363928e-10
0,1.1564703230769132e-09
0,7.948697072575445e-10
0,1.070628856869766e-09
0,1.1570218080063748e-09
0,1.2750025719180694e-10
0,7.036799892064211e-10
0,3.1764057184974517e-10
0,1.069794879008204e-09
0,1.9017908908207833e-10
0,1.069794879008204e-09
0,1.851338892575529e-10
0,7.06467818982654e-10
0,7.011638299353095e-10
0,6.059837792282687e-10
0,1.069794879008204e-09
0,1.4987509959977279e-09
0,2.8157662742043365e-10
0,2.2280359741698655e-10
0,7.148197125976219e-10
0,7.036799892064211e-10
0,1.070628856869766e-09
0,1.851338892575529e-10
1,0.9999999243212714
0,1.069794879008204e-09
0,1.593476758017984e-10
0,1.9017908908207833e-10
0,1.0723229991392723e-09
0,2.2280359741698655e-10
0,1.1564703230751178e-09
0,2.5761560243195416e-08
0,1.0128133019631072e-09
0,1.4987509959977279e-09
0,1.069794879008204e-09
0,1.0723229991392723e-09
0,1.2824619900102431e-10
0,1.070628856869766e-09
0,1.069794879008204e-09
0,7.065225164090086e-10
0,1.1570218080063748e-09
0,7.036799892064211e-10
0,1.0826215657740681e-10
0,1.8938882743808595e-10
0,7.036799892064211e-10
0,1.070628856869766e-09
0,2.7316168639596036e-08
0,1.5017956913858164e-09
0,7.036799869241603e-10
0,1.9017908908207833e-10
0,1.069794879008204e-09
0,2.2035414337642204e-10
0,6.065495545375052e-10
0,1.2750025719180694e-10
0,1.660334704404235e-10
0,7.036799892064211e-10
0,1.1570218080063748e-09
0,1.5462792391509793e-10
0,9.650583206777338e-09
0,1.318005284065181e-09
0,1.069794879008204e-09
0,7.004323849624601e-10
0,1.103835382220952e-10
0,1.069794879008204e-09
0,7.023066414281395e-10
0,2.450964543172903e-10
0,1.851338892575529e-10
0,1.1570218080063748e-09
0,1.0889554564443592e-10
0,7.036799892064211e-10
0,1.2750025719180694e-10
0,1.5110038867899184e-08
0,2.4171728053223174e-10
0,7.036799892064211e-10
0,1.1564703230751178e-09
0,1.1570218080063748e-09
0,1.069794879008204e-09
0,4.4143910448987557e-10
0,2.450964543172903e-10
0,1.069794879008204e-09
0,3.378068525728208e-09
0,1.1262463542470031e-09
0,1.4987509959977279e-09
0,1.1570218080063748e-09
0,2.978717198098647e-10
0,1.2129378283395876e-10
0,2.1970179394217026e-09
0,1.9017908908207833e-10
0,1.4987509959977279e-09
0,1.9017908908207833e-10
0,8.333424535525178e-10
0,1.1570218080063748e-09
0,1.47252636314886e-08
0,7.036799892064211e-10
1,0.9999999672362851
0,1.1570218080063748e-09
0,1.2750025719180694e-10
0,5.026202129517549e-10
0,4.24434028803936e-10
0,1.1570218080063748e-09
0,1.89504510134375e-09
0,1.1262463542470031e-09
0,1.1564703230751178e-09
0,1.069794879008204e-09
0,1.851338892575529e-10
0,1.1262463542470031e-09
0,1.069794879008204e-09
0,1.4987509959977279e-09
0,2.4198301916112945e-10
0,2.2280359741698655e-10
0,7.036799892064211e-10
0,1.2578152775620817e-10
1,0.9999999999999962
0,1.069794879008204e-09
0,3.215537463882623e-10
0,1.2750025719180694e-10
0,1.069794879008204e-09
0,2.1393133567894512e-10
0,1.1570218080063748e-09
0,1.069794879008204e-09
0,2.3224992490145847e-08
0,1.4813280693682225e-10
0,7.036799892064211e-10
0,2.4171728053223174e-10
0,7.148419071947345e-10
0,1.069794879008204e-09
0,1.9017908908207833e-10
0,2.2280359741698655e-10
0,2.2280359741698655e-10
0,1.069794879008204e-09
0,1.2508694125826943e-09
0,1.5017956913858164e-09
0,1.5017956913858164e-09
0,8.137459359352126e-10
0,4.451074252711036e-09
0,1.9017908908207833e-10
0,2.1393133567894512e-10
0,7.036799892064211e-10
0,1.069794879008204e-09
0,7.036799869241603e-10
0,1.069794879008204e-09
0,1.593476758017984e-10
0,7.148197125976219e-10
0,1.070628856869766e-09
0,7.148197125976219e-10
0,1.069794879008204e-09
0,1.069794879008204e-09
0,5.026202129517549e-10
0,1.2824619900102431e-10
0,1.2774691858177689e-09
0,1.1570168685366901e-09
0,7.03258197273036e-10
0,1.0694891596659909e-09
0,1.1570218080063748e-09
0,1.1570218080063748e-09
0,4.749384408141512e-10
0,1.4813280693682225e-10
0,3.5381680067010577e-10
0,7.036799892064211e-10
0,1.1574624764374567e-09
0,1.069794879008204e-09
0,1.0123930800162857e-09
0,2.572422340700185e-10
0,1.1570218080063748e-09
0,3.9955713528422915e-10
0,7.065225141175286e-10
0,1.1564703230751178e-09
0,1.1564703230769132e-09
0,1.069794879008204e-09
0,2.811415807953703e-10
0,1.0694891653804926e-09
0,1.4987509959977279e-09
0,1.1570218080063748e-09
0,1.1570218080063748e-09
0,1.069794879008204e-09
0,7.036799892064211e-10
0,2.4198301916112945e-10
0,1.9017908908207833e-10
0,5.096998448845805e-10
0,1.4987509959977279e-09
0,4.0743515265138285e-10
0,1.069794879008204e-09
0,1.2508694125826943e-09
0,1.9017908908207833e-10
0,4.0743515265138285e-10
0,1.1570218080063748e-09
0,8.333424535525178e-10
0,4.4143910448987557e-10
0,1.069794879008204e-09
0,1.1570218080063748e-09
0,1.851338892575529e-10
0,7.036799892064211e-10
0,2.71782960326909e-10
0,7.065225164090086e-10
0,1.851338892575529e-10
0,1.5017956913858164e-09
0,7.036799892064211e-10
0,1.1570218080063748e-09
0,7.148197125976219e-10
0,7.06467818982654e-10
0,1.4813280693682225e-10
0,7.036799892064211e-10
0,1.4813280693682225e-10
1,0.9999999494161002
0,1.0723229991392723e-09
0,2.9267348768869956e-09
0,7.148197125976219e-10
0,2.768135071649613e-10
0,1.1564703230751178e-09
0,1.2824619900102431e-10
0,7.036799892064211e-10
0,7.036799892064211e-10
0,1.069794879008204e-09
0,1.069794879008204e-09
0,3.506859002278015e-10
0,1.069794879008204e-09
0,1.069794879008204e-09
0,7.004323849624601e-10
0,1.1570218080063748e-09
0,1.2508694125826943e-09
0,1.1570218080063748e-09
0,1.0826215657740681e-10
0,7.036799892064211e-10
0,1.070628856869766e-09
0,1.1570218080063748e-09
0,1.851338892575529e-10
0,2.3066896239518768e-10
0,1.2750025719180694e-10
0,1.2824619900102431e-10
0,7.036799892064211e-10
0,1.4987509959977279e-09
0,1.1262463542470031e-09
0,1.2773147324844501e-10
0,1.4813280693682225e-10
0,7.036799892064211e-10
0,2.2280359741698655e-10
0,1.103835382220952e-10
0,1.0463325671812446e-08
0,1.1570218080063748e-09
0,1.1570218080063748e-09
0,1.1262463542470031e-09
0,1.070628856869766e-09
0,1.1570218080063748e-09
0,1.9017908908207833e-10
0,7.036799892064211e-10
0,1.9017908908207833e-10
0,1.9017908908207833e-10
0,2.350460141505901e-10
0,1.559607962336247e-08
0,1.1262463542470031e-09
0,4.24434028803936e-10
0,1.1252811551847052e-09
0,2.4171728053223174e-10
0,1.1570218080063748e-09
0,1.9017908908207833e-10
0,1.1564703230751178e-09
0,1.9017908908207833e-10
0,1.4987509959977279e-09
0,1.069794879008204e-09
0,1.851338892575529e-10
0,3.215537463882623e-10
0,7.036799892064211e-10
0,1.4010230833473293e-10
0,1.1570218080063748e-09
0,1.070628856869766e-09
0,1.2508694125826943e-09
0,1.4987509959977279e-09
0,1.9017908908207833e-10
0,1.1570218080063748e-09
0,1.6005014568378746e-10
0,1.070628856869766e-09
0,7.036799892064211e-10
0,3.5381680067010577e-10
0,2.1393133567894512e-10
0,1.3795548848253874e-10
0,1.069794879008204e-09
0,7.036799892064211e-10
0,7.036799892064211e-10
0,4.4143910448987557e-10
0,1.1262463542470031e-09
0,1.2508694125826943e-09
0,1.0723229991392723e-09
0,1.070628856869766e-09
0,1.2824619900102431e-10
0,1.4987509959977279e-09
0,1.1564703230751178e-09
0,1.069794879008204e-09
0,1.1570218080063748e-09
0,1.1570218080063748e-09
0,1.069794879008204e-09
0,3.013711730051846e-10
0,1.4813280693682225e-10
0,1.3449827158287536e-08
0,1.069794879008204e-09
0,1.069794879008204e-09
0,7.036799892064211e-10
0,1.069794879008204e-09
0,7.065225164090086e-10
0,1.069794879008204e-09
0,7.036799892064211e-10
0,1.1570218080063748e-09
0,1.2750025719180694e-10
0,8.333424535525178e-10
0,1.602799413218558e-10
0,1.0706286893615191e-09
0,7.036799892064211e-10
0,2.1346346149918336e-08
0,1.070628856869766e-09
0,1.9017908908207833e-10
0,1.1564703230751178e-09
0,1.1570218080063748e-09
0,7.036799892064211e-10
0,7.023066414281395e-10
0,2.2280359741698655e-10
0,1.069794879008204e-09
0,8.137459359352126e-10
0,1.103835382220952e-10
0,5.026202129517549e-10
0,2.1970179394217026e-09
0,2.1393133567894512e-10
0,1.1564703230751178e-09
0,1.4206576243241131e-08
0,1.1564703239676388e-09
0,1.4987509959977279e-09
0,7.036799892064211e-10
0,5.026202129517549e-10
0,1.070628856869766e-09
0,1.4987509959977279e-09
0,1.1574624764374567e-09
0,2.4171728053223174e-10
0,7.036799869241603e-10
0,1.1570168732380696e-09
0,7.036799892064211e-10
0,1.9017908908207833e-10
0,3.215537463882623e-10
0,1.069794879008204e-09
0,1.2508694125826943e-09
0,1.070628856869766e-09
0,1.069794879008204e-09
0,1.3530422140271266e-10
0,1.2750025719180694e-10
0,1.1252811551847052e-09
0,1.069794879008204e-09
0,7.036799869241603e-10
0,7.945399113363459e-10
0,1.069794879008204e-09
0,1.1570218080063748e-09
0,7.036799869241603e-10
0,4.749384408141512e-10
0,1.069794879008204e-09
0,7.302647600519674e-10
0,2.811415807953703e-10
0,1.2750025719180694e-10
0,2.6365226684114695e-10
0,1.9017908908207833e-10
0,1.1713983190139433e-10
0,2.1393133567894512e-10
0,7.948697072575445e-10
0,1.593476758017984e-10
0,1.9017908908207833e-10
0,1.070628856869766e-09
0,7.036799892064211e-10
0,2.859391164625522e-10
0,1.956049387471967e-09
0,2.71782960326909e-10
0,3.378068525728208e-09
0,1.4813280693682225e-10
0,2.1393133567894512e-10
0,6.21439500969921e-09
0,1.9017908908207833e-10
0,1.2508694125826943e-09
0,1.1564703230751178e-09
0,2.1393133567894512e-10
0,1.5389249004013232e-08
0,2.1095840691120095e-10
0,1.4813280693682225e-10
0,7.036799892064211e-10
0,1.1564703239676388e-09
0,1.9017908908207833e-10
0,1.4987509959977279e-09
0,2.859391164625522e-10
0,1.9017908908207833e-10
0,7.036799869241603e-10
0,1.0723229991392723e-09
0,1.103835382220952e-10
1,0.9999999981351977
0,1.1570218080063748e-09
0,1.4987509959977279e-09
0,7.036799892064211e-10
0,1.069794879008204e-09
0,1.851338892575529e-10
0,1.602799413218558e-10
0,1.2508694125826943e-09
0,5.026202129517549e-10
0,1.1570218080063748e-09
0,1.1570218080063748e-09
0,1.4813280693682225e-10
0,7.065225164090086e-10
0,7.036799892064211e-10
0,7.148419071947345e-10
0,7.148197125976219e-10
0,2.71782960326909e-10
0,1.4010230833473293e-10
0,3.215537463882623e-10
0,1.1570218080063748e-09
0,7.148196855226875e-10
0,1.4987509959977279e-09
0,1.750975072462123e-10
0,7.036799892064211e-10
0,1.9017908908207833e-10
0,1.1570218080063748e-09
0,1.2824619900102431e-10
0,1.1570218080063748e-09
0,1.069794879008204e-09
0,1.069794879008204e-09
0,2.2280359741698655e-10
0,1.2774691858177689e-09
0,1.1564703230751178e-09
0,1.4813280693682225e-10
0,7.036799892064211e-10
0,8.137459359352126e-10
0,1.1570218080063748e-09
0,1.4987509959977279e-09
0,1.0723229991392723e-09
0,1.1570218080063748e-09
0,1.1570218080063748e-09
0,1.069794879008204e-09
0,2.019191734755419e-09
0,7.036799892064211e-10
0,1.593476758017984e-10
0,2.1393133567894512e-10
0,1.851338892575529e-10
0,0.9999999812187786
0,1.070628856869766e-09
0,7.036799892064211e-10
0,1.069794879008204e-09
0,1.103835382220952e-10
0,4.3828133656688146e-10
0,1.2508694125826943e-09
0,1.069794879008204e-09
0,1.761200728815205e-10
0,1.1570218080063748e-09
0,7.504648443207138e-10
0,4.3828133656688146e-10
0,7.036799869241603e-10
0,1.9017908908207833e-10
0,1.1570218080063748e-09
0,1.069794879008204e-09
0,1.9017908908207833e-10
0,1.1570168732380696e-09
0,1.069794879008204e-09
0,1.2019660004738272e-09
0,2.1393133567894512e-10
0,1.1570218080063748e-09
0,1.9017908908207833e-10
0,7.036799869241603e-10
0,1.1570218080063748e-09
0,1.1570218080063748e-09
0,1.103835382220952e-10
0,1.1570218080063748e-09
0,1.2750025719180694e-10
0,1.2774691858177689e-09
0,7.945399113363459e-10
0,7.036799869241603e-10
0,1.069794879008204e-09
0,2.1393133567894512e-10
0,1.069794879008204e-09
0,7.036799892064211e-10
0,1.2773147324844501e-10
0,2.768135071649613e-10
0,1.069794879008204e-09
0,7.011638299353095e-10
0,2.753949001584528e-10
0,4.6119447969247786e-10
0,3.984747501108011e-10
0,1.851338892575529e-10
0,1.1570218080063748e-09
0,1.4813280693682225e-10
0,8.204798232876192e-10
0,1.069794879008204e-09
0,9.646048971550832e-09
0,7.945399113363459e-10
0,1.1564703230751178e-09
0,2.2280359741698655e-10
0,1.1570218080063748e-09
0,5.29029634466005e-10
0,1.4987509959977279e-09
0,1.1570218080063748e-09
0,2.8985044287833637e-09
0,1.1570218080063748e-09
0,7.148419071947345e-10
0,2.768135071649613e-10
0,1.069794879008204e-09
0,1.070628856869766e-09
0,9.420382790688632e-09
0,7.036799892064211e-10
0,1.069794879008204e-09
0,1.069794879008204e-09
0,7.036799892064211e-10
0,1.1570218080063748e-09
0,7.036799892064211e-10
0,1.069794879008204e-09
0,2.572422340700185e-10
0,1.1570218080063748e-09
0,2.4656435724876677e-08
0,1.9017908908207833e-10
0,1.1262463542470031e-09
0,1.1570218080063748e-09
0,5.984943691648507e-10
0,1.069794879008204e-09
0,1.1262463542470031e-09
0,1.1570218080063748e-09
0,7.036799869241603e-10
0,7.036799892064211e-10
0,1.069794879008204e-09
0,8.137459359352126e-10
0,1.070628856869766e-09
0,1.1262463542470031e-09
0,6.8423961448432956e-09
0,1.1570218080063748e-09
0,1.4813280693682225e-10
1,0.9999999195409399
0,1.1574624764374567e-09
0,7.948697072575445e-10
0,7.036799892064211e-10
0,1.069794879008204e-09
0,9.153780039888764e-10
0,1.2508694125826943e-09
0,1.069794879008204e-09
0,1.0723229991392723e-09
0,5.984943691648507e-10
0,1.2750025719180694e-10
0,7.036799892064211e-10
0,2.3066896239518768e-10
0,7.036799869241603e-10
0,3.3507414083548075e-10
0,7.036799892064211e-10
0,1.069794879008204e-09
0,7.036799869241603e-10
0,1.1570218080063748e-09
0,1.069794879008204e-09
0,2.4171728053223174e-10
0,1.069794879008204e-09
0,1.2824619900102431e-10
0,1.2508694125826943e-09
0,3.5381680067010577e-10
0,7.004323849624601e-10
0,6.940800881501923e-09
0,9.153780039888764e-10
0,7.036799892064211e-10
0,1.0123930800162857e-09
0,1.4987509959977279e-09
0,2.2280359741698655e-10
0,1.1564703230751178e-09
0,1.1570218080063748e-09
0,1.9017908908207833e-10
0,7.036799869241603e-10
0,2.541565441911473e-10
0,2.0610196182848676e-10
0,1.069794879008204e-09
0,1.9017908908207833e-10
0,1.2508694125826943e-09
0,7.036799892064211e-10
0,1.2508694125826943e-09
0,1.0694891596659909e-09
0,1.851338892575529e-10
0,7.036799892064211e-10
0,1.1257091979897726e-09
0,1.9017908908207833e-10
0,1.069794879008204e-09
0,1.1570218080063748e-09
0,2.831025483050377e-10
0,1.1570218080063748e-09
0,7.036799892064211e-10
0,1.1570218080063748e-09
0,1.1570218080063748e-09
0,1.069794879008204e-09
0,8.318040948079704e-10
0,1.069794879008204e-09
0,7.036799892064211e-10
0,1.2750025719180694e-10
0,1.9017908908207833e-10
0,1.9017908908207833e-10
0,1.069794879008204e-09
0,4.276500392067466e-09
0,1.9017908908207833e-10
0,2.1393133567894512e-10
0,1.9017908908207833e-10
0,2.1393133567894512e-10
0,1.069794879008204e-09
0,1.4753826478957214e-10
0,1.593476758017984e-10
0,1.070628856869766e-09
0,7.643747677165702e-09
0,7.036799869241603e-10
0,7.148419071947345e-10
0,7.036799892064211e-10
0,1.4987509959977279e-09
0,1.1564703239676388e-09
0,1.9017908908207833e-10
0,1.1564705249939252e-09
0,3.328152027408856e-10
0,1.593476758017984e-10
1,0.9999998401940093
0,1.9017908908207833e-10
0,1.2591980865608363e-09
0,1.1574624764374567e-09
0,7.148196855226875e-10
0,2.859391164625522e-10
0,1.4813280693682225e-10
0,1.0723229991392723e-09
0,1.069794879008204e-09
0,2.1393133567894512e-10
0,1.9017908908207833e-10
0,1.1570168732380696e-09
0,7.036799892064211e-10
0,1.069794879008204e-09
0,1.1570218080063748e-09
0,7.036799892064211e-10
0,1.0694891596659909e-09
0,7.036799892064211e-10
0,7.148197125976219e-10
0,1.0889554564443592e-10
0,1.3996396406047353e-10
0,1.1570218080063748e-09
0,1.070628856869766e-09
0,1.1570218080063748e-09
0,1.4987509959977279e-09
0,1.069794879008204e-09
0,1.069794879008204e-09
0,1.1570218080063748e-09
0,7.036799892064211e-10
0,7.036799869241603e-10
0,1.4987509959977279e-09
0,1.0723229991392723e-09
0,1.1564705249939252e-09
0,7.036799892064211e-10
0,1.069794879008204e-09
0,1.678977255082746e-08
0,1.1570218080063748e-09
0,7.036799869241603e-10
0,1.1564703230769132e-09
0,1.0123930800162857e-09
0,1.1570218080063748e-09
0,1.1570218080063748e-09
0,5.026202129517549e-10
0,1.0723229991392723e-09
0,1.069794879008204e-09
0,1.069794879008204e-09
0,1.1570218080063748e-09
0,1.1564703230751178e-09
0,1.2774691858177689e-09
0,1.069794879008204e-09
0,1.069794879008204e-09
0,1.1570218080063748e-09
0,7.036799892064211e-10
0,2.2280359741698655e-10
0,5.984943691648507e-10
0,1.1570218080063748e-09
0,7.036799869241603e-10
0,1.069794879008204e-09
0,1.9017908908207833e-10
0,1.069794879008204e-09
0,3.124315081381606e-05
0,3.3507414083548075e-10
0,1.9017908908207833e-10
0,7.036799892064211e-10
0,2.8985044287833637e-09
0,1.1570218080063748e-09
0,2.2280359741698655e-10
0,1.2508694125826943e-09
0,1.069794879008204e-09
0,1.070628856869766e-09
0,1.571996366768719e-10
0,1.1570218080063748e-09
0,7.948697072575445e-10
0,1.9017908908207833e-10
0,2.450964543172903e-10
0,1.069794879008204e-09
0,7.036799892064211e-10
0,2.2280359741698655e-10
0,7.036799892064211e-10
0,1.1570218080063748e-09
0,2.949162335310511e-09
0,7.036799892064211e-10
0,7.036799869241603e-10
0,1.9017908908207833e-10
0,1.4813280693682225e-10
0,4.4143910448987557e-10
0,2.0349143804695476e-10
0,1.1570218080063748e-09
0,1.9017908908207833e-10
0,7.148197125976219e-10
0,7.302650764939369e-10
0,2.4223417422814626e-09
0,1.3694695738843754e-09
0,2.768135071649613e-10
0,1.1564703230751178e-09
0,1.0706286893615191e-09
0,1.1570218080063748e-09
0,7.948697072575445e-10
0,7.036799892064211e-10
0,7.036799892064211e-10
0,2.0349143804695476e-10
0,1.571996366768719e-10
0,1.9017908908207833e-10
0,2.2280359741698655e-10
0,1.069794879008204e-09
0,1.0723229991392723e-09
0,7.148197125976219e-10
0,2.350460141505901e-10
0,1.0723229991392723e-09
0,2.8985044287833637e-09
0,7.036799892064211e-10
0,1.9017908908207833e-10
0,1.1262463542470031e-09
0,1.4813280693682225e-10
0,6.2307754394630715e-09
0,7.177295231535446e-10
0,1.1570218080063748e-09
0,1.070628856869766e-09
0,1.1570218080063748e-09
0,1.0723229991392723e-09
0,7.945399113363459e-10
0,1.2750025719180694e-10
0,1.4813280693682225e-10
0,1.2750025719180694e-10
0,1.069794879008204e-09
0,7.065225164090086e-10
0,2.8157662742043365e-10
0,2.4198301916112945e-10
0,7.036799869241603e-10
0,2.2280359741698655e-10
0,1.1252811551847052e-09
0,1.1564703230751178e-09
0,1.1570218080063748e-09
0,2.1052567114817554e-10
0,2.572422340700185e-10
0,1.1570218080063748e-09
0,1.069794879008204e-09
0,8.137459359352126e-10
0,7.945399113363459e-10
0,7.945399113363459e-10
0,1.602799413218558e-10
0,4.5800819673640325e-10
0,6.573113822181858e-09
0,1.9017908908207833e-10
0,3.483299655631655e-10
0,3.984747501108011e-10
0,2.8157662742043365e-10
0,1.2508694125826943e-09
0,7.148419071947345e-10
0,7.482686814697761e-09
0,1.9017908908207833e-10
0,7.036799892064211e-10
0,1.069794879008204e-09
0,1.2750025719180694e-10
0,1.2750025719180694e-10
0,1.070628856869766e-09
0,1.0694891596659909e-09
0,1.1570168732380696e-09
0,1.1570218080063748e-09
0,1.2750025719180694e-10
0,1.9017908908207833e-10
0,2.71782960326909e-10
0,7.945399113363459e-10
0,3.2165122570630797e-10
0,1.1564705249939252e-09
0,4.4143910448987557e-10
1,0.999999964010583
0,7.036799892064211e-10
0,7.036799892064211e-10
0,7.148418801189594e-10
0,1.9017908908207833e-10
0,1.069794879008204e-09
0,1.1570218080063748e-09
0,7.148419071947345e-10
0,1.069794879008204e-09
0,7.036799892064211e-10
0,1.069794879008204e-09
0,7.036799892064211e-10
0,1.851338892575529e-10
0,1.069794879008204e-09
0,7.036799892064211e-10
0,1.9017908908207833e-10
0,2.1393133567894512e-10
0,1.1570218080063748e-09
0,1.8829695490672315e-09
0,1.2750025719180694e-10
0,1.9017908908207833e-10
0,1.5462792391509793e-10
0,1.2750025719180694e-10
0,1.1570218080063748e-09
0,1.4813280693682225e-10
0,1.1262463542470031e-09
0,1.1574624764374567e-09
0,1.2508694125826943e-09
0,1.1570218080063748e-09
0,7.148197125976219e-10
0,7.036799869241603e-10
0,7.036799869241603e-10
0,2.124281942165632e-10
0,7.036799892064211e-10
0,9.37281238622136e-11
0,6.732427860666434e-10
0,1.1564703230751178e-09
0,7.948697072575445e-10
0,7.036799892064211e-10
0,6.910035279766497e-09
0,1.070628856869766e-09
0,1.1570218080063748e-09
0,1.1570218080063748e-09
0,1.0694891596659909e-09
0,3.5207551751437813e-10
0,1.1570218080063748e-09
1,0.9999999987879653
1,0.9999999167366176
0,2.4171728053223174e-10
0,7.148419071947345e-10
0,1.135459322020903e-09
0,1.069794879008204e-09
0,1.0128133019631072e-09
0,7.948697072575445e-10
0,5.758052555744619e-09
0,4.805711064207321e-10
0,1.1564703230751178e-09
0,7.945399113363459e-10
0,1.4987509959977279e-09
0,1.1564703230751178e-09
0,3.3507414083548075e-10
0,1.0723229991392723e-09
0,1.069794879008204e-09
0,3.057270491595805e-10
0,1.602799413218558e-10
0,1.9017908908207833e-10
0,2.71782960326909e-10
0,1.1570218080063748e-09
0,1.9017908908207833e-10
0,5.218075019881916e-10
0,7.948697072575445e-10
0,7.065225164090086e-10
0,9.153780039888764e-10
0,1.4813280693682225e-10
0,2.4171728053223174e-10
0,7.036799869241603e-10
0,7.036799892064211e-10
0,1.069794879008204e-09
0,1.1564703230769132e-09
0,1.2824619900102431e-10
0,1.070628856869766e-09
0,2.0349143804695476e-10
0,2.0825596312605503e-10
0,2.1393133567894512e-10
0,1.0723229991392723e-09
0,3.2165122570630797e-10
0,1.0723229991392723e-09
0,3.167438875119474e-10
0,7.945399113363459e-10
0,1.069794879008204e-09
0,7.036799892064211e-10
0,1.1564703230769132e-09
0,1.4813280693682225e-10
0,1.070628856869766e-09
0,7.036799892064211e-10
0,7.036799892064211e-10
0,7.945399113363459e-10
0,1.069794879008204e-09
0,1.069794879008204e-09
0,1.9017908908207833e-10
0,1.1570218080063748e-09
0,1.2508694125826943e-09
0,7.036799892064211e-10
0,2.1393133567894512e-10
0,1.1570218080063748e-09
0,2.2280359741698655e-10
0,1.4813280693682225e-10
0,1.1570218080063748e-09
0,1.2824619900102431e-10
0,1.070628856869766e-09
1,0.9999999107213653
0,1.1262463542470031e-09
0,1.4839988504815675e-10
0,5.984943691648507e-10
0,1.2750025719180694e-10
0,7.036799892064211e-10
0,2.71782960326909e-10
0,1.1570218080063748e-09
0,7.148197125976219e-10
0,1.069794879008204e-09
0,1.069794879008204e-09
0,1.6005014568378746e-10
0,1.1570218080063748e-09
0,1.070628856869766e-09
0,1.4987509959977279e-09
0,1.2750025719180694e-10
0,7.948697072575445e-10
0,1.103835382220952e-10
0,1.0723229991392723e-09
0,1.069794879008204e-09
0,1.2750025719180694e-10
0,1.0723229991392723e-09
0,3.167438875119474e-10
0,1.499665479938728e-08
0,1.2502693903098394e-09
0,7.036799869241603e-10
0,1.070628856869766e-09
0,7.036799892064211e-10
0,7.176740129891058e-10
0,2.1393133567894512e-10
1,0.999999999149783
0,1.3795548848253874e-10
0,1.070628856869766e-09
0,7.036799892064211e-10
0,4.4143910448987557e-10
0,2.2280359741698655e-10
0,1.1262463542470031e-09
0,1.1574624764374567e-09
0,1.1564703230751178e-09
0,1.851338892575529e-10
0,2.0684236548663348e-10
0,8.137459359352126e-10
0,2.2280359741698655e-10
0,1.069794879008204e-09
0,1.1570218080063748e-09
0,1.4813280693682225e-10
0,3.328152027408856e-10
0,1.1564703230769132e-09
0,1.069794879008204e-09
0,1.1570218080063748e-09
0,1.9017908908207833e-10
0,9.153780039888764e-10
0,3.378068525728208e-09
0,1.070628856869766e-09
0,1.2750025719180694e-10
0,1.069794879008204e-09
0,7.148197125976219e-10
0,7.036799892064211e-10
0,7.148197125976219e-10
0,1.9491717779530846e-08
0,1.1570218080063748e-09
0,2.187565700125511e-10
0,7.148419071947345e-10
0,7.839285888309003e-10
0,1.1570218080063748e-09
0,1.070628856869766e-09
0,1.069794879008204e-09
0,1.4813280693682225e-10
0,1.069794879008204e-09
0,3.378068525728208e-09
0,1.9017908908207833e-10
0,1.9017908908207833e-10
0,1.069794879008204e-09
0,1.103835382220952e-10
0,3.9955713528422915e-10
0,1.4987509959977279e-09
0,2.814333785784624e-09
0,8.137459359352126e-10
0,1.069794879008204e-09
0,7.148419071947345e-10
0,7.036799892064211e-10
0,1.2508694125826943e-09
0,2.1393133567894512e-10
0,3.5207551751437813e-10
0,1.069794879008204e-09
0,1.1570218080063748e-09
0,7.148418801189594e-10
0,2.811415807953703e-10
0,2.4198301916112945e-10
0,7.065225141175286e-10
0,7.036799892064211e-10
0,2.187565700125511e-10
0,1.9017908908207833e-10
0,1.2824619900102431e-10
0,7.032581995539288e-10
0,7.148196855226875e-10
0,1.069794879008204e-09
0,1.1570218080063748e-09
0,1.1570168732380696e-09
0,1.1570218080063748e-09
0,1.1570218080063748e-09
0,7.036799892064211e-10
0,1.4839988504815675e-10
0,2.2280359741698655e-10
0,1.069794879008204e-09
0,1.070628856869766e-09
0,1.2824619900102431e-10
0,1.2508694125826943e-09
0,8.333424535525178e-10
0,1.9017908908207833e-10
0,4.600266557556535e-09
0,1.069794879008204e-09
0,1.1570218080063748e-09
0,2.71782960326909e-10
0,7.948697072575445e-10
0,7.036799892064211e-10
0,1.069794879008204e-09
0,2.2280359741698655e-10
0,7.036799892064211e-10
0,1.1570218080063748e-09
0,1.1570218080063748e-09
0,5.026202129517549e-10
0,7.065225164090086e-10
0,7.036799892064211e-10
0,1.0723229991392723e-09
0,2.71782960326909e-10
0,7.036799892064211e-10
0,7.036799892064211e-10
0,1.9017908908207833e-10
0,1.069794879008204e-09
0,2.1393133567894512e-10
0,1.0723229991392723e-09
0,3.984747501108011e-10
0,1.069794879008204e-09
0,1.4813280693682225e-10
0,1.069794879008204e-09
0,7.036799892064211e-10
0,1.2750025719180694e-10
0,9.171956477461186e-10
0,7.036799892064211e-10
0,1.0723229991392723e-09
0,7.148197125976219e-10
0,7.036799869241603e-10
0,1.4987509959977279e-09
0,1.072613088622037e-09
0,1.822629144442948e-10
0,3.0631742399406187e-10
0,7.945399113363459e-10
0,1.069794879008204e-09
0,1.1570218080063748e-09
0,4.4143910448987557e-10
0,7.948697072575445e-10
0,1.1574624764374567e-09
0,1.660334704404235e-10
1,0.9999996855145398
0,1.2508694125826943e-09
0,1.069794879008204e-09
0,2.350460141505901e-10
0,1.1564703230751178e-09
0,1.9017908908207833e-10
0,1.1574624764374567e-09
0,1.4813280693682225e-10
0,1.1570218080063748e-09
0,1.069794879008204e-09
0,1.2508694125826943e-09
0,1.9017908908207833e-10
0,1.2824619900102431e-10
0,2.831025483050377e-10
0,1.9017908908207833e-10
0,1.069794879008204e-09
0,2.350460141505901e-10
0,2.4223417422814626e-09
0,1.2578152775620817e-10
0,1.822629144442948e-10
0,1.4813280693682225e-10
0,1.4813280693682225e-10
0,1.069794879008204e-09
0,7.036799892064211e-10
0,1.5017956913858164e-09
0,1.069794879008204e-09
0,1.069794879008204e-09
0,1.2508694125826943e-09
0,1.0723229991392723e-09
0,1.1262463542470031e-09
0,9.153780039888764e-10
0,2.2280359741698655e-10
0,1.069794879008204e-09
0,1.1257091979897726e-09
0,1.1570218080063748e-09
0,7.036799892064211e-10
0,1.069794879008204e-09
0,7.036799892064211e-10
0,1.1570218080063748e-09
0,7.036799892064211e-10
0,7.036799892064211e-10
0,7.036799892064211e-10
0,1.602799413218558e-10
0,1.9017908908207833e-10
0,1.593476758017984e-10
0,7.036799892064211e-10
0,1.2824619900102431e-10
0,3.2165122570630797e-10
0,1.069794879008204e-09
0,1.1564703230751178e-09
0,7.036799892064211e-10
0,3.045357339698089e-10
0,2.859391164625522e-10
0,1.1564703230769132e-09
0,7.036799869241603e-10
0,1.4813280693682225e-10
0,1.851338892575529e-10
1,0.9999998841656549
0,7.036799892064211e-10
0,1.103835382220952e-10
0,1.069794879008204e-09
0,3.984747501108011e-10
0,1.2750025719180694e-10
0,1.2774691858177689e-09
0,1.851338892575529e-10
0,8.318040948079704e-10
0,1.1262463542470031e-09
0,7.036799892064211e-10
0,7.036799892064211e-10
0,1.4813280693682225e-10
0,1.069794879008204e-09
0,1.9017908908207833e-10
0,1.1570218080063748e-09
0,5.026202129517549e-10
0,2.8359416253396095e-09
0,1.1564703230769132e-09
0,1.069794879008204e-09
0,1.220861550761248e-08
0,1.1570218080063748e-09
0,1.069794879008204e-09
0,1.1570218080063748e-09
0,4.4143910448987557e-10
0,7.036799892064211e-10
0,1.069794879008204e-09
0,1.1252811551847052e-09
0,1.103835382220952e-10
0,1.9017908908207833e-10
0,7.036799892064211e-10
0,2.2280359741698655e-10
0,1.069794879008204e-09
0,1.1564703230769132e-09
0,1.1570218080063748e-09
0,1.069794879008204e-09
0,1.1570218080063748e-09
0,1.1564703230751178e-09
0,4.4143910448987557e-10
0,1.069794879008204e-09
0,2.859391164625522e-10
0,1.2824619900102431e-10
0,1.2508694125826943e-09
0,1.9017908908207833e-10
0,7.036799869241603e-10
0,1.0723229991392723e-09
0,7.148418801189594e-10
0,1.9017908908207833e-10
0,7.036799892064211e-10
0,1.1570218080063748e-09
0,1.1570218080063748e-09
0,1.1564703230769132e-09
0,2.1393133567894512e-10
0,1.660334704404235e-10
0,1.069794879008204e-09
0,1.1564703230751178e-09
0,2.8985044287833637e-09
0,7.331810507696275e-10
0,1.1570218080063748e-09
0,7.948697072575445e-10
0,1.566199509503317e-09
0,1.2508694125826943e-09
0,1.1570218080063748e-09
0,1.9017908908207833e-10
0,1.0694891596659909e-09
0,1.1570218080063748e-09
0,7.036799892064211e-10
0,1.1570218080063748e-09
0,1.1570218080063748e-09
0,1.4813280693682225e-10
0,4.965722451258305e-10
0,7.036799892064211e-10
0,1.9017908908207833e-10
0,7.036799892064211e-10
0,1.069794879008204e-09
0,1.1262463542470031e-09
0,7.036799892064211e-10
0,7.036799892064211e-10
0,1.4813280693682225e-10
0,1.1262463542470031e-09
0,1.9017908908207833e-10
0,2.2280359741698655e-10
0,5.218075019881916e-10
0,1.2774691858177689e-09
0,1.4987509959977279e-09
0,1.069794879008204e-09
0,7.036799892064211e-10
0,1.9017908908207833e-10
0,1.1570218080063748e-09
0,1.3795548848253874e-10
0,7.004323849624601e-10
0,1.070628856869766e-09
0,2.2280359741698655e-10
0,2.1393133567894512e-10
0,1.070628856869766e-09
0,1.0694891596659909e-09
0,1.9017908908207833e-10
0,1.1570218080063748e-09
0,1.1570218080063748e-09
0,1.0694891596659909e-09
0,1.1570218080063748e-09
0,1.069794879008204e-09
0,1.0723229991392723e-09
0,1.1570218080063748e-09
0,1.069794879008204e-09
0,1.4813280693682225e-10
0,7.036799869241603e-10
0,7.004323849624601e-10
0,7.036799892064211e-10
0,7.036799869241603e-10
0,1.1564703230769132e-09
0,1.069794879008204e-09
0,1.069794879008204e-09
0,7.036799869241603e-10
0,1.6166759738492664e-10
0,7.036799869241603e-10
0,1.070628856869766e-09
0,7.148419071947345e-10
0,7.036799892064211e-10
0,1.070628856869766e-09
0,2.1393133567894512e-10
0,1.4813280693682225e-10
0,1.069794879008204e-09
0,1.1570218080063748e-09
0,1.47252636314886e-08
0,1.103835382220952e-10
1,0.9999999981351977
0,1.069794879008204e-09
0,1.0731588269765734e-09
0,1.9017908908207833e-10
0,1.069794879008204e-09
0,1.9017908908207833e-10
0,2.71782960326909e-10
0,1.069794879008204e-09
0,1.070628856869766e-09
0,1.1570168732380696e-09
0,1.0723229991392723e-09
0,1.069794879008204e-09
0,1.1570218080063748e-09
0,1.2824619900102431e-10
0,1.103835382220952e-10
0,3.1764057184974517e-10
0,1.070628856869766e-09
0,3.8504157928477906e-10
0,1.0393071827785326e-09
1,0.9999999109283885
0,1.069794879008204e-09
0,2.859391164625522e-10
0,2.8157662742043365e-10
0,7.036799892064211e-10
0,1.2508694125826943e-09
0,7.948697072575445e-10
0,1.103835382220952e-10
0,7.148419071947345e-10
0,1.9017908908207833e-10
0,7.036799892064211e-10
0,1.1574624764374567e-09
0,1.1570218080063748e-09
0,1.069794879008204e-09
0,1.7141164176757345e-10
0,1.1570218080063748e-09
0,2.1393133567894512e-10
0,1.9017908908207833e-10
0,4.3828133656688146e-10
0,2.7023935639713593e-10
0,1.0826215657740681e-10
0,1.070628856869766e-09
0,1.103835382220952e-10
0,2.187565700125511e-10
0,1.9017908908207833e-10
0,1.1570218080063748e-09
0,6.1637313481655675e-09
0,1.1570218080063748e-09
0,7.945399113363459e-10
0,7.945399113363459e-10
0,1.0694891596659909e-09
0,1.069794879008204e-09
0,1.9017908908207833e-10
0,3.057270491595805e-10
0,1.2508694125826943e-09
0,7.036799892064211e-10
0,6.732427860666434e-10
0,2.831025483050377e-10
0,1.6277246259717178e-10
0,1.1570218080063748e-09
0,1.9017908908207833e-10
0,1.2750025719180694e-10
0,2.140617502708853e-09
1,0.9999997307825171
0,1.069794879008204e-09
0,7.148197125976219e-10
0,1.0723229991392723e-09
0,1.2508694125826943e-09
0,7.036799892064211e-10
0,1.2750025719180694e-10
0,1.1262463542470031e-09
0,2.4223417422814626e-09
0,1.2750025719180694e-10
0,1.069794879008204e-09
0,1.1570218080063748e-09
0,2.1393133567894512e-10
0,1.1564703230751178e-09
0,1.1262463542470031e-09
0,3.453645146280791e-10
0,1.1570218080063748e-09
0,7.148419071947345e-10
0,1.069794879008204e-09
0,1.070628856869766e-09
0,9.37281238622136e-11
0,1.0723229991392723e-09
0,1.9017908908207833e-10
0,1.0723229991392723e-09
0,0.12634540783044773
0,1.069794879008204e-09
0,7.036799892064211e-10
0,3.013711730051846e-10
0,7.148197125976219e-10
0,1.069794879008204e-09
0,4.965722451258305e-10
0,2.71782960326909e-10
0,1.1570218080063748e-09
0,1.069794879008204e-09
0,1.602799413218558e-10
0,1.1262463542470031e-09
0,1.070628856869766e-09
0,1.1564703230751178e-09
0,1.4987509959977279e-09
0,7.948697072575445e-10
0,1.9017908908207833e-10
0,3.3499089777188637e-10
0,1.4987509959977279e-09
0,1.1258127641446074e-09
0,1.1570218080063748e-09
0,9.171956477461186e-10
0,2.2280359741698655e-10
0,1.0723229991392723e-09
0,1.1262463542470031e-09
0,7.945399113363459e-10
0,2.350460141505901e-10
0,1.1570218080063748e-09
0,1.9017908908207833e-10
0,1.1262463542470031e-09
0,1.0128133019631072e-09
0,7.948697072575445e-10
0,1.4010227264472882e-10
0,5.026202129517549e-10
0,1.1564703239676388e-09
0,1.851338892575529e-10
0,1.1570218080063748e-09
0,1.2750025719180694e-10
0,8.204798232876192e-10
0,1.069794879008204e-09
1,0.9999998841656549
0,1.1570168732380696e-09
0,7.948697072575445e-10
0,2.187565700125511e-10
0,5.984943691648507e-10
0,1.9017908908207833e-10
0,7.036799892064211e-10
0,1.069794879008204e-09
0,2.811415807953703e-10
0,1.1570218080063748e-09
0,3.984747501108011e-10
0,7.036799869241603e-10
0,1.4813280693682225e-10
0,7.948697072575445e-10
0,1.5017372725181333e-09
0,6.732427860666434e-10
0,2.2280359741698655e-10
0,1.4813280693682225e-10
0,1.1570218080063748e-09
0,8.333448456552962e-10
0,1.069794879008204e-09
1,0.9999995747675435
0,2.8985044287833637e-09
0,1.1564703230751178e-09
0,3.984747501108011e-10
0,1.851338892575529e-10
0,1.9017908908207833e-10
0,1.4987509959977279e-09
0,7.036799892064211e-10
0,1.103835382220952e-10
0,1.9017908908207833e-10
0,1.1564703230751178e-09
0,7.036799892064211e-10
0,3.136541443380161e-09
0,2.71782960326909e-10
0,1.069794879008204e-09
0,1.1570218080063748e-09
0,1.2591980865608363e-09
0,1.1570218080063748e-09
0,2.8359416253396095e-09
1,0.9999998503045728
0,1.0723229991392723e-09
0,1.1570218080063748e-09
0,1.1570218080063748e-09
0,1.1564703230751178e-09
0,7.593031620144317e-09
0,1.1262463542470031e-09
0,1.1570218080063748e-09
0,1.069794879008204e-09
0,9.532309384363928e-10
0,1.1570218080063748e-09
0,1.1570218080063748e-09
0,1.2750025719180694e-10
0,1.9017908908207833e-10
0,1.1570218080063748e-09
0,1.4813280693682225e-10
0,1.1262463542470031e-09
0,1.1570218080063748e-09
0,1.1570218080063748e-09
0,1.2502693903098394e-09
0,1.069794879008204e-09
0,1.4987509959977279e-09
0,7.036799892064211e-10
0,1.593476758017984e-10
0,2.831025483050377e-10
0,7.148197125976219e-10
0,1.069794879008204e-09
0,1.1564703230751178e-09
0,1.1570218080063748e-09
0,7.036799892064211e-10
0,1.1570218080063748e-09
0,2.1150395777312402e-08
0,1.069794879008204e-09
0,7.036799869241603e-10
0,2.4367085500932556e-10
0,6.330689805375725e-09
0,1.1570218080063748e-09
0,1.4987509959977279e-09
0,1.103835382220952e-10
0,1.069794879008204e-09
0,1.1258127641446074e-09
0,0.9987327980931782
0,7.036799892064211e-10
0,2.1393133567894512e-10
0,1.4987509959977279e-09
0,7.148197125976219e-10
0,6.732427860666434e-10
0,1.9017908908207833e-10
0,2.1393133567894512e-10
0,1.9017908908207833e-10
0,1.9017908908207833e-10
0,7.036799892064211e-10
0,7.148197125976219e-10
0,9.37281238622136e-11
0,1.4813280693682225e-10
0,8.318040948079704e-10
0,6.732427860666434e-10
0,1.1570218080063748e-09
0,1.1570218080063748e-09
0,1.9017908908207833e-10
0,1.069794879008204e-09
0,1.593476758017984e-10
0,1.9017908908207833e-10
0,7.011638299353095e-10
0,1.0123930800162857e-09
0,7.036799892064211e-10
0,7.004323849624601e-10
0,1.9017908908207833e-10
0,1.1570218080063748e-09
0,2.811415807953703e-10
0,1.9017908908207833e-10
0,1.4987509959977279e-09
0,1.9017908908207833e-10
0,3.984747501108011e-10
0,7.065225164090086e-10
0,1.1564703239676388e-09
0,7.036799892064211e-10
0,3.8944710878692054e-10
0,2.3066896239518768e-10
0,1.9017908908207833e-10
0,2.811415807953703e-10
0,1.069794879008204e-09
0,1.2750025719180694e-10
0,2.1393133567894512e-10
0,7.148419071947345e-10
0,1.1570218080063748e-09
0,1.1570218080063748e-09
0,7.036799869241603e-10
0,1.1570218080063748e-09
0,8.137459359352126e-10
0,1.4813280693682225e-10
0,1.2774691858177689e-09
0,2.3066896239518768e-10
0,1.9017908908207833e-10
0,1.2578152775620817e-10
0,1.1570168732380696e-09
0,1.1570218080063748e-09
0,1.1570218080063748e-09
0,1.2508694125826943e-09
0,1.9017908908207833e-10
0,1.1570218080063748e-09
0,3.3507414083548075e-10
0,2.2280359741698655e-10
0,1.2522708531821696e-08
0,7.148197125976219e-10
0,1.4813280693682225e-10
0,1.069794879008204e-09
0,1.069794879008204e-09
0,7.945399113363459e-10
0,1.069794879008204e-09
0,1.1252811551847052e-09
0,7.036799892064211e-10
0,2.4198301916112945e-10
0,1.069794879008204e-09
0,1.0826215657740681e-10
0,7.036799892064211e-10
0,7.036799892064211e-10
0,1.069794879008204e-09
0,1.069794879008204e-09
0,1.4813280693682225e-10
0,1.2508694125826943e-09
0,7.036799892064211e-10
0,7.065225141175286e-10
0,7.004323849624601e-10
0,7.807665969882555e-09
0,3.8504157928477906e-10
0,1.1570218080063748e-09
0,1.1570218080063748e-09
0,1.1570218080063748e-09
0,1.9017908908207833e-10
0,1.0723229991392723e-09
0,1.069794879008204e-09
0,1.069794879008204e-09
0,1.1564703230751178e-09
0,1.0723229991392723e-09
0,7.036799869241603e-10
0,1.4813280693682225e-10
0,4.4143910448987557e-10
0,1.5017956913858164e-09
0,1.1564703230751178e-09
0,7.036799892064211e-10
0,7.036799892064211e-10
1,0.999999890251773
0,2.1393133567894512e-10
0,7.036799892064211e-10
0,1.1262463542470031e-09
0,1.1564703230769132e-09
0,0.002984883285407203
0,1.0694891596659909e-09
0,1.0706286893615191e-09
0,1.069794879008204e-09
0,1.4813280693682225e-10
0,1.1574624764374567e-09
0,1.9574097895044963e-09
0,1.1564705249939252e-09
0,1.1564703230769132e-09
0,1.1564703230769132e-09
0,1.602799413218558e-10
0,9.617796734513608e-10
0,1.9017908908207833e-10
0,1.1570218080063748e-09
0,4.441500685704215e-10
0,2.831025483050377e-10
0,1.103835382220952e-10
0,1.9017908908207833e-10
0,2.1393133567894512e-10
0,7.036799869241603e-10
0,1.069794879008204e-09
0,1.2750025719180694e-10
0,1.7141164176757345e-10
0,1.2412700910737261e-09
0,1.2508694125826943e-09
0,5.984943691648507e-10
0,1.843908404871962e-10
0,1.4987509959977279e-09
0,1.1570218080063748e-09
0,1.069794879008204e-09
0,7.148419071947345e-10
0,3.984747501108011e-10
0,1.593476758017984e-10
0,1.0128133019631072e-09
0,1.2508694125826943e-09
0,1.069794879008204e-09
0,1.069794879008204e-09
0,2.1393133567894512e-10
0,1.9017908908207833e-10
0,5.984943691648507e-10
0,7.036799892064211e-10
0,1.1570218080063748e-09
0,1.1570218080063748e-09
0,1.069794879008204e-09
0,1.0723229991392723e-09
0,7.036799869241603e-10
0,1.1570218080063748e-09
0,1.069794879008204e-09
0,1.069794879008204e-09
0,3.057270491595805e-10
0,2.1393133567894512e-10
0,1.069794879008204e-09
0,3.984747501108011e-10
0,1.851338892575529e-10
0,1.069794879008204e-09
0,5.218075019881916e-10
0,1.9017908908207833e-10
0,1.070628856869766e-09
0,1.9017908908207833e-10
0,2.5947815536823705e-10
0,1.1570218080063748e-09
0,1.9017908908207833e-10
0,1.1570218080063748e-09
0,1.1570218080063748e-09
0,1.4813280693682225e-10
0,7.148197125976219e-10
0,7.036799892064211e-10
0,1.069794879008204e-09
0,2.1393133567894512e-10
0,1.1570218080063748e-09
0,1.1574624764374567e-09
0,2.4198301916112945e-10
0,2.1393133567894512e-10
0,1.1570218080063748e-09
0,2.4367085500932556e-10
0,1.0723229991392723e-09
0,1.0723229991392723e-09
0,1.0123930800162857e-09
0,1.9017908908207833e-10
0,1.3795548848253874e-10
0,2.4198301916112945e-10
0,1.0723229991392723e-09
0,1.4813280693682225e-10
0,2.1393133567894512e-10
0,1.15691043184316e-09
0,2.1393133567894512e-10
0,1.1570218080063748e-09
0,1.1257091979897726e-09
0,1.648201419035665e-08
0,1.2750025719180694e-10
0,1.1570218080063748e-09
0,1.1262463542470031e-09
0,1.069794879008204e-09
0,1.1570168732380696e-09
0,1.5389249004013232e-08
1,1.0
0,2.1393133567894512e-10
0,1.2824619900102431e-10
0,1.660334704404235e-10
0,1.1262463542470031e-09
0,1.4987509959977279e-09
0,7.036799892064211e-10
0,1.1570218080063748e-09
0,1.9017908908207833e-10
0,7.036799869241603e-10
0,7.036799892064211e-10
0,1.1570218080063748e-09
0,1.1570218080063748e-09
0,1.9017908908207833e-10
0,2.5947815536823705e-10
0,1.069794879008204e-09
0,1.1570218080063748e-09
0,1.069794879008204e-09
1,0.9999999998303641
0,7.036799892064211e-10
0,1.1570218080063748e-09
0,1.069794879008204e-09
0,1.1570218080063748e-09
0,2.4171728053223174e-10
0,1.1570168732380696e-09
0,1.070628856869766e-09
0,3.513660164769085e-10
0,7.148197125976219e-10
0,2.2280359741698655e-10
0,1.9017908908207833e-10
0,5.472288576171087e-09
0,1.069794879008204e-09
0,1.0723229991392723e-09
0,5.092055972305998e-10
0,1.851338892575529e-10
0,3.167438875119474e-10
0,1.2508694125826943e-09
0,1.2824619900102431e-10
0,2.0610196182848676e-10
0,3.0844836538064666e-10
0,1.571996366768719e-10
0,7.945399113363459e-10
0,1.9017908908207833e-10
0,1.1570218080063748e-09
0,1.9017908908207833e-10
0,7.036799892064211e-10
0,4.6617955038834574e-09
0,1.8321899049590454e-10
0,6.9588790030059544e-09
0,1.2523170605743022e-09
0,6.1783137917038275e-09
0,6.786994350458682e-09
1,0.9999999755851915
0,1.9017908908207833e-10
0,1.069794879008204e-09
0,4.4143910448987557e-10
0,5.218075019881916e-10
0,2.4171728053223174e-10
0,1.1570218080063748e-09
0,7.004323849624601e-10
0,1.851338892575529e-10
0,1.069794879008204e-09
0,1.9017908908207833e-10
0,1.0723229991392723e-09
0,1.069794879008204e-09
0,1.2578152775620817e-10
0,1.2774691858177689e-09
0,1.7317452149318708e-10
0,7.004323849624601e-10
0,2.350460141505901e-10
0,3.378068525728208e-09
0,1.1570218080063748e-09
0,2.1393133567894512e-10
0,2.403118235488291e-10
0,5.218075019881916e-10
0,1.9017908908207833e-10
0,2.831025483050377e-10
0,1.070628856869766e-09
0,1.1840996137323644e-08
0,1.103835382220952e-10
0,1.2508694125826943e-09
0,4.4143910448987557e-10
0,7.004323849624601e-10
0,6.732427860666434e-10
0,1.103835382220952e-10
0,7.945399113363459e-10
0,7.036799892064211e-10
0,1.2750025719180694e-10
0,7.065225164090086e-10
0,1.2750025719180694e-10
0,7.148196855226875e-10
0,7.036799892064211e-10
0,1.069794879008204e-09
0,7.036799869241603e-10
0,1.1262463542470031e-09
0,2.2280359741698655e-10
0,2.831025483050377e-10
0,1.1570218080063748e-09
0,1.1570218080063748e-09
0,9.642861971485103e-10
0,1.254296523862342e-09
0,1.1262463542470031e-09
0,1.069794879008204e-09
0,1.1564703230751178e-09
0,1.1570218080063748e-09
0,1.069794879008204e-09
0,7.036799892064211e-10
0,1.4987509959977279e-09
0,1.9017908908207833e-10
0,1.1570218080063748e-09
0,1.1570218080063748e-09
0,2.2280359741698655e-10
0,1.070628856869766e-09
0,1.1570218080063748e-09
0,7.036799892064211e-10
0,7.036799892064211e-10
0,1.1564703230751178e-09
0,1.135459322020903e-09
0,1.5017956913858164e-09
0,7.036799892064211e-10
0,1.0694891596659909e-09
0,7.036799892064211e-10
0,1.0893311611434934e-08
0,7.036799892064211e-10
0,1.072613088622037e-09
0,1.1570218080063748e-09
0,7.036799892064211e-10
0,1.9017908908207833e-10
0,2.8985044287833637e-09
0,2.71782960326909e-10
0,1.0723229991392723e-09
0,1.602799413218558e-10
0,1.103835382220952e-10
0,1.069794879008204e-09
0,1.1564703230751178e-09
0,1.1570218080063748e-09
0,1.069794879008204e-09
0,2.547959200036308e-10
0,1.069794879008204e-09
0,1.0723229991392723e-09
0,2.187565700125511e-10
0,1.0723229991392723e-09
0,3.2165122570630797e-10
0,1.2750025719180694e-10
0,1.069794879008204e-09
1,0.33414901468719194
0,7.036799892064211e-10
0,1.103835382220952e-10
0,1.069794879008204e-09
0,1.9017908908207833e-10
0,1.0706286893615191e-09
0,1.9017908908207833e-10
0,1.1574624764374567e-09
0,7.036799892064211e-10
0,1.822629144442948e-10
0,1.1570218080063748e-09
0,1.1570168732380696e-09
0,1.1570218080063748e-09
0,2.8985044287833637e-09
0,1.4813280693682225e-10
0,7.036799892064211e-10
0,1.069794879008204e-09
0,5.160240285332937e-10
0,1.1570168732380696e-09
0,9.171956477461186e-10
0,1.1570218080063748e-09
0,5.984943691648507e-10
0,7.036799892064211e-10
0,3.057270491595805e-10
0,1.2750025719180694e-10
0,1.1564703230751178e-09
0,7.036799892064211e-10
0,1.1570218080063748e-09
0,1.1570218080063748e-09
0,1.069794879008204e-09
0,7.036799892064211e-10
0,6.940800881501923e-09
0,1.2750025719180694e-10
0,1.069794879008204e-09
0,1.069794879008204e-09
0,1.0128133019631072e-09
0,3.1026439882727604e-10
0,1.2502693903098394e-09
0,8.167456619761242e-09
0,1.069794879008204e-09
0,1.2750025719180694e-10
0,1.1570218080063748e-09
0,7.004323849624601e-10
0,7.036799869241603e-10
0,7.036799869241603e-10
0,5.026202129517549e-10
0,1.070628856869766e-09
0,1.4813280693682225e-10
1,0.9999999995571376
0,3.378068525728208e-09
0,3.984747501108011e-10
0,7.036799892064211e-10
0,3.5381680067010577e-10
0,1.9017908908207833e-10
0,1.070628856869766e-09
0,3.378068525728208e-09
0,1.1570218080063748e-09
0,1.069794879008204e-09
0,1.4987509959977279e-09
0,2.768135071649613e-10
0,8.203820291919325e-09
0,7.036799892064211e-10
0,1.0123930800162857e-09
0,1.1570218080063748e-09
0,1.1262463542470031e-09
0,7.036799892064211e-10
0,1.069794879008204e-09
0,1.4813280693682225e-10
0,6.153886561053808e-09
0,1.4987509959977279e-09
0,1.1570218080063748e-09
0,5.387317953528632e-10
0,9.153780039888764e-10
0,1.1252811551847052e-09
0,1.069794879008204e-09
0,7.036799892064211e-10
0,2.4367085500932556e-10
0,1.0723229991392723e-09
0,1.1570218080063748e-09
0,1.069794879008204e-09
0,7.504648443207138e-10
0,1.1262463542470031e-09
0,1.1570218080063748e-09
0,1.1570218080063748e-09
0,7.036799892064211e-10
0,1.069794879008204e-09
0,1.9017908908207833e-10
0,1.1570168732380696e-09
0,2.572422340700185e-10
0,1.069794879008204e-09
0,1.1570218080063748e-09
0,1.069794879008204e-09
0,1.2824619900102431e-10
0,3.506859002278015e-10
0,1.1570218080063748e-09
0,1.1570218080063748e-09
0,1.1252811551847052e-09
0,1.1570218080063748e-09
0,2.1393133567894512e-10
0,8.137459359352126e-10
0,9.262887497952154e-09
0,1.069794879008204e-09
0,1.069794879008204e-09
0,6.910035279766497e-09
0,7.148197125976219e-10
0,7.036799892064211e-10
0,7.032581995539288e-10
0,1.1564703230769132e-09
0,1.9017908908207833e-10
0,1.2824619900102431e-10
0,2.859391164625522e-10
0,1.069794879008204e-09
0,2.859391164625522e-10
0,1.2824619900102431e-10
0,2.733982798531861e-10
0,1.1564703230751178e-09
0,7.036799892064211e-10
0,7.036799892064211e-10
0,1.1570218080063748e-09
0,1.0694891653804926e-09
0,7.065225164090086e-10
0,1.135459322020903e-09
0,2.831025483050377e-10
0,3.984747501108011e-10
1,0.9999999854786892
0,2.1393133567894512e-10
0,1.9017908908207833e-10
0,1.1570218080063748e-09
0,1.660334704404235e-10
0,1.3795548848253874e-10
0,7.148197125976219e-10
0,1.1570218080063748e-09
0,1.4813280693682225e-10
0,7.036799892064211e-10
0,1.069794879008204e-09
0,1.9017908908207833e-10
0,1.069794879008204e-09
0,3.522606643920683e-09
0,2.2280359741698655e-10
0,9.37281238622136e-11
0,1.2508694125826943e-09
0,1.2508694125826943e-09
0,8.137459359352126e-10
0,2.4171728053223174e-10
0,1.069794879008204e-09
0,1.069794879008204e-09
0,7.148197125976219e-10
0,1.1570218080063748e-09
0,4.4143910448987557e-10
0,1.0723229991392723e-09
0,1.1570218080063748e-09
0,2.4171728053223174e-10
0,1.9017908908207833e-10
0,7.036799892064211e-10
0,4.876838084947781e-10
0,2.450964543172903e-10
0,7.036799892064211e-10
0,7.065225164090086e-10
0,7.036799869241603e-10
0,1.1570218080063748e-09
0,1.2508694125826943e-09
0,1.069794879008204e-09
0,1.9017908908207833e-10
0,9.646048553008549e-09
0,1.593476758017984e-10
0,3.057270491595805e-10
0,5.984943691648507e-10
0,1.4987509959977279e-09
0,1.4010230833473293e-10
0,1.069794879008204e-09
0,1.4813280693682225e-10
0,1.1570218080063748e-09
0,7.036799892064211e-10
0,1.069794879008204e-09
0,1.069794879008204e-09
0,1.0706286893615191e-09
0,9.153780039888764e-10
0,1.2508694125826943e-09
0,1.070628856869766e-09
0,1.070628856869766e-09
0,1.069794879008204e-09
0,7.036799869241603e-10
0,1.9017908908207833e-10
0,1.1564703230751178e-09
0,7.148419071947345e-10
0,1.1252811551847052e-09
0,7.148419071947345e-10
0,6.697052509384067e-09
0,1.2750025719180694e-10
0,1.9017908908207833e-10
0,7.036799892064211e-10
0,1.4813280693682225e-10
0,1.0723229991392723e-09
0,1.069794879008204e-09
0,1.4813280693682225e-10
0,7.948697072575445e-10
0,1.069794879008204e-09
0,1.2750025719180694e-10
0,4.1117866498362825e-10
0,1.4813280693682225e-10
0,1.4987509959977279e-09
0,1.2508694125826943e-09
0,4.4143910448987557e-10
0,1.9017908908207833e-10
0,1.069794879008204e-09
0,6.732427860666434e-10
0,1.069794879008204e-09
0,2.09714598438991e-09
0,1.069794879008204e-09
0,5.218075019881916e-10
0,5.352055426034642e-10
0,7.148196855226875e-10
0,1.1570218080063748e-09
0,2.1393133567894512e-10
0,2.547959200036308e-10
0,1.069794879008204e-09
0,1.1570218080063748e-09
0,1.1570218080063748e-09
0,1.1570218080063748e-09
0,2.1393133567894512e-10
0,1.1570218080063748e-09
0,7.036799892064211e-10
0,1.069794879008204e-09
0,1.1570218080063748e-09
0,1.2508694125826943e-09
0,1.1570218080063748e-09
1,1.0
0,1.6277246259717178e-10
0,1.1570218080063748e-09
0,1.1570218080063748e-09
0,7.036799869241603e-10
0,7.036799869241603e-10
0,1.069794879008204e-09
0,1.1570218080063748e-09
0,1.9017908908207833e-10
0,1.070628856869766e-09
0,3.378068525728208e-09
0,1.2508694125826943e-09
0,9.650583206777338e-09
0,1.1570218080063748e-09
0,1.9017908908207833e-10
0,1.2129378283395876e-10
0,1.9017908908207833e-10
0,1.9017908908207833e-10
0,1.069794879008204e-09
0,7.036799869241603e-10
0,1.069794879008204e-09
0,1.5017372725181333e-09
0,2.2280359741698655e-10
0,1.070628856869766e-09
0,1.318005284065181e-09
0,7.036799892064211e-10
0,1.1570218080063748e-09
0,7.148197125976219e-10
0,1.2750025719180694e-10
0,2.2280359741698655e-10
0,7.148419071947345e-10
0,5.334352834225965e-09
0,2.2280359741698655e-10
0,2.1393133567894512e-10
0,1.0694891653804926e-09
0,1.1262463542470031e-09
0,1.1570218080063748e-09
0,1.069794879008204e-09
0,7.036799892064211e-10
0,1.4987509959977279e-09
0,2.1393133567894512e-10
0,1.1570218080063748e-09
0,1.1564703230751178e-09
0,2.1393133567894512e-10
0,2.978717198098647e-10
0,1.0694891596659909e-09
0,1.0723229991392723e-09
0,1.9017908908207833e-10
0,1.9017908908207833e-10
0,1.1564705249939252e-09
0,1.1570218080063748e-09
0,1.069794879008204e-09
0,1.4813280693682225e-10
0,1.9017908908207833e-10
0,1.1570218080063748e-09
0,1.069794879008204e-09
0,1.1570218080063748e-09
0,5.2591057442859e-09
0,7.148419071947345e-10
0,1.4987509959977279e-09
0,1.0543819679707183e-09
0,1.0723229991392723e-09
0,1.2824619900102431e-10
0,2.1150395777312402e-08
0,1.4092050276930044e-10
0,3.82033928359571e-09
0,1.1570168732380696e-09
0,1.1564703230769132e-09
0,1.2508694125826943e-09
0,1.0123930800162857e-09
0,1.0694891596659909e-09
0,7.945399113363459e-10
0,2.2280359741698655e-10
0,7.036799892064211e-10
0,7.036799892064211e-10
0,7.036799892064211e-10
0,1.0826215657740681e-10
0,1.1570218080063748e-09
0,1.1570218080063748e-09
1,0.9999997832517159
0,1.0619009636697021e-08
0,1.0889554564443592e-10
0,1.9017908908207833e-10
0,1.069794879008204e-09
0,3.024263051306471e-10
0,4.749384408141512e-10
0,1.069794879008204e-09
0,1.069794879008204e-09
0,1.648201419035665e-08
0,7.148197125976219e-10
0,1.5017956913858164e-09
0,4.24434028803936e-10
0,1.4987509959977279e-09
0,1.593476758017984e-10
0,1.069794879008204e-09
0,1.4813280693682225e-10
0,1.9017908908207833e-10
0,7.036799892064211e-10
0,4.717949230703767e-09
0,1.9017908908207833e-10
0,1.4987509959977279e-09
0,1.069794879008204e-09
0,7.036799892064211e-10
0,7.004323849624601e-10
0,7.036799892064211e-10
0,1.0723229991392723e-09
0,1.069794879008204e-09
0,7.148419071947345e-10
0,1.4813280693682225e-10
0,1.069794879008204e-09
0,1.220861550761248e-08
0,1.9017908908207833e-10
0,5.218075019881916e-10
0,1.069794879008204e-09
0,1.1570218080063748e-09
0,1.069794879008204e-09
0,2.2280359741698655e-10
0,7.036799892064211e-10
0,1.1564703239676388e-09
0,1.1570218080063748e-09
0,1.069794879008204e-09
0,1.069794879008204e-09
0,1.069794879008204e-09
0,1.3530422140271266e-10
0,1.9017908908207833e-10
0,6.732427860666434e-10
0,7.948697072575445e-10
0,1.0761728514666875e-08
0,1.1570218080063748e-09
0,1.2824619900102431e-10
0,1.069794879008204e-09
0,1.2750025719180694e-10
0,2.859391164625522e-10
0,1.0123930800162857e-09
0,1.4987509959977279e-09
0,7.148419071947345e-10
0,2.0825596312605503e-10
0,1.1570218080063748e-09
0,7.148197125976219e-10
0,7.036799892064211e-10
0,1.9017908908207833e-10
0,1.8321899049590454e-10
0,7.036799892064211e-10
0,1.1570218080063748e-09
0,2.2280359741698655e-10
0,1.069794879008204e-09
0,1.070628856869766e-09
0,1.9017908908207833e-10
0,1.070628856869766e-09
1,0.9999999819522681
0,1.070628856869766e-09
0,7.148419071947345e-10
0,2.831025483050377e-10
0,1.069794879008204e-09
0,1.069794879008204e-09
0,1.1570218080063748e-09
0,1.871056207921575e-10
0,1.5017956913858164e-09
0,7.036799892064211e-10
0,1.1570168732380696e-09
0,1.1570218080063748e-09
0,1.660334704404235e-10
0,1.070628856869766e-09
0,7.036799892064211e-10
0,1.1570218080063748e-09
0,7.948697072575445e-10
0,1.069794879008204e-09
0,1.2750025719180694e-10
0,1.103835382220952e-10
0,1.2129378283395876e-10
0,1.0706286893615191e-09
0,4.965722451258305e-10
0,2.71782960326909e-10
0,3.184063062290276e-10
0,1.1570218080063748e-09
0,1.1670909207684859e-09
0,1.9017908908207833e-10
0,7.032581995539288e-10
0,2.2280359741698655e-10
0,7.036799892064211e-10
0,7.036799892064211e-10
0,1.5017372725181333e-09
0,1.2750025719180694e-10
0,1.070628856869766e-09
0,1.660334704404235e-10
0,2.2280359741698655e-10
0,2.8157662742043365e-10
0,6.732427860666434e-10
0,7.036799892064211e-10
0,1.103835382220952e-10
0,7.148197125976219e-10
0,2.1393133567894512e-10
0,1.4813280693682225e-10
0,2.8157662742043365e-10
0,2.1393133567894512e-10
0,5.026202129517549e-10
0,1.1570218080063748e-09
0,3.506859002278015e-10
0,7.036799892064211e-10
0,1.0826215657740681e-10
0,2.572422340700185e-10
0,7.036799892064211e-10
0,1.0826215657740681e-10
0,1.2508694125826943e-09
0,1.069794879008204e-09
0,5.387317953528632e-10
0,1.2508694125826943e-09
0,1.069794879008204e-09
0,2.859391164625522e-10
0,9.617796734513608e-10
0,1.070628856869766e-09
0,1.6277246259717178e-10
0,2.615486808322234e-10
0,7.036799892064211e-10
0,1.1570218080063748e-09
0,1.1570218080063748e-09
0,2.831025483050377e-10
0,1.602799413218558e-10
0,1.1570218080063748e-09
0,7.148196855226875e-10
0,1.9017908908207833e-10
0,2.71782960326909e-10
0,7.945399113363459e-10
0,7.148197125976219e-10
0,1.4987509959977279e-09
0,1.2750025719180694e-10
1,0.999999964010583
0,1.0723229991392723e-09
0,7.036799892064211e-10
0,1.1564703230751178e-09
0,1.0706286893615191e-09
0,1.069794879008204e-09
0,1.069794879008204e-09
0,7.036799892064211e-10
0,1.1570218080063748e-09
0,1.3553029728795062e-08
0,1.069794879008204e-09
0,1.069794879008204e-09
0,7.036799892064211e-10
0,7.065225164090086e-10
0,2.572422340700185e-10
0,1.1564703230751178e-09
0,5.2591057442859e-09
0,1.1570218080063748e-09
0,1.069794879008204e-09
0,1.1570218080063748e-09
0,2.9446722630376784e-07
0,7.036799892064211e-10
0,1.1570218080063748e-09
0,1.0889554564443592e-10
0,1.069794879008204e-09
0,1.1564703230751178e-09
0,1.1564703230751178e-09
0,1.2502693903098394e-09
0,7.036799869241603e-10
0,7.036799892064211e-10
0,1.9017908908207833e-10
0,1.0723229991392723e-09
0,7.148419071947345e-10
0,4.012523378135287e-09
0,7.036799892064211e-10
0,2.350460141505901e-10
0,1.1570168732380696e-09
0,1.069794879008204e-09
0,1.9017908908207833e-10
0,1.4813280693682225e-10
0,4.24434028803936e-10
0,1.2750025719180694e-10
0,1.0723229991392723e-09
0,7.036799892064211e-10
0,1.4813280693682225e-10
0,2.2280359741698655e-10
0,1.1570218080063748e-09
0,1.069794879008204e-09
0,7.036799892064211e-10
0,1.1570218080063748e-09
0,1.069794879008204e-09
0,1.1570218080063748e-09
0,7.945399113363459e-10
0,1.1570218080063748e-09
0,1.4813280693682225e-10
0,7.036799892064211e-10
0,1.1570218080063748e-09
0,8.333424535525178e-10
0,1.1564703230769132e-09
0,1.1570218080063748e-09
0,1.2824619900102431e-10
0,2.2280359741698655e-10
0,2.2280359741698655e-10
0,1.2372380060763358e-10
0,7.065225164090086e-10
0,1.103835382220952e-10
0,2.0825596312605503e-10
0,2.4223417422814626e-09
0,1.1570218080063748e-09
0,1.069794879008204e-09
0,7.036799892064211e-10
0,5.984943691648507e-10
0,7.036799869241603e-10
0,1.103835382220952e-10
0,1.0723229991392723e-09
0,2.4367085500932556e-10
0,1.0826215657740681e-10
0,1.796484887440625e-10
0,1.4813280693682225e-10
0,2.1393133567894512e-10
0,1.069794879008204e-09
0,3.3499089777188637e-10
0,1.069794879008204e-09
0,1.3609582039968774e-10
0,4.6161764659178276e-09
0,1.1570218080063748e-09
0,1.9017908908207833e-10
0,1.602799413218558e-10
0,1.2508694125826943e-09
0,2.1393133567894512e-10
0,1.9017908908207833e-10
0,7.036799892064211e-10
0,1.9017908908207833e-10
0,1.9017908908207833e-10
0,1.1570218080063748e-09
0,7.036799892064211e-10
0,7.036799892064211e-10
0,2.768135071649613e-10
0,5.436702190556374e-10
0,8.137459359352126e-10
0,2.396517075505295e-10
0,1.1564703230751178e-09
0,1.069794879008204e-09
0,1.1570218080063748e-09
0,6.732427860666434e-10
0,1.9017908908207833e-10
0,1.2824619900102431e-10
0,3.0083304575637535e-10
0,1.069794879008204e-09
0,2.2280359741698655e-10
0,7.945399113363459e-10
0,1.1570218080063748e-09
0,7.036799869241603e-10
0,7.036799892064211e-10
0,1.1262463542470031e-09
0,1.069794879008204e-09
0,1.069794879008204e-09
0,4.4143910448987557e-10
0,7.148197125976219e-10
0,1.4987509959977279e-09
0,1.9017908908207833e-10
0,1.103835382220952e-10
0,5.755500263973355e-10
0,7.148419071947345e-10
0,1.1570218080063748e-09
0,7.036799869241603e-10
0,1.1570218080063748e-09
0,7.945399113363459e-10
0,1.2824619900102431e-10
0,1.069794879008204e-09
0,1.1262463542470031e-09
0,7.036799869241603e-10
0,1.0619009636697021e-08
0,1.1570218080063748e-09
0,7.036799869241603e-10
0,5.29029634466005e-10
0,1.9017908908207833e-10
0,7.148419071947345e-10
0,2.859391164625522e-10
0,7.036799892064211e-10
0,6.940800881501923e-09
0,2.450964543172903e-10
0,1.1570218080063748e-09
0,1.2508694125826943e-09
0,2.1052567114817554e-10
0,1.1564703230751178e-09
0,7.148197125976219e-10
0,5.218075019881916e-10
0,7.036799892064211e-10
0,1.070628856869766e-09
0,1.1570218080063748e-09
0,1.1574624764374567e-09
0,7.30242086602134e-10
0,1.593476758017984e-10
0,7.036799892064211e-10
0,1.0723229991392723e-09
0,1.070628856869766e-09
0,2.814333785784624e-09
0,7.036799892064211e-10
0,1.843908404871962e-10
0,1.069794879008204e-09
0,7.945399113363459e-10
0,7.945399113363459e-10
0,1.9017908908207833e-10
0,2.1393133567894512e-10
0,2.396517075505295e-10
0,1.501893262797294e-09
0,1.1564703230751178e-09
0,7.148197125976219e-10
0,1.069794879008204e-09
0,8.975605198153564e-09
0,7.036799892064211e-10
0,2.2280359741698655e-10
0,1.103835382220952e-10
0,1.069794879008204e-09
0,1.4987509959977279e-09
0,1.1564703230769132e-09
0,1.1570218080063748e-09
0,2.450964543172903e-10
0,1.4206576243241131e-08
0,1.1564703230769132e-09
0,2.1393133567894512e-10
0,3.984747501108011e-10
0,7.036799892064211e-10
0,1.069794879008204e-09
0,2.831025483050377e-10
0,5.334352834225965e-09
0,1.069794879008204e-09
0,7.036799869241603e-10
0,7.945399113363459e-10
0,1.3795548848253874e-10
0,2.1393133567894512e-10
0,1.2508694125826943e-09
0,1.9017908908207833e-10
0,2.4198301916112945e-10
0,7.036799892064211e-10
0,1.660334704404235e-10
0,2.1393133567894512e-10
0,7.036799892064211e-10
0,2.4198301916112945e-10
0,2.1393133567894512e-10
0,1.4987509959977279e-09
0,2.71782960326909e-10
0,7.948697072575445e-10
0,1.3320410553249398e-09
0,2.1393133567894512e-10
0,1.1564703230751178e-09
0,7.945399113363459e-10
0,1.4813280693682225e-10
0,7.036799892064211e-10
0,1.069794879008204e-09
0,3.8504157928477906e-10
0,1.0706286893615191e-09
0,1.0723229991392723e-09
0,1.2774691858177689e-09
0,7.036799892064211e-10
0,1.9017908908207833e-10
0,1.070628856869766e-09
0,7.148197125976219e-10
0,1.0694891596659909e-09
0,1.069794879008204e-09
0,1.851338892575529e-10
0,1.2774691858177689e-09
0,1.2824619900102431e-10
0,1.069794879008204e-09
0,1.1570218080063748e-09
0,1.2508694125826943e-09
0,1.1570218080063748e-09
0,1.2824619900102431e-10
0,1.1570218080063748e-09
0,2.749977998225763e-10
0,2.1393133567894512e-10
0,7.011638299353095e-10
0,2.768135071649613e-10
0,1.1570218080063748e-09
0,1.4987509959977279e-09
0,3.474819825708582e-10
0,2.8359416253396095e-09
0,1.9017908908207833e-10
0,7.036799892064211e-10
0,1.1570218080063748e-09
0,1.4839988504815675e-10
0,2.4198301916112945e-10
0,1.4813280693682225e-10
0,4.4143910448987557e-10
0,1.9017908908207833e-10
0,1.1570218080063748e-09
0,4.3690194076965854e-10
0,1.2750025719180694e-10
0,3.506859002278015e-10
0,1.1570218080063748e-09
0,1.069794879008204e-09
0,1.103835382220952e-10
0,1.069794879008204e-09
0,1.4010230833473293e-10
0,1.9017908908207833e-10
0,7.945399113363459e-10
0,2.2280359741698655e-10
0,3.3499089777188637e-10
0,1.103835382220952e-10
0,2.5947815536823705e-10
0,1.0123930800162857e-09
0,1.069794879008204e-09
0,1.9017908908207833e-10
0,7.148419071947345e-10
0,1.9017908908207833e-10
0,1.851338892575529e-10
0,7.036799892064211e-10
0,1.2750025719180694e-10
0,1.1564703239676388e-09
0,2.3066896239518768e-10
0,1.0706286893615191e-09
0,2.8359416253396095e-09
0,1.8974180105767038e-08
0,1.4987509959977279e-09
0,3.2165122570630797e-10
0,2.2280359741698655e-10
0,1.0463325671812446e-08
0,1.1570218080063748e-09
0,1.2774691858177689e-09
0,1.3996396406047353e-10
0,1.4813280693682225e-10
0,1.2523170605743022e-09
0,7.036799892064211e-10
0,1.501893262797294e-09
0,1.9017908908207833e-10
0,1.1570218080063748e-09
0,1.0723229991392723e-09
0,1.103835382220952e-10
0,1.851338892575529e-10
0,7.036799892064211e-10
0,7.036799892064211e-10
0,1.1570218080063748e-09
0,2.8359416253396095e-09
0,1.070628856869766e-09
0,9.153780039888764e-10
0,1.4813280693682225e-10
0,7.036799892064211e-10
0,7.945399113363459e-10
0,1.069794879008204e-09
0,7.148197125976219e-10
0,1.069794879008204e-09
0,2.0349143804695476e-10
0,3.045357339698089e-10
0,1.1262463542470031e-09
0,1.1262463542470031e-09
0,1.1252811551847052e-09
0,1.1570218080063748e-09
0,1.1570168732380696e-09
0,6.161214916170381e-09
0,2.71782960326909e-10
0,2.1393133567894512e-10
0,1.0723229991392723e-09
0,7.036799892064211e-10
0,7.036799892064211e-10
0,4.965722451258305e-10
0,7.036799892064211e-10
0,1.602799413218558e-10
0,1.9017908908207833e-10
0,7.036799869241603e-10
0,7.945399113363459e-10
0,1.0723229991392723e-09
0,1.851338892575529e-10
0,1.1570218080063748e-09
0,1.0128133019631072e-09
0,1.0128133019631072e-09
0,1.069794879008204e-09
0,3.8504157928477906e-10
0,2.0349143804695476e-10
0,2.2778912326013273e-10
0,7.036799892064211e-10
0,7.945399113363459e-10
0,1.0723229991392723e-09
0,1.1570218080063748e-09
0,1.069794879008204e-09
0,2.978717198098647e-10
0,7.945399113363459e-10
0,1.2774691858177689e-09
0,1.1570218080063748e-09
0,9.153780039888764e-10
0,2.811415807953703e-10
0,1.851338892575529e-10
0,1.1564703230751178e-09
0,1.9017908908207833e-10
0,5.984943691648507e-10
0,7.948697072575445e-10
0,7.945399113363459e-10
0,2.403118235488291e-10
0,7.945399113363459e-10
0,1.069794879008204e-09
0,1.069794879008204e-09
0,1.069794879008204e-09
0,1.1564703230769132e-09
0,7.945399113363459e-10
0,7.036799892064211e-10
0,1.1570218080063748e-09
0,7.036799892064211e-10
0,1.3795548848253874e-10
0,1.4987509959977279e-09
0,7.036799892064211e-10
0,2.8359416253396095e-09
0,7.148197125976219e-10
0,1.069794879008204e-09
0,1.1570218080063748e-09
1,0.999999999149783
0,1.9017908908207833e-10
0,7.036799892064211e-10
0,1.072613088622037e-09
0,1.069794879008204e-09
0,7.036799892064211e-10
0,1.2508694125826943e-09
0,1.4813280693682225e-10
0,1.2508694125826943e-09
0,2.978717198098647e-10
0,1.2750025719180694e-10
0,1.2508694125826943e-09
0,1.069794879008204e-09
0,1.3795548848253874e-10
0,1.1564703230769132e-09
0,1.069794879008204e-09
1,0.9999998368634075
0,2.831025483050377e-10
0,7.036799892064211e-10
0,7.065225164090086e-10
0,7.036799892064211e-10
0,4.4143910448987557e-10
0,2.4171728053223174e-10
0,7.036799892064211e-10
0,1.1570218080063748e-09
0,1.3795548848253874e-10
0,1.660334704404235e-10
0,1.1570218080063748e-09
0,1.9017908908207833e-10
0,1.9017908908207833e-10
0,1.069794879008204e-09
0,2.8985044287833637e-09
0,1.0889554564443592e-10
0,7.036799869241603e-10
0,1.501893262797294e-09
0,1.4813280693682225e-10
0,1.2824619900102431e-10
0,1.1564703230751178e-09
0,2.8157662742043365e-10
0,1.1574624764374567e-09
0,1.1570218080063748e-09
0,3.5381680067010577e-10
0,1.9017908908207833e-10
0,9.37281238622136e-11
0,1.4813280693682225e-10
0,1.7141164176757345e-10
0,1.0723229991392723e-09
0,1.4813280693682225e-10
0,7.036799869241603e-10
0,1.1570218080063748e-09
0,1.1570218080063748e-09
0,1.851338892575529e-10
0,2.8985044287833637e-09
0,2.859391164625522e-10
1,0.9999999228747678
0,2.811415807953703e-10
0,2.1393133567894512e-10
0,1.2750025719180694e-10
0,1.2750025719180694e-10
0,7.036799892064211e-10
0,1.069794879008204e-09
0,2.350460141505901e-10
0,1.0694891596659909e-09
0,7.036799892064211e-10
0,7.036799869241603e-10
0,9.420382790688632e-09
0,1.4987509959977279e-09
0,1.204704661685838e-10
0,1.3485245079518597e-09
0,7.036799892064211e-10
0,1.069794879008204e-09
0,1.1262463542470031e-09
0,1.9017908908207833e-10
0,1.069794879008204e-09
0,1.070628856869766e-09
0,8.137459359352126e-10
0,1.1258127641446074e-09
0,1.1564703230769132e-09
0,1.069794879008204e-09
0,3.2165122570630797e-10
0,2.338414561579012e-10
0,1.2750025719180694e-10
0,1.9017908908207833e-10
0,1.2824619900102431e-10
0,7.036799869241603e-10
0,2.2280359741698655e-10
0,2.2280359741698655e-10
0,7.004323849624601e-10
0,1.1570168732380696e-09
0,7.036799892064211e-10
0,7.036799892064211e-10
0,2.2280359741698655e-10
0,7.036799892064211e-10
0,1.070628856869766e-09
0,1.1570168732380696e-09
0,1.2508694125826943e-09
0,1.4813280693682225e-10
0,1.069794879008204e-09
0,2.2280359741698655e-10
0,8.204798232876192e-10
0,7.036799892064211e-10
0,1.1570218080063748e-09
0,1.070628856869766e-09
0,2.1393133567894512e-10
0,2.1393133567894512e-10
0,1.1570218080063748e-09
0,2.2280359741698655e-10
0,3.167438875119474e-10
0,7.148419071947345e-10
0,1.9017908908207833e-10
0,7.148196855226875e-10
0,3.506859002278015e-10
0,1.1570218080063748e-09
0,1.069794879008204e-09
0,1.1570218080063748e-09
0,7.945399113363459e-10
0,1.5017956913858164e-09
0,2.2280359741698655e-10
0,1.1564703230751178e-09
0,1.1570218080063748e-09
0,2.1393133567894512e-10
0,1.9017908908207833e-10
0,1.103835382220952e-10
0,1.1564703230751178e-09
0,5.984943691648507e-10
0,1.069794879008204e-09
0,1.069794879008204e-09
0,1.1570218080063748e-09
0,7.036799892064211e-10
0,2.4367085500932556e-10
0,2.1393133567894512e-10
0,2.859391164625522e-10
0,1.0128133019631072e-09
0,2.4198301916112945e-10
0,7.036799892064211e-10
0,2.811415807953703e-10
0,1.0706286893615191e-09
0,1.069794879008204e-09
0,7.036799892064211e-10
0,1.069794879008204e-09
0,7.036799892064211e-10
0,2.4198301916112945e-10
0,1.3915132335749598e-10
0,1.1570218080063748e-09
0,2.547959200036308e-10
0,2.436513682145797e-09
0,7.065225164090086e-10
0,1.069794879008204e-09
0,1.1258127641446074e-09
0,7.148197125976219e-10
0,2.831025483050377e-10
0,1.2508694125826943e-09
0,1.1570218080063748e-09
0,1.103835382220952e-10
0,1.9017908908207833e-10
0,1.069794879008204e-09
0,2.1393133567894512e-10
0,1.602799413218558e-10
0,7.036799892064211e-10
0,1.602799413218558e-10
0,6.732427860666434e-10
0,7.036799892064211e-10
0,1.1564703230751178e-09
0,7.036799869241603e-10
0,4.965722451258305e-10
0,1.2750025719180694e-10
0,1.4987509959977279e-09
0,7.945399113363459e-10
0,7.036799892064211e-10
0,1.4813280693682225e-10
0,4.4143910448987557e-10
0,1.2824619900102431e-10
0,1.9017908908207833e-10
0,5.218075019881916e-10
0,1.9017908908207833e-10
0,2.8157662742043365e-10
0,1.4987509959977279e-09
0,1.9017908908207833e-10
0,1.069794879008204e-09
0,1.2508694125826943e-09
0,1.4987509959977279e-09
0,2.572422340700185e-10
0,1.2750025719180694e-10
0,1.2750025719180694e-10
0,2.978717198098647e-10
0,7.036799892064211e-10
0,1.069794879008204e-09
0,4.4143910448987557e-10
0,2.71782960326909e-10
0,2.2003640799242976e-10
0,1.1570218080063748e-09
0,8.348322164700586e-10
0,1.3546612697987811e-09
0,7.036799892064211e-10
0,2.350460141505901e-10
0,0.07575676603709683
0,2.0204944258876763e-10
0,1.0723229991392723e-09
0,1.0723229991392723e-09
0,1.069794879008204e-09
0,1.4987509959977279e-09
0,2.572422340700185e-10
0,1.069794879008204e-09
0,1.2750025719180694e-10
0,7.036799869241603e-10
0,2.8985044287833637e-09
0,2.2035414337642204e-10
0,2.450964543172903e-10
1,0.9999999854923061
0,1.1570218080063748e-09
0,1.070628856869766e-09
0,5.026202129517549e-10
0,5.984943691648507e-10
0,1.2508694125826943e-09
0,1.1570218080063748e-09
0,8.137459359352126e-10
0,1.4813280693682225e-10
0,7.036799869241603e-10
0,3.184063062290276e-10
0,1.2824619900102431e-10
0,2.768135071649613e-10
0,7.036799892064211e-10
1,0.9999999999368585
0,1.4813280693682225e-10
0,2.1393133567894512e-10
0,1.1570218080063748e-09
0,1.0889554564443592e-10
0,7.036799892064211e-10
0,9.153780039888764e-10
0,7.036799892064211e-10
0,1.9017908908207833e-10
0,7.036799892064211e-10
0,7.036799892064211e-10
0,1.5017372725181333e-09
0,1.070628856869766e-09
0,7.148419071947345e-10
0,3.3507414083548075e-10
0,1.851338892575529e-10
0,1.9017908908207833e-10
0,7.036799892064211e-10
0,1.4813280693682225e-10
0,1.0723229991392723e-09
0,1.1574624764374567e-09
0,2.0349143804695476e-10
0,1.1570218080063748e-09
0,7.036799869241603e-10
0,1.9017908908207833e-10
0,1.1564703230769132e-09
0,1.1262463542470031e-09
0,1.2578152775620817e-10
0,1.4987509959977279e-09
0,5.026202129517549e-10
0,1.1574624764374567e-09
0,1.1570218080063748e-09
0,1.1570168732380696e-09
0,2.1393133567894512e-10
0,1.1262463542470031e-09
0,7.036799869241603e-10
0,2.5947815536823705e-10
0,1.4813280693682225e-10
0,7.036799869241603e-10
0,2.0349143804695476e-10
0,3.1026439882727604e-10
0,1.0123930800162857e-09
1,0.9999999107213653
0,1.593476758017984e-10
0,1.069794879008204e-09
0,1.1570218080063748e-09
0,7.036799869241603e-10
0,1.9017908908207833e-10
0,1.2824619900102431e-10
0,1.1564703239676388e-09
0,8.333424535525178e-10
0,7.036799892064211e-10
0,1.2129378283395876e-10
0,7.036799869241603e-10
0,7.036799869241603e-10
0,2.1393133567894512e-10
0,1.069794879008204e-09
0,1.1570218080063748e-09
0,1.070628856869766e-09
0,1.9017908908207833e-10
0,7.948697072575445e-10
0,1.7141164176757345e-10
0,1.1262463542470031e-09
0,2.403118235488291e-10
0,1.1570218080063748e-09
0,1.2750025719180694e-10
0,7.036799892064211e-10
0,1.9017908908207833e-10
0,1.7141164176757345e-10
0,1.9017908908207833e-10
0,1.0694891596659909e-09
0,1.1262463542470031e-09
0,1.1564703230751178e-09
0,1.069794879008204e-09
0,1.2824619900102431e-10
0,3.2882610730715425e-09
0,5.984943691648507e-10
0,7.036799892064211e-10
0,1.2824619900102431e-10
0,7.945399113363459e-10
0,7.036799892064211e-10
0,2.4367085500932556e-10
0,7.036799892064211e-10
0,1.1570218080063748e-09
0,1.069794879008204e-09
0,7.036799892064211e-10
0,1.3530422140271266e-10
0,1.069794879008204e-09
0,1.0723229991392723e-09
0,1.2508694125826943e-09
0,7.948697072575445e-10
0,4.600266557556535e-09
0,1.069794879008204e-09
0,1.1570168732380696e-09
0,1.1262463542470031e-09
0,7.036799892064211e-10
0,7.036799869241603e-10
0,1.1262463542470031e-09
1,0.9999999107213653
0,1.069794879008204e-09
0,1.069794879008204e-09
0,1.1570218080063748e-09
0,2.4171728053223174e-10
0,1.0723229991392723e-09
0,2.1393133567894512e-10
0,1.1570218080063748e-09
0,1.2508694125826943e-09
0,7.036799892064211e-10
0,1.1570218080063748e-09
1,0.9999999557629258
0,1.2824619900102431e-10
0,1.4813280693682225e-10
0,7.036799892064211e-10
0,1.4813280693682225e-10
0,1.2508694125826943e-09
0,1.2774691858177689e-09
0,7.036799892064211e-10
0,7.036799892064211e-10
0,5.436702190556374e-10
0,1.070628856869766e-09
0,1.9017908908207833e-10
0,1.1570218080063748e-09
0,2.1027694884111152e-10
0,1.2508694125826943e-09
0,4.4143910448987557e-10
0,7.036799892064211e-10
0,7.177072389009823e-10
0,2.2003640799242976e-10
0,8.296330091241096e-10
0,7.148419071947345e-10
0,1.1570218080063748e-09
0,8.212671267735466e-10
0,7.036799892064211e-10
0,1.069794879008204e-09
0,1.1252811551847052e-09
0,1.069794879008204e-09
0,1.1570218080063748e-09
1,1.4551183623653262e-05
0,1.0826215657740681e-10
0,2.831025483050377e-10
0,4.3828133656688146e-10
0,1.0706286893615191e-09
0,1.069794879008204e-09
0,1.2508694125826943e-09
0,1.9017908908207833e-10
0,2.4367085500932556e-10
0,1.2578152775620817e-10
0,1.3795548848253874e-10
0,1.069794879008204e-09
0,7.036799869241603e-10
0,7.036799869241603e-10
0,8.421158804856295e-10
0,3.984747501108011e-10
0,1.1840996137323644e-08
0,1.1570218080063748e-09
0,1.069794879008204e-09
0,7.036799892064211e-10
0,1.069794879008204e-09
0,2.2280359741698655e-10
0,1.1570218080063748e-09
0,7.036799892064211e-10
0,1.103835382220952e-10
0,1.1570218080063748e-09
0,1.9017908908207833e-10
0,2.2035414337642204e-10
0,2.4367085500932556e-10
0,9.153780039888764e-10
0,1.1262463542470031e-09
0,1.1570218080063748e-09
0,1.2750025719180694e-10
0,7.036799892064211e-10
0,1.069794879008204e-09
0,1.1570218080063748e-09
0,7.036799892064211e-10
0,1.069794879008204e-09
0,2.2280359741698655e-10
0,7.036799892064211e-10
0,1.103835382220952e-10
0,1.069794879008204e-09
0,1.1570218080063748e-09
0,1.2508694125826943e-09
0,1.4987509959977279e-09
0,7.036799892064211e-10
0,1.1570218080063748e-09
0,1.069794879008204e-09
0,2.1393133567894512e-10
0,2.1393133567894512e-10
0,1.1570168732380696e-09
0,1.9017908908207833e-10
0,2.8157662742043365e-10
0,1.103835382220952e-10
0,1.069794879008204e-09
0,1.1564703230751178e-09
0,2.768135071649613e-10
0,7.036799892064211e-10
0,1.070628856869766e-09
0,1.1570218080063748e-09
0,1.9017908908207833e-10
0,7.065225141175286e-10
0,1.1570218080063748e-09
0,7.593031620144317e-09
0,7.036799892064211e-10
0,1.069794879008204e-09
0,1.069794879008204e-09
0,1.1570218080063748e-09
0,3.5381680067010577e-10
0,1.069794879008204e-09
0,2.4171728053223174e-10
0,8.333424535525178e-10
0,1.9017908908207833e-10
0,1.4813280693682225e-10
0,1.1262463542470031e-09
1,0.9999999671872473
0,1.2523170605743022e-09
0,6.732427860666434e-10
0,7.036799869241603e-10
0,6.1637313481655675e-09
0,1.3795548848253874e-10
0,2.1393133567894512e-10
0,2.2280359741698655e-10
0,1.2750025719180694e-10
0,1.1262463542470031e-09
0,7.036799892064211e-10
0,1.4813280693682225e-10
0,1.4813280693682225e-10
0,1.2508694125826943e-09
0,7.011638299353095e-10
0,7.036799892064211e-10
0,4.965722451258305e-10
0,7.036799892064211e-10
0,8.333424535525178e-10
0,7.036799892064211e-10
0,9.153780039888764e-10
0,1.069794879008204e-09
0,7.036799892064211e-10
0,1.9017908908207833e-10
0,2.4171728053223174e-10
0,1.9017908908207833e-10
0,7.148419071947345e-10
0,1.070628856869766e-09
0,1.4813280693682225e-10
0,1.1570218080063748e-09
0,1.1570218080063748e-09
0,1.1564703230769132e-09
0,1.1564703230751178e-09
1,0.9999998053761917
0,1.1570218080063748e-09
0,1.069794879008204e-09
0,1.070628856869766e-09
0,1.4813280693682225e-10
0,1.1570218080063748e-09
0,1.1570168732380696e-09
0,1.2750025719180694e-10
0,1.1570218080063748e-09
0,7.945399113363459e-10
0,9.171956477461186e-10
0,1.069794879008204e-09
0,1.1262463542470031e-09
0,1.069794879008204e-09
0,7.036799892064211e-10
0,1.4987509959977279e-09
0,2.71782960326909e-10
0,1.103835382220952e-10
0,7.036799892064211e-10
0,2.1052567114817554e-10
0,1.4987509959977279e-09
0,1.4813280693682225e-10
0,7.036799892064211e-10
0,7.036799869241603e-10
0,7.945399113363459e-10
0,7.036799892064211e-10
0,2.1393133567894512e-10
0,1.2824619900102431e-10
0,5.026202129517549e-10
0,1.0723229991392723e-09
0,1.4987509959977279e-09
0,3.127147417654331e-10
1,0.9999999999999982
0,1.2824619900102431e-10
0,1.0723229991392723e-09
0,7.06467818982654e-10
0,2.450964543172903e-10
0,1.0694891653804926e-09
0,7.036799892064211e-10
0,7.945399113363459e-10
0,3.3507414083548075e-10
0,1.2508694125826943e-09
0,1.2824619900102431e-10
0,1.069794879008204e-09
0,1.1570218080063748e-09
0,1.070628856869766e-09
0,1.2508694125826943e-09
0,1.1570218080063748e-09
0,7.036799892064211e-10
0,7.036799892064211e-10
0,4.236067538517135e-09
0,1.069794879008204e-09
0,1.9017908908207833e-10
0,1.1570218080063748e-09
0,1.069794879008204e-09
0,1.069794879008204e-09
0,1.1262463542470031e-09
0,7.945399113363459e-10
0,1.631112467824491e-09
0,1.9017908908207833e-10
0,7.036799892064211e-10
0,1.069794879008204e-09
0,1.1570218080063748e-09
1,1.0
0,4.441500685704215e-10
0,1.5017372725181333e-09
0,7.036799892064211e-10
0,7.036799892064211e-10
0,1.1570218080063748e-09
0,1.9017908908207833e-10
0,2.2035414337642204e-10
0,1.069794879008204e-09
0,1.069794879008204e-09
0,7.036799892064211e-10
0,7.036799892064211e-10
0,1.070628856869766e-09
0,1.069794879008204e-09
0,1.4813280693682225e-10
0,1.0694891596659909e-09
0,7.036799892064211e-10
0,3.057270491595805e-10
0,1.1570218080063748e-09
0,1.070628856869766e-09
0,1.1570218080063748e-09
0,5.984943691648507e-10
0,1.069794879008204e-09
0,2.811415807953703e-10
0,1.1570218080063748e-09
0,7.945399113363459e-10
0,1.851338892575529e-10
0,1.1262463542470031e-09
0,7.148197102792314e-10
0,1.1570218080063748e-09
0,1.9017908908207833e-10
0,9.617796734513608e-10
0,2.4171728053223174e-10
0,7.065225164090086e-10
0,1.4813280693682225e-10
0,1.2750025719180694e-10
0,1.2508694125826943e-09
0,8.137459359352126e-10
0,1.103835382220952e-10
0,7.945399113363459e-10
0,1.9017908908207833e-10
0,3.378068525728208e-09
0,7.148197125976219e-10
0,1.0723229991392723e-09
0,2.2280359741698655e-10
0,1.069794879008204e-09
0,1.851338892575529e-10
0,1.254296523862342e-09
0,7.148196855226875e-10
0,1.4813280693682225e-10
0,7.036799892064211e-10
0,1.069794879008204e-09
0,1.070628856869766e-09
0,1.871056207921575e-10
0,1.1564703230751178e-09
0,1.1564705249939252e-09
0,1.9017908908207833e-10
0,2.4171728053223174e-10
0,1.069794879008204e-09
0,1.4987509959977279e-09
0,1.1262463542470031e-09
0,1.1570218080063748e-09
0,1.1570218080063748e-09
0,1.069794879008204e-09
0,1.069794879008204e-09
0,7.036799892064211e-10
0,1.0723229991392723e-09
0,1.069794879008204e-09
0,2.2280359741698655e-10
0,7.036799892064211e-10
0,1.069794879008204e-09
0,1.1570218080063748e-09
0,1.069794879008204e-09
0,1.1570168732380696e-09
0,1.070628856869766e-09
0,1.1570218080063748e-09
0,1.0694891596659909e-09
0,7.036799892064211e-10
0,1.1570218080063748e-09
1,0.9999999107213653
0,1.1262463542470031e-09
0,3.378068525728208e-09
0,1.103835382220952e-10
0,0.9999979366652872
0,1.1570218080063748e-09
0,3.984747501108011e-10
0,1.1564703230751178e-09
0,1.1570218080063748e-09
0,1.0694891596659909e-09
0,7.148419071947345e-10
0,7.004323849624601e-10
0,1.2750025719180694e-10
0,3.522606643920683e-09
0,7.036799892064211e-10
0,2.1393133567894512e-10
0,1.070628856869766e-09
0,1.069794879008204e-09
0,7.036799892064211e-10
0,7.036799892064211e-10
0,1.9017908908207833e-10
0,1.1570218080063748e-09
0,1.9017908908207833e-10
0,1.9017908908207833e-10
0,6.392679305735963e-09
0,6.732427860666434e-10
0,7.036799892064211e-10
0,7.036799869241603e-10
0,1.1570218080063748e-09
0,2.1393133567894512e-10
0,6.732427860666434e-10
0,1.069794879008204e-09
1,0.999999894139946
0,7.036799869241603e-10
0,7.036799892064211e-10
0,7.036799869241603e-10
0,7.036799892064211e-10
0,1.1570218080063748e-09
0,1.069794879008204e-09
0,1.070628856869766e-09
1,0.9999999995633087
0,7.036799892064211e-10
0,1.6277246259717178e-10
0,1.9017908908207833e-10
0,1.1570218080063748e-09
0,2.396517075505295e-10
0,1.1570218080063748e-09
0,7.148418801189594e-10
0,1.9017908908207833e-10
0,1.069794879008204e-09
0,7.148197125976219e-10
0,7.036799892064211e-10
0,2.1393133567894512e-10
0,9.37281238622136e-11
0,1.9017908908207833e-10
0,1.2578152775620817e-10
0,1.0123930800162857e-09
0,1.1570218080063748e-09
0,9.617796734513608e-10
0,1.1570218080063748e-09
0,3.2165122570630797e-10
0,4.107037540975239e-10
0,2.978717198098647e-10
0,1.2750025719180694e-10
0,1.593476758017984e-10
0,1.069794879008204e-09
0,1.069794879008204e-09
0,7.945399113363459e-10
0,1.1570218080063748e-09
0,1.1570218080063748e-09
0,1.0723229991392723e-09
0,7.036799892064211e-10
0,7.148197125976219e-10
0,1.1564703230751178e-09
0,1.9017908908207833e-10
0,3.057270491595805e-10
0,1.4813280693682225e-10
0,1.1570218080063748e-09
0,2.4171728053223174e-10
0,1.7141164176757345e-10
0,5.026202129517549e-10
0,7.839285888309003e-10
0,2.978717198098647e-10
0,1.9017908908207833e-10
0,1.1262463542470031e-09
0,1.1570218080063748e-09
0,1.1570218080063748e-09
0,7.036799869241603e-10
0,1.4987509959977279e-09
0,1.1570218080063748e-09
0,1.069794879008204e-09
0,1.1570218080063748e-09
0,1.2508694125826943e-09
0,1.069794879008204e-09
0,2.1393133567894512e-10
0,1.1574624764374567e-09
0,2.859391164625522e-10
0,2.1393133567894512e-10
0,1.0694891596659909e-09
0,7.065225164090086e-10
0,2.1393133567894512e-10
0,2.71782960326909e-10
0,2.2280359741698655e-10
0,1.069794879008204e-09
0,9.650583206777338e-09
0,1.4813280693682225e-10
0,2.949162335310511e-09
0,1.4813280693682225e-10
0,1.9017908908207833e-10
0,1.9017908908207833e-10
0,4.24434028803936e-10
0,2.0349143804695476e-10
0,2.831025483050377e-10
0,1.2750025719180694e-10
0,8.137459359352126e-10
0,1.1570218080063748e-09
0,1.069794879008204e-09
0,1.070628856869766e-09
0,1.069794879008204e-09
0,4.761335333639266e-10
0,1.1570218080063748e-09
0,2.71782960326909e-10
0,1.0694891596659909e-09
0,3.378068525728208e-09
0,2.859391164625522e-10
0,2.1393133567894512e-10
0,7.036799869241603e-10
0,2.1393133567894512e-10
0,5.387317953528632e-10
0,1.069794879008204e-09
0,1.9017908908207833e-10
0,7.470039484306976e-10
0,1.1570218080063748e-09
0,9.617796734513608e-10
0,1.2750025719180694e-10
0,2.1393133567894512e-10
0,2.71782960326909e-10
0,1.2750025719180694e-10
0,2.1393133567894512e-10
0,7.036799892064211e-10
0,1.069794879008204e-09
0,1.069794879008204e-09
0,1.1574624764374567e-09
0,7.036799869241603e-10
0,7.036799892064211e-10
0,7.036799892064211e-10
0,1.3915132335749598e-10
0,6.1637313481655675e-09
0,7.773057925997372e-09
0,1.9017908908207833e-10
0,2.4171728053223174e-10
0,1.1713983190139433e-10
0,1.070628856869766e-09
0,1.1570218080063748e-09
0,7.036799892064211e-10
0,2.2280359741698655e-10
0,1.2750025719180694e-10
0,1.9017908908207833e-10
0,1.069794879008204e-09
0,1.070628856869766e-09
0,1.4813280693682225e-10
0,1.0723229991392723e-09
0,1.1574624764374567e-09
0,1.1262463542470031e-09
0,1.0826215657740681e-10
0,7.036799869241603e-10
0,1.069794879008204e-09
0,1.069794879008204e-09
0,1.1574624764374567e-09
0,3.167438875119474e-10
0,5.026202129517549e-10
0,1.070628856869766e-09
0,4.4143910448987557e-10
0,1.1570218080063748e-09
0,1.9017908908207833e-10
0,1.069794879008204e-09
0,7.036799892064211e-10
0,2.396517075505295e-10
0,1.9017908908207833e-10
0,7.948697072575445e-10
0,1.1570218080063748e-09
0,1.1564703230751178e-09
0,7.036799892064211e-10
0,1.2508694125826943e-09
0,1.9017908908207833e-10
0,4.0743515265138285e-10
0,7.148197125976219e-10
0,7.036799869241603e-10
0,1.1564703230769132e-09
0,1.0694891596659909e-09
0,2.71782960326909e-10
0,2.1393133567894512e-10
0,1.1262463542470031e-09
0,1.2508694125826943e-09
0,1.9017908908207833e-10
0,1.2502693903098394e-09
0,1.4010230833473293e-10
0,1.2824619900102431e-10
0,3.3507414083548075e-10
0,7.302647600519674e-10
0,1.1570218080063748e-09
0,3.215537463882623e-10
0,2.1393133567894512e-10
0,2.2280359741698655e-10
0,1.0694891653804926e-09
0,1.593476758017984e-10
0,1.1570218080063748e-09
0,7.011638299353095e-10
0,1.069794879008204e-09
0,1.4813280693682225e-10
0,7.004323849624601e-10
0,1.2523170605743022e-09
0,1.9017908908207833e-10
0,7.945399113363459e-10
0,5.984943691648507e-10
0,2.2280359741698655e-10
0,2.811415807953703e-10
0,7.945399113363459e-10
0,1.070628856869766e-09
0,2.8985044287833637e-09
0,1.1570218080063748e-09
0,7.036799892064211e-10
0,1.069794879008204e-09
0,7.148197125976219e-10
0,7.148196855226875e-10
0,1.4813280693682225e-10
0,1.4813280693682225e-10
0,3.378068525728208e-09
0,1.851338892575529e-10
0,1.4987509959977279e-09
0,1.1570218080063748e-09
0,1.4987509959977279e-09
0,1.1570218080063748e-09
0,1.069794879008204e-09
0,1.1570218080063748e-09
0,1.9017908908207833e-10
0,1.2750025719180694e-10
0,7.148197125976219e-10
0,1.069794879008204e-09
0,1.4987509959977279e-09
0,1.069794879008204e-09
0,2.1393133567894512e-10
0,1.069794879008204e-09
0,2.1393133567894512e-10
0,1.2750025719180694e-10
0,1.103835382220952e-10
0,1.069794879008204e-09
1,9.485575395188395e-10
0,1.4813280693682225e-10
0,7.036799892064211e-10
0,1.0723229991392723e-09
0,1.4813280693682225e-10
0,1.2750025719180694e-10
0,1.069794879008204e-09
0,1.103835382220952e-10
0,5.472288576171087e-09
0,7.036799892064211e-10
0,3.474819825708582e-10
0,1.9017908908207833e-10
0,2.541565441911473e-10
0,1.1574624764374567e-09
0,1.602799413218558e-10
0,3.215537463882623e-10
0,7.036799869241603e-10
0,1.2508694125826943e-09
0,1.9017908908207833e-10
0,7.036799892064211e-10
0,7.148197125976219e-10
0,1.7294663890424316e-08
0,1.069794879008204e-09
0,1.9017908908207833e-10
0,1.1570218080063748e-09
0,2.1393133567894512e-10
0,1.2686881377750023e-08
0,1.1570218080063748e-09
0,1.3915132335749598e-10
0,7.036799892064211e-10
0,7.036799892064211e-10
0,1.4987509959977279e-09
0,1.1570218080063748e-09
0,2.7023935639713593e-10
0,1.9017908908207833e-10
0,7.945399113363459e-10
0,2.2280359741698655e-10
0,1.0723229991392723e-09
0,1.9017908908207833e-10
0,1.069794879008204e-09
0,1.1570218080063748e-09
0,1.9017908908207833e-10
0,7.036799892064211e-10
0,7.036799869241603e-10
0,1.069794879008204e-09
0,1.2773147324844501e-10
0,7.036799892064211e-10
0,1.1570168732380696e-09
0,8.137459359352126e-10
0,3.474819825708582e-10
1,0.9964964981783123
0,1.1570218080063748e-09
0,3.5381680067010577e-10
0,1.0826215657740681e-10
0,1.9017908908207833e-10
0,1.069794879008204e-09
0,7.839285888309003e-10
0,7.148197125976219e-10
0,1.2412700910737261e-09
0,7.036799892064211e-10
0,3.0631742399406187e-10
0,1.069794879008204e-09
0,1.2412700910737261e-09
0,4.900586426208845e-10
0,9.153780039888764e-10
0,1.1570218080063748e-09
0,1.1570218080063748e-09
0,1.9017908908207833e-10
0,7.036799892064211e-10
0,1.069794879008204e-09
0,1.1570218080063748e-09
0,8.137459359352126e-10
0,1.1570218080063748e-09
0,7.036799892064211e-10
0,1.1564703230751178e-09
0,1.0723229991392723e-09
0,1.1570218080063748e-09
0,7.011638299353095e-10
0,1.4813280693682225e-10
0,2.1393133567894512e-10
0,1.5017956913858164e-09
0,1.069794879008204e-09
0,1.069794879008204e-09
0,1.4987509959977279e-09
0,7.004323849624601e-10
0,1.2824619900102431e-10
0,7.036799869241603e-10
0,2.859391164625522e-10
0,7.148197125976219e-10
0,7.036799892064211e-10
0,4.441500685704215e-10
0,1.069794879008204e-09
0,1.851338892575529e-10
0,3.506859002278015e-10
0,1.2824619900102431e-10
0,2.1393133567894512e-10
0,1.0723229991392723e-09
0,1.103835382220952e-10
0,1.1564703230751178e-09
0,7.948697072575445e-10
0,1.9017908908207833e-10
0,1.069794879008204e-09
0,1.069794879008204e-09
0,7.948697072575445e-10
0,7.036799892064211e-10
0,7.036799892064211e-10
0,2.859391164625522e-10
0,7.945399113363459e-10
0,3.378068525728208e-09
0,1.069794879008204e-09
0,2.71782960326909e-10
0,1.9017908908207833e-10
0,1.069794879008204e-09
0,1.1570168732380696e-09
0,2.859391164625522e-10
0,1.0723229991392723e-09
0,5.984943691648507e-10
0,1.069794879008204e-09
0,2.1393133567894512e-10
0,1.2502693903098394e-09
0,2.2280359741698655e-10
0,1.9017908908207833e-10
0,1.4813280693682225e-10
0,1.1570218080063748e-09
0,1.1570218080063748e-09
0,1.069794879008204e-09
0,1.2508694125826943e-09
0,5.026202129517549e-10
0,1.1570218080063748e-09
0,7.036799892064211e-10
0,1.069794879008204e-09
0,1.1570218080063748e-09
0,1.9017908908207833e-10
0,1.1570218080063748e-09
0,7.036799892064211e-10
0,1.9017908908207833e-10
0,1.135459322020903e-09
0,7.036799869241603e-10
0,1.593476758017984e-10
0,1.1262463542470031e-09
0,1.9017908908207833e-10
0,7.036799892064211e-10
0,1.103835382220952e-10
0,2.1393133567894512e-10
0,8.137459359352126e-10
0,7.036799892064211e-10
0,1.660334704404235e-10
0,1.069794879008204e-09
0,1.1570218080063748e-09
0,1.4987509959977279e-09
0,1.1570168732380696e-09
0,2.4367085500932556e-10
0,1.4987509959977279e-09
0,9.153780039888764e-10
0,7.036799892064211e-10
0,7.036799892064211e-10
0,7.036799892064211e-10
0,1.2591980865608363e-09
0,1.069794879008204e-09
0,9.532309384363928e-10
0,1.069794879008204e-09
0,1.069794879008204e-09
0,5.984943691648507e-10
0,7.945399113363459e-10
0,1.8644215444616645e-09
0,1.0706286893615191e-09
0,7.065225164090086e-10
1,0.9999999999994003
0,4.4143910448987557e-10
0,1.069794879008204e-09
0,7.948697072575445e-10
0,1.1564703230751178e-09
0,1.2372380060763358e-10
0,1.069794879008204e-09
0,6.732427860666434e-10
0,4.4143910448987557e-10
0,7.036799869241603e-10
0,1.069794879008204e-09
0,8.212671267735466e-10
0,1.0723229991392723e-09
0,1.1564703230751178e-09
0,7.948697072575445e-10
0,7.036799892064211e-10
0,1.2750025719180694e-10
0,1.9017908908207833e-10
0,7.948697072575445e-10
0,4.4143910448987557e-10
0,1.851338892575529e-10
0,1.070628856869766e-09
0,2.4198301916112945e-10
0,1.1570218080063748e-09
0,1.9017908908207833e-10
0,1.0123930800162857e-09
0,1.9017908908207833e-10
0,7.036799892064211e-10
0,7.036799869241603e-10
0,1.4753826478957214e-10
0,7.036799892064211e-10
0,1.0123930800162857e-09
0,1.9017908908207833e-10
0,7.148196855226875e-10
0,1.1570218080063748e-09
1,0.9999999774041893
1,0.9999999331820004
0,9.153780039888764e-10
0,1.069794879008204e-09
0,1.9017908908207833e-10
0,1.4813280693682225e-10
0,1.2750025719180694e-10
0,3.513660164769085e-10
0,1.9017908908207833e-10
0,7.177072389009823e-10
0,7.148196855226875e-10
0,1.4813280693682225e-10
0,5.984943691648507e-10
0,7.036799892064211e-10
0,1.2750025719180694e-10
0,1.851338892575529e-10
0,1.070628856869766e-09
0,3.4153007008820156e-10
0,1.0723229991392723e-09
0,7.036799892064211e-10
0,2.2280359741698655e-10
0,1.9017908908207833e-10
0,1.1564703230751178e-09
0,2.8359416253396095e-09
0,7.036799892064211e-10
0,1.069794879008204e-09
0,1.2750025719180694e-10
0,1.1570218080063748e-09
0,1.1570218080063748e-09
0,6.732427860666434e-10
0,1.0723229991392723e-09
0,1.2508694125826943e-09
0,1.0694891596659909e-09
0,7.148197125976219e-10
0,1.5017956913858164e-09
0,4.4143910448987557e-10
0,1.1570218080063748e-09
0,1.822629144442948e-10
0,1.1570218080063748e-09
0,1.070628856869766e-09
0,1.9017908908207833e-10
0,5.984943691648507e-10
0,1.9017908908207833e-10
0,7.036799892064211e-10
0,7.036799892064211e-10
0,1.3996396406047353e-10
0,1.4813280693682225e-10
0,1.2774691858177689e-09
0,2.1393133567894512e-10
0,1.9017908908207833e-10
0,1.2508694125826943e-09
0,1.070628856869766e-09
0,1.069794879008204e-09
0,1.1570218080063748e-09
0,7.948697072575445e-10
0,1.070628856869766e-09
0,7.148197125976219e-10
0,1.0694891653804926e-09
0,1.069794879008204e-09
0,1.1570218080063748e-09
0,1.070628856869766e-09
0,1.3795548848253874e-10
0,8.137459359352126e-10
0,1.9017908908207833e-10
0,7.036799892064211e-10
0,4.4142559444784186e-10
0,1.2508694125826943e-09
0,1.069794879008204e-09
0,1.069794879008204e-09
0,1.3795548848253874e-10
0,3.167438875119474e-10
0,2.396517075505295e-10
0,1.2508694125826943e-09
0,2.1393133567894512e-10
0,2.1393133567894512e-10
0,2.8985044287833637e-09
0,1.103835382220952e-10
0,1.069794879008204e-09
0,7.148197125976219e-10
0,1.1262463542470031e-09
0,5.472288576171087e-09
0,2.2280359741698655e-10
0,2.4198301916112945e-10
1,0.9999999854786892
0,1.2508694125826943e-09
0,1.1564703230751178e-09
0,2.1393133567894512e-10
0,1.069794879008204e-09
0,1.069794879008204e-09
0,1.0694891596659909e-09
0,1.2508694125826943e-09
0,1.069794879008204e-09
0,7.036799892064211e-10
0,1.069794879008204e-09
0,7.036799869241603e-10
0,1.069794879008204e-09
0,2.859391164625522e-10
0,1.2824619900102431e-10
0,2.1393133567894512e-10
0,1.1262463542470031e-09
0,1.1564703230751178e-09
0,1.2508694125826943e-09
0,1.0706286893615191e-09
0,1.4813280693682225e-10
0,1.069794879008204e-09
0,7.036799892064211e-10
0,1.2578152775620817e-10
0,2.859391164625522e-10
0,1.2824619900102431e-10
0,1.0723229991392723e-09
0,1.9017908908207833e-10
0,2.1393133567894512e-10
0,2.187565700125511e-10
0,1.069794879008204e-09
0,2.2003640799242976e-10
0,1.9017908908207833e-10
0,1.0128133019631072e-09
0,7.036799869241603e-10
0,2.4367085500932556e-10
0,7.036799892064211e-10
0,1.2774691858177689e-09
0,1.069794879008204e-09
0,1.0694891596659909e-09
0,7.036799892064211e-10
0,1.4813280693682225e-10
0,1.069794879008204e-09
0,8.333424535525178e-10
0,1.069794879008204e-09
0,1.070628856869766e-09
0,1.103835382220952e-10
0,2.8985044287833637e-09
0,1.069794879008204e-09
0,1.1564703230769132e-09
0,7.036799892064211e-10
0,7.036799892064211e-10
0,2.4171728053223174e-10
0,7.036799892064211e-10
0,1.0694891596659909e-09
0,1.069794879008204e-09
0,4.4143910448987557e-10
0,1.1564703230769132e-09
0,1.1570218080063748e-09
0,3.378068525728208e-09
0,3.378068525728208e-09
0,1.1770133322999175e-08
0,2.4198301916112945e-10
0,1.070628856869766e-09
0,1.069794879008204e-09
0,1.2750025719180694e-10
0,2.4367085500932556e-10
0,1.1570218080063748e-09
0,2.436094452781544e-10
0,1.2750025719180694e-10
0,4.107037540975239e-10
0,7.945399113363459e-10
0,1.1570218080063748e-09
0,1.4206576243241131e-08
0,1.1570218080063748e-09
0,7.593031620144317e-09
0,2.2280359741698655e-10
0,2.4367085500932556e-10
0,1.2750025719180694e-10
0,1.0723229991392723e-09
0,1.851338892575529e-10
0,1.2502693903098394e-09
0,1.069794879008204e-09
0,1.2508694125826943e-09
0,7.004323849624601e-10
0,1.1574624764374567e-09
1,1.0
0,1.069794879008204e-09
0,1.5017372725181333e-09
0,7.036799892064211e-10
0,7.036799892064211e-10
0,7.948697072575445e-10
0,7.148197125976219e-10
0,1.1574624764374567e-09
0,5.225913993362796e-10
0,7.115556307852151e-10
0,1.9017908908207833e-10
0,1.069794879008204e-09
0,1.9017908908207833e-10
0,1.1570218080063748e-09
0,9.153780039888764e-10
0,7.148197125976219e-10
0,2.2280359741698655e-10
0,5.984943691648507e-10
0,1.2824619900102431e-10
0,2.187565700125511e-10
0,7.036799892064211e-10
0,1.0761728514666875e-08
0,2.5947815536823705e-10
0,1.602799413218558e-10
0,1.2508694125826943e-09
0,2.5947815536823705e-10
0,1.2578152775620817e-10
0,1.069794879008204e-09
0,7.948697072575445e-10
0,2.1393133567894512e-10
0,1.069794879008204e-09
0,1.0128133019631072e-09
0,1.069794879008204e-09
0,1.3795548848253874e-10
0,4.749384408141512e-10
0,1.9017908908207833e-10
0,1.1574624764374567e-09
0,1.9017908908207833e-10
0,1.070628856869766e-09
0,1.1570218080063748e-09
0,1.2750025719180694e-10
0,1.069794879008204e-09
0,1.070628856869766e-09
0,1.2750025719180694e-10
0,1.3694695738843754e-09
0,7.036799892064211e-10
0,1.1570218080063748e-09
0,5.984943691648507e-10
0,1.571996366768719e-10
0,1.1570218080063748e-09
0,1.070628856869766e-09
0,1.1574624764374567e-09
0,7.036799892064211e-10
0,1.3530422140271266e-10
0,1.1570218080063748e-09
0,1.4813280693682225e-10
0,1.1258127641446074e-09
0,7.036799892064211e-10
0,1.1570168732380696e-09
0,2.1393133567894512e-10
0,1.069794879008204e-09
0,1.069794879008204e-09
0,2.1393133567894512e-10
0,1.0826215657740681e-10
0,1.9017908908207833e-10
0,1.4813280693682225e-10
0,7.036799892064211e-10
0,7.036799869241603e-10
0,1.070628856869766e-09
0,3.057270491595805e-10
0,1.1262463542470031e-09
0,9.171956477461186e-10
0,1.9017908908207833e-10
0,1.0694891596659909e-09
0,1.851338892575529e-10
0,1.2508694125826943e-09
0,7.004323849624601e-10
0,1.069794879008204e-09
0,1.5898536527095702e-08
0,1.4813280693682225e-10
0,1.9017908908207833e-10
0,2.7023935639713593e-10
0,7.148419071947345e-10
0,7.948697072575445e-10
0,1.1564703230751178e-09
0,1.4813280693682225e-10
0,1.070628856869766e-09
0,1.1570218080063748e-09
0,1.1570218080063748e-09
0,7.504648443207138e-10
0,1.4813280693682225e-10
0,1.1570218080063748e-09
0,2.8985044287833637e-09
0,1.4813280693682225e-10
0,1.4987509959977279e-09
0,7.036799869241603e-10
0,1.069794879008204e-09
0,1.069794879008204e-09
0,1.069794879008204e-09
0,5.984943691648507e-10
0,1.1564703230751178e-09
0,4.4143910448987557e-10
0,1.069794879008204e-09
0,7.036799892064211e-10
0,7.036799892064211e-10
0,7.036799892064211e-10
0,7.004323849624601e-10
0,1.1570218080063748e-09
0,1.1570218080063748e-09
0,1.9017908908207833e-10
0,1.1570218080063748e-09
0,1.4987509959977279e-09
0,2.753949001584528e-10
0,7.036799892064211e-10
0,1.204704661685838e-10
0,2.1027694884111152e-10
0,1.1570218080063748e-09
0,3.184063062290276e-10
0,1.831430918850549e-09
1,0.9999998734230533
0,1.069794879008204e-09
0,7.036799892064211e-10
0,1.694630451169289e-09
0,2.859391164625522e-10
0,1.1564703230751178e-09
0,7.036799892064211e-10
0,1.2824619900102431e-10
0,3.041705995756537e-10
0,6.732427860666434e-10
0,1.2750025719180694e-10
0,1.0723229991392723e-09
0,1.7141164176757345e-10
0,7.148419071947345e-10
0,7.036799892064211e-10
0,4.0743515265138285e-10
0,1.3126192800797672e-09
0,1.2750025719180694e-10
0,2.859391164625522e-10
0,6.732427860666434e-10
0,1.2774691858177689e-09
0,1.1570218080063748e-09
0,1.1570218080063748e-09
0,7.036799892064211e-10
0,2.4171728053223174e-10
0,1.1570218080063748e-09
0,2.1393133567894512e-10
0,1.2824619900102431e-10
0,2.1393133567894512e-10
0,7.148419071947345e-10
0,7.036799869241603e-10
0,1.069794879008204e-09
0,7.945399113363459e-10
0,2.71782960326909e-10
0,7.148196855226875e-10
0,1.602799413218558e-10
0,7.036799892064211e-10
0,1.069794879008204e-09
0,1.070628856869766e-09
0,1.069794879008204e-09
0,1.069794879008204e-09
0,7.036799869241603e-10
0,3.057270491595805e-10
0,1.069794879008204e-09
0,7.036799892064211e-10
0,1.4813280693682225e-10
0,6.330689530686973e-09
0,7.036799892064211e-10
0,1.1570168732380696e-09
0,1.1570218080063748e-09
0,2.978717198098647e-10
0,1.3996396406047353e-10
0,7.148419071947345e-10
0,1.0723229991392723e-09
0,2.768135071649613e-10
0,7.036799892064211e-10
0,1.1570218080063748e-09
0,1.0723229991392723e-09
0,1.2824619900102431e-10
0,2.3066896239518768e-10
0,6.1637313481655675e-09
0,7.036799869241603e-10
0,1.2750025719180694e-10
0,1.1663557112306405e-08
0,2.2280359741698655e-10
0,2.1393133567894512e-10
0,2.859391164625522e-10
0,7.036799892064211e-10
0,1.1570218080063748e-09
0,7.06467818982654e-10
0,1.2508694125826943e-09
0,1.069794879008204e-09
0,1.1570218080063748e-09
0,1.070628856869766e-09
0,2.2280359741698655e-10
0,7.036799869241603e-10
0,1.1570218080063748e-09
0,1.069794879008204e-09
0,1.9017908908207833e-10
0,7.148197125976219e-10
0,1.1570218080063748e-09
0,4.4143910448987557e-10
0,1.1258127641446074e-09
0,2.2280359741698655e-10
0,1.9017908908207833e-10
0,1.5017956913858164e-09
0,1.1570218080063748e-09
0,3.3507414083548075e-10
0,1.072613088622037e-09
0,1.4987509959977279e-09
0,2.2280359741698655e-10
0,1.069794879008204e-09
0,1.9017908908207833e-10
0,1.4987509959977279e-09
0,1.1570218080063748e-09
0,7.036799892064211e-10
0,7.036799892064211e-10
0,2.859391164625522e-10
0,1.1570218080063748e-09
0,1.5017956913858164e-09
0,7.036799892064211e-10
0,2.1393133567894512e-10
0,7.036799892064211e-10
0,2.978717198098647e-10
0,2.5947815536823705e-10
0,1.1262463542470031e-09
0,1.1570218080063748e-09
0,1.2750025719180694e-10
0,2.541565441911473e-10
0,1.069794879008204e-09
0,7.945399113363459e-10
0,1.069794879008204e-09
0,7.036799869241603e-10
0,1.069794879008204e-09
0,7.036799892064211e-10
0,7.036799892064211e-10
0,1.4813280693682225e-10
0,1.0706286893615191e-09
0,1.4987509959977279e-09
0,2.1393133567894512e-10
0,1.4813280693682225e-10
0,1.069794879008204e-09
0,4.1005374209540137e-10
0,1.499665479938728e-08
0,1.7141164176757345e-10
0,3.3507414083548075e-10
0,2.4367085500932556e-10
0,4.2819734999815967e-07
0,1.5017372725181333e-09
0,1.7509746264144575e-10
0,1.2578152775620817e-10
0,1.1570218080063748e-09
0,1.069794879008204e-09
0,1.069794879008204e-09
0,7.036799892064211e-10
0,1.069794879008204e-09
0,1.2824619900102431e-10
0,1.0826215657740681e-10
0,1.069794879008204e-09
0,1.1570168732380696e-09
0,1.1570218080063748e-09
0,1.1564703230769132e-09
0,4.457224760265945e-08
0,7.036799892064211e-10
0,7.036799892064211e-10
0,1.1564703230769132e-09
0,1.1564703230751178e-09
0,1.1570218080063748e-09
0,1.1570218080063748e-09
0,7.065225164090086e-10
0,1.1570218080063748e-09
0,1.2824619900102431e-10
0,1.2750025719180694e-10
0,1.4987509959977279e-09
0,1.4987509959977279e-09
0,1.0723229991392723e-09
0,6.182208246533726e-10
0,2.1393133567894512e-10
0,1.4987509959977279e-09
0,2.4171728053223174e-10
0,1.1570218080063748e-09
0,1.1570218080063748e-09
0,2.859391164625522e-10
0,2.1393133567894512e-10
0,1.1570218080063748e-09
0,1.069794879008204e-09
0,7.036799892064211e-10
0,1.0723229991392723e-09
0,1.069794879008204e-09
0,1.9017908908207833e-10
0,1.2508694125826943e-09
0,1.1570218080063748e-09
0,1.2774691858177689e-09
0,1.069794879008204e-09
0,1.103835382220952e-10
0,7.036799892064211e-10
0,1.593476758017984e-10
0,7.148419071947345e-10
0,7.036799892064211e-10
0,7.148197125976219e-10
0,1.2750025719180694e-10
0,2.2280359741698655e-10
0,5.218075019881916e-10
0,1.5017956913858164e-09
0,1.069794879008204e-09
0,1.501893262797294e-09
0,1.593476758017984e-10
0,1.2508694125826943e-09
0,1.069794879008204e-09
0,1.4813280693682225e-10
0,9.153780039888764e-10
0,7.036799892064211e-10
1,0.9999096578998279
0,1.1570218080063748e-09
0,5.026202129517549e-10
0,9.153780039888764e-10
0,7.036799892064211e-10
0,1.069794879008204e-09
0,7.148418801189594e-10
0,2.1393133567894512e-10
0,1.0723229991392723e-09
0,1.1570168732380696e-09
0,1.4813280693682225e-10
0,4.4143910448987557e-10
0,1.069794879008204e-09
0,1.9017908908207833e-10
0,1.069794879008204e-09
0,4.809865976230339e-09
0,2.1393133567894512e-10
0,1.069794879008204e-09
0,2.8985044287833637e-09
0,1.1570218080063748e-09
0,1.1262463542470031e-09
0,7.065225164090086e-10
0,7.06467818982654e-10
0,1.1713983190139433e-10
0,7.036799892064211e-10
0,1.602799413218558e-10
0,1.9017908908207833e-10
0,1.3795548848253874e-10
0,1.9017908908207833e-10
0,3.280045044313811e-10
0,2.4171728053223174e-10
0,1.1262463542470031e-09
0,7.148197125976219e-10
0,7.948697072575445e-10
0,2.1393133567894512e-10
0,6.786994350458682e-09
0,1.069794879008204e-09
0,1.2750025719180694e-10
0,3.378068525728208e-09
1,0.999999894139946
0,1.069794879008204e-09
0,1.9017908908207833e-10
0,4.965722451258305e-10
0,2.958622243597639e-09
0,5.026202129517549e-10
0,7.036799869241603e-10
0,1.1564703230751178e-09
0,1.070628856869766e-09
0,3.167438875119474e-10
0,6.416002731169173e-10
0,2.71782960326909e-10
0,5.174066478395757e-09
0,1.4010230833473293e-10
0,1.070628856869766e-09
0,3.984747501108011e-10
0,1.1570218080063748e-09
0,2.4367085500932556e-10
0,7.036799892064211e-10
0,1.4374372518348227e-10
0,1.1570168732380696e-09
0,7.036799892064211e-10
0,3.378068525728208e-09
0,1.2750025719180694e-10
0,1.1570218080063748e-09
0,1.2774691858177689e-09
0,2.1393133567894512e-10
0,1.1570218080063748e-09
0,1.2750025719180694e-10
0,1.9017908908207833e-10
0,1.9017908908207833e-10
0,1.2824619900102431e-10
0,1.1262463542470031e-09
0,3.045357339698089e-10
0,2.1393133567894512e-10
0,1.1570218080063748e-09
0,7.036799892064211e-10
0,1.069794879008204e-09
0,3.984747501108011e-10
0,2.1393133567894512e-10
0,1.1570218080063748e-09
0,1.069794879008204e-09
0,1.0889554564443592e-10
0,1.1570218080063748e-09
0,1.1564703230751178e-09
0,1.069794879008204e-09
0,1.1570218080063748e-09
0,1.6277246259717178e-10
0,1.069794879008204e-09
0,7.036799892064211e-10
0,1.072613088622037e-09
0,1.9017908908207833e-10
0,1.4813280693682225e-10
0,7.036799892064211e-10
0,1.1570218080063748e-09
0,1.4987509959977279e-09
0,1.9017908908207833e-10
0,1.1570218080063748e-09
0,1.2578152775620817e-10
0,7.945399113363459e-10
0,7.036799892064211e-10
0,1.2824619900102431e-10
0,1.1574624764374567e-09
0,1.9017908908207833e-10
0,1.1570218080063748e-09
0,1.070628856869766e-09
0,1.1570218080063748e-09
0,1.103835382220952e-10
0,1.070628856869766e-09
0,1.069794879008204e-09
0,1.1570218080063748e-09
0,1.4813280693682225e-10
0,7.036799892064211e-10
0,1.1564703230751178e-09
0,1.135459322020903e-09
0,1.1570218080063748e-09
0,1.1570218080063748e-09
0,1.0723229991392723e-09
0,1.859500353398925e-10
0,7.036799892064211e-10
0,1.501893262797294e-09
0,3.506859002278015e-10
0,7.036799892064211e-10
0,7.036799892064211e-10
0,2.71782960326909e-10
0,7.036799892064211e-10
0,7.177072389009823e-10
0,1.069794879008204e-09
0,1.069794879008204e-09
0,1.9017908908207833e-10
0,1.069794879008204e-09
0,3.057270491595805e-10
0,1.8966230732425918e-10
0,1.1570218080063748e-09
0,5.984943691648507e-10
0,5.026202129517549e-10
0,1.2508694125826943e-09
0,1.593476758017984e-10
0,7.036799892064211e-10
0,7.948697072575445e-10
0,1.2578152775620817e-10
0,1.4987509959977279e-09
0,2.1393133567894512e-10
1,0.9999999994617899
0,7.036799892064211e-10
0,7.036799892064211e-10
0,1.0123930800162857e-09
0,1.9017908908207833e-10
0,7.036799892064211e-10
0,1.070628856869766e-09
0,1.069794879008204e-09
0,7.036799892064211e-10
0,5.7692196573663634e-09
0,2.859391164625522e-10
0,1.1570218080063748e-09
0,3.3499089777188637e-10
0,7.036799869241603e-10
0,1.2508694125826943e-09
1,0.9999999268661599
0,2.4171728053223174e-10
0,1.2508694125826943e-09
0,7.945399113363459e-10
0,1.1570218080063748e-09
0,1.9017908908207833e-10
0,7.945399113363459e-10
0,7.036799892064211e-10
0,1.1570218080063748e-09
0,1.069794879008204e-09
0,1.1574624764374567e-09
0,2.978717198098647e-10
0,1.069794879008204e-09
0,8.318040948079704e-10
0,1.1570218080063748e-09
0,1.2750025719180694e-10
0,1.1570218080063748e-09
0,1.1564703230751178e-09
0,1.069794879008204e-09
0,1.739089822253457e-10
0,1.4987509959977279e-09
0,7.036799892064211e-10
0,7.036799892064211e-10
0,1.069794879008204e-09
0,1.069794879008204e-09
0,1.0723229991392723e-09
0,1.1570218080063748e-09
0,1.9017908908207833e-10
0,1.069794879008204e-09
0,1.2523170605743022e-09
0,2.1393133567894512e-10
0,1.1570218080063748e-09
0,1.0723229991392723e-09
0,3.3499089777188637e-10
0,2.1027694884111152e-10
0,1.3915132335749598e-10
0,2.859391164625522e-10
0,1.9017908908207833e-10
0,2.2280359741698655e-10
0,7.036799892064211e-10
0,1.4839988504815675e-10
0,1.072613088622037e-09
0,2.1393133567894512e-10
0,1.2824619900102431e-10
0,1.1570218080063748e-09
0,1.4987509959977279e-09
0,1.1570218080063748e-09
0,1.9017908908207833e-10
0,1.4813280693682225e-10
0,2.1393133567894512e-10
0,1.1564703230751178e-09
0,2.0610196182848676e-10
0,7.036799892064211e-10
0,7.036799869241603e-10
0,3.984747501108011e-10
0,7.036799892064211e-10
0,1.3915132335749598e-10
0,1.4987509959977279e-09
0,1.1570218080063748e-09
0,7.036799892064211e-10
0,7.011638299353095e-10
0,1.1570218080063748e-09
0,4.0124843913000484e-10
0,1.9017908908207833e-10
1,0.9999999785861697
0,2.71782960326909e-10
0,7.148419071947345e-10
0,1.4813280693682225e-10
0,7.036799892064211e-10
0,7.036799869241603e-10
0,7.036799892064211e-10
0,1.2824619900102431e-10
0,7.036799892064211e-10
0,1.069794879008204e-09
0,1.1570218080063748e-09
0,1.4987509959977279e-09
0,1.9017908908207833e-10
0,1.070628856869766e-09
0,1.9017908908207833e-10
0,1.9017908908207833e-10
0,1.070628856869766e-09
0,1.069794879008204e-09
0,1.0723229991392723e-09
0,1.0123930800162857e-09
0,1.1564703239676388e-09
0,1.1570218080063748e-09
0,1.069794879008204e-09
0,1.2750025719180694e-10
0,1.4987509959977279e-09
0,1.1564703230769132e-09
0,1.070628856869766e-09
0,7.036799892064211e-10
0,2.71782960326909e-10
0,1.2824619900102431e-10
1,0.9999999107213653
0,1.1570218080063748e-09
0,2.1393133567894512e-10
0,7.036799892064211e-10
0,9.153780039888764e-10
0,1.1570218080063748e-09
0,1.2523170605743022e-09
0,1.0128133019631072e-09
0,7.036799892064211e-10
0,3.513660164769085e-10
0,7.036799892064211e-10
0,1.2508694125826943e-09
0,1.069794879008204e-09
0,2.2280359741698655e-10
0,1.069794879008204e-09
0,7.504648443207138e-10
0,7.952632228624227e-10
0,1.1570218080063748e-09
0,1.069794879008204e-09
0,7.036799892064211e-10
0,7.036799892064211e-10
0,1.9017908908207833e-10
0,1.593476758017984e-10
0,1.0723229991392723e-09
0,1.069794879008204e-09
0,1.1570218080063748e-09
0,7.945399113363459e-10
0,7.036799892064211e-10
0,1.069794879008204e-09
0,1.069794879008204e-09
0,1.072613088622037e-09
0,2.768135071649613e-10
0,1.1564703230769132e-09
1,0.9999999999997922
0,1.2750025719180694e-10
0,1.069794879008204e-09
0,2.8985044287833637e-09
0,1.9017908908207833e-10
0,1.1564703230751178e-09
0,7.945399113363459e-10
0,1.4010230833473293e-10
0,1.069794879008204e-09
0,1.069794879008204e-09
0,1.1564703230769132e-09
0,1.9017908908207833e-10
0,7.036799892064211e-10
0,1.069794879008204e-09
0,1.1564703230751178e-09
0,1.9017908908207833e-10
0,1.851338892575529e-10
0,4.4143910448987557e-10
0,1.0706286893615191e-09
0,1.2774691858177689e-09
0,1.1574624764374567e-09
0,7.036799892064211e-10
1,0.999999855308861
0,1.4987509959977279e-09
0,1.069794879008204e-09
0,2.8985044287833637e-09
0,2.2280359741698655e-10
0,2.2280359741698655e-10
0,1.9017908908207833e-10
0,1.1570218080063748e-09
1,0.9999998841656549
0,1.9017908908207833e-10
0,1.9017908908207833e-10
0,1.0706286893615191e-09
0,7.036799892064211e-10
0,7.948697072575445e-10
0,2.2280359741698655e-10
0,2.8985044287833637e-09
0,1.2774691858177689e-09
0,1.103835382220952e-10
0,7.148419071947345e-10
0,7.036799892064211e-10
0,2.1393133567894512e-10
0,1.1570218080063748e-09
0,1.1262463542470031e-09
0,1.1570218080063748e-09
0,1.1570218080063748e-09
0,5.984943691648507e-10
0,1.069794879008204e-09
0,7.148197125976219e-10
0,1.070628856869766e-09
1,0.9999998816906652
0,2.541565441911473e-10
0,1.1570218080063748e-09
0,4.4143910448987557e-10
0,1.6277246259717178e-10
0,1.2750025719180694e-10
0,1.1570218080063748e-09
0,1.0723229991392723e-09
0,1.069794879008204e-09
0,1.851338892575529e-10
0,7.036799869241603e-10
0,1.1570218080063748e-09
0,1.4813280693682225e-10
0,7.036799892064211e-10
0,1.1570218080063748e-09
0,1.2750025719180694e-10
0,1.1570168732380696e-09
0,1.2750025719180694e-10
0,7.948697072575445e-10
0,1.9017908908207833e-10
0,1.4987509959977279e-09
0,1.1564703230751178e-09
0,1.069794879008204e-09
0,1.851338892575529e-10
0,2.978717198098647e-10
0,2.8985044287833637e-09
0,2.978717198098647e-10
0,1.069794879008204e-09
0,1.2750025719180694e-10
0,1.0723229991392723e-09
0,7.036799892064211e-10
0,2.1393133567894512e-10
0,7.036799892064211e-10
0,1.1570218080063748e-09
0,1.9017908908207833e-10
0,1.1570218080063748e-09
0,1.4987509959977279e-09
0,1.0723229991392723e-09
0,1.4813280693682225e-10
0,1.0723229991392723e-09
0,2.1393133567894512e-10
0,1.069794879008204e-09
1,0.9999998723200533
0,1.2508694125826943e-09
0,2.8157662742043365e-10
0,7.148197125976219e-10
0,1.0723229991392723e-09
0,7.148196855226875e-10
0,1.1570218080063748e-09
0,8.333448456552962e-10
0,1.4987509959977279e-09
0,2.768135071649613e-10
0,1.1564703230769132e-09
1,0.999999994231864
0,1.4987509959977279e-09
0,1.4987509959977279e-09
0,1.1570218080063748e-09
0,1.2750025719180694e-10
0,3.3499089777188637e-10
0,1.9017908908207833e-10
0,1.069794879008204e-09
0,1.070628856869766e-09
0,1.9017908908207833e-10
0,1.4813280693682225e-10
0,7.036799892064211e-10
0,1.9017908908207833e-10
0,1.4987509959977279e-09
0,1.1570218080063748e-09
0,1.2750025719180694e-10
0,2.4198301916112945e-10
0,1.1570218080063748e-09
0,1.0723229991392723e-09
0,1.1262463542470031e-09
0,9.171956477461186e-10
0,1.069794879008204e-09
0,1.571996366768719e-10
0,2.6365226684114695e-10
0,3.127147417654331e-10
0,1.1570218080063748e-09
0,1.1570218080063748e-09
0,1.2824619900102431e-10
0,3.0631742399406187e-10
0,7.036799892064211e-10
0,1.1570218080063748e-09
0,7.945399113363459e-10
0,7.036799892064211e-10
0,1.069794879008204e-09
0,1.1570218080063748e-09
0,1.593476758017984e-10
0,1.0526320770077272e-08
0,7.036799892064211e-10
1,0.9999994487863632
0,1.2750025719180694e-10
0,1.069794879008204e-09
0,1.1570218080063748e-09
0,1.2508694125826943e-09
0,1.069794879008204e-09
0,1.103835382220952e-10
0,7.004323849624601e-10
0,1.4987509959977279e-09
0,1.9017908908207833e-10
0,7.036799892064211e-10
0,1.103835382220952e-10
0,2.1393133567894512e-10
0,1.1570168732380696e-09
0,7.036799892064211e-10
0,1.9017908908207833e-10
0,1.9017908908207833e-10
0,7.036799892064211e-10
0,3.378068525728208e-09
0,1.2824619900102431e-10
0,7.036799892064211e-10
0,1.135459322020903e-09
0,1.9017908908207833e-10
0,1.1570218080063748e-09
0,3.506859002278015e-10
0,1.1570218080063748e-09
0,1.069794879008204e-09
0,1.069794879008204e-09
0,1.4813280693682225e-10
0,1.1570218080063748e-09
0,6.732427860666434e-10
0,1.1570218080063748e-09
0,2.978717198098647e-10
0,1.731750833451947e-08
0,1.593476758017984e-10
0,2.572422340700185e-10
1,0.999999994231864
0,1.3090355461738538e-08
0,1.4813280693682225e-10
0,2.1393133567894512e-10
0,1.070628856869766e-09
0,1.1564703230751178e-09
0,2.2280359741698655e-10
0,1.069794879008204e-09
0,1.4813280693682225e-10
0,7.036799869241603e-10
0,7.036799892064211e-10
0,7.036799892064211e-10
0,2.768135071649613e-10
0,1.1570218080063748e-09
0,1.4813280693682225e-10
0,1.1570218080063748e-09
0,2.1393133567894512e-10
0,7.945399113363459e-10
0,3.328152027408856e-10
0,2.859391164625522e-10
0,1.1570218080063748e-09
0,2.734095072336077e-09
0,2.2280359741698655e-10
1,0.9999999299748874
0,1.2824619900102431e-10
0,3.3499089777188637e-10
0,1.1570218080063748e-09
0,3.3499089777188637e-10
0,4.4143910448987557e-10
0,3.984747501108011e-10
0,1.2750025719180694e-10
0,1.1570218080063748e-09
0,1.9017908908207833e-10
0,1.0723229991392723e-09
0,1.1570218080063748e-09
0,7.148197125976219e-10
0,7.036799892064211e-10
0,7.036799892064211e-10
0,1.5389249004013232e-08
0,1.1570218080063748e-09
0,1.069794879008204e-09
0,1.069794879008204e-09
0,5.984943691648507e-10
0,1.1564703230769132e-09
0,1.1564703230751178e-09
0,1.069794879008204e-09
0,2.2280359741698655e-10
0,1.2750025719180694e-10
0,1.1564703230751178e-09
0,2.1393133567894512e-10
0,3.1703875460314934e-09
1,0.9999999999994003
0,1.1262463542470031e-09
0,2.2280359741698655e-10
0,7.148419071947345e-10
0,7.302650764939369e-10
0,1.070628856869766e-09
0,0.04128377163837554
0,7.036799892064211e-10
0,1.069794879008204e-09
0,1.2750025719180694e-10
0,2.8985044287833637e-09
0,1.070628856869766e-09
0,1.9017908908207833e-10
0,7.036799892064211e-10
0,1.4987509959977279e-09
0,1.069794879008204e-09
0,1.0694891596659909e-09
0,1.4813280693682225e-10
0,1.2508694125826943e-09
0,1.1570218080063748e-09
