is_fraud,prediction_prob
0,0.025473233716446757
0,0.0
0,0.33677148550636543
0,0.0
0,0.013282661780829716
0,0.0
0,0.0
0,0.0017628678444850145
0,0.0
0,0.0
0,0.0
0,0.0
0,0.0
0,0.0
0,0.0
0,0.0
0,0.0
0,0.02524393234833049
0,0.0
0,0.0
0,0.0
0,0.0007278479258585867
0,0.0
0,0.020199870276356134
0,0.0
0,0.0
0,0.005808152504868431
0,0.002564296594282143
0,0.003806905236072291
0,0.006425580909779196
0,0.0
0,0.004623007868659629
0,0.0
0,0.0
0,0.0
0,0.005847693465832454
0,0.47553080017380694
0,0.0
0,0.0
0,0.0
0,0.0
0,0.0
0,0.0
0,0.05000322747124921
0,0.0
0,0.05626603308733852
0,0.0
0,0.00744553732877296
0,0.014602916884856668
0,0.0
0,0.005459617777863166
0,0.07788571424984135
0,0.011082321949467332
0,0.0
0,0.005377581942322722
0,0.0
0,0.41153225059282644
0,0.0
0,0.0036267799554751266
0,0.0
0,0.005977965266097277
0,0.002186746023805437
0,0.002576992413013668
0,0.0
0,0.03978716174442697
0,0.0
0,0.0
0,0.0
0,0.0
0,0.0039195890015499245
0,0.014519968267658926
0,0.013860321087402136
0,0.0
0,0.0
0,0.0
0,0.0036267799554751266
0,0.3604142916111872
0,0.021082296914446255
0,0.00829810158722192
0,0.0003311556813138004
0,0.0
0,0.0
0,0.0
0,0.0
0,0.0088332618237257
0,0.0
0,0.0
0,0.0
0,0.0028943347437705718
0,0.13017210125413622
0,0.0005922073295029116
0,0.0
0,0.0
0,0.02009689887541563
0,0.0
0,0.0
0,0.0
0,0.016357636191229846
0,0.0
0,0.0033432415917712508
0,0.012481484852736537
0,0.0
0,0.0024507836724664347
0,0.007328806146043231
0,0.0
0,0.011000399251129951
0,0.007314790812873007
0,0.0
0,0.01623762041025441
0,0.4482907972985563
0,0.0
0,0.0
0,0.0
0,0.002102544398907106
0,0.0
0,0.07621511690348026
0,0.0
0,0.004202328715490622
0,0.0
0,0.0
0,0.0
0,0.0005922073295029116
0,0.00296224891989806
0,0.0017628678444850145
0,0.0
0,0.0031483630412347248
0,0.0013921867933061988
0,0.0
0,0.0007656142644453069
0,0.0028943347437705718
0,0.00953624976835695
0,0.019445233001368165
0,0.0
0,0.019840211316772122
0,0.002530294443571376
0,0.012802017666244343
0,0.0
0,0.0032864275703273597
0,0.02496011904886428
0,0.27694340048435084
0,0.0
0,0.0
0,0.0
0,0.0
0,0.026885463393426266
0,0.018565231630986088
0,0.0
0,0.007585252948928276
0,0.0005922073295029116
0,0.013457348210819078
0,0.005164559678080437
0,0.004155544305351
0,0.0
0,0.2469526324338699
0,0.05087146070197127
0,0.005208333333333333
0,0.0
0,0.0
1,0.7192327620060995
0,0.02430581271318728
0,0.00463739581861845
0,0.0
0,0.0
0,0.002576992413013668
0,0.009395100220545058
0,0.0
0,0.0
0,0.32956415255806465
0,0.0
0,0.44888565166373423
0,0.0
0,0.0
0,0.11648045641162663
0,0.0013928518392804115
0,0.4663090093085844
0,0.0
0,0.005575810664635702
0,0.0
0,0.010662864254279009
0,0.16307193459923064
0,0.003122056844908103
0,0.2164050356612464
0,0.0
0,0.0
0,0.0
0,0.2659245067413306
0,0.40028668574887577
0,0.0
0,0.0010343161962365613
0,0.0045082693715497515
0,0.002155549719887958
0,0.0
0,0.006121231143631954
0,0.0023670145648568767
0,0.0
0,0.0
0,0.0
0,0.0
0,0.008371195023339648
0,0.0
0,0.0
0,0.0
0,0.006673007745487835
0,0.0007656142644453069
0,0.14204085394139593
0,0.004781796563324169
0,0.0
0,0.0
0,0.0
0,0.0
0,0.002318370409604521
0,0.15738006785272757
0,0.16926885959227697
0,0.016797458476288347
1,0.5773021652832028
0,0.0
0,0.0
0,0.0
0,0.0035983353105216213
0,0.16552196823338428
0,0.14003369130074148
0,0.046464150434596736
0,0.0
0,0.0
0,0.002225686912509041
1,0.955652096152932
0,0.0099901298966575
0,0.0
0,0.09965302310820012
0,0.0
0,0.0
0,0.0
0,0.0
0,0.014984990616652734
0,0.3854986398756967
0,0.24958073858210097
0,0.009705815001520846
0,0.007500156166226607
0,0.11441825852568312
0,0.0
0,0.01188959926950677
0,0.0
0,0.0
0,0.0
0,0.0
0,0.0
0,0.1164858359147782
0,0.0
0,0.0
0,0.0
0,0.0
0,0.0
0,0.0
1,0.3174255149475345
0,0.0
0,0.0
0,0.0
0,0.012379429404302004
0,0.10017665653634177
0,0.0
0,0.0
0,0.0
0,0.04047533404757749
0,0.0
0,0.002530294443571376
0,0.0
0,0.2667376567241387
0,0.0030494482958383514
0,0.004898420402546584
0,0.0
0,0.0
0,0.0
0,0.0
0,0.0
0,0.01001012065883698
0,0.004898420402546584
0,0.0008558767624639974
0,0.0
0,0.0
0,0.0
0,0.0
0,0.0
0,0.0
0,0.0
0,0.0
0,0.2646994368177467
0,0.0
0,0.0
0,0.004630578430007962
0,0.0
0,0.0
0,0.3733709182200748
0,0.0008194943708030642
0,0.0
0,0.0
0,0.0008194943708030642
0,0.005756767007583349
0,0.2985449894765251
0,0.11293166521484442
0,0.0
0,0.005965196559975637
0,0.007598351716948553
0,0.0
0,0.009176207829615566
0,0.0
0,0.06779122174555477
0,0.0
0,0.0008194943708030642
0,0.015198718359504164
0,0.0
0,0.0007656142644453069
0,0.005027791249744742
0,0.4583350565905413
0,0.0
0,0.0
0,0.0
0,0.0
0,0.0
0,0.006248964689593322
0,0.0
0,0.0005922073295029116
0,0.0
0,0.0
0,0.011687939711438904
0,0.0
0,0.17448213337802573
0,0.0
0,0.04103479805000675
0,0.2662046644231027
0,0.0
0,0.03164020177509054
0,0.0033432415917712508
0,0.0
0,0.1268097267454467
0,0.0
0,0.0034954151104989468
0,0.004906310715887012
0,0.01481675468600622
0,0.305785632125719
0,0.004202214630841541
0,0.008510616466047017
0,0.0
0,0.0
0,0.0008194943708030642
0,0.0
0,0.010615228499576246
0,0.0005415127096976362
0,0.0
0,0.0
0,0.0
0,0.011772965463328561
0,0.0
0,0.0
1,0.890035967305746
0,0.004599509629869756
0,0.004202328715490622
0,0.0
0,0.0
0,0.0
0,0.0
0,0.0
0,0.0005922073295029116
0,0.0
0,0.003971549221101755
0,0.26602511887630387
0,0.0409694428066903
0,0.0
0,0.0
0,0.007123557677861774
0,0.003347607395323547
0,0.0
0,0.005268149237111961
0,0.006605988538464329
0,0.0
0,0.0
0,0.02143992173350716
0,0.0036267799554751266
1,0.5207444686468868
0,0.0
0,0.0
0,0.004574710841694539
0,0.0
0,0.0
0,0.00573441706558677
0,0.002734475993037229
0,0.0
0,0.0
0,0.005299630991802736
0,0.0
0,0.0
0,0.004544165343724341
1,0.9774477507728646
0,0.05798095963392847
0,0.004906310715887012
0,0.0
0,0.0
0,0.00705471021435826
0,0.0
0,0.0005922073295029116
0,0.3128027152989347
0,0.0
0,0.0
0,0.0
0,0.0
0,0.0007656142644453069
0,0.0027987025265477587
0,0.0
1,0.636236689217573
0,0.0
0,0.02384886482747396
0,0.3679602702720209
0,0.3418017004716776
0,0.0
0,0.0
0,0.0
0,0.011541280508732593
0,0.002411948183161449
0,0.053270056764377155
0,0.0
0,0.0
0,0.015983418405417768
0,0.011156599668478921
0,0.0
0,0.0
0,0.005131699739220155
0,0.3897909302559061
0,0.2091512558785098
0,0.29782068205782125
0,0.15234673457623274
0,0.0
0,0.0
0,0.2071238826491669
0,0.09172761228486188
0,0.0
0,0.0
0,0.008173877936592376
0,0.009340837863619273
0,0.0
0,0.0
0,0.0
0,0.0
0,0.0
0,0.0
0,0.0
0,0.0
0,0.0
0,0.05233503682335142
0,0.05699443642723492
0,0.0036470017835790107
0,0.2334663931260662
0,0.0
0,0.007046509084990643
0,0.0
0,0.0008194943708030642
0,0.0
0,0.0
0,0.0
0,0.282326230287981
0,0.0
0,0.008895388206649665
0,0.007946626227171398
0,0.0
0,0.0
0,0.0
0,0.0
0,0.019715967077796385
0,0.00581974521139316
0,0.0
0,0.0
0,0.0
0,0.013627294708743841
0,0.0
0,0.0005922073295029116
0,0.0028943347437705718
0,0.0
0,0.0
0,0.0
0,0.0
0,0.0
0,0.085400681512118
0,0.0
0,0.0
0,0.0
0,0.00327054794520548
0,0.009152378355324143
0,0.0
0,0.0
0,0.3182378493107581
0,0.0
0,0.007123557677861774
0,0.0
0,0.0
0,0.006415518047028103
0,0.0
0,0.0
0,0.0
0,0.0039326051214182605
0,0.001269360635556223
0,0.0
0,0.11037394847081612
0,0.0
0,0.0
0,0.01052027063295638
0,0.0
0,0.0
0,0.0
0,0.0
0,0.0
0,0.25002468745643136
0,0.0
0,0.0
0,0.0039169039785635264
0,0.0
0,0.0024572409663354395
0,0.0
0,0.0
0,0.0
0,0.0
0,0.0
0,0.004599509629869756
0,0.010792611570167468
0,0.01938590210870586
0,0.0
0,0.002142268663534317
0,0.010677359993621974
0,0.26837212375048364
0,0.0
0,0.01257916861531499
0,0.03584375019119254
0,0.0
0,0.009647702922727082
0,0.0
0,0.006415518047028103
0,0.0
0,0.0
0,0.0
0,0.002155549719887958
0,0.010416666666666666
0,0.0
0,0.0
0,0.002576992413013668
0,0.0033432415917712508
0,0.011150513776239206
0,0.0
0,0.0
0,0.0
0,0.012752380100026573
0,0.002240265647743815
0,0.0005922073295029116
0,0.0
0,0.005506323457409077
0,0.0
0,0.013146900638209252
0,0.0
0,0.019217216705444864
0,0.0005922073295029116
0,0.16078733437988943
0,0.0033432415917712508
0,0.0
0,0.0
0,0.06704024484208136
0,0.0
0,0.0
0,0.0
0,0.010028653245034262
0,0.009179882554435088
0,0.0
0,0.0
0,0.0
0,0.026157251489469107
0,0.015440839778061289
0,0.19955325335097965
0,0.0005922073295029116
0,0.004155544305351
0,0.5637168742803065
0,0.08451752412973827
0,0.0066716134727622224
0,0.0181632059573931
0,0.0
0,0.004630578430007962
0,0.0
0,0.01963548383382396
0,0.007790469786902741
0,0.0
0,0.019004993128281276
0,0.010615228499576246
0,0.0
0,0.02326336050012463
0,0.0005415127096976362
0,0.17953844563757823
0,0.00327054794520548
0,0.003347607395323547
0,0.0
0,0.0
0,0.0007656142644453069
0,0.0
0,0.0008194943708030642
0,0.33115886359744656
0,0.3463540909594478
0,0.001269360635556223
0,0.22991541522548212
0,0.006455996918862649
0,0.010310796542004447
0,0.0
0,0.0007656142644453069
0,0.004202214630841541
0,0.0
0,0.002318370409604521
0,0.0
0,0.0
1,0.8129416182830963
0,0.0
0,0.004231519077081723
0,0.0008194943708030642
0,0.15347534414672745
0,0.0
0,0.0
0,0.0021884033495722954
0,0.009322023824366383
0,0.0
0,0.0
0,0.007679367213767459
0,0.0
0,0.1837187258825034
0,0.0
0,0.13580500611070756
0,0.011873750579096343
0,0.0
0,0.0
0,0.011314367958503303
0,0.0
0,0.0
0,0.0
0,0.0
0,0.0008194943708030642
0,0.004400607507193165
0,0.003085267245777491
0,0.0
0,0.14925816356064495
0,0.0
0,0.5614336793604776
0,0.0
0,0.0
0,0.0
0,0.0
0,0.0
0,0.0
0,0.0
0,0.02779219216341809
0,0.0
0,0.014313264211078291
0,0.004029968696292659
0,0.013702006275133892
0,0.4008777623444695
0,0.0
0,0.0
0,0.004281708281365899
0,0.006673007745487835
0,0.0
0,0.0
0,0.01282447605337436
0,0.0
0,0.0
0,0.0
0,0.008788696582915702
0,0.0
0,0.30325372752896856
0,0.0
0,0.009350509921616514
0,0.0
0,0.0
0,0.009877639926544822
0,0.012709552878479092
0,0.007862009748050588
0,0.014991981428618796
0,0.0
0,0.05234126394419824
0,0.012988709032104648
0,0.0024507836724664347
0,0.008133289881287009
0,0.0
0,0.0018239266860590388
0,0.2629817808485822
0,0.011184094193894331
0,0.011830481494428823
0,0.002108322945885013
0,0.006620133815214803
0,0.005333687981979247
0,0.0
0,0.001269360635556223
0,0.0
0,0.0007656142644453069
0,0.017552677383593635
0,0.0
0,0.0070674940445252825
0,0.0
0,0.0
0,0.0032632250173083113
0,0.0
0,0.0034652610507232458
0,0.0
0,0.0005922073295029116
0,0.0
0,0.0
0,0.0
0,0.004202328715490622
0,0.005657205597740088
0,0.3682852930400911
0,0.0
0,0.0034818057614309263
0,0.005847693465832454
0,0.005208333333333333
0,0.21164688273891405
0,0.0025110051705184385
0,0.0
0,0.004967585854473496
0,0.0
0,0.0
0,0.0
0,0.07873061611886752
0,0.0813456249717399
0,0.013734893603665019
0,0.0
0,0.046114755371360394
0,0.004169816250199788
0,0.004202328715490622
0,0.17564576900469528
0,0.0
0,0.023946909881747913
0,0.0
0,0.0033432415917712508
0,0.0
0,0.0
0,0.0
0,0.0
0,0.09546675336857101
0,0.34050814532486956
0,0.0
0,0.0
0,0.0
0,0.0
0,0.011677632484536257
0,0.004384793447293449
0,0.009213460448714456
0,0.2148650274544084
0,0.003122056844908103
0,0.0
0,0.0
0,0.0
0,0.0030222910145461207
0,0.0
0,0.008207532326247886
0,0.0005922073295029116
0,0.0
0,0.006149202744019506
0,0.0
0,0.0008194943708030642
0,0.008535715005380346
0,0.0
1,0.7822079024665656
0,0.0
0,0.0
0,0.003846745371455356
0,0.00869603807993437
0,0.0
0,0.0
0,0.0
0,0.0
0,0.00327054794520548
0,0.05933926197123681
0,0.0
0,0.0
0,0.0
0,0.055898642070136895
0,0.0
0,0.0
0,0.0
0,0.00364969843519831
0,0.0
0,0.0
0,0.0
0,0.0
0,0.020271866368868425
0,0.0
0,0.0007656142644453069
0,0.0
0,0.00329916934619507
0,0.005798699219185768
0,0.03458480377372431
0,0.004940809175768938
0,0.01763333228659491
0,0.0
0,0.003193397373540858
0,0.0
0,0.0
0,0.01128380500085655
0,0.0
0,0.0007656142644453069
0,0.003767756047710034
0,0.010717253671144464
0,0.005055210633525493
0,0.0
0,0.12025952640651895
0,0.0
0,0.0
0,0.0
0,0.03070257590635295
0,0.0
0,0.005575765510056462
0,0.006905742621122525
0,0.017288778688511697
0,0.0
0,0.004650139526318772
0,0.005272013269582928
0,0.0037934154851065553
0,0.01461315503033882
0,0.24949753772579597
0,0.0
0,0.008064821452969204
0,0.0
0,0.0
0,0.3517635093000122
0,0.0
0,0.017955929253773255
0,0.003993271008862552
0,0.0
0,0.010770726379856106
0,0.0
0,0.04786111776309329
0,0.009741244197516954
0,0.0
0,0.07191614913991753
0,0.0005922073295029116
0,0.0
0,0.0035334773857447228
1,0.40935488763267475
0,0.00867908403404468
0,0.0
0,0.0
0,0.008533410899352951
0,0.31014295426417526
0,0.0005415127096976362
0,0.0
0,0.0
0,0.0
0,0.0
0,0.3056473659138124
0,0.2530597478185806
0,0.0
0,0.21079245016877624
0,0.0
0,0.0
0,0.0
0,0.0
0,0.007369175652127959
0,0.0057303208616092385
0,0.0727302874686558
0,0.00869513797949405
0,0.0
0,0.004599509629869756
0,0.0
0,0.0
0,0.0
0,0.0007278479258585867
0,0.005164559678080437
0,0.0
0,0.0
0,0.089146899048814
0,0.010398981017317505
0,0.0
0,0.0
0,0.0
0,0.0
0,0.023404876432076876
0,0.005154094391984353
0,0.0
0,0.2848295587960881
0,0.02358151763923448
0,0.003971549221101755
0,0.1458413535359074
0,0.205201624062712
0,0.0
0,0.005154094391984353
0,0.0
0,0.26177892929422336
0,0.0
0,0.005463209732676981
0,0.0
0,0.06372098231294329
0,0.0005415127096976362
0,0.29599580325241537
0,0.0
0,0.0
0,0.007314790812873007
0,0.005962877059460569
0,0.009129695749482379
0,0.0
0,0.0
0,0.0
0,0.0
0,0.0
0,0.005241545849686444
0,0.0
0,0.003806905236072291
0,0.0
0,0.0024572409663354395
0,0.0
0,0.007701893823581549
0,0.0
0,0.0
0,0.001269360635556223
0,0.008160980016572216
0,0.0
0,0.00563083192213133
0,0.0
0,0.0
0,0.023832670498441125
0,0.0041371548267088816
0,0.0
0,0.00677544385934619
0,0.0034954151104989468
0,0.0005922073295029116
0,0.007046509084990643
0,0.17089079411064914
0,0.0019876824228335197
0,0.12529181336457293
0,0.0
0,0.0
0,0.0
0,0.0
0,0.0028614501248851766
0,0.0020513731800287462
0,0.24520112547385864
0,0.0
0,0.0
0,0.0
0,0.034831882062328005
0,0.005405895908137713
0,0.0
0,0.010093162543010273
0,0.011600938123446916
0,0.0
0,0.008732269433841517
0,0.0
0,0.0
0,0.15862471838008385
0,0.0
0,0.0
0,0.0
0,0.011698456363209028
0,0.0
0,0.007978590956989856
0,0.005884004283873645
0,0.059154663554861715
0,0.0
0,0.0
0,0.0
0,0.022523543815431566
0,0.0
0,0.0725542820791074
0,0.0
0,0.00573441706558677
0,0.0
0,0.0059531184028407515
0,0.0052017667465554486
0,0.0
0,0.0
0,0.032672645222143415
0,0.0
0,0.0
0,0.003122056844908103
0,0.0
0,0.012865453460620527
0,0.0
0,0.0
0,0.0
0,0.0051898605015875615
0,0.0
0,0.030393361465558922
0,0.0
0,0.006163671325234712
0,0.2090210940374698
0,0.003646991593718414
0,0.0017628678444850145
0,0.2092395914279461
0,0.3189780024031503
0,0.026988103404562234
0,0.0
0,0.0
0,0.0
0,0.0
0,0.0
0,0.0
0,0.02369264932185744
0,0.0
0,0.0
0,0.008353712552749344
0,0.01744302182927329
0,0.0
0,0.005965196559975637
0,0.0
0,0.0
0,0.3378496901836545
0,0.0008813865918487865
0,0.0
0,0.007376190449652704
0,0.0
0,0.0
0,0.020474627510311497
0,0.0005922073295029116
0,0.0
0,0.011030255393914569
0,0.0
0,0.01444695456296048
0,0.003833336999739961
0,0.19863271352626585
0,0.02718759800808848
0,0.0
0,0.0
0,0.0049421339856981555
0,0.0
0,0.0
0,0.014477195048286366
0,0.003806905236072291
0,0.011805177274545553
0,0.03556584631420567
0,0.0
0,0.0
0,0.0
0,0.0045082693715497515
0,0.0651090681220694
0,0.022092176805124448
0,0.002186746023805437
0,0.0
0,0.0
0,0.0
0,0.04347769317639327
0,0.0
0,0.0
0,0.021941178107919873
0,0.010860852256082902
0,0.4206426936535866
0,0.0
0,0.0056288408691917945
0,0.0
0,0.0
0,0.002318370409604521
1,0.5080243799503212
0,0.29492815358211383
0,0.00715685470746532
0,0.018250851991547405
0,0.0
0,0.0
0,0.0
0,0.0
0,0.0
0,0.0
0,0.13575333800092929
0,0.0
0,0.10985257375487416
0,0.2788443638868635
0,0.0
0,0.0
0,0.03643202861952862
0,0.010102275395794403
0,0.0
0,0.0010343161962365613
0,0.0
0,0.17755229252921922
0,0.0
0,0.0
0,0.3342547610885514
0,0.0
0,0.0
0,0.0
0,0.0
0,0.0
0,0.007598351716948553
0,0.0
0,0.009387598132824103
0,0.0
0,0.005982541765180665
0,0.0
0,0.006819083983591548
0,0.0
0,0.0
0,0.0
0,0.005747093097448378
0,0.0
0,0.0
0,0.002108322945885013
0,0.0
0,0.005643036360122619
0,0.04274028806888494
1,0.4277244654878751
0,0.0
0,0.0
0,0.0
0,0.0
0,0.03643411404268883
0,0.0
0,0.0
0,0.0
0,0.004370620113287006
0,0.0
0,0.004169816250199788
0,0.003318653962798221
0,0.0
0,0.3027742416913523
0,0.001269360635556223
0,0.015606576859759727
0,0.00903645870962271
0,0.33657765700871006
0,0.0
0,0.05980248345115139
0,0.0
0,0.0033432415917712508
0,0.0021884033495722954
0,0.0
0,0.010453442230130778
0,0.0
0,0.3054217574909192
1,0.5156643801715376
0,0.0
0,0.016929358451744134
0,0.0082813356848475
0,0.0
0,0.0
0,0.0
0,0.009362447684774159
0,0.003806905236072291
0,0.0
0,0.011413985427657938
0,0.0005726668120366298
0,0.0
0,0.009340666504622423
0,0.009119654986289026
0,0.0
0,0.005272013269582928
0,0.0015693970806176481
0,0.0
0,0.0008194943708030642
0,0.0
0,0.005208333333333333
0,0.0
0,0.0034400841371210744
0,0.0
0,0.0
0,0.0
0,0.006819083983591548
0,0.0
0,0.0
0,0.0
0,0.003122056844908103
0,0.0
0,0.0019876824228335197
0,0.0
0,0.1027643560386557
0,0.0
0,0.0
0,0.0
0,0.0
0,0.0028943347437705718
0,0.0
0,0.00574984604303097
0,0.027317900513412343
0,0.1187548176071908
0,0.012445488731136795
0,0.013645143459339969
0,0.0020765465873869324
0,0.0
0,0.005846231725067909
0,0.0007656142644453069
0,0.002155549719887958
0,0.0
0,0.06769201438908319
0,0.007889717100058142
0,0.2106323440880837
0,0.0
0,0.0
0,0.0
0,0.002186746023805437
0,0.0
0,0.0
0,0.0
0,0.0149915369430228
0,0.0
0,0.004368252838776934
0,0.0
0,0.002576992413013668
0,0.0025110051705184385
0,0.0
0,0.003806905236072291
0,0.0
0,0.0
0,0.008353712552749344
0,0.0
0,0.0
0,0.3658815697203038
0,0.0
0,0.0
0,0.005634158641745599
0,0.0088332618237257
0,0.0
0,0.29543570459577306
0,0.03177352751450659
0,0.007928422997509397
0,0.007314790812873007
0,0.3183605898185757
1,0.5006250607264991
0,0.0
0,0.0
0,0.013458538973878428
0,0.007314790812873007
0,0.0
0,0.008987003291867923
0,0.0
0,0.005191716959372668
0,0.0005922073295029116
0,0.0
0,0.0
0,0.14634126703487035
0,0.007862009748050588
0,0.019527689663903777
0,0.0
0,0.003761242552703941
0,0.019498638626967907
0,0.0
0,0.0
0,0.0
0,0.027843558774189623
0,0.0
0,0.41935947963631653
0,0.0
0,0.0
0,0.0
0,0.0
0,0.0
0,0.0
0,0.18452493324500566
0,0.0
0,0.0
0,0.0
0,0.0
0,0.0005922073295029116
0,0.018441076634773648
0,0.0888459074308167
0,0.0
0,0.2824210130871586
0,0.006764259937434819
0,0.0
0,0.0
1,0.5175301301089648
0,0.0019876824228335197
0,0.0
0,0.0
0,0.0
0,0.0
0,0.0
0,0.005051202842048574
0,0.01779047620173416
0,0.0006632460676578335
0,0.0010343161962365613
1,0.4256705442611895
0,0.005837256591360515
0,0.0
0,0.0
0,0.017577508693005433
0,0.0
0,0.0
0,0.0
0,0.01826574844501556
0,0.005208333333333333
0,0.0008194943708030642
0,0.0
0,0.0
0,0.0
0,0.0
0,0.0
0,0.0
0,0.0
0,0.016035097234623197
0,0.0
0,0.2710952037913296
0,0.0
0,0.0
0,0.003347607395323547
0,0.009123088052466548
0,0.005535240687024303
0,0.004967585854473496
0,0.0
0,0.0
0,0.0
0,0.0
0,0.01610630420319896
0,0.0026789599651871198
0,0.0
0,0.0
0,0.00242699154175367
0,0.0
0,0.0
0,0.011509328881414321
0,0.0
0,0.0
0,0.2879552329039733
0,0.02838209349267085
0,0.005846231725067909
0,0.0
0,0.0
0,0.38800302601110287
0,0.0
0,0.0
0,0.0005922073295029116
0,0.0
0,0.0
0,0.007840485779133946
0,0.005846231725067909
0,0.0
0,0.0
0,0.0
0,0.003806905236072291
0,0.0
0,0.0
0,0.014474667043437209
0,0.0
0,0.0
0,0.0
0,0.0
0,0.008188388863962165
0,0.0
0,0.0
0,0.0
0,0.0
0,0.04007476813487134
0,0.0005922073295029116
0,0.0
0,0.0
0,0.0003311556813138004
0,0.004909290271132377
0,0.0
0,0.0
0,0.04987601235697379
0,0.0
0,0.0008194943708030642
0,0.008173877936592376
0,0.0
0,0.0
0,0.08186265209198075
0,0.009379567307954154
0,0.0
0,0.0004344585831315066
0,0.03369824085272647
0,0.0
0,0.005028283664459162
0,0.02045702176137927
0,0.0
0,0.0
0,0.0
0,0.0
0,0.0
0,0.0
0,0.017866716564971425
0,0.003761242552703941
0,0.029209561525115054
0,0.29194147531513853
0,0.0028614501248851766
0,0.0
0,0.0033343992502236773
0,0.28974299586530133
0,0.0039169039785635264
0,0.0
0,0.0301228565274524
0,0.002382194591998513
0,0.0
0,0.0
0,0.0
0,0.0
0,0.0
0,0.0
0,0.00364969843519831
0,0.0
0,0.0
0,0.0
0,0.023780266240511033
0,0.0
0,0.0
0,0.0
0,0.015349447631350465
0,0.30879023271096256
0,0.0
0,0.0
0,0.0
0,0.00242699154175367
0,0.0
0,0.006167972839559374
0,0.003022291014546124
0,0.0
0,0.00875598936009423
0,0.0
0,0.0
0,0.0
0,0.0
0,0.0
0,0.30378072806882217
0,0.24655158378070394
0,0.0
0,0.0005922073295029116
0,0.0
0,0.0015693970806176481
0,0.0018395228622660558
0,0.0
0,0.0
0,0.0
0,0.01573268537523372
0,0.01574651155622622
0,0.0
0,0.003974772533126729
0,0.0
0,0.0
0,0.0
0,0.3879567475570412
0,0.011382307357334684
0,0.0
0,0.0
0,0.0
0,0.04343252782404159
0,0.0
0,0.2980201438892726
0,0.0037934154851065553
0,0.015495833999469846
0,0.011787165815608631
0,0.0
0,0.004677453826562413
0,0.0
0,0.0
0,0.0039794764059469965
0,0.0
0,0.010329247004874632
0,0.2768578579729419
0,0.0
0,0.011299117612841964
0,0.043509182745065815
0,0.0003311556813138004
0,0.0033432415917712508
0,0.0
0,0.0010343161962365613
0,0.0
0,0.007314790812873007
0,0.0
0,0.0
0,0.0018239266860590388
0,0.0018197408536585373
1,0.293535841997484
0,0.015250332378366871
0,0.0
0,0.1567821308485183
0,0.0
0,0.0
0,0.00464697506640039
0,0.0033432415917712508
0,0.0
0,0.007118853805041507
0,0.0
0,0.0
0,0.0
0,0.03646286100332262
0,0.0
0,0.005411605693143116
0,0.0
0,0.02038486322631008
0,0.0
0,0.004400607507193165
0,0.0
0,0.0
0,0.0
0,0.30621138647031504
0,0.0038568953588928013
0,0.0
0,0.0
0,0.11705950073829473
0,0.01258002283112934
0,0.00936299185544571
0,0.0
0,0.0
0,0.0
0,0.0068136970723971626
0,0.0005922073295029116
0,0.0
0,0.0
0,0.0005922073295029116
0,0.0
0,0.0
0,0.0
0,0.0018197408536585373
0,0.0
0,0.0024265029895427603
0,0.0
0,0.2697893195831436
0,0.007806044754965897
0,0.1361872481378617
1,0.8116780845985506
0,0.0
0,0.0
0,0.0
0,0.0
0,0.0003311556813138004
0,0.0
0,0.0
0,0.0
0,0.01243645385056285
0,0.2893038627149276
0,0.0
0,0.10790253490206546
0,0.0
0,0.0
0,0.003971549221101755
0,0.008060030934921213
0,0.0
0,0.028793058840368316
0,0.31886032063565134
0,0.01999525246970303
0,0.0008813865918487865
0,0.4619509201068406
0,0.006415518047028103
0,0.0008813865918487865
0,0.0
0,0.0
0,0.08176049920249966
0,0.0
0,0.0
0,0.31299334619840113
0,0.0
0,0.0077870823537930164
0,0.0
0,0.005222785759510874
0,0.00819568482045577
0,0.0
0,0.0
0,0.28860991714123135
0,0.004202328715490622
0,0.0
0,0.001274804380327354
0,0.0
0,0.0055626680894802
0,0.0
0,0.01744302182927329
0,0.1620525004627845
0,0.0025095721885393125
0,0.0
0,0.0
0,0.0
0,0.014187641912481059
0,0.0
0,0.0
0,0.008833821003353422
0,0.0
0,0.0
0,0.0
0,0.019210736227287615
0,0.0
0,0.0
0,0.37770619848026826
0,0.0
0,0.009146574811737862
0,0.3040198604344437
0,0.0
0,0.0
0,0.0
0,0.0008194943708030642
0,0.017107716265554976
0,0.012990058047127813
0,0.0
0,0.0
0,0.0
0,0.0
0,0.2892433135704146
0,0.005575810664635702
0,0.0
0,0.00242699154175367
0,0.02138463840846779
0,0.0
0,0.11682410702130819
0,0.0
0,0.4322219043260824
0,0.009087030806894622
0,0.005965196559975637
0,0.0017628678444850145
0,0.012128916397020626
0,0.004169816250199788
0,0.005191716959372668
0,0.0
0,0.004909290271132377
0,0.0
0,0.0
0,0.0
0,0.0
0,0.0
0,0.0
0,0.0
0,0.0
0,0.0
0,0.0
0,0.02033783928111392
0,0.006755098910577159
0,0.011235801695369004
0,0.002149358153937391
0,0.00296224891989806
0,0.0
0,0.0030222910145461207
0,0.0
0,0.0
0,0.0
0,0.0
0,0.0
0,0.0047280972750316855
0,0.0
0,0.007356011203771234
0,0.008830302486746223
0,0.0
0,0.009117908192974622
0,0.07478075689772867
0,0.0
0,0.0
0,0.0
0,0.017826048140798703
0,0.0024572409663354395
0,0.0
0,0.0
0,0.0
0,0.0
0,0.0
0,0.0
0,0.0
0,0.005073398080276874
0,0.0
0,0.0
0,0.0
0,0.012957025450240007
0,0.0
0,0.010218142853476024
0,0.0
0,0.1051811704597415
0,0.0005922073295029116
1,0.8758358304947526
0,0.006732536718364668
0,0.009129695749482379
0,0.003122056844908103
0,0.0
0,0.0
0,0.33171391376655285
0,0.0
0,0.0
0,0.0
0,0.0005922073295029116
0,0.0
0,0.0
0,0.0
0,0.0
0,0.0
0,0.00839994247645548
0,0.0
0,0.0
0,0.007385374720730525
0,0.042496118388889496
0,0.0013928518392804115
0,0.0
0,0.21613659494840312
0,0.0
0,0.0
0,0.003908702730902015
0,0.0
0,0.0
0,0.0015569676277187676
0,0.0
0,0.02826142903418125
0,0.0
0,0.007790469786902741
0,0.0
0,0.35752919348924816
0,0.0
0,0.0
0,0.022473439145717894
0,0.0
0,0.005135875255028255
0,0.0
0,0.0
0,0.3953262481340436
0,0.0
0,0.0
0,0.0
0,0.2517750174380003
0,0.0
0,0.31915412961176537
0,0.0
0,0.2281588129700903
0,0.0
0,0.008214007973918788
0,0.0
0,0.0
0,0.03776827024039551
0,0.03038973312761589
0,0.009566132574926264
0,0.0
0,0.011184112729458226
0,0.24360766930958067
0,0.0038116091088925583
0,0.08915230288900318
0,0.10655292883200285
0,0.0
0,0.0
0,0.004839819182389938
0,0.009465118384070124
0,0.01629077404802295
0,0.004906310715887012
0,0.08385801956965622
0,0.0
0,0.003936226019184653
0,0.0
0,0.0
0,0.0
0,0.002382194591998513
0,0.0
0,0.0722317200848035
0,0.0003311556813138004
0,0.0
0,0.005450078220215312
0,0.4590286437300591
0,0.0
0,0.0
0,0.0
0,0.0
0,0.0
0,0.007705201426906787
0,0.08483626398378662
0,0.010416666666666666
0,0.0
0,0.004155544305351
0,0.0
0,0.0
0,0.0005922073295029116
0,0.0008194943708030642
0,0.0
0,0.0
0,0.0
0,0.006811175813486128
0,0.0040719374126706185
0,0.26784338679878567
0,0.0
0,0.22000560332824695
0,0.0
0,0.010398193834920895
0,0.0
0,0.0
1,0.9609365252764581
0,0.007554502635894751
0,0.0
0,0.003971549221101755
0,0.0
0,0.0
0,0.0005922073295029116
0,0.005131699739220155
0,0.0
0,0.0
0,0.0
0,0.003806905236072291
0,0.0
0,0.0
0,0.04911228060617245
0,0.0
0,0.0024507836724664347
0,0.0
0,0.0005415127096976362
0,0.0
0,0.0
0,0.005208333333333333
0,0.32476106965961365
0,0.0
0,0.145080643501761
0,0.00788073228492143
0,0.0008194943708030642
0,0.0008194943708030642
0,0.0033432415917712508
0,0.0005922073295029116
0,0.0
0,0.05923558802857839
0,0.0
0,0.0
0,0.0
0,0.0
0,0.0
0,0.0
0,0.0
0,0.0
0,0.0
0,0.3970883024216745
0,0.0030222910145461207
0,0.0
1,0.7693774886180366
0,0.0
0,0.0
0,0.0
0,0.0
0,0.0
0,0.3065836051530622
0,0.0019876824228335197
0,0.0013928518392804115
0,0.0
0,0.0
0,0.0033432415917712508
0,0.023217513461048073
0,0.0
0,0.0
0,0.0
0,0.1168377897023896
0,0.006086523313553455
0,0.004836199911608722
0,0.0
0,0.0
0,0.0035969909436166995
0,0.013176380039404774
1,0.7207327260513262
0,0.010615228499576246
0,0.0
0,0.005022164640591424
0,0.03947666449767901
0,0.10835416234505141
0,0.0
0,0.0
0,0.0
0,0.0005415127096976362
0,0.0
0,0.09273384607768481
0,0.0
0,0.0
0,0.0
0,0.0
0,0.06767437832845342
0,0.0
0,0.0
0,0.006001655184132333
0,0.0
0,0.0
0,0.003806905236072291
0,0.0008194943708030642
0,0.0018239266860590388
0,0.3066993330111129
0,0.0
0,0.0
0,0.004884541863209733
0,0.012005098731227222
0,0.006819083983591548
0,0.0
0,0.004399821965998507
0,0.0
0,0.0
0,0.0
0,0.0
0,0.0
0,0.007962932284713639
0,0.0
0,0.0
0,0.007635324875087003
0,0.0
0,0.019909817701055526
0,0.0
0,0.2058436102890746
0,0.0008194943708030642
0,0.417506680303819
0,0.394697929100063
0,0.3084990053168117
0,0.0
0,0.002318370409604521
0,0.0
0,0.0018197408536585373
0,0.0
0,0.0
0,0.04341306598321478
0,0.0
0,0.0
0,0.01456192151176082
0,0.034627705844430486
0,0.0
0,0.0
0,0.0
0,0.0
0,0.014004248431865221
0,0.014511219334677307
0,0.0
0,0.0005922073295029116
0,0.0
0,0.005208333333333333
0,0.0
0,0.005131699739220155
0,0.014027963748178926
0,0.0
0,0.0
0,0.0
0,0.002331912878787881
0,0.09202344418333798
0,0.011805177274545553
0,0.0
0,0.0
0,0.0
1,0.9020937264962415
0,0.013396993523123178
0,0.0
0,0.0
0,0.00431210817936127
0,0.0
0,0.007862009748050588
0,0.011053367873574402
0,0.007978590956989856
0,0.316438051622478
0,0.0
0,0.3393921226750444
0,0.004839819182389938
0,0.08162349957492808
0,0.0
0,0.0
0,0.05187137386664275
0,0.01435792975999029
0,0.0057303208616092385
0,0.004544165343724341
0,0.04539629437631137
0,0.0017628678444850145
0,0.0
0,0.005928077098320668
0,0.01564995616221047
0,0.261590434509801
0,0.0
0,0.0
0,0.006455996918862649
0,0.017316787421563715
0,0.0
0,0.08590507776428584
0,0.0
0,0.0
0,0.0045082693715497515
0,0.0
0,0.0
0,0.01257916861531499
0,0.0
0,0.3163212194787807
0,0.0
0,0.44621896123032917
0,0.0
0,0.0
0,0.0
0,0.026992657459271405
0,0.007314790812873007
0,0.03790749232916603
0,0.19768918889997147
0,0.0
0,0.014621345407258226
0,0.024350400969439925
0,0.007123557677861774
0,0.0
0,0.0
0,0.008747814665898017
0,0.00881466991508107
0,0.0015569676277187676
0,0.0
0,0.0
0,0.0
0,0.0
0,0.0
0,0.0
0,0.0
0,0.015762758334526863
0,0.0053960071106413585
0,0.008173877936592376
0,0.0
0,0.0
0,0.0005922073295029116
0,0.0034818057614309263
0,0.0
0,0.007348140237742491
0,0.06446512248869536
0,0.01378397063035631
0,0.0
0,0.16140278148657156
0,0.0
0,0.0
0,0.3954987792477937
0,0.0
0,0.0
0,0.0
0,0.005090815693572149
0,0.0
0,0.0
0,0.0
0,0.003971549221101755
0,0.0
0,0.011663037840417204
0,0.0
0,0.2110327559114398
0,0.09620789730861373
0,0.41635945781719913
0,0.0
0,0.005634437339010686
0,0.007935930448258776
0,0.019212724090839527
0,0.03547033264390118
0,0.21892689789150596
0,0.0
0,0.05491646512618941
0,0.0
0,0.005217401632671045
0,0.0
0,0.0
0,0.0
0,0.016861294893565065
0,0.0005922073295029116
0,0.004949890879852977
0,0.03765315856978097
0,0.2437913761561583
0,0.0
0,0.0
1,0.9546289883689089
0,0.013643605581467278
0,0.0
0,0.0005922073295029116
0,0.0
0,0.003806905236072291
0,0.0
0,0.008020318548485316
0,0.0
0,0.0
0,0.0
0,0.0019876824228335197
0,0.0
0,0.0
0,0.01571365816848441
0,0.0
0,0.0008194943708030642
0,0.0
0,0.008833821003353422
1,0.4778310095277854
0,0.014683991161983928
0,0.0
0,0.33635046199219004
0,0.0
0,0.0
0,0.0
0,0.0
0,0.0
0,0.0
0,0.0005415127096976362
0,0.0
0,0.0
0,0.0
0,0.0
0,0.0
0,0.0
0,0.010468803276434535
0,0.0
0,0.0
0,0.0
0,0.003318653962798221
0,0.0
0,0.0
0,0.0
0,0.3338933735240679
0,0.0
0,0.0
0,0.0
0,0.0
0,0.09316119623255353
0,0.0
0,0.0038845911657312796
0,0.006084684904398033
0,0.0
0,0.1401399051186681
0,0.02459290736602689
0,0.006648862831959525
0,0.0
0,0.0
0,0.0
0,0.0007656142644453069
0,0.004599509629869756
0,0.015585229210947545
0,0.0036267799554751266
0,0.0
0,0.024547277061070547
0,0.0
0,0.008807749132710476
0,0.014975123683201782
0,0.012901360149345419
0,0.23348454529134488
0,0.0
0,0.2806949078847991
0,0.0
0,0.27536889529827124
0,0.002331912878787881
0,0.010224161448931263
0,0.0228916610301145
0,0.1111046672262103
0,0.01946751272297858
0,0.0
0,0.018041082535739356
0,0.0
0,0.007534788665365296
0,0.0
0,0.010432521739870554
0,0.0
0,0.003806905236072291
0,0.003318653962798221
0,0.016241456860384747
0,0.0028614501248851766
1,0.8957698636163229
0,0.0034491088180112514
0,0.0
0,0.005135875255028255
0,0.01934054094818537
0,0.011459726937493545
0,0.0
0,0.0
0,0.010607376057872979
0,0.0
1,0.508833104707983
0,0.0045082693715497515
0,0.0
0,0.03016602968184595
0,0.001269360635556223
0,0.0
0,0.01879458437606238
0,0.01136772819295299
0,0.0
0,0.0
0,0.008000976529403509
0,0.0
0,0.0
0,0.38635397570871105
0,0.0
0,0.0
0,0.0
0,0.006548205697813134
0,0.010615228499576246
0,0.00242699154175367
0,0.0
0,0.0015569676277187676
0,0.003193397373540858
0,0.0
0,0.01086511228974166
0,0.0
0,0.0
0,0.006248878106133038
0,0.05679557584910818
1,0.64554606362118
0,0.0
0,0.0
0,0.012100320041453323
0,0.007517240047699107
0,0.0007798395334473568
0,0.0
0,0.0005922073295029116
0,0.0
0,0.0
0,0.0
0,0.0
0,0.01061993902647645
0,0.003806905236072291
0,0.0008813865918487865
1,0.942906318117636
0,0.04587567635814258
0,0.008020318548485316
0,0.0
0,0.0005922073295029116
0,0.0
0,0.0
0,0.0
0,0.026697800662819973
0,0.012627106125110858
0,0.0025095721885393125
0,0.0
0,0.0
0,0.18973273011437786
0,0.22632710322164803
0,0.0
0,0.08865735223876403
0,0.0
0,0.0
0,0.24719716680878545
0,0.013282661780829716
0,0.005965196559975637
0,0.0
0,0.0
0,0.0
0,0.0
0,0.0008813865918487865
0,0.0
0,0.0
0,0.0033432415917712508
0,0.0
0,0.0
0,0.007694712220284952
1,0.5664184076386894
0,0.0
0,0.005965196559975637
0,0.3259253112141764
0,0.0
0,0.2766356973511049
0,0.01374447030883977
0,0.020079122321071365
0,0.0019876824228335197
0,0.0
0,0.0
0,0.0
0,0.0
0,0.005962877059460569
0,0.0
0,0.0
0,0.0
0,0.0
0,0.005647459010216294
0,0.0
0,0.0032736205391615952
0,0.007763264729174738
0,0.0
0,0.0
0,0.009581268993174416
1,0.9545041277146477
0,0.017858011612680514
0,0.001269360635556223
0,0.0055626680894802
0,0.0015693970806176481
0,0.008133289881287009
0,0.0
0,0.0
0,0.0
0,0.04525017908074629
0,0.0
0,0.0031537202190342005
0,0.0032864275703273597
0,0.0
0,0.0
0,0.0
0,0.0
0,0.011942047355940755
0,0.13562640172141627
0,0.08895959922187681
0,0.0009507131479872558
1,0.8439666130613386
0,0.0
0,0.011426418532659008
0,0.0
0,0.0
0,0.0
0,0.0
0,0.0
0,0.006715974151721809
0,0.0
0,0.026175366797334468
0,0.028526407495375897
0,0.008562053328999565
1,0.8429099414471728
0,0.0
0,0.0
0,0.0
0,0.0
0,0.2827667696405073
0,0.23105490427264494
0,0.00700373036251116
0,0.05573136931087241
0,0.006605988538464329
0,0.0
0,0.0
0,0.1927873683620548
0,0.0008194943708030642
0,0.0
0,0.012490230691481675
0,0.0
0,0.005208333333333333
0,0.03380711389961089
0,0.18182244875519582
0,0.02638679009970182
0,0.005129977947478025
0,0.0
0,0.0
0,0.09862191609418246
0,0.0
0,0.057291666666666664
0,0.02567894963768787
0,0.0
0,0.0005922073295029116
0,0.0008194943708030642
0,0.0
0,0.003806905236072291
0,0.0047207775091884065
0,0.0
0,0.0003311556813138004
0,0.005208333333333333
0,0.009794746405402519
0,0.006819083983591548
0,0.025702260785521458
0,0.0
0,0.0
0,0.0
0,0.0
0,0.005686150249334369
0,0.0
0,0.03191044840833033
0,0.0
0,0.0
0,0.019685208417295843
0,0.0
0,0.0
0,0.015379723478983474
0,0.0
0,0.0
0,0.0
0,0.0
0,0.007442777219886728
0,0.13360236352597363
0,0.023696674471545207
0,0.037923285250005205
0,0.35275153030243156
1,0.7333245239981383
0,0.011989958734127474
0,0.007512016521966779
0,0.0
0,0.0
0,0.003761242552703941
0,0.011076454805090776
0,0.0
0,0.0
0,0.331008092710798
0,0.0
0,0.3510625407846171
0,0.012796968039613194
0,0.0
0,0.0
0,0.017143994943124123
0,0.0005922073295029116
0,0.0
0,0.0
0,0.0
0,0.0
0,0.03162412080303434
0,0.0005922073295029116
0,0.008937340868675168
0,0.0
0,0.002142268663534317
0,0.055502662145393115
0,0.010607376057872979
0,0.01813080122225935
1,0.778341971276368
0,0.007555536290601801
0,0.003971549221101755
0,0.00875598936009423
0,0.0
0,0.0
0,0.0
0,0.030674919795183313
0,0.012460597259548012
0,0.0027974541968470413
0,0.0
0,0.0
0,0.0
0,0.0
0,0.3709418209560013
0,0.3066126756319029
0,0.0
0,0.23575303094844022
0,0.0
0,0.005703447608272671
0,0.0
0,0.007962932284713639
0,0.007971856431887333
0,0.01623972786073069
0,0.0
0,0.020134800752392528
0,0.0
0,0.0
0,0.29399852991081415
0,0.0
0,0.0005922073295029116
0,0.0008194943708030642
0,0.0
0,0.0
0,0.24843298477415263
0,0.0
0,0.0
0,0.0
0,0.009581268993174416
0,0.3340598071118674
0,0.0
0,0.0
0,0.30722846473047816
0,0.26458915148926787
0,0.009148648690578796
0,0.0
0,0.0
0,0.0
0,0.0
0,0.006473586398559677
0,0.01556018710114782
0,0.0008813865918487865
0,0.029945064945579036
0,0.0
0,0.0
0,0.0
0,0.0038116091088925583
0,0.0005922073295029116
0,0.005405895908137713
0,0.003193397373540858
0,0.002576992413013668
0,0.0
0,0.0
0,0.0
0,0.0
0,0.2975375614328872
0,0.0186307550913743
0,0.0005922073295029116
0,0.0
0,0.0
0,0.012323060472688269
0,0.0005415127096976362
0,0.004843120693979315
0,0.0
0,0.10017665653634177
0,0.0005922073295029116
0,0.0
0,0.004213723477070501
0,0.0077820998726993405
0,0.24922440965661052
0,0.0
0,0.0
0,0.037785336739329385
0,0.00466414474217353
0,0.0
0,0.02590730369856116
0,0.008771103691906928
0,0.0
0,0.0
0,0.0
0,0.0
0,0.0
0,0.006453157623478097
0,0.0
0,0.0
0,0.004021986604863903
0,0.0
0,0.09878003196589995
0,0.008429329328297349
0,0.0
0,0.0
0,0.0
0,0.0008194943708030642
0,0.0
0,0.30699508562931943
0,0.0
0,0.005479531980881559
0,0.0335555771758003
0,0.0
0,0.007314790812873007
0,0.0
0,0.005538698515783568
0,0.0005922073295029116
0,0.0033432415917712508
0,0.0
0,0.03159091137620483
0,0.0
0,0.0
0,0.0033432415917712508
0,0.368097358280036
0,0.0
0,0.0
0,0.01573712466920336
0,0.003806905236072291
0,0.050118022694904674
0,0.004231519077081723
0,0.0
0,0.0
0,0.3756686283076874
0,0.01674647111135591
0,0.09526999440665894
0,0.0026004191695821396
0,0.0
0,0.09348139296141132
0,0.014222644069440746
0,0.0005922073295029116
0,0.014126207756653457
0,0.00481462770009311
0,0.0
0,0.4919596678524624
0,0.022414939622246787
0,0.017159739436750084
0,0.0
0,0.0203677702021683
0,0.013341697681360348
0,0.0
0,0.006896637734093408
0,0.012150990724481727
0,0.08322831839617602
0,0.0
0,0.0
0,0.07811199995798594
0,0.008297240757589433
0,0.0
0,0.0003311556813138004
0,0.0
0,0.0
0,0.025383355643864538
1,0.8800548563654113
0,0.0
0,0.0
0,0.0
0,0.016854688740723846
0,0.0
0,0.0
0,0.0008813865918487865
0,0.0049379967122721085
0,0.0
0,0.0
0,0.3787253195213127
0,0.0021884033495722954
0,0.004906310715887012
0,0.07382077951422843
0,0.008000976529403509
0,0.2340480684788233
0,0.003806905236072291
1,0.8556871293776099
0,0.0
0,0.0
0,0.017306534324711832
0,0.007314790812873007
0,0.0
0,0.001290335345595504
0,0.00677544385934619
0,0.0
0,0.007989171156219709
0,0.0
0,0.007590527925331846
0,0.006536701487222347
0,0.0
0,0.0
0,0.0
0,0.0
0,0.0
0,0.02124608727227113
0,0.0
0,0.0
0,0.0005922073295029116
0,0.003761242552703941
0,0.0
0,0.0
0,0.0
0,0.0024507836724664347
0,0.0
1,0.6007869012999364
0,0.0
0,0.003806905236072291
0,0.0
0,0.0005415127096976362
0,0.01123426537828113
0,0.0
0,0.0008194943708030642
0,0.0
0,0.0
1,0.7067446620523267
0,0.12019347202689575
1,0.23309893917553035
0,0.0060776664521674
0,0.013511146690220242
0,0.0
0,0.0
0,0.003993271008862552
0,0.0
0,0.0
0,0.20918954429090386
0,0.0
0,0.0
0,0.010677359993621974
0,0.0028685883432366306
0,0.0005922073295029116
0,0.0
0,0.002142268663534317
0,0.3301421333707863
0,0.0033432415917712508
0,0.0
0,0.3593078738024093
0,0.010791548145975735
0,0.0
0,0.0
0,0.07324076748985882
0,0.0013928518392804115
0,0.017660274269884844
0,0.008830035051115218
0,0.33777052091802734
0,0.0
0,0.00327054794520548
0,0.008771103691906928
0,0.19378123975607767
0,0.0
0,0.011951730763552494
0,0.0
0,0.0
0,0.024981125523264702
0,0.10159905620283373
0,0.010038570235140888
0,0.26786141638593414
0,0.003122056844908103
0,0.0027974541968470395
0,0.008706175907756812
0,0.0005922073295029116
0,0.015072063346714229
0,0.0031483630412347248
0,0.0
0,0.0
0,0.0
0,0.30427504240335906
0,0.0
0,0.0
0,0.0
0,0.0
0,0.0024572409663354395
0,0.004599509629869756
0,0.3125027811138637
0,0.00785395969747999
0,0.0
0,0.0008194943708030642
0,0.02284908337814873
0,0.012601550754505912
0,0.005154094391984353
0,0.0
0,0.0
0,0.014429119050702412
0,0.2707290192007843
0,0.0
0,0.0
0,0.0
0,0.0
0,0.0
0,0.11164759117936372
0,0.04826038849235283
0,0.0
0,0.0
0,0.0
0,0.0
0,0.24787938737011597
0,0.0
0,0.0
0,0.0
0,0.005657205597740088
0,0.0
0,0.0
0,0.0
0,0.0
0,0.0
0,0.009086461499330662
0,0.0
0,0.0
0,0.005634437339010686
0,0.0
0,0.005129394531249999
0,0.0
0,0.0
0,0.303301415952
0,0.0
0,0.0
0,0.0
0,0.0008194943708030642
0,0.23264156708233696
0,0.0
0,0.0
0,0.0
0,0.0
0,0.0
0,0.011960609499721822
0,0.0
0,0.0
0,0.0
0,0.004693129074377634
0,0.004939722860381356
0,0.0
0,0.00278244519871583
0,0.00431210817936127
0,0.0
0,0.040445905936443906
0,0.017900164277178297
0,0.4154335065079044
0,0.0
0,0.0
1,0.3926874448796465
0,0.016396338400716873
0,0.005709974445341628
0,0.0
0,0.014511219334677307
0,0.018875066219928478
0,0.03625943919166633
0,0.0
0,0.10908060117852829
0,0.0005922073295029116
0,0.053984153383203254
0,0.0
0,0.0
0,0.00834312988667905
0,0.0033464086637723374
0,0.10782791563906986
0,0.015074987943516666
0,0.0
0,0.014293406436895561
0,0.0
0,0.002102544398907106
0,0.0
0,0.0
0,0.110986484339693
0,0.0
0,0.0
0,0.0
0,0.004374849709437597
0,0.0018239266860590388
0,0.030656720794426
0,0.0
0,0.0
0,0.2394948134535788
0,0.0
0,0.0
0,0.018665207259332812
0,0.0
0,0.0
0,0.0031537202190342005
0,0.0
0,0.0
0,0.22632094671856315
0,0.007752535248967699
0,0.015023017473028193
0,0.020101768857450176
0,0.012721158767111948
0,0.056109592022122894
0,0.0
0,0.0
0,0.0
0,0.0
0,0.0
0,0.11820054587711465
0,0.0
1,0.4125795898073851
0,0.0
0,0.0
0,0.0
0,0.006149482379621439
0,0.013860321087402136
0,0.0
0,0.2149186321518708
0,0.0
0,0.005022164640591424
0,0.0007798395334473568
0,0.019538962299722094
0,0.0
0,0.009746109123220053
0,0.0
0,0.0
0,0.005657205597740088
0,0.009502156836179436
0,0.0
0,0.20037392371242793
0,0.00563083192213133
0,0.005208333333333333
0,0.2839104131932069
0,0.004837709605121796
0,0.0
0,0.0
0,0.0
0,0.023061145575184613
0,0.20853304531615166
0,0.0
0,0.0
0,0.0
0,0.008483071016204097
0,0.27344851124788855
0,0.0
0,0.0
0,0.0
0,0.0
0,0.015314300612453138
0,0.010102275395794403
0,0.003548783574437367
0,0.0
0,0.0
0,0.0
0,0.0
0,0.3430238259420188
0,0.3226257726780857
0,0.0
0,0.014609104551694882
0,0.015349940405540045
0,0.0
0,0.08284601520166227
0,0.0
0,0.0
0,0.01573712466920336
0,0.009846866023128153
0,0.0
0,0.0
0,0.0
0,0.23762260540932953
0,0.0
0,0.0
0,0.0
0,0.0
0,0.00242699154175367
0,0.264784777173686
0,0.0
0,0.004768064633260711
0,0.0025110051705184385
0,0.0
0,0.27610652744917
0,0.0
0,0.014797705354498881
0,0.0
0,0.0
0,0.1713181250893667
0,0.004155544305351
0,0.35827199261282106
0,0.00792277831245484
0,0.0017628678444850145
0,0.0
0,0.007369175652127959
0,0.0003311556813138004
0,0.0
0,0.003347607395323547
0,0.005066858370948238
0,0.0
0,0.0
0,0.0
0,0.0
1,0.522321606311933
0,0.01048135133882456
0,0.0
0,0.0
0,0.012230339113692063
0,0.10322595192957489
0,0.0003311556813138004
0,0.09157891661298022
0,0.0
0,0.0010343161962365613
0,0.0
0,0.0
0,0.0055626680894802
1,0.7929096683198611
0,0.0
0,0.0
0,0.0
0,0.0031537202190342005
0,0.0
0,0.0030494482958383514
0,0.0
0,0.0
0,0.014004601089667579
0,0.0
0,0.0
0,0.015245376542049882
0,0.005164559678080437
0,0.0
0,0.0
0,0.0
0,0.004169816250199788
0,0.0
0,0.055342386395726965
0,0.003761242552703941
0,0.0
0,0.009741244197516954
0,0.002225686912509041
0,0.0
0,0.0018670117098302658
0,0.0
0,0.0
0,0.0
0,0.009230319938197236
0,0.008153528282377424
0,0.2308936465752837
0,0.0
0,0.013861103234853796
0,0.010117623604465711
0,0.0
0,0.0
0,0.0
0,0.0005922073295029116
0,0.0
0,0.0
0,0.2660022787596235
0,0.023073245538845405
0,0.0
0,0.015625
0,0.0
0,0.00792883277156342
0,0.0
0,0.004579805663401858
0,0.0
0,0.04189629123140829
0,0.004445931762338686
0,0.005377581942322722
0,0.0
0,0.04006900686965944
0,0.0
0,0.0
0,0.16917712225539572
0,0.003969213410702773
0,0.0
0,0.0
0,0.0
0,0.3139592725319203
0,0.0
0,0.30511421672433264
0,0.01703757596574945
0,0.0005922073295029116
0,0.006167972839559374
0,0.005164559678080437
0,0.0
0,0.0
0,0.0
0,0.0
0,0.002142268663534317
0,0.0
0,0.0051898605015875615
0,0.0
0,0.02177313380854647
0,0.0
0,0.0
0,0.0
0,0.00857001204150751
0,0.07573330938310245
0,0.02131115024933437
0,0.0594794536683148
1,0.48121495595854263
0,0.0008194943708030642
0,0.011043324492507443
0,0.0
0,0.0
0,0.03546850353593654
0,0.0
0,0.0
0,0.0
0,0.30717560362748675
0,0.0005922073295029116
0,0.009499143267453774
0,0.0
0,0.0
0,0.0
0,0.004201605871112652
0,0.0
0,0.0005415127096976362
0,0.0
0,0.0
0,0.01280747902835321
0,0.0
0,0.0019876824228335197
0,0.0
0,0.0
0,0.0
0,0.0
0,0.0
0,0.0024507836724664347
0,0.2910843106492031
0,0.010041999045033537
0,0.013147446579268071
0,0.18863396376131866
0,0.0
0,0.0
0,0.0
0,0.0088332618237257
0,0.0
0,0.0
1,0.24801033740531678
0,0.0
0,0.006519203200620012
0,0.0
0,0.3978756345298637
0,0.0033432415917712508
0,0.008937340868675168
0,0.0010343161962365613
0,0.0
0,0.0
0,0.017683584426112595
0,0.0
0,0.0054803938297306965
0,0.0
0,0.1611974287473868
0,0.0
0,0.058609736595788504
0,0.0
0,0.11846400325223867
0,0.0
0,0.0
0,0.003347607395323547
0,0.012646640724003996
0,0.09131799213144472
0,0.0
0,0.0
0,0.0
0,0.0
0,0.0
0,0.0
0,0.010775053841624646
0,0.0
0,0.1409924154043177
0,0.01613000832073598
0,0.0
0,0.006179872931647304
0,0.0
0,0.002108322945885013
0,0.0005415127096976362
0,0.0019876824228335197
0,0.015840602733484883
0,0.0
0,0.0
0,0.011531289128206034
0,0.0005415127096976362
0,0.009512147044262663
0,0.0
0,0.007056228649858124
0,0.0
0,0.0
0,0.0
0,0.004400607507193165
0,0.0
0,0.0028943347437705718
0,0.0
0,0.21867772747141834
0,0.09928889984187467
0,0.4263821930238943
0,0.0
0,0.0
0,0.0
0,0.270120528123493
0,0.0
0,0.0005922073295029116
0,0.0
0,0.007598351716948553
0,0.007329425877340027
0,0.0
0,0.0
0,0.026418552804189668
0,0.0
0,0.0
0,0.002318370409604521
0,0.0
0,0.0
0,0.0
0,0.0
0,0.0019468536874655655
0,0.0
0,0.0
0,0.058795790032300156
0,0.07034081068757518
0,0.0036267799554751266
0,0.0331194197915975
0,0.0
0,0.017916779380182574
0,0.0
0,0.0
0,0.0
0,0.0
0,0.0
0,0.0
0,0.01854824042384395
0,0.0
0,0.0064909651195167
0,0.0029421068596062285
0,0.0
0,0.012018002437080275
0,0.0
0,0.0
0,0.23242078610634712
0,0.01481675468600622
0,0.0
0,0.0
0,0.0005922073295029116
0,0.0
0,0.0
0,0.0
0,0.002142268663534317
0,0.0
0,0.0
0,0.016210872730265263
0,0.006460311610203942
0,0.0
0,0.004421984344927713
0,0.0005922073295029116
0,0.0
0,0.0
0,0.0
0,0.0
0,0.0008194943708030642
0,0.0
0,0.08289788996133052
0,0.00875598936009423
0,0.0
0,0.0
0,0.30138878997767965
0,0.0
0,0.0
0,0.0
0,0.0
0,0.0
0,0.0
0,0.0
0,0.0007656142644453069
0,0.005575765510056462
0,0.0
0,0.0
0,0.0
0,0.0
0,0.0
0,0.008797248304864383
0,0.0
0,0.0
0,0.02661455397275452
0,0.0
0,0.0
0,0.0
0,0.0
0,0.004021986604863903
0,0.0
0,0.014466328337879907
0,0.017835187614726765
0,0.0
0,0.07356586565540134
0,0.0
0,0.0
1,0.6028696856464099
0,0.0
0,0.0
0,0.3334922195633084
0,0.00364969843519831
0,0.0
0,0.0
0,0.011357999528065465
0,0.0
0,0.0
0,0.0
0,0.0
0,0.009841374998137675
0,0.0
0,0.0
0,0.0
0,0.00644365288356696
0,0.04771851109086973
0,0.012173039143971576
0,0.0
0,0.0
0,0.0
0,0.12067082440074996
0,0.0
0,0.0
0,0.10042225720150218
0,0.0
0,0.33517131288403723
0,0.0
0,0.10122703716432803
0,0.014831688735681458
0,0.0
0,0.2533836142127199
0,0.0
0,0.02369166079904309
0,0.0005922073295029116
0,0.0
0,0.0
0,0.010833263406480323
0,0.0
0,0.0
0,0.0
0,0.22569732712330404
0,0.008353712552749344
0,0.0008194943708030642
0,0.0004344585831315066
0,0.0
0,0.0
0,0.014227783611580882
0,0.0
0,0.01639011708986275
0,0.008274791115805707
0,0.0
0,0.0
0,0.0
0,0.004666642388020639
0,0.0
0,0.0
0,0.07425618724235737
0,0.0720510798052227
0,0.0
0,0.19841984866946585
0,0.009841374998137675
0,0.3466147457993047
0,0.0
0,0.00278244519871583
0,0.0
0,0.019432067094814858
0,0.0
0,0.0
0,0.0
0,0.004605840056120658
0,0.0
0,0.0005922073295029116
0,0.0
0,0.011815820266066443
0,0.0
0,0.0
0,0.0005922073295029116
0,0.0
0,0.35582886032731725
0,0.0
0,0.0
0,0.0017628678444850145
0,0.0
0,0.002318370409604521
0,0.013903260513519528
0,0.0005922073295029116
0,0.0005922073295029116
0,0.0
0,0.002331912878787881
0,0.0
0,0.0005922073295029116
0,0.0
0,0.01661187635880658
0,0.006819083983591548
0,0.0
0,0.0
0,0.012201801728137748
0,0.011677632484536257
0,0.00811446996368979
0,0.023329031178582118
0,0.0
0,0.0
0,0.0
0,0.0
0,0.0
0,0.04868806124234276
0,0.0
0,0.3087747208093634
0,0.0
0,0.0008194943708030642
0,0.009421226349409319
0,0.0
1,0.7531693803082739
0,0.0
0,0.0
0,0.0
0,0.0
0,0.07564417305280435
0,0.0
0,0.0
0,0.0
0,0.0
0,0.0
0,0.0005922073295029116
0,0.0
0,0.0
0,0.0
0,0.0035983353105216213
0,0.004202328715490622
0,0.003992380025940338
0,0.0
0,0.0
0,0.0
0,0.0
0,0.0
0,0.0
0,0.0
0,0.009133388490127918
0,0.006748355975143363
0,0.0
0,0.0
0,0.0
0,0.0
0,0.007598351716948553
0,0.31752582565836374
0,0.0
0,0.012401395850801912
0,0.016499916461342665
0,0.0
0,0.0
0,0.0
0,0.0
0,0.009670078663227515
0,0.0
0,0.0
0,0.16063809243310662
0,0.0
0,0.003347607395323547
0,0.0
0,0.001269360635556223
0,0.012645851885708425
0,0.33993170473932044
0,0.04001916560467437
0,0.0037934154851065553
0,0.0
0,0.0
0,0.0
0,0.0
0,0.29298351521695754
0,0.006819083983591548
0,0.0
0,0.09134566057254011
0,0.013785118066822243
0,0.0
0,0.0
0,0.0
0,0.0
0,0.0
0,0.006415518047028103
0,0.006792837032536529
0,0.0
0,0.0
0,0.04500177649604331
0,0.0
0,0.0005922073295029116
0,0.0
0,0.0
0,0.008833821003353422
0,0.08771870062135638
0,0.0
0,0.01481885265329013
0,0.0
0,0.0
0,0.19675592301882228
0,0.0
0,0.007274078480289692
0,0.0
0,0.0
0,0.011025342063039817
0,0.0
0,0.0
0,0.005575810664635702
0,0.0058907969658779065
0,0.2726331835213161
0,0.011000399251129951
0,0.0
0,0.0
0,0.0
0,0.01128380500085655
0,0.03700126410190247
0,0.0
0,0.0
0,0.3785562831132078
0,0.0
0,0.0
1,0.4996555352470946
0,0.004547241627651854
0,0.01909472790714471
0,0.007862009748050588
0,0.003767756047710034
0,0.01645655293896207
0,0.041530076410078144
0,0.07713733542724639
0,0.008543120784837127
0,0.0
0,0.0
0,0.0
0,0.0005922073295029116
0,0.0039169039785635264
0,0.0
0,0.0
0,0.0
0,0.0
0,0.0018197408536585373
0,0.009818997925179837
0,0.044684047523265685
0,0.0
0,0.006964415381568077
0,0.034636388451948254
0,0.0
0,0.0
0,0.0
0,0.221170211431886
0,0.0
1,0.6435719180038248
0,0.0008194943708030642
0,0.0
0,0.0
0,0.011942047355940755
0,0.0
0,0.06973153777470759
0,0.4488686159181626
0,0.24261235246886367
0,0.027476636862866027
0,0.0
0,0.01572842111437897
0,0.0
0,0.0033432415917712508
0,0.0
0,0.0
0,0.0
0,0.0
0,0.004445931762338686
0,0.006819083983591548
0,0.0005922073295029116
0,0.0033432415917712508
0,0.3897722673191118
0,0.32602835702333605
0,0.004599509629869756
0,0.0
0,0.0
0,0.0025110051705184385
0,0.005208333333333333
0,0.0
0,0.017979029119329578
0,0.0
0,0.0
0,0.008834750294940555
0,0.2467429744176923
0,0.040646002803331964
0,0.0
0,0.0
0,0.0
0,0.005208333333333333
0,0.0
0,0.00867908403404468
0,0.0
0,0.0
0,0.016267840128867315
0,0.0
0,0.0
0,0.21407298640341657
0,0.0
0,0.0005922073295029116
0,0.00889632594428715
0,0.0
0,0.0
0,0.0015693970806176481
0,0.0414288275153362
0,0.0
0,0.4000143708022525
0,0.0018239266860590388
0,0.017683584426112595
0,0.0
0,0.003993271008862552
0,0.0098592167029721
0,0.03718475604095068
0,0.0
0,0.030877624043767204
0,0.0
0,0.285116218061231
0,0.0
0,0.3879640296532308
0,0.0
1,0.7966352782859182
0,0.0
0,0.0
0,0.0
0,0.004836199911608721
0,0.0
0,0.26354751645283747
0,0.01309062992794538
0,0.008840785774383348
0,0.0
0,0.0
0,0.0163445331721637
0,0.0
0,0.026050845622856016
0,0.02775980975124385
0,0.0
0,0.0
0,0.012802017666244343
1,0.8881311302098087
0,0.0
0,0.002318370409604521
0,0.0003311556813138004
0,0.0
0,0.0
0,0.0
0,0.0
0,0.25922847919642367
0,0.01072340937708744
0,0.0
0,0.005208333333333333
0,0.013226730101584849
0,0.0
0,0.0
0,0.0
0,0.0
0,0.003193397373540858
0,0.009687808124630257
0,0.5271270349189786
0,0.16138632429871694
0,0.0037087378720366926
0,0.09563146109860005
0,0.0
0,0.0
0,0.0005922073295029116
0,0.0
0,0.0030494482958383514
0,0.0
0,0.0
0,0.016127722397940733
0,0.2459824275453235
0,0.016807786749694614
0,0.0
0,0.0
0,0.005534341315201067
0,0.0
0,0.3281127201094664
0,0.06885257229520701
0,0.0
0,0.0
0,0.0
0,0.0
0,0.013637415339736593
0,0.0
0,0.008895751512124178
0,0.0
0,0.003806905236072291
0,0.0
0,0.21716517084768514
0,0.04175908883659569
0,0.0
0,0.0025612658955050938
0,0.0
0,0.00329916934619507
0,0.0010343161962365613
0,0.0008194943708030642
0,0.05100789521073191
0,0.04720795264671177
0,0.03276640260019388
0,0.0
0,0.0
0,0.0
0,0.0005922073295029116
0,0.0025612658955050938
0,0.0
0,0.03346805880365732
0,0.013732650139214755
0,0.009046561060481798
0,0.0
0,0.004839819182389938
0,0.0
0,0.01822252683466837
0,0.0
0,0.3568853524693745
0,0.013997388930899994
0,0.0
0,0.0
0,0.0
0,0.0
0,0.0059531184028407515
0,0.0
0,0.0
0,0.297479169108095
0,0.0
0,0.0
0,0.16780668391075348
0,0.0
0,0.0
0,0.0
0,0.0
1,0.41548275989461736
0,0.003122056844908103
0,0.2888781607305407
0,0.004396427614838623
0,0.0
0,0.004384793447293449
0,0.00792277831245484
0,0.0
0,0.0
0,0.0
0,0.0
0,0.006084684904398033
0,0.0
0,0.0
0,0.0
0,0.0
0,0.007281803758640858
0,0.0
0,0.01432634490484161
0,0.0
0,0.0033432415917712508
0,0.0
0,0.0028614501248851766
0,0.008353712552749344
0,0.0
0,0.0
0,0.0005922073295029116
0,0.017102086264300115
0,0.0039794764059469965
0,0.007823639684835312
0,0.0
0,0.0
0,0.0
0,0.0
0,0.23479620008436677
0,0.0
0,0.0
0,0.01396085781962573
0,0.013362249662065527
0,0.0
0,0.0
0,0.0
0,0.0
0,0.0
0,0.01402615374046265
0,0.32108296702863054
0,0.010889477504549815
0,0.0
0,0.3260171234069796
0,0.002318370409604521
0,0.006737875324068088
0,0.0
0,0.06892418947952107
0,0.0008813865918487865
0,0.02518329104625798
0,0.0
0,0.0
0,0.0
0,0.0005922073295029116
0,0.001290335345595504
0,0.006519203200620012
0,0.2946139581121786
0,0.0
0,0.03325751112123455
0,0.0
0,0.0
0,0.0035334773857447228
0,0.0017628678444850145
0,0.0
0,0.02633951570617246
0,0.0
0,0.0
0,0.0
0,0.0005922073295029116
0,0.0005922073295029116
0,0.00445429104477612
0,0.02794061258979715
0,0.0028943347437705718
0,0.006648676231149324
0,0.0039326051214182605
0,0.0
0,0.00976784451701607
0,0.1042982920321419
0,0.0
0,0.0
0,0.0
0,0.0
0,0.04562340339069682
0,0.0
0,0.24182368431644174
0,0.0
0,0.0
0,0.0
0,0.0
0,0.0
0,0.0
0,0.0
0,0.0
0,0.0
0,0.4418058395219604
0,0.0
0,0.0033432415917712508
0,0.0005922073295029116
0,0.20099415145390176
0,0.005965196559975637
0,0.0
0,0.005657205597740088
0,0.0
0,0.0
0,0.0
0,0.0
0,0.0
0,0.012507387053559612
0,0.0
0,0.0
0,0.037585667597282005
0,0.0
0,0.07344179473565576
0,0.4254840544259644
0,0.024237578023795572
0,0.003708207998515789
0,0.0005922073295029116
0,0.00431210817936127
0,0.00781719628714954
0,0.06727994430005356
0,0.006470901752459428
0,0.0
0,0.005191716959372668
0,0.0
0,0.0
0,0.0
0,0.010416666666666666
0,0.0
0,0.006863548154473345
0,0.0017628678444850145
0,0.0
0,0.007733160143371384
0,0.0
0,0.3431699201986733
0,0.0
0,0.0
0,0.0027724378201083766
0,0.0
0,0.0
0,0.0
0,0.0032864275703273597
0,0.0
0,0.06905374986254456
0,0.011565714556167499
0,0.0
0,0.03954029788642645
0,0.0
0,0.0039169039785635264
0,0.0
0,0.015660685233282068
0,0.0
0,0.0
0,0.0017628678444850145
0,0.0
0,0.0007278479258585867
0,0.07000202922466861
0,0.0
0,0.1902019930885203
0,0.0
0,0.0
0,0.28387559186459954
0,0.0
0,0.09297172752072015
0,0.002576992413013668
0,0.0
0,0.24511386328326779
0,0.0
0,0.0
0,0.0005922073295029116
0,0.029990477748120515
0,0.0
0,0.0036045275231077457
0,0.005272013269582928
0,0.0
0,0.0031537202190342005
0,0.003122056844908103
0,0.0003311556813138004
1,0.7814215909755536
0,0.0
0,0.019472703165956704
0,0.0
0,0.0
0,0.0
0,0.0
0,0.014177406194836706
0,0.0005922073295029116
0,0.0
0,0.0
0,0.0
0,0.0
0,0.0
0,0.005846978116958515
0,0.010398981017317505
0,0.0005415127096976362
0,0.0021884033495722954
0,0.002318370409604521
0,0.0
0,0.26717182507705184
0,0.014577126507859703
0,0.005100282634818332
0,0.0005922073295029116
0,0.0
0,0.0
0,0.0
0,0.0
0,0.0
0,0.0008194943708030642
0,0.0
0,0.2067835562192989
0,0.004155544305351
0,0.0
0,0.0
0,0.014181292835909215
0,0.0
0,0.004475910270378345
0,0.011172149923105135
0,0.0
0,0.0
0,0.0
0,0.12142896159987192
0,0.0
0,0.0
0,0.0
0,0.0
0,0.06587320344278925
0,0.0
0,0.0
0,0.0
0,0.0
0,0.0
0,0.006765300961052101
0,0.0
0,0.0034954151104989468
0,0.0
0,0.0
0,0.022351213942422288
0,0.004906310715887012
0,0.0
0,0.0
0,0.0
0,0.0
0,0.0
0,0.0
0,0.04791387144571165
0,0.0
0,0.0
0,0.0
0,0.002142268663534317
0,0.0
0,0.004580543154761906
0,0.0
0,0.0
0,0.0003311556813138004
0,0.32537516617932016
0,0.007130677184616667
0,0.0
0,0.0
0,0.0008813865918487865
0,0.0
0,0.0
0,0.0066451611014251705
0,0.0
0,0.0
0,0.0034491088180112514
0,0.0
0,0.013182862596893276
0,0.0028685883432366306
0,0.0
0,0.0
0,0.0
0,0.33206403418059066
0,0.0008194943708030642
0,0.17284166836315182
0,0.0033746525282187414
0,0.005657205597740088
0,0.0
0,0.0019876824228335197
0,0.031034818055495215
0,0.022232484401677466
0,0.0
0,0.3595549842406968
0,0.0
0,0.006896637734093408
0,0.0
0,0.0
0,0.011735383069714328
0,0.33639470855340253
0,0.0
0,0.0
0,0.0
0,0.0005922073295029116
0,0.0
0,0.0
0,0.0
0,0.09696990749580899
0,0.0
0,0.3267323914875219
0,0.0
0,0.0018239266860590388
0,0.0
0,0.0034491088180112514
0,0.0
0,0.012661447516467228
0,0.0
0,0.0
0,0.0005922073295029116
0,0.0
0,0.016129064774822125
0,0.0017628678444850145
0,0.0039794764059469965
0,0.16838935856240292
0,0.0
0,0.0
1,0.4686694814008861
0,0.0039794764059469965
0,0.004239198923221325
0,0.0005922073295029116
0,0.0
0,0.03765063449362308
0,0.0
0,0.0
0,0.007498957999140683
0,0.008667553268590955
0,0.0
0,0.0
0,0.005272013269582928
0,0.0005922073295029116
0,0.013712109006836753
0,0.0005922073295029116
0,0.0
0,0.007621800644415876
0,0.0
0,0.0
0,0.0
0,0.0
0,0.0
0,0.09214151635563839
0,0.006121231143631954
0,0.0583932253091499
0,0.2228163482332299
0,0.008087133710509092
0,0.0
0,0.2435531502745685
0,0.004421984344927713
0,0.0
0,0.004781796563324169
0,0.0
0,0.0
0,0.0
0,0.006819083983591548
0,0.011387597441776512
0,0.0
0,0.0
0,0.07673583835426817
0,0.0
0,0.0
0,0.005129394531249999
0,0.005846231725067909
0,0.0
0,0.3678961852861198
0,0.0
0,0.0
0,0.0
0,0.017109863547554723
0,0.0
0,0.0005922073295029116
0,0.0
0,0.0
0,0.0
0,0.0
0,0.0
0,0.0005922073295029116
0,0.0
0,0.0
0,0.0
0,0.0
0,0.198056203904763
0,0.0
0,0.0
0,0.0
0,0.0
0,0.0
0,0.004227417324727572
0,0.0
0,0.0766937408181471
0,0.21175614295978928
0,0.0030494482958383514
0,0.008984311743303554
0,0.0
0,0.010260076401672215
0,0.05653584802657807
0,0.0
0,0.31490934739558857
0,0.004579805663401858
0,0.0
1,0.8571831295238169
0,0.0
0,0.0320464188009253
0,0.012482411813623024
0,0.2181341536974953
0,0.0007278479258585867
0,0.0
0,0.014169113584422922
0,0.0
0,0.0
0,0.0
0,0.0
0,0.0
0,0.0
0,0.0
0,0.0
0,0.008188388863962165
0,0.0
0,0.00364969843519831
0,0.010754124183242642
0,0.02472052352483881
0,0.0
0,0.23675974761702268
0,0.0
0,0.02131363315616697
0,0.0008194943708030642
0,0.0
0,0.0
0,0.0005922073295029116
0,0.0
0,0.03034963223127386
0,0.011790032785708726
0,0.3342820658472833
0,0.0
0,0.0
0,0.12573702220394076
0,0.0
0,0.09365399623239255
0,0.005657205597740088
0,0.25429701288684253
0,0.0
0,0.0
0,0.0005922073295029116
0,0.013001857043466696
0,0.0
0,0.0
0,0.0
0,0.004781796563324169
0,0.1334490952524963
0,0.0
0,0.0
0,0.0
0,0.0
0,0.0
0,0.011284750429662718
0,0.0
0,0.002142268663534317
0,0.0
0,0.0
0,0.0
0,0.05348057666555409
0,0.0060776664521674
0,0.0
0,0.0
0,0.21790983523245633
0,0.0
0,0.0
0,0.0015569676277187676
0,0.0
0,0.0039326051214182605
0,0.006555600494689426
0,0.0
0,0.00792883277156342
0,0.0
0,0.004281708281365899
0,0.00327054794520548
0,0.0
0,0.0
0,0.0
0,0.0
0,0.04738453838392797
0,0.0
0,0.011037472932557163
0,0.0
0,0.0
0,0.004579805663401858
0,0.017851161022723067
0,0.0
0,0.0
0,0.009528612820786812
0,0.1418477989902294
0,0.24125393790092609
0,0.04411581243157276
0,0.0
0,0.0010343161962365613
0,0.0033432415917712508
0,0.0
0,0.007295847976163681
0,0.0
0,0.0005922073295029116
0,0.0005726668120366298
0,0.0039169039785635264
0,0.0
0,0.0
0,0.0
0,0.00782387938859186
0,0.008020318548485316
0,0.0005726668120366298
0,0.007113997722382684
0,0.36138960657557395
0,0.0
0,0.0
0,0.0077820998726993405
0,0.0
0,0.04827971087472046
0,0.03599447155857163
0,0.003806905236072291
0,0.008173877936592376
0,0.00464697506640039
0,0.006392604790113582
0,0.18022720704115924
0,0.0
0,0.0
0,0.0
0,0.0
0,0.0
0,0.01625155238912211
0,0.017503668765582077
0,0.00715764182066517
0,0.0
0,0.3078623364961168
0,0.007659625500538488
0,0.010822582659301937
0,0.0
0,0.0007278479258585867
0,0.0
0,0.0008194943708030642
0,0.011478405752165952
0,0.002564296594282143
0,0.001274804380327354
0,0.0
0,0.017433624302529354
0,0.2770463492638954
0,0.004003155271360946
0,0.01688326199146831
0,0.0028685883432366306
0,0.0
0,0.015486042490118576
0,0.025767236430504572
0,0.19758680613169952
0,0.0
0,0.0
0,0.00327054794520548
0,0.0
0,0.0
0,0.012150990724481727
0,0.004021986604863903
0,0.0
0,0.0
0,0.0
0,0.0
0,0.10062031457502178
0,0.0040719374126706185
0,0.012300552276405613
0,0.29915084573998524
0,0.008771103691906928
1,0.5349088297788329
0,0.0005922073295029116
0,0.0
0,0.30460415338655195
0,0.0
0,0.0
0,0.0
0,0.017250769059736114
0,0.0
0,0.0
0,0.0
0,0.0
0,0.0
0,0.0
0,0.0
0,0.0
0,0.0
0,0.0
0,0.22626308329860914
0,0.0
0,0.0
0,0.004661875907859078
0,0.0
0,0.0
0,0.0
0,0.013296190310711614
0,0.0038116091088925583
0,0.0
0,0.005130208333333334
0,0.00364969843519831
0,0.007928601730433133
0,0.004861461698976842
0,0.016647048500308653
0,0.0005922073295029116
0,0.012109562157229463
0,0.12499172331535524
0,0.007369202953420622
0,0.009918898117038057
0,0.0
0,0.17988226965624246
0,0.009179882554435088
0,0.0
0,0.0
0,0.0
0,0.0
0,0.0
1,0.7016356471373387
1,0.634099710833161
0,0.002318370409604521
0,0.139301915794983
0,0.08037834630972816
0,0.0
0,0.2618242208740649
0,0.266609229801053
0,0.28389822158014943
0,0.005535240687024303
0,0.0010343161962365613
0,0.007442777219886728
0,0.016723592341514854
0,0.006732536718364668
0,0.00512939453125
0,0.015440839778061289
0,0.0
0,0.0007278479258585867
0,0.0
0,0.0
0,0.0007278479258585867
0,0.0
0,0.0
0,0.003761242552703941
0,0.03174422332971693
0,0.0
0,0.017175241144972108
0,0.0
0,0.002318370409604521
0,0.002734475993037229
0,0.0005922073295029116
0,0.0
0,0.004155544305351
0,0.0
0,0.0039326051214182605
0,0.01826716952286403
0,0.010428803563034038
0,0.0
0,0.00876920803817656
0,0.0047207775091884065
0,0.0068501814345662245
0,0.007144455146739478
0,0.0033746525282187414
0,0.0
0,0.0
0,0.08063432921230433
0,0.0
0,0.0017628678444850145
0,0.0
0,0.0
0,0.002411948183161449
0,0.0
0,0.0
0,0.0
0,0.0
0,0.002331912878787881
0,0.0
0,0.0
0,0.0
0,0.0
0,0.0
0,0.0
0,0.0
0,0.009120976846891412
1,0.9122338157001245
0,0.005337631894226549
0,0.001290335345595504
0,0.007046509084990643
0,0.0
0,0.0
0,0.08651547691082413
0,0.0
0,0.00364969843519831
0,0.0
0,0.0
0,0.0892477288777419
0,0.0
0,0.0033432415917712508
0,0.033205004656130174
0,0.0
0,0.004946491186280656
0,0.0
0,0.0019468536874655655
0,0.0008194943708030642
0,0.0
0,0.009111133605701314
0,0.008771103691906928
0,0.20446460778258913
0,0.318753891202298
0,0.05360732218026739
0,0.0017628678444850145
0,0.0
0,0.06736446130029365
0,0.0
1,0.783225717672973
0,0.0
0,0.008728824759818449
0,0.005166918171197449
0,0.0026004191695821396
0,0.0
0,0.015199831134263549
0,0.011873750579096343
0,0.0010343161962365613
0,0.0
0,0.006023484616662936
0,0.01252805052105691
0,0.0
0,0.0
0,0.0
0,0.0
0,0.0015693970806176481
0,0.0
0,0.0
0,0.0
0,0.0
0,0.02173727692693514
0,0.49262189296343123
0,0.0017628678444850145
0,0.0
0,0.0
0,0.005013604149697461
0,0.0005922073295029116
0,0.006312984068924697
0,0.48788987498874126
0,0.0
0,0.006819083983591548
0,0.026777753721545994
0,0.0
0,0.0
0,0.007314790812873007
0,0.0008194943708030642
0,0.0
0,0.0
0,0.4378003401817834
0,0.0
0,0.0
0,0.0
0,0.0
0,0.005543607480787857
0,0.018337187696621807
0,0.22680759084429783
0,0.09536202249831906
0,0.0
0,0.12187394957486368
0,0.0
0,0.0015569676277187676
0,0.0
0,0.008624107294975909
0,0.0
0,0.0
0,0.28493867140514295
0,0.018663804133889957
0,0.014138111124720866
0,0.007665574299668773
0,0.0
0,0.006819083983591548
0,0.0
0,0.0
0,0.0
0,0.1645668366722459
0,0.0
0,0.0
0,0.0
0,0.0
0,0.0
0,0.0
0,0.005534429085654224
0,0.0
0,0.0
0,0.11587393455978273
0,0.0
0,0.013052558956956882
0,0.2760131330760894
0,0.0
0,0.20905478490765972
0,0.0
0,0.0
0,0.008353712552749344
0,0.009866411645183955
0,0.0
0,0.0
0,0.0
0,0.0
0,0.0
0,0.0
0,0.0
0,0.0
0,0.0
0,0.015349940405540045
0,0.0005415127096976362
0,0.0005922073295029116
0,0.0
0,0.0
0,0.0
0,0.0
0,0.014471163877872964
0,0.0028685883432366306
0,0.0
0,0.0
0,0.0
0,0.0005922073295029116
0,0.0
0,0.017999830266172526
0,0.0
0,0.013412962867610434
0,0.008020318548485316
0,0.00700373036251116
0,0.00748647764784419
0,0.11769405882358296
0,0.0025110051705184385
0,0.026051007276395397
0,0.002564296594282143
0,0.0
0,0.0
0,0.004169816250199788
0,0.01282125334862406
0,0.005816306711999376
0,0.0027555495834888327
1,0.15748577995827787
0,0.01156169128243053
0,0.0
0,0.005157654049572608
0,0.01163422175785451
0,0.0
0,0.007918851110906481
0,0.0
0,0.0
0,0.0
0,0.025905620603744132
0,0.0
0,0.0
0,0.00745451727796001
0,0.0
0,0.0
0,0.01633005304061225
0,0.11654249430799596
0,0.007928240317956319
0,0.0
0,0.0
0,0.0
0,0.0
0,0.0005922073295029116
0,0.11303518442390466
0,0.0
0,0.0
0,0.00891910429055575
0,0.00819568482045577
0,0.008649580463195765
0,0.02284268292669503
0,0.0
0,0.0
0,0.3108627026540522
0,0.0
0,0.0
0,0.0
0,0.0005922073295029116
0,0.0
0,0.0
0,0.0
0,0.0005922073295029116
0,0.0049379967122721085
0,0.0
0,0.0003311556813138004
0,0.0
0,0.0
0,0.012806685050281888
0,0.0
0,0.01257916861531499
0,0.0005922073295029116
0,0.006121231143631954
0,0.0059531184028407515
0,0.00889632594428715
0,0.010723631212369517
0,0.0
0,0.0
1,0.979442816418321
0,0.0
0,0.0
0,0.0
0,0.0
0,0.0
0,0.13665854644192962
0,0.0
0,0.0
0,0.003806905236072291
0,0.0
0,0.0005922073295029116
0,0.0
0,0.0
0,0.0
0,0.0
0,0.0005922073295029116
0,0.19943135651522612
0,0.07312015227329358
0,0.0
0,0.3511830418511362
0,0.0
0,0.0008194943708030642
0,0.0
0,0.0068094636901694545
0,0.0005922073295029116
0,0.003193397373540858
0,0.3398392288513723
0,0.0
0,0.0
0,0.0
0,0.0
0,0.0
0,0.0035969909436166995
0,0.003974772533126729
0,0.0
0,0.0
0,0.0051898605015875615
0,0.003761242552703941
0,0.0
0,0.0
0,0.0
0,0.02771172039874734
0,0.0
0,0.00561096118536964
0,0.009728776695983042
0,0.26966095365340736
0,0.0
0,0.0
0,0.0
0,0.0
0,0.005657205597740088
0,0.0
0,0.0029517126229038665
0,0.0
0,0.004155544305351
0,0.15372082315679164
0,0.032948937445352884
0,0.0
0,0.011483997068215776
0,0.21822972491277973
0,0.0015569676277187676
0,0.0
0,0.0
0,0.01697991366793409
0,0.0
0,0.0
0,0.0019876824228335197
0,0.0
0,0.0
0,0.0024507836724664347
0,0.0005922073295029116
0,0.0
0,0.0
0,0.0008194943708030642
0,0.015289965799991595
0,0.0
0,0.0
0,0.0
0,0.012740693298268144
0,0.0
0,0.0
0,0.005751531856983432
0,0.43672926221741354
0,0.03748604392224495
0,0.0
0,0.0
0,0.0
0,0.0019876824228335197
0,0.0028421608518322396
0,0.0
0,0.0
0,0.0
0,0.0
0,0.0
0,0.005129394531249999
0,0.0
0,0.0
0,0.0
0,0.0
0,0.0
0,0.0
0,0.005575810664635702
0,0.0
0,0.0
0,0.0
0,0.0
0,0.0
0,0.0005922073295029116
0,0.0
0,0.008937340868675168
0,0.0
0,0.0
0,0.004599509629869756
0,0.0038922057796469977
0,0.004861461698976842
0,0.0039326051214182605
0,0.000983879548042916
0,0.0
0,0.004202328715490622
0,0.0
0,0.0
0,0.0
0,0.0
0,0.290593181503041
0,0.0
1,0.628395888968009
0,0.0
0,0.238620986681551
0,0.0
0,0.0
0,0.0
0,0.004544165343724341
0,0.0008194943708030642
0,0.0017628678444850145
0,0.0
0,0.00819568482045577
0,0.00327054794520548
0,0.0
0,0.0
0,0.0
0,0.0035983353105216213
0,0.006455996918862649
0,0.009683359920680938
0,0.015016176296536421
1,0.8428136755712746
0,0.0008194943708030642
0,0.0
0,0.0
0,0.0
0,0.010158224213186311
0,0.010050761603225603
0,0.005933816661826391
0,0.0717538250171859
0,0.0
0,0.0
0,0.012113897662679627
0,0.003347607395323547
0,0.0
0,0.018931558658133847
0,0.0
0,0.0
0,0.0
0,0.04243633263778913
0,0.0066672314312801835
0,0.013887403304287787
0,0.012150990724481727
0,0.0
0,0.09018050887696094
0,0.0
0,0.006568225577595426
0,0.13235799444001345
0,0.0019876824228335197
0,0.001274804380327354
0,0.00278244519871583
0,0.008166399526530347
0,0.0
0,0.0
0,0.016299954837512953
0,0.0028943347437705718
0,0.0
0,0.10866618847025672
0,0.004281708281365899
0,0.00787931998717036
0,0.0
0,0.0
0,0.0
0,0.035387621017901244
1,0.7539851702259894
0,0.0008194943708030642
0,0.01271226443646824
0,0.003122056844908103
0,0.0
0,0.0
0,0.0
0,0.004967585854473496
0,0.35580686386277766
0,0.0
0,0.0
0,0.0
0,0.0
0,0.002576992413013668
0,0.014991981428618796
0,0.21991196635805074
0,0.0
0,0.004634340566691415
0,0.0
0,0.014492483036911114
0,0.007962932284713639
0,0.008207532326247886
0,0.0
0,0.011741600092868086
0,0.08755648201951131
0,0.0
0,0.0
0,0.002186746023805437
0,0.01717799370465939
0,0.0
0,0.004169816250199788
0,0.007806044754965897
0,0.008555940728656881
0,0.0
0,0.0
0,0.007291424974916212
0,0.0033432415917712508
0,0.00889632594428715
0,0.016961308092847623
0,0.007253628570882339
0,0.014263639901678041
0,0.002326338447365625
0,0.016575629661210796
0,0.0923858286019158
0,0.0
0,0.032278879298977055
0,0.0
0,0.006392604790113582
0,0.003207676735151117
0,0.001274804380327354
0,0.0037934154851065553
0,0.0
0,0.0
0,0.014505594480773725
0,0.31089775535543535
0,0.007888055305666592
0,0.0008558767624639974
0,0.0
0,0.03260117878925858
0,0.0007656142644453069
0,0.0
0,0.0
0,0.1768790352688677
0,0.0
1,0.7175292737916358
0,0.0
0,0.010977565164902016
0,0.004445931762338686
0,0.0
0,0.0
0,0.0
0,0.0
0,0.08468650913742785
0,0.0
0,0.0028685883432366306
0,0.0
0,0.0
0,0.006497590139838228
0,0.24403714587972447
0,0.009115533428662491
0,0.0
0,0.0
0,0.0
0,0.3676268218870617
0,0.0
1,0.9284630792828005
0,0.4172807164656647
0,0.004155544305351
0,0.0
0,0.0
0,0.0
0,0.006075222563372665
0,0.0005922073295029116
0,0.0
0,0.0
0,0.007897471245483902
0,0.0
0,0.19264649588529606
0,0.0
0,0.0
0,0.0
0,0.04571069037145558
0,0.0
0,0.2907808405888764
1,0.468848006323665
0,0.009502156836179436
0,0.0
0,0.0
0,0.018565710002258165
0,0.06491083065485113
0,0.005173876157452069
0,0.0
0,0.0
0,0.0
0,0.004666642388020639
0,0.0
0,0.0
0,0.0
0,0.0
0,0.0
0,0.007329425877340027
0,0.003974772533126729
0,0.0
0,0.1270277266080417
0,0.0
0,0.14160430485279593
0,0.0
0,0.0
0,0.011805177274545553
0,0.005450078220215312
0,0.0
0,0.106597468222062
0,0.0
0,0.0
0,0.0
0,0.48469006833980993
0,0.0
0,0.0030494482958383514
0,0.1705774760265956
0,0.33715658241243557
0,0.0
0,0.009837740566536985
0,0.0
0,0.0
0,0.07623212622680715
0,0.18424957066859662
0,0.0
0,0.0
0,0.0023670145648568767
0,0.0
0,0.005703447608272671
0,0.0
0,0.0
0,0.0
0,0.0
0,0.0005922073295029116
0,0.023351859163267166
0,0.008833821003353422
0,0.0
0,0.0
0,0.05107319387514889
0,0.003347607395323547
0,0.0
0,0.0
0,0.0
0,0.0
0,0.0
0,0.0034491088180112514
0,0.2638166726709443
0,0.0
0,0.0
0,0.0
0,0.0
0,0.00421643989984359
0,0.0
0,0.019470335215987473
0,0.0
0,0.0
0,0.0
0,0.037576211866498975
0,0.0
0,0.10124918485754182
0,0.0036699547854648156
0,0.0
0,0.1107763866077217
0,0.0
0,0.0
0,0.0
0,0.007129992997470709
0,0.0
0,0.0
0,0.004906310715887012
0,0.0
0,0.009655478376262445
0,0.0007656142644453069
0,0.2141392380834212
0,0.004544165343724341
0,0.0
0,0.009776349167759352
0,0.0
0,0.0
0,0.008297240757589433
0,0.09071599377536908
0,0.0
0,0.0
0,0.006682149769756414
0,0.0
0,0.34262668336232677
0,0.00480983734329842
0,0.0
0,0.0
0,0.0
0,0.00767561365794785
0,0.0
0,0.3698940958973291
0,0.0
0,0.007539750123591232
0,0.0
0,0.0037934154851065553
0,0.0
0,0.004574710841694537
0,0.0
0,0.0008194943708030642
0,0.0
0,0.002225686912509041
0,0.0
0,0.002142268663534317
0,0.08324492386203644
0,0.32638924955635057
0,0.008192738286214371
0,0.0
0,0.0
0,0.0
0,0.0
0,0.011724836951087935
0,0.0
0,0.0
0,0.006034909266911025
0,0.009129695749482379
0,0.0024572409663354395
0,0.0
0,0.007818275186750686
0,0.29006069147941055
0,0.004155544305351
0,0.0
0,0.0
1,0.4998465821014402
0,0.0
0,0.004231519077081723
0,0.012368627987268696
0,0.004781796563324169
0,0.3802571422297126
0,0.003318653962798221
0,0.06560977988722493
0,0.0
0,0.0
0,0.0031483630412347248
0,0.22575770349276744
0,0.283742464461094
0,0.004155544305351
0,0.008937340868675168
0,0.0
0,0.025816091085099593
0,0.005208333333333333
0,0.0
0,0.004445931762338686
0,0.018592237320696783
0,0.0
0,0.0
0,0.0
0,0.002142268663534317
0,0.0
0,0.0
0,0.022328434820421763
0,0.034356187109550254
0,0.0028943347437705718
0,0.013574855568464541
0,0.008825038172442581
0,0.012880579511024975
0,0.0
0,0.0
0,0.017219567488272556
0,0.0
0,0.0
0,0.21491903915851884
0,0.0
0,0.0
0,0.0
0,0.0
0,0.0
0,0.023179089380181536
0,0.0
0,0.0
0,0.0
0,0.0
0,0.013412962867610434
0,0.0510895493840137
0,0.0
0,0.0
0,0.0
0,0.0933442642584721
0,0.0
0,0.0
0,0.0
0,0.0
0,0.0
0,0.0026004191695821396
0,0.0
0,0.04386085049285219
0,0.0
0,0.007598351716948553
0,0.0
0,0.0
0,0.0
0,0.0
0,0.0
0,0.0
0,0.0
0,0.0
0,0.0
0,0.0
0,0.005798699219185768
0,0.044826441304663504
0,0.0
0,0.0
0,0.030115087729763634
0,0.011853534067070863
0,0.011787165815608631
0,0.25695274350241826
0,0.0
0,0.0
0,0.005686150249334369
0,0.005575810664635702
0,0.0
0,0.0
0,0.3075958334025381
0,0.0
0,0.0
0,0.24154959553039526
0,0.29267966881902946
0,0.0
0,0.0
0,0.013981156720646523
0,0.0
0,0.004722861526658997
0,0.17211360058063507
1,0.901362880737984
0,0.0
0,0.0
0,0.0081600459562372
0,0.007715560872259621
0,0.010567433211162746
0,0.0
0,0.0
0,0.0
0,0.09126321736417488
0,0.0
0,0.0
0,0.0
0,0.0
0,0.005272013269582928
0,0.0
0,0.0
0,0.0
1,0.8108043175317663
0,0.0
0,0.0
0,0.0
0,0.0
0,0.019475583463936786
0,0.0
0,0.30786591557158954
0,0.004807909756622866
0,0.018869827132337993
0,0.0
0,0.0
0,0.2465756073032722
0,0.0
0,0.01549593244078743
0,0.025060783832102074
0,0.0
0,0.0034818057614309263
0,0.005526181038421541
0,0.0
0,0.005268445306971853
0,0.00946979613032872
0,0.006555600494689426
0,0.001274804380327354
0,0.0
0,0.0
0,0.0
0,0.0
0,0.24458349302492718
0,0.0
0,0.02347911747378703
0,0.057983235722697306
0,0.22512389859087492
0,0.040133573653212413
1,0.4817042371988074
0,0.0
0,0.0
0,0.0
0,0.0034818057614309263
0,0.0
0,0.0
0,0.0
0,0.0
0,0.0
0,0.0
0,0.007113997722382684
0,0.0
0,0.1222600075410941
0,0.31269445667113244
0,0.09263102242124212
0,0.14154881595657556
0,0.015072063346714229
0,0.3868552719628768
0,0.0
0,0.0
0,0.011043364877064093
0,0.003548783574437367
0,0.0
0,0.03521192425871731
0,0.004202328715490622
0,0.345440964052552
0,0.0
0,0.004500182748538011
0,0.005751531856983432
0,0.008015181918011044
0,0.005703447608272671
0,0.0
0,0.0018670117098302658
0,0.0
0,0.0003311556813138004
0,0.0
0,0.0
0,0.37765592137098136
0,0.0005922073295029116
0,0.0
0,0.005756767007583349
0,0.005054392446633827
0,0.0
0,0.004281708281365899
0,0.0
0,0.0
0,0.1016081291061931
0,0.06539900318520375
0,0.006391294726123924
0,0.0
0,0.0099901298966575
0,0.0
0,0.0
0,0.0
0,0.015661993954508513
0,0.0
0,0.0
0,0.0
0,0.0
0,0.0017628678444850145
0,0.0
0,0.0005922073295029116
0,0.0
0,0.011184112729458226
0,0.07808382428302896
0,0.20683367056184734
0,0.0
0,0.004841480975666967
0,0.0
0,0.2886721622435031
0,0.0
0,0.07759064567421593
0,0.0
0,0.0
0,0.0
0,0.2919109050114975
0,0.010017445749263776
0,0.02225871116609698
0,0.007533821811174515
0,0.0
0,0.0
0,0.005657205597740088
0,0.0
0,0.0
0,0.006407294395744984
0,0.0
0,0.0019468536874655655
0,0.009841374998137675
0,0.009502156836179436
0,0.0005415127096976362
0,0.0
0,0.0
1,0.5769753263167984
0,0.0005922073295029116
0,0.0
0,0.0
0,0.0
0,0.0039326051214182605
0,0.0
0,0.005798699219185768
0,0.0
0,0.0
0,0.003347607395323547
0,0.0
0,0.0
0,0.284565744059444
0,0.0
0,0.0
0,0.0
0,0.010770726379856106
0,0.0
0,0.04000317643627829
0,0.0019876824228335197
0,0.02433101045893594
0,0.0005922073295029116
0,0.001269360635556223
0,0.0
0,0.00329916934619507
0,0.0
0,0.0
0,0.0
0,0.0
0,0.0
0,0.18541257676254194
0,0.0004344585831315066
0,0.0
0,0.0
0,0.19336457981645824
0,0.03149897472613653
0,0.30328886389444326
0,0.19952396705076936
0,0.0
0,0.0
0,0.0
0,0.005208333333333333
0,0.0
0,0.005191716959372668
0,0.0005922073295029116
0,0.0017628678444850145
0,0.0003311556813138004
1,0.35300643035965984
0,0.3304292746822489
0,0.0
0,0.0005922073295029116
0,0.10396004807843674
0,0.0
0,0.32035145105774737
0,0.33590985677183177
0,0.0
0,0.0
0,0.13785872316822145
0,0.0
0,0.2349094173974369
0,0.0
0,0.2683550112530532
0,0.0
0,0.011416427152132447
0,0.0
0,0.0
0,0.0
0,0.25714658622244874
0,0.1608468318625786
0,0.0
0,0.06478708100994186
0,0.029397597712624155
0,0.28750834298051015
0,0.0
0,0.0
0,0.023165917004133823
0,0.01003010170941182
0,0.0
0,0.0
0,0.007626077110030933
0,0.01660813887968083
0,0.0
0,0.0
0,0.0
0,0.0
0,0.0
0,0.005208333333333333
0,0.008353712552749344
0,0.0
0,0.0
0,0.0
0,0.0
0,0.10926500840304497
0,0.0
0,0.0
0,0.279136934132541
0,0.0
0,0.0
0,0.014951490407276127
0,0.27617399263870585
0,0.0
0,0.0
0,0.3133815574492442
0,0.004624721768285811
0,0.0
0,0.0
0,0.006395809953094816
0,0.0
0,0.0
0,0.008353712552749344
0,0.0
0,0.0036267799554751266
0,0.0
0,0.0035983353105216213
0,0.012095887047513776
0,0.0
0,0.0
0,0.003806905236072291
0,0.016359594058392986
0,0.0
0,0.11109493038919295
0,0.1203735789552564
0,0.0028685883432366306
1,0.772861189811759
0,0.0
0,0.0019793864938197187
0,0.0
0,0.007763264729174738
0,0.0
0,0.009409939204445985
0,0.0
0,0.0
0,0.0
0,0.0
0,0.0
0,0.0
0,0.2721940777611561
0,0.0
0,0.009841374998137675
0,0.0028943347437705718
0,0.004739222478829869
0,0.027230819177251
0,0.0
0,0.0
0,0.0
0,0.00488859312758274
0,0.0
0,0.003761242552703941
0,0.00961382924750967
0,0.0
0,0.014516992664074102
0,0.0
0,0.0
0,0.0
0,0.006563838375417966
0,0.0
0,0.0
0,0.10775788368802251
0,0.0
0,0.0015569676277187676
0,0.0
0,0.0
0,0.292832190118784
0,0.0
0,0.058361125971185986
0,0.0
0,0.012016158449906958
0,0.005100282634818332
0,0.0
0,0.0
0,0.0
0,0.0
0,0.0
0,0.0
0,0.0039326051214182605
0,0.19151101543409865
0,0.0015569676277187676
0,0.0017628678444850145
0,0.004202328715490622
0,0.0
0,0.0
0,0.0
0,0.010664140166972466
0,0.008983682484414116
0,0.27295021152712134
0,0.000983879548042916
0,0.3500144439996864
0,0.0
0,0.0
0,0.0
0,0.0
0,0.009111133605701314
0,0.0008194943708030642
0,0.0007656142644453069
0,0.002149358153937391
0,0.0
0,0.0
0,0.1048225322679045
0,0.0
0,0.019333600767614027
0,0.06881979775725279
0,0.0068094636901694545
0,0.0
0,0.0
0,0.01783543945844419
0,0.0
0,0.14575729115138913
0,0.0
0,0.006149202744019506
0,0.1286230372318344
0,0.1853472427240929
0,0.0
0,0.0
0,0.008788696582915702
0,0.0
0,0.0
0,0.0
0,0.003347607395323547
0,0.0
0,0.0
0,0.0
0,0.0
0,0.0
0,0.10438631593881027
0,0.0
1,0.9919789744652808
0,0.0034954151104989468
0,0.0
0,0.0
0,0.002734475993037229
0,0.0031537202190342005
0,0.0
0,0.0
0,0.0
0,0.008728824759818449
0,0.1866375914551791
0,0.0
0,0.27114426769158756
0,0.0
0,0.0
0,0.0021884033495722954
0,0.0
0,0.0
0,0.0
0,0.005191716959372668
0,0.0
0,0.13466176982657888
0,0.0
0,0.29896861613813447
0,0.02346949424923496
0,0.0
0,0.0
0,0.00890897290364413
0,0.0
0,0.0
0,0.0027974541968470413
0,0.33080899262672786
0,0.008839355182969669
0,0.0
0,0.0441658928373084
0,0.005173876157452069
0,0.0
0,0.0
0,0.0005922073295029116
0,0.016469748408121432
0,0.0
0,0.0
0,0.014510137238801409
0,0.0
0,0.013641248957041573
0,0.008188388863962165
0,0.004400607507193165
0,0.0
0,0.0
0,0.3250576278950681
0,0.0
0,0.0
0,0.0
0,0.0
0,0.0
0,0.0
0,0.0
0,0.32623418795393383
0,0.006478943059172018
0,0.005377581942322722
0,0.005208333333333333
0,0.013412962867610434
0,0.0
0,0.2871227327774018
0,0.004202214630841541
0,0.26166271434626465
0,0.0
0,0.00889632594428715
0,0.009937573935591538
0,0.31979905509657375
0,0.0
0,0.005575765510056462
0,0.0
0,0.0
0,0.0005922073295029116
0,0.0
0,0.01615559046337958
0,0.0
0,0.0
1,0.45042307642429275
0,0.23377474373748955
0,0.005513475987805567
0,0.0
0,0.0
0,0.004763767947340501
0,0.07853536408255689
0,0.0
0,0.0
0,0.33466952377612885
0,0.008020318548485316
0,0.4961049517513659
0,0.0
0,0.010377724625176802
0,0.0
0,0.0
0,0.0
0,0.0
0,0.0
0,0.10566813981001984
0,0.0
0,0.1266663213301171
0,0.0
0,0.0
0,0.00463739581861845
0,0.0
0,0.010677359993621974
0,0.0
0,0.018609721628150378
0,0.0
0,0.0
0,0.15300055164573131
0,0.0
0,0.00867808562174954
0,0.0008194943708030642
0,0.0
0,0.0
0,0.0
0,0.0005922073295029116
0,0.025700882336755784
0,0.0
0,0.0
0,0.0
0,0.0
0,0.006561347751722864
0,0.0
0,0.014782010193709413
0,0.011055541741488789
0,0.24900576091503404
0,0.0
0,0.0
0,0.0
0,0.0
0,0.013845808782693097
0,0.25653787307630127
0,0.03019121616844114
0,0.005157846865996488
0,0.012004069653118612
0,0.0
0,0.019465857277955276
0,0.0
0,0.0
0,0.011387597441776512
0,0.0005922073295029116
0,0.0
0,0.0
0,0.0
0,0.0021697372769332464
0,0.0
0,0.00834839830329468
1,0.49584801715144944
0,0.007314790812873007
0,0.025636539013187132
0,0.023938316185915257
0,0.0
0,0.0
0,0.0
0,0.010519383046170507
0,0.44276394152602266
0,0.0005922073295029116
0,0.0
0,0.0
0,0.016948273464567756
0,0.09845327997510629
0,0.0
0,0.0
0,0.24681433628653845
0,0.0
0,0.0
0,0.0
0,0.0027987025265477587
0,0.0
0,0.006334985824978563
0,0.010132383202331523
0,0.0
0,0.0
0,0.30600050323194444
0,0.0
0,0.0
0,0.0019793864938197187
0,0.0
0,0.004574710841694537
0,0.4970046542383812
0,0.0
0,0.3047166753488617
0,0.007722529807954755
0,0.0
0,0.0015693970806176481
0,0.01937028695949515
0,0.003936226019184653
0,0.0
0,0.01023000338491903
0,0.0
0,0.0
0,0.005572552351978594
0,0.0
0,0.00431210817936127
0,0.0
0,0.15623806817412936
0,0.0
0,0.13360114373610446
0,0.004374849709437597
0,0.0005922073295029116
0,0.007962932284713639
0,0.0
0,0.0
0,0.0905851912403734
0,0.0015569676277187676
0,0.0
0,0.008353712552749344
0,0.09112250514721953
0,0.012692340298441756
0,0.003386171206035373
0,0.024406930177490477
0,0.0
0,0.0
0,0.003806905236072291
0,0.01290722619990036
0,0.0
0,0.0
0,0.41301638240260335
0,0.0
0,0.005272013269582928
0,0.1776139234094222
0,0.004201605871112652
0,0.007848276982587643
0,0.005208333333333333
1,0.6640091414216743
0,0.009556047752180863
0,0.0
0,0.006732536718364668
0,0.1054077642232154
0,0.0
0,0.0
0,0.0
0,0.0
0,0.18479770152103372
0,0.0
0,0.0
0,0.0
0,0.0
0,0.001269360635556223
0,0.0010343161962365613
0,0.15442704835203422
0,0.0
0,0.0
0,0.0
0,0.14706417832565669
0,0.0005922073295029116
0,0.0
0,0.0037934154851065553
0,0.0
0,0.0055477310986572
0,0.013440359303785407
0,0.3219119265982665
0,0.0030222910145461207
0,0.0
0,0.0
0,0.00999519366847519
0,0.009030768181530037
0,0.2499319523402439
0,0.0
0,0.007089012764062576
0,0.004722861526658997
0,0.0
0,0.0008813865918487865
0,0.0
0,0.0
0,0.0
0,0.014908926743575903
0,0.0
0,0.0
0,0.0
0,0.0
0,0.0
0,0.0005922073295029116
0,0.0
0,0.0008194943708030642
0,0.0
0,0.006981289505382667
0,0.0
0,0.0
0,0.0
0,0.0
0,0.30193353402751827
0,0.0055477310986572
0,0.0
0,0.0
0,0.0
0,0.0
0,0.004661875907859078
0,0.0
0,0.0
0,0.0008558767624639974
0,0.28017902068541684
0,0.0
0,0.0
0,0.0005922073295029116
0,0.003079506676292814
0,0.007500156166226607
0,0.0
0,0.01471049016951277
0,0.026518249422945353
0,0.013887403304287787
0,0.01018776549020435
0,0.0
0,0.0
0,0.0
0,0.0
0,0.0
0,0.009581268993174416
0,0.27749134548128734
0,0.0
0,0.0
0,0.0
0,0.006057150376256779
0,0.0
0,0.0
0,0.0
0,0.0
0,0.0
0,0.0
0,0.0
0,0.0
0,0.005208333333333333
0,0.04620682127474098
0,0.02726016499668427
0,0.0
0,0.007862009748050588
0,0.0
0,0.0
0,0.02697755864839603
0,0.0
0,0.0
0,0.0
0,0.0
0,0.0
0,0.00466414474217353
0,0.0
0,0.004477865151680486
0,0.0
0,0.010610908348232702
0,0.0
0,0.0
0,0.0034818057614309263
0,0.01464986724575415
0,0.01162895416646713
0,0.0
0,0.0
0,0.0
0,0.011687276392505353
0,0.0
0,0.06288158989535259
0,0.0
0,0.007442777219886728
0,0.00242699154175367
0,0.0
0,0.00563083192213133
0,0.0030494482958383514
0,0.19659600264731103
0,0.004699980387381242
0,0.0030494482958383514
0,0.17357747369412016
0,0.004003155271360946
0,0.12919082926628359
0,0.009590870492633886
0,0.0
0,0.2318753315901808
0,0.1444809529671868
0,0.002102544398907106
0,0.007517240047699107
0,0.0
0,0.0
0,0.014004607245579693
0,0.01048624376294723
0,0.0
0,0.008728824759818449
0,0.0
0,0.007123557677861774
0,0.046628350736396075
0,0.0
0,0.0
0,0.005418708692489099
0,0.0017628678444850145
0,0.31692128656401747
0,0.0
0,0.013440594793938684
0,0.0
0,0.005575765510056462
0,0.0040719374126706185
0,0.0
0,0.0
0,0.0
0,0.20689164464220822
0,0.008951870723086425
0,0.01819293601526879
0,0.0
0,0.24385677808914472
0,0.0
0,0.0019793864938197187
0,0.0
0,0.0
0,0.03498944169599849
0,0.005657205597740088
0,0.0
0,0.014077460426083052
0,0.2083210164390028
0,0.0
0,0.0
0,0.0
0,0.0
0,0.0
0,0.0
0,0.17874843537401594
0,0.0
0,0.005756767007583349
0,0.001274804380327354
0,0.0
0,0.0
0,0.02700732423717657
0,0.0
0,0.016914200561853717
0,0.0
0,0.004851385443928702
0,0.0
0,0.0
0,0.00897257781966173
0,0.0
0,0.02169031232130485
0,0.00927109794099856
0,0.006497590139838228
0,0.008762473669815252
0,0.0
0,0.011184112729458226
0,0.010959271513114294
0,0.0
0,0.0
0,0.0
0,0.0050459641020624895
0,0.0039326051214182605
0,0.014169113584422922
0,0.20814727734537566
0,0.0
0,0.0
0,0.3165897757088653
0,0.00807486861784979
0,0.0
0,0.0
0,0.0
0,0.43176589473611915
0,0.0
0,0.0
0,0.0
0,0.018402491582068112
0,0.0
0,0.0
0,0.0
0,0.019150039008101544
0,0.0
0,0.002128793528305558
0,0.0
0,0.0
0,0.05683486264677153
0,0.0032864275703273597
0,0.24419978844197554
0,0.0
0,0.0005922073295029116
0,0.0
0,0.007880461570119903
0,0.10130472022851984
0,0.0
0,0.013826821096657433
0,0.0
0,0.0
0,0.07708933048155175
0,0.0
0,0.032312346150449825
0,0.0
0,0.0
0,0.0
0,0.0
0,0.0021884033495722954
0,0.0
0,0.007442777219886728
0,0.0
0,0.001269360635556223
0,0.0
0,0.011396047001243949
0,0.297915879304859
0,0.0
0,0.0
0,0.009276397256019059
0,0.0
0,0.0
0,0.0
0,0.0
0,0.05486775903493347
0,0.004544165343724341
0,0.10034832726262864
0,0.2233789440938181
0,0.22892815563341085
0,0.02336365828941159
0,0.005272013269582928
0,0.0
0,0.26242748250531095
0,0.0
0,0.2051980983098121
0,0.014235451661117027
0,0.0
0,0.0892813880178764
0,0.003936226019184653
0,0.11865511240237547
0,0.0
0,0.0
0,0.011960609499721822
0,0.0
0,0.0
0,0.0
0,0.0
0,0.0
0,0.17542381240049532
0,0.004785158859031138
0,0.03569369251994139
0,0.0
0,0.0005922073295029116
0,0.0027724378201083766
0,0.0
0,0.008020318548485316
0,0.0
0,0.004707491644886394
0,0.015755487573384765
0,0.0060787952579058994
0,0.004967585854473496
0,0.36313226820069655
0,0.0
0,0.0
0,0.20462902429527682
0,0.0007278479258585867
0,0.0008813865918487865
0,0.007532808919074238
0,0.0005922073295029116
0,0.0
0,0.007936096806207047
0,0.0
0,0.0
0,0.0
0,0.0005922073295029116
0,0.0015076408183884759
0,0.01495089661878135
0,0.0
0,0.0
0,0.3048630928753782
0,0.3995795130729483
0,0.0008194943708030642
0,0.01742841780205205
0,0.0031176799913528556
0,0.0
0,0.0
0,0.0015076408183884759
0,0.005575810664635702
0,0.0
0,0.0
0,0.02498991820257442
0,0.0040719374126706185
0,0.2365164927494826
0,0.0
0,0.03072121777679908
0,0.009046561060481798
0,0.0
0,0.004155544305351
0,0.0
0,0.005978504397731998
0,0.00792883277156342
0,0.0027724378201083766
0,0.0022308285023386353
0,0.0040719374126706185
0,0.0
0,0.0
0,0.0
0,0.00768396279348852
0,0.01686799053314757
0,0.0
0,0.0
0,0.0
0,0.0
0,0.011795368349666824
0,0.0005922073295029116
0,0.37548441712341957
0,0.008579578700193437
0,0.0
0,0.0
1,0.7932939205583548
0,0.0
0,0.0
0,0.10504280703103613
0,0.0
0,0.0
0,0.0
0,0.0
0,0.0
0,0.005928077098320668
0,0.0
0,0.07297747400024472
0,0.0
0,0.0
0,0.0
0,0.0
1,0.7891730235705797
0,0.0
0,0.0
0,0.0
0,0.0005922073295029116
0,0.00445429104477612
0,0.007526703742937854
0,0.0
0,0.0
0,0.0028421608518322396
0,0.004263916764441087
0,0.0
0,0.0
0,0.0
0,0.0008194943708030642
0,0.25102099153334073
0,0.010355839217311986
0,0.004599509629869756
0,0.0784446199070923
0,0.0
0,0.0
0,0.0032748320532450382
0,0.017676352858429622
0,0.0032632250173083113
0,0.0
0,0.005709825260528035
0,0.0
0,0.007733160143371384
0,0.0007656142644453069
0,0.009055056395063052
0,0.037779419370054884
0,0.0
0,0.00700373036251116
0,0.0
0,0.0
0,0.0
0,0.2432463706695549
0,0.001269360635556223
1,0.8888070004949172
0,0.005709974445341628
0,0.0
0,0.0
0,0.0
0,0.0
0,0.0
0,0.008192738286214371
0,0.004021986604863903
0,0.0
0,0.0
0,0.3315940460848478
0,0.027143391320670156
0,0.005907776008480818
0,0.005208333333333333
0,0.0018197408536585373
0,0.0
0,0.008378806939917454
0,0.0
0,0.0
0,0.0
0,0.008727925188821097
0,0.10277515979621148
0,0.004155544305351
0,0.0
0,0.0005415127096976362
0,0.0035983353105216213
0,0.0
0,0.0
0,0.0
0,0.0
0,0.0
0,0.0
0,0.0
0,0.028305974204774695
0,0.0
0,0.0
0,0.0
0,0.004574710841694537
0,0.0017628678444850145
0,0.004722861526658997
0,0.005054392446633827
0,0.0
0,0.0
0,0.0
0,0.2592879168835187
0,0.0
0,0.0
0,0.0033432415917712508
0,0.0
0,0.0
0,0.0
0,0.0
0,0.0
0,0.003509897168849318
0,0.0008813865918487865
0,0.33102237253535366
0,0.02461848868850358
0,0.0
0,0.0
0,0.003806905236072291
0,0.012557055015439128
0,0.1963701735944419
0,0.0
0,0.01129496020795631
0,0.0
0,0.0
0,0.0
0,0.0
0,0.005657205597740088
0,0.005661395697181007
0,0.0
0,0.0
0,0.0
0,0.0
0,0.014506917048149262
0,0.0
0,0.0005415127096976362
0,0.27569396341412616
0,0.004066267103774717
0,0.0005922073295029116
0,0.1452378103048781
0,0.0033432415917712508
0,0.0
0,0.0
0,0.0
0,0.0
0,0.032046060774943035
0,0.0028046282396005837
0,0.0
0,0.005517450043051312
0,0.2710551836701744
0,0.0
0,0.0
0,0.06691990278839272
0,0.037315244302949226
0,0.0
0,0.08651381064427328
0,0.0
0,0.0
0,0.0
0,0.0
0,0.0
0,0.0
0,0.0
0,0.0
0,0.009777415425330277
0,0.0
0,0.0032748320532450382
0,0.0
0,0.011772965463328561
0,0.0
0,0.01076266261342118
0,0.00466414474217353
0,0.0
0,0.0
0,0.007889717100058142
0,0.0
0,0.0
0,0.006673007745487835
0,0.0
0,0.0015693970806176481
0,0.013706183319365933
0,0.0
0,0.0
0,0.002331912878787881
0,0.018026777550709555
0,0.0005415127096976362
0,0.0
0,0.0
0,0.017147396968330276
0,0.0
0,0.0
0,0.005051202842048574
0,0.005272013269582928
0,0.0057303208616092385
0,0.0
0,0.010207074802955324
0,0.027881215864646508
0,0.0
0,0.005831440749643586
0,0.3436551524174744
0,0.0072578777397238016
0,0.003122056844908103
0,0.0157687516022316
0,0.0
0,0.03300008965783562
0,0.004544165343724341
0,0.0
0,0.0
0,0.0
0,0.3525141796129397
0,0.0025110051705184385
0,0.11075984882752223
1,0.814839109318687
0,0.0
0,0.004202328715490622
0,0.0
0,0.006648862831959525
0,0.027363098607548358
0,0.0
0,0.004551867711392258
0,0.0
0,0.007595937692014071
0,0.0014588980979468504
0,0.0
0,0.007635324875087003
0,0.0005922073295029116
1,0.8648775551743383
0,0.0
0,0.0008813865918487865
0,0.0
0,0.01615559046337958
0,0.0
0,0.030092233122129632
0,0.0
0,0.0
0,0.0
0,0.0
0,0.2022758240198379
0,0.003971549221101755
0,0.006478943059172018
0,0.0227224550344521
0,0.0
0,0.0
0,0.0
0,0.00242699154175367
0,0.0068501814345662245
0,0.007118853805041507
0,0.009612507223841507
0,0.0
0,0.0005922073295029116
0,0.0
0,0.004155544305351
0,0.010588369125328392
0,0.011631281255078387
0,0.018376063748336575
0,0.0
0,0.007978590956989856
0,0.0
0,0.0
0,0.0
0,0.014505594480773725
0,0.002142268663534317
0,0.008236224929982588
0,0.0004344585831315066
0,0.07739375894873267
0,0.01497552105849962
0,0.02876514652295584
0,0.22880669689424674
1,0.6880752745603753
0,0.0
0,0.0
0,0.0
0,0.0030494482958383514
0,0.0
0,0.0
0,0.038873190403460746
0,0.30687391072464576
0,0.0
0,0.010190372384285898
0,0.005164559678080437
0,0.14993734827434438
0,0.0
0,0.0
0,0.0
0,0.21343846150138787
0,0.0
0,0.00481462770009311
0,0.005369456399601465
0,0.01705002514826701
0,0.01017139014565014
0,0.0
0,0.0
0,0.0
0,0.0
0,0.005369456399601465
0,0.0
0,0.013224987394508484
0,0.014224463527142864
0,0.0047896757557786065
0,0.0
0,0.0
0,0.37024962725765603
0,0.018000532306314827
0,0.0
0,0.0
0,0.006850569890383816
0,0.0
0,0.024191525982421424
0,0.0
0,0.0
0,0.0
0,0.0
0,0.0035983353105216213
0,0.0
0,0.007113997722382684
0,0.004909290271132377
0,0.004630578430007962
0,0.22335202502941806
0,0.0
0,0.004722861526658997
0,0.011629483894835741
0,0.0005922073295029116
0,0.0031537202190342005
0,0.026378749263693112
1,0.8528264168268119
0,0.0
0,0.0
0,0.0
0,0.010337727864583333
0,0.020399061458297892
0,0.0
0,0.0
0,0.014466212703254823
0,0.0
0,0.0
1,0.6303996834931173
0,0.0
0,0.0
0,0.0
0,0.0
0,0.005208333333333333
0,0.3076468771413368
0,0.0
0,0.0
0,0.009683359920680938
0,0.0
0,0.0
0,0.0
0,0.005208333333333333
0,0.0015569676277187676
0,0.0024507836724664347
0,0.0
0,0.008763591478161826
0,0.053186152830042376
0,0.3091649241948316
0,0.0030495239201114746
0,0.0
0,0.26931036071597897
0,0.0
0,0.0
0,0.30614205864153554
0,0.0
0,0.0
1,0.44998856172077534
0,0.013511146690220242
0,0.0072640498666486615
0,0.006691421405460284
0,0.0039326051214182605
0,0.0
0,0.0
0,0.0
0,0.12675802535412348
0,0.0
0,0.0
0,0.0
0,0.005191716959372668
0,0.008214007973918788
0,0.017648267432961863
0,0.0
0,0.4055402789115321
0,0.0
0,0.0
0,0.0
0,0.0
0,0.0
0,0.0
0,0.0
0,0.0
0,0.0
0,0.0
0,0.0
0,0.006622226827549091
0,0.021026627442889977
0,0.0067900336085141046
0,0.0
0,0.0
0,0.0
0,0.0
0,0.004666642388020639
0,0.0
0,0.0
0,0.0
0,0.0005922073295029116
0,0.0
0,0.0
0,0.0
0,0.15456626760549494
0,0.028572764883939422
0,0.0005922073295029116
0,0.0
0,0.0
0,0.0
0,0.0
0,0.0
0,0.0
0,0.0015693970806176481
0,0.0
0,0.0
0,0.01076669191589303
0,0.0
0,0.0
0,0.0033432415917712508
0,0.0
0,0.0
0,0.007621800644415876
0,0.0
0,0.14492618211272457
0,0.0005922073295029116
0,0.0
0,0.0
0,0.0
0,0.03299287423239671
0,0.0
0,0.0
0,0.3429921034629749
0,0.0
0,0.0
0,0.004403612303290404
1,0.5556736866687996
0,0.1009405559197607
0,0.008801376000022358
0,0.002142268663534317
0,0.08763249523139503
0,0.0
0,0.0
0,0.0
0,0.0
0,0.00563083192213133
0,0.0005922073295029116
0,0.0
0,0.0
0,0.004949890879852977
0,0.008347529220557835
0,0.0
0,0.007840485779133946
0,0.0005922073295029116
0,0.40173537223694056
0,0.0005922073295029116
0,0.025309300935589824
0,0.0
0,0.0
0,0.0
0,0.0
0,0.0
0,0.002526017620806402
0,0.0039326051214182605
0,0.0
0,0.0
0,0.0
0,0.05886503654274771
0,0.0010343161962365613
1,0.8972383781896373
0,0.0
0,0.0
0,0.0033432415917712508
0,0.0
0,0.0
0,0.0
0,0.0
0,0.0
0,0.1958803712587105
0,0.2564084906460136
0,0.0
0,0.011416427152132447
0,0.0
0,0.0005922073295029116
0,0.05289546234411177
0,0.0881280654807799
0,0.0
0,0.0005922073295029116
0,0.0
0,0.011349547349028955
0,0.00242699154175367
0,0.0
0,0.00735060199686765
0,0.2124393883392194
0,0.0
0,0.0
0,0.0
0,0.0024177437766975994
0,0.011724836951087935
0,0.03983853324662437
0,0.00875598936009423
1,0.9386110169166515
0,0.0
0,0.005575810664635702
0,0.0
0,0.004281708281365899
0,0.01168471219522555
0,0.0
0,0.005208333333333333
0,0.0
0,0.0
0,0.0
0,0.0
0,0.0
0,0.2937537131441383
0,0.01518699942791762
0,0.0
0,0.0
0,0.0
0,0.21727633427565607
0,0.0
0,0.0
0,0.0
0,0.0
0,0.0
0,0.014664720634757572
0,0.0040719374126706185
0,0.188263031196814
0,0.0
0,0.0
0,0.0
0,0.0
1,0.9743220061238542
0,0.008535767002351693
0,0.16142324099388264
0,0.0
0,0.0005922073295029116
0,0.00464697506640039
0,0.0
0,0.0
0,0.0
0,0.0
0,0.0
0,0.0
0,0.0
0,0.0
0,0.0
0,0.004021986604863903
0,0.0
0,0.008353712552749344
0,0.0
0,0.00573441706558677
0,0.0019876824228335197
0,0.011908065903099008
0,0.0
0,0.016449725509532092
0,0.0
0,0.001274804380327354
0,0.0
0,0.01229186735908117
0,0.16380059549479875
0,0.0
0,0.0
0,0.024161826852269617
0,0.0
0,0.0
0,0.0
0,0.0
0,0.004422593390804599
0,0.018548368258079085
0,0.0
0,0.0015076408183884759
0,0.0
0,0.4716930277717135
0,0.019539279016747523
0,0.02064418082164819
0,0.0
0,0.0
0,0.0
0,0.06101604550485117
0,0.3064803126880732
0,0.0
0,0.0
0,0.0
0,0.007314790812873007
0,0.015247480321202192
0,0.01606602691656348
0,0.2033347775310594
0,0.0
0,0.0
0,0.0
0,0.02280162803152957
0,0.0038116091088925583
0,0.006588766129858931
0,0.0
0,0.003193397373540858
0,0.0
0,0.0
0,0.022432675960785364
0,0.0
0,0.0
0,0.0
0,0.0008194943708030642
0,0.0
0,0.0
0,0.0
0,0.00881466991508107
0,0.0
0,0.004841480975666967
0,0.0
0,0.0
1,0.8888098027125242
0,0.02243500219851675
0,0.3167408575162133
0,0.0
0,0.017772561912509043
0,0.0
0,0.0028685883432366306
0,0.08528760449305532
0,0.0
0,0.0
0,0.008984311743303554
0,0.0
0,0.0
0,0.2483737342516622
0,0.0
0,0.0
0,0.09123120481122199
0,0.0008194943708030642
0,0.0
0,0.0
0,0.013348356158849202
0,0.0
0,0.0
0,0.0
0,0.08689809995498003
0,0.024938363220307888
0,0.0005922073295029116
0,0.002142268663534317
0,0.0
0,0.0
0,0.011111245404794847
0,0.0
1,0.42519860557264594
0,0.0
0,0.0
0,0.008214007973918788
0,0.0
0,0.0
0,0.0
0,0.006834610921229829
1,0.33955160701369674
0,0.0
0,0.01768675259746901
0,0.0
0,0.0
0,0.0
0,0.0
0,0.4028142502214864
0,0.010462459082528422
0,0.0
0,0.020062611815795682
0,0.0005922073295029116
0,0.0
0,0.00850464602640863
0,0.0
0,0.008833821003353422
0,0.27146640993102894
0,0.0
0,0.0
0,0.0
0,0.00677544385934619
0,0.027278284255200912
0,0.00867808562174954
0,0.0
0,0.0
0,0.0
0,0.0
0,0.007120669806009214
0,0.0
0,0.0
0,0.007376190449652704
0,0.0
0,0.020206256998512237
0,0.01606602691656348
0,0.0
0,0.001269360635556223
0,0.0
0,0.0
0,0.004958590799862682
0,0.005369456399601465
0,0.0005922073295029116
0,0.0
0,0.013129783709609946
0,0.0
0,0.00953948755831866
0,0.0
0,0.0
0,0.009921683873017865
0,0.018382390342716954
0,0.0
0,0.0
0,0.0
0,0.01818803473360121
0,0.0
0,0.0
0,0.005299630991802736
0,0.001269360635556223
0,0.0
0,0.004021986604863903
0,0.0
0,0.0
0,0.0007278479258585867
0,0.0
0,0.0
0,0.25259823809995186
0,0.0
0,0.04320540425302355
0,0.0
0,0.0
0,0.0
0,0.0
0,0.006555600494689426
0,0.04545257603696021
0,0.0
0,0.012014215669755794
0,0.0
0,0.0
0,0.21068469616310873
0,0.0
0,0.01039227304025754
0,0.003806905236072291
0,0.0036267799554751266
0,0.004021986604863903
0,0.40518702437699333
0,0.0
0,0.0
0,0.0031537202190342005
0,0.0
0,0.12217986459903081
0,0.0
0,0.0
0,0.005208333333333333
0,0.0
0,0.003975190728535682
0,0.0
0,0.0
0,0.0047207775091884065
0,0.0
0,0.0
0,0.0
0,0.0
0,0.0
0,0.01525333271578868
0,0.0
0,0.0
0,0.0005922073295029116
0,0.0058907969658779065
0,0.09790524960019227
0,0.33318182244831335
0,0.0
0,0.002318370409604521
0,0.088736565065473
0,0.19389144908447145
0,0.0
0,0.0
0,0.0
0,0.0
0,0.0
0,0.0
0,0.003971549221101755
0,0.0
0,0.01519255759997056
0,0.004909290271132375
0,0.003926471084966145
0,0.09748897254435918
0,0.00561096118536964
0,0.0
0,0.0
0,0.004967585854473496
0,0.00886348772447283
0,0.0
0,0.009052300230294023
0,0.003548783574437367
0,0.0
0,0.0
0,0.0
0,0.0
0,0.0
0,0.0
0,0.0036569989723258672
0,0.0
0,0.004781796563324169
0,0.0005922073295029116
0,0.004451302371489339
0,0.0
0,0.03883851328832385
0,0.014722794081036675
0,0.0030494482958383514
0,0.006691521793976648
0,0.004021986604863903
0,0.0007278479258585867
0,0.0
0,0.014833010035312335
0,0.0
0,0.0
0,0.2550153321459561
0,0.0021884033495722954
0,0.0
0,0.009744874316321617
0,0.08035589160997818
0,0.0
0,0.0
0,0.0
0,0.0
0,0.03328240003110103
0,0.0
0,0.0
0,0.008935047783552766
0,0.0
0,0.0
0,0.00595117441588124
0,0.03940100239229572
0,0.0
0,0.002564296594282143
0,0.07519512392265534
0,0.0
0,0.03236791385026191
0,0.017744244976262726
0,0.23956110868401206
0,0.27573017966432095
0,0.0
0,0.0
0,0.0
0,0.00364969843519831
0,0.20346619418187253
0,0.0
0,0.0
0,0.37956057514623814
0,0.01214902279891486
0,0.10577285379629553
0,0.0
0,0.013182110851104331
0,0.0
0,0.0
0,0.003806905236072291
0,0.0
0,0.0
0,0.14686667941009143
0,0.0008194943708030642
0,0.0012375129582508687
0,0.0008194943708030642
0,0.0
0,0.0
0,0.0
0,0.0
0,0.0
0,0.0
1,0.48355947000255967
0,0.0
0,0.0
0,0.013455784968915937
0,0.0007656142644453069
0,0.0
0,0.0
0,0.0
0,0.27657926906217983
0,0.0
0,0.0037934154851065553
0,0.0
0,0.09534805676503626
0,0.0006632460676578335
0,0.0
0,0.002318370409604521
0,0.09987004098161102
0,0.0
0,0.0
0,0.0
0,0.00364969843519831
0,0.19607169332177776
0,0.0
0,0.0
0,0.0
0,0.0
0,0.36944048857120326
0,0.0
0,0.007790469786902741
0,0.0
0,0.0
0,0.03009579579285457
0,0.0
0,0.0005415127096976362
0,0.0
0,0.003961230321407551
0,0.0
0,0.007376190449652704
0,0.0
0,0.0
0,0.0
0,0.0
0,0.0005922073295029116
0,0.0
0,0.0
0,0.00858798686550893
0,0.0005922073295029116
0,0.0
0,0.026249294282176025
0,0.007358484668005138
1,0.6268081154280221
0,0.002102544398907106
0,0.0072640498666486615
0,0.005613072330283498
0,0.0
0,0.0
0,0.0
0,0.009364805092586017
0,0.17115311372184253
0,0.0
0,0.017109863547554723
0,0.004029968696292659
0,0.053251830559764735
0,0.006415518047028103
0,0.008727925188821097
0,0.0
0,0.0
0,0.0
0,0.0005922073295029116
0,0.0
0,0.0
0,0.01243987038291972
0,0.0
0,0.0
0,0.002240265647743815
0,0.010677359993621974
0,0.0
0,0.010103000563441008
0,0.0
0,0.0
0,0.360448928406825
0,0.0
0,0.0
0,0.006127318749494258
0,0.005208333333333333
0,0.0
0,0.005191716959372668
0,0.0005415127096976362
0,0.013685684739322586
0,0.0
0,0.008833821003353422
0,0.0
0,0.0
0,0.13824432262184835
0,0.0
0,0.0008813865918487865
0,0.027934864459222053
0,0.0
0,0.005657205597740088
0,0.021349181283921534
0,0.0
0,0.0008194943708030642
0,0.0
0,0.002382194591998513
0,0.0
0,0.0005922073295029116
0,0.006870503791089967
0,0.001274804380327354
0,0.3734500829532487
0,0.0
0,0.005272013269582928
0,0.0
0,0.0
0,0.004722861526658997
0,0.0005415127096976362
0,0.025481640741285973
0,0.004422568153010787
0,0.0
0,0.0
0,0.3869010280336691
0,0.0
0,0.0
0,0.0
0,0.0
0,0.0
0,0.0
0,0.025879636416509217
0,0.0
0,0.0
0,0.0
0,0.0
0,0.0
0,0.0
0,0.0
0,0.0
0,0.0008813865918487865
0,0.130230783350904
0,0.009614882787000609
0,0.0
0,0.008649580463195765
0,0.0
0,0.0
0,0.0
0,0.0
0,0.017796540854257983
0,0.0
0,0.008004581892435391
0,0.0
0,0.0
0,0.00983187298709884
0,0.0
0,0.007122167460654785
0,0.011212988510106771
0,0.01616975819008321
0,0.0
0,0.0
0,0.0005922073295029116
0,0.036841640881079954
0,0.0008194943708030642
0,0.07798840974341148
0,0.0008194943708030642
0,0.0
0,0.02198985393815844
0,0.00466414474217353
0,0.24345830625651835
0,0.004785158859031138
0,0.0
1,0.5691299073216552
0,0.0
0,0.0
0,0.015719529129588565
0,0.00711981940512747
0,0.004661875907859078
0,0.0
0,0.010066246576649746
0,0.0068094636901694545
0,0.0
0,0.0
0,0.2651140239128947
0,0.005575810664635702
0,0.005657205597740088
0,0.009861975262771218
0,0.0
0,0.0
0,0.0
0,0.2953991852587896
0,0.011772965463328561
0,0.0
0,0.2618095736286408
0,0.0007798395334473568
0,0.0
0,0.0045082693715497515
0,0.29261190444729573
0,0.0
0,0.0005922073295029116
0,0.002142268663534317
0,0.00858798686550893
0,0.0005922073295029116
0,0.23726585887997462
0,0.0
0,0.3158075209843416
0,0.0
1,0.7714533661175214
1,0.930673936978596
0,0.014962954265802355
0,0.0
0,0.0
0,0.0
0,0.0
0,0.001781426362057737
0,0.0
0,0.00957287946842286
0,0.1984270259230122
0,0.0
0,0.011147338936402471
0,0.0
0,0.0
0,0.0
0,0.0017628678444850145
0,0.0022308285023386353
0,0.017288778688511697
0,0.0
0,0.0
0,0.0
0,0.01257916861531499
0,0.36610674028090745
0,0.0
0,0.0
0,0.0
0,0.0
0,0.0
0,0.04045728408023013
0,0.01105284308398736
0,0.002331912878787881
0,0.005208333333333333
0,0.0
0,0.08345905574164497
0,0.009282568939338555
0,0.0
0,0.0
0,0.0
0,0.0017628678444850145
0,0.0
0,0.019862716783699
0,0.0
0,0.0
0,0.0005922073295029116
0,0.0007656142644453069
0,0.0
0,0.4564786428077299
0,0.0
0,0.0
0,0.0
0,0.003971549221101755
0,0.0
0,0.0
0,0.005364536177281277
0,0.21730088579547738
0,0.021486788500997025
0,0.05550411617685269
0,0.0
0,0.0
0,0.07396596630936543
0,0.0
0,0.02878925413679577
0,0.0
0,0.0
0,0.005208333333333333
0,0.05804303200696758
0,0.0
0,0.0
0,0.0
0,0.008175477235703969
0,0.0
0,0.0
0,0.0
0,0.0
0,0.31657403255211325
0,0.0
0,0.0
0,0.11606706510475512
0,0.00476452049229676
0,0.18591832186372761
0,0.0
0,0.01657131050792424
1,0.8940682388404643
0,0.0
0,0.008080965909519238
0,0.0
0,0.00327054794520548
0,0.0
0,0.022420868299257216
0,0.0044513738250180806
0,0.0
0,0.0005922073295029116
0,0.0008194943708030642
0,0.002142268663534317
0,0.0
0,0.00677544385934619
0,0.0
0,0.0
0,0.005135875255028255
0,0.007659625500538488
0,0.0
0,0.08897864096143297
0,0.0
0,0.0
0,0.0
0,0.007138728632116019
0,0.00767260741949152
0,0.0
0,0.010926061141835615
0,0.0
0,0.0
0,0.0039169039785635264
0,0.0
0,0.006696222731463085
0,0.0
0,0.29871947701764995
0,0.09407270976996078
0,0.014372021836372623
0,0.0005922073295029116
0,0.22936554028698006
0,0.0
0,0.008188388863962165
0,0.0
0,0.0
0,0.0
0,0.34262403490527743
0,0.0008194943708030642
0,0.0
0,0.0
0,0.21286092637643628
0,0.0
0,0.005876161759208738
0,0.0
0,0.0
0,0.0
0,0.0
0,0.0
0,0.0
0,0.012397986471607893
0,0.006732536718364668
0,0.0
0,0.42021074584317364
0,0.348419293982158
0,0.3333677664418701
0,0.014182679010009464
0,0.09389767094570554
0,0.0
0,0.0
0,0.0224563051987792
0,0.004666642388020639
0,0.01902710618170314
0,0.0
0,0.008332391672389848
0,0.005253387555445638
0,0.0
0,0.3500519616423983
0,0.00648586520125941
0,0.12348656055357654
0,0.0
0,0.01562055906102409
0,0.0
0,0.012092481950468824
0,0.0
0,0.25329877251644234
0,0.0
0,0.01574651155622622
0,0.0027974541968470395
0,0.00563083192213133
1,0.7716032511830196
0,0.0
0,0.17215548669665823
0,0.0
0,0.0005922073295029116
0,0.0063808772310191145
0,0.00364969843519831
0,0.0011606806184012053
0,0.021515652509884135
0,0.14103428127240494
0,0.0
0,0.0
0,0.010260484630317096
0,0.0
0,0.035665363787821334
0,0.008020318548485316
0,0.0
0,0.020678395261819294
0,0.0
0,0.00875598936009423
0,0.0
0,0.29438098952913333
0,0.0005415127096976362
0,0.0
0,0.05582210757490308
0,0.0059531184028407515
0,0.00955950429395568
0,0.0
0,0.0036569989723258672
0,0.0
0,0.0
0,0.34846662040057264
0,0.0
0,0.0007656142644453069
0,0.0057303208616092385
0,0.0
0,0.00563083192213133
0,0.0
0,0.003022291014546124
0,0.0
0,0.0
0,0.0
0,0.006605988538464329
0,0.0
0,0.003009951106200511
0,0.0
0,0.0
0,0.0034491088180112514
0,0.0025095721885393125
0,0.0
0,0.003971549221101755
0,0.008942780491100547
0,0.0
0,0.0035983353105216213
0,0.003347607395323547
0,0.0
0,0.10939451097087961
0,0.0005922073295029116
0,0.0
0,0.0
0,0.0
0,0.0
0,0.0
0,0.00875598936009423
0,0.0
0,0.0
0,0.0
0,0.0
0,0.007358109002406399
0,0.0074881551760201176
0,0.005363226455039075
0,0.022757312689744045
0,0.0
0,0.010049814309000302
0,0.0
0,0.005208333333333333
0,0.0
0,0.0
0,0.1979047405970826
0,0.0
0,0.0
0,0.0007278479258585867
0,0.016538503404437094
0,0.005022164640591424
0,0.008080965909519238
0,0.0
0,0.004202328715490622
0,0.0
0,0.0
0,0.0
0,0.0
0,0.0
0,0.29712903627279774
0,0.0
0,0.020162381610630876
0,0.005164559678080437
0,0.0
0,0.004955702950306162
0,0.0
0,0.005027791249744742
0,0.004781796563324169
0,0.011993757318626055
0,0.0
0,0.0005922073295029116
0,0.0
0,0.0
0,0.0
0,0.0
0,0.0
0,0.0
0,0.0
0,0.003890971316818774
0,0.0
0,0.0
0,0.0071684085064052765
0,0.005208333333333333
0,0.0
0,0.08532457153187706
0,0.05133218762380129
1,0.8920914828277481
0,0.0
0,0.0005922073295029116
0,0.2619427614119149
0,0.001269360635556223
0,0.006395809953094816
0,0.0
0,0.0
0,0.007974529263559944
0,0.012056411615092974
0,0.0
0,0.015602446630339257
0,0.005369456399601465
0,0.027826358802802667
0,0.0
0,0.004419724775713685
0,0.34819751641869345
0,0.0
0,0.005896410470139464
0,0.038902843586075535
0,0.3080062640186669
0,0.0
0,0.0
0,0.0
0,0.0
0,0.0
0,0.0
0,0.0
0,0.0
0,0.0074130806636974545
0,0.0
0,0.0
0,0.22312030614497033
0,0.005272013269582928
0,0.19538594803948536
0,0.0
0,0.0
0,0.0
0,0.016854688740723846
0,0.0008194943708030642
0,0.003193397373540858
0,0.09005802034595016
0,0.010017445749263776
0,0.0
0,0.0005922073295029116
0,0.0
0,0.29510412461070873
0,0.0005922073295029116
0,0.0
0,0.0
0,0.0015693970806176481
0,0.0028614501248851766
0,0.000983879548042916
0,0.011034039696267801
0,0.0
0,0.0
0,0.0
0,0.009129695749482379
0,0.0
0,0.0036267799554751266
0,0.0832866858348054
0,0.03590206632933592
0,0.0
0,0.17078341437359468
0,0.0
0,0.0
0,0.0036267799554751266
0,0.0005922073295029116
0,0.0
0,0.005208333333333333
0,0.004739222478829869
0,0.0
0,0.003806905236072291
0,0.0033432415917712508
0,0.0
0,0.006203168514872552
0,0.0
0,0.0
0,0.0
0,0.015460744416176023
0,0.002155549719887958
0,0.00445429104477612
0,0.07954498148217083
0,0.0
0,0.0
0,0.33145561697656273
0,0.003974772533126729
0,0.0076350773009230335
0,0.08808472909630997
0,0.023314503879173182
0,0.0
0,0.0
0,0.0
0,0.02156488014965864
0,0.0
0,0.0
0,0.0
0,0.004544165343724341
0,0.0
0,0.0951452266293805
0,0.0
0,0.0
0,0.0
0,0.006682149769756414
0,0.00593618125919192
0,0.012204526576390427
0,0.0
0,0.0
0,0.012174418973444618
0,0.0008194943708030642
0,0.0014976334397810225
0,0.0
0,0.0
0,0.0
0,0.0
0,0.0
0,0.0
0,0.0017628678444850145
0,0.005936624127014877
0,0.0
0,0.0
0,0.0
0,0.010776284963671728
0,0.22830010546048993
0,0.010097110990465057
0,0.01802538153497291
0,0.015635911613885143
0,0.26698883352821384
0,0.39839447232695213
0,0.0021884033495722954
0,0.007745057881371115
0,0.0
0,0.0
0,0.0
0,0.0
0,0.0008194943708030642
0,0.0007656142644453069
0,0.010770726379856106
0,0.0008194943708030642
0,0.0
0,0.0
0,0.009054694560212495
0,0.24417371658387518
0,0.0
0,0.0
0,0.009147591134824462
0,0.07162073275528538
0,0.0
0,0.0
0,0.0
0,0.0
0,0.0
0,0.0
0,0.07364054614811733
0,0.015333552664291648
0,0.010207104199892148
0,0.3025321835898121
0,0.0
0,0.03569453582966959
0,0.002318370409604521
0,0.0
0,0.0
0,0.001269360635556223
0,0.0
0,0.0
0,0.0
0,0.0
0,0.005575810664635702
0,0.0
0,0.0
0,0.0028943347437705718
0,0.0
0,0.22563503042446084
0,0.0008194943708030642
0,0.0
0,0.0005922073295029116
0,0.0
0,0.01203383566341503
0,0.0005922073295029116
0,0.20890699778886154
0,0.0
0,0.0
0,0.004169816250199788
0,0.2250675515440628
0,0.0
0,0.06060050587068522
0,0.0
0,0.0
0,0.0008194943708030642
0,0.0
0,0.02866954197194656
0,0.0005922073295029116
1,0.43272636864264685
0,0.0
0,0.0024177437766975994
0,0.028791541335294973
0,0.0
0,0.0
0,0.29435350034575264
0,0.0
0,0.005575810664635702
0,0.0
0,0.0
0,0.0055626680894802
0,0.0
0,0.0
0,0.0
0,0.2172827277751398
0,0.005208333333333333
0,0.0
0,0.2955288825259711
0,0.0
0,0.011493288225782222
0,0.0
0,0.0
0,0.009581268993174416
0,0.0
0,0.0
0,0.0
0,0.0
0,0.0
0,0.0
0,0.002318370409604521
0,0.003806905236072291
0,0.009520892454781741
0,0.0036569989723258672
0,0.0
0,0.0723649659465518
0,0.0
0,0.0
0,0.4817443485190269
1,0.4711019713418449
0,0.0
0,0.0
0,0.005051202842048574
0,0.06709042499503501
0,0.00431210817936127
0,0.005862169513392673
0,0.0010343161962365613
0,0.0017628678444850145
0,0.012142711926219104
0,0.25347954144745327
0,0.005272013269582928
0,0.28257752095965016
0,0.01361922677108874
0,0.007314790812873007
0,0.0
0,0.0
0,0.015579564440581247
0,0.0
0,0.008004581892435391
0,0.0
0,0.0
0,0.3232050908894388
0,0.0
0,0.0
0,0.3039485311874884
0,0.0
0,0.0
0,0.0048523860869063625
0,0.0
0,0.0
0,0.0
0,0.02436338948960805
0,0.011965872410332421
0,0.0
0,0.0
0,0.0
0,0.0
0,0.0028685883432366306
0,0.0
0,0.0
0,0.0
0,0.010355839217311986
0,0.0
0,0.006625059095037265
0,0.0
0,0.0
0,0.008113825796898967
0,0.0
0,0.0
0,0.07898925546822479
0,0.0
0,0.0
0,0.0
0,0.0
0,0.012528144181124896
0,0.0
0,0.0
0,0.007332455876477473
0,0.005575765510056462
0,0.0005922073295029116
0,0.0
0,0.008297240757589433
0,0.0
0,0.0
0,0.007314790812873007
0,0.0
0,0.0
0,0.24854513183304436
0,0.0
0,0.0
0,0.0
0,0.0
0,0.004781796563324169
0,0.14026976675872066
0,0.0
0,0.0
0,0.006323754841698145
0,0.004106144197781352
0,0.0
0,0.06470700922414725
0,0.016258952135973004
0,0.0005922073295029116
0,0.0
0,0.005272013269582928
0,0.0
0,0.03686657552540485
0,0.0
0,0.0
0,0.0
0,0.0
0,0.0
0,0.0
0,0.0
0,0.0034491088180112514
0,0.0
0,0.007281803758640858
0,0.0
0,0.0
0,0.0036569989723258672
0,0.012244437136969684
0,0.01866003725173078
0,0.0
1,0.6392919775637703
0,0.0005922073295029116
0,0.0
0,0.22399513941872248
0,0.0
0,0.0
0,0.003971549221101755
0,0.0008194943708030642
0,0.0
0,0.4593975861826811
0,0.005272013269582928
0,0.0
0,0.0005415127096976362
0,0.0
0,0.010953120569202711
1,0.8057890659864881
0,0.0
0,0.0
0,0.0070039568971900995
0,0.0
0,0.0
0,0.006748355975143363
0,0.0005922073295029116
0,0.0
0,0.0
0,0.012722049333121899
0,0.0013928518392804115
0,0.0
0,0.0
0,0.0
0,0.0
0,0.0
0,0.004695842868039666
0,0.0
0,0.007790469786902741
0,0.02646542578096821
0,0.0
0,0.0
0,0.0
0,0.0
0,0.0019468536874655655
0,0.0
0,0.0008813865918487865
0,0.0
0,0.04068095099229658
0,0.0
0,0.0
0,0.004400607507193165
0,0.0005415127096976362
0,0.0
0,0.003702696243577375
0,0.007598351716948553
0,0.0
0,0.0
0,0.0
0,0.009460540043304077
0,0.05724817360679461
0,0.0
0,0.0
0,0.0
0,0.018930927468424584
0,0.0
0,0.005208333333333333
0,0.0007656142644453069
0,0.0
0,0.004781796563324169
0,0.011141150251977046
0,0.0
0,0.0
0,0.0
0,0.0
0,0.0028046282396005837
0,0.014079131800376656
0,0.0
0,0.0
0,0.0034491088180112514
0,0.003806905236072291
0,0.18140093011553704
0,0.0
1,0.7456125390201306
0,0.0005415127096976362
0,0.009654076141489375
0,0.0
0,0.0
0,0.002142268663534317
0,0.0
0,0.0
0,0.0
0,0.0
0,0.0
0,0.035733329768777446
0,0.0
0,0.24712402112060863
0,0.0
0,0.0008813865918487865
0,0.0
0,0.0
0,0.0068501814345662245
0,0.2652233564427232
0,0.04610684202580767
0,0.0
0,0.0
0,0.0
0,0.024830362703828924
0,0.004384793447293449
0,0.047071718793219426
0,0.0
0,0.0059531184028407515
0,0.0007656142644453069
1,0.7468033251697507
0,0.0
0,0.0
0,0.0
0,0.01382282607463805
0,0.0
0,0.015096075219417283
0,0.2550807521532736
0,0.0
0,0.027434880623883832
0,0.0
0,0.009450073628390988
0,0.0
0,0.0
0,0.0
0,0.0005922073295029116
0,0.010784098843389796
0,0.0
0,0.0
0,0.0
0,0.0005922073295029116
0,0.0
0,0.0007656142644453069
0,0.011034039696267801
0,0.0
0,0.0
0,0.005575765510056462
0,0.0
0,0.0
0,0.0
0,0.08348338563982959
0,0.0
0,0.005723618847198898
1,0.9021300977350086
0,0.0
0,0.0
0,0.3406107301626456
0,0.0
0,0.0010343161962365613
0,0.001274804380327354
0,0.0021884033495722954
0,0.0
0,0.0
0,0.004155544305351
0,0.0
0,0.0
0,0.0
0,0.09385014134243862
0,0.0
0,0.0
0,0.0
0,0.0844519289929647
0,0.3159793250207445
0,0.007749446748260135
0,0.0
1,0.8337949516544154
0,0.006248964689593322
0,0.0
0,0.23893906135136547
0,0.0
0,0.0
0,0.0
0,0.0
1,0.7174030845352597
0,0.0
0,0.0
0,0.003022291014546124
0,0.0
0,0.26066408166715044
0,0.0
0,0.43295696949474616
0,0.25379725319760665
0,0.0
0,0.007357207226093878
0,0.0
0,0.00608971992518212
0,0.0
0,0.005135875255028255
0,0.0
0,0.0
0,0.006903246549492734
0,0.0
0,0.012445488731136795
0,0.007314790812873007
1,0.9492430981970367
0,0.08286417991234171
0,0.0
0,0.0013928518392804115
0,0.0034954151104989468
0,0.0
0,0.0
0,0.010207104199892148
0,0.0
0,0.0
0,0.0
0,0.0
0,0.0
0,0.0005922073295029116
0,0.0
0,0.0
0,0.02535232591664362
0,0.0
0,0.00608288710694337
0,0.0
0,0.010112034390778086
0,0.002576992413013668
0,0.0008194943708030642
0,0.0
0,0.014489399034308176
0,0.25518009247496237
0,0.005751531856983432
0,0.0
0,0.0
0,0.007594004880734022
0,0.0
0,0.0
0,0.002411948183161449
0,0.005208333333333333
0,0.0
0,0.0
0,0.006670273107197173
0,0.015440839778061289
0,0.0
0,0.00819568482045577
0,0.0
0,0.0
1,0.2762968547708764
0,0.002225686912509041
0,0.0024507836724664347
0,0.004383509144474361
0,0.007954492592039841
0,0.2804975035483912
0,0.0019876824228335197
0,0.2455610625091085
0,0.01738749065568946
0,0.007392585372110728
0,0.00889632594428715
1,0.5090903317211483
0,0.00903645870962271
0,0.014942264076536217
0,0.0
0,0.0
0,0.001269360635556223
0,0.0
0,0.0
0,0.003971549221101755
0,0.0
0,0.0
0,0.0
0,0.0
0,0.0824131003057978
0,0.0
0,0.0
0,0.03055487559862385
0,0.0
0,0.00876920803817656
0,0.005066858370948238
0,0.009844331372108328
0,0.0
0,0.006561347751722864
0,0.025964472155557663
0,0.012107899562772148
0,0.0
0,0.0
0,0.0
0,0.11411060702434038
0,0.0
0,0.0
0,0.001274804380327354
0,0.0005922073295029116
0,0.0
0,0.0
0,0.0
0,0.46662953206055074
0,0.0
1,0.3340182360633839
0,0.0
0,0.0
0,0.0
0,0.11784274303165809
0,0.0
0,0.0
0,0.0
0,0.11130696483365564
0,0.0
0,0.0
0,0.0
0,0.0
0,0.010147526996740017
0,0.0
0,0.0
0,0.0
0,0.0
0,0.4911455192933974
0,0.0
0,0.0005922073295029116
0,0.04638761866032746
0,0.0008813865918487865
0,0.0
0,0.0025612658955050938
0,0.0
0,0.0
0,0.0008194943708030642
0,0.0
0,0.0
0,0.014675835827876862
0,0.0
0,0.003993271008862552
0,0.36603347388085883
0,0.0
0,0.0007278479258585867
1,0.5454264851961098
0,0.31716212993863063
0,0.0
0,0.0
0,0.008807749132710476
0,0.006012477657547738
0,0.0
0,0.0
0,0.0
0,0.0031537202190342005
0,0.0
0,0.0
0,0.0
0,0.0
0,0.0
0,0.0
0,0.0
0,0.007120669806009214
0,0.021363035422873457
0,0.0005415127096976362
0,0.0
0,0.38128796411041654
0,0.0008813865918487865
1,0.3940586384358684
0,0.0
0,0.0047207775091884065
0,0.0
0,0.0005415127096976362
0,0.011076454805090776
0,0.0
0,0.0
0,0.0
0,0.0
0,0.011426347597063376
0,0.0
0,0.008157999114383424
0,0.0
0,0.0
0,0.2657053157147586
0,0.0
0,0.0
0,0.0
0,0.01220939761474416
0,0.006395809953094816
0,0.011117330165658119
0,0.0
0,0.0
0,0.0
0,0.0035969909436166995
0,0.0
0,0.3299745912853716
1,0.8669244634703857
0,0.0034400841371210744
0,0.0
0,0.0049057771427320545
0,0.13375861421961646
0,0.009179882554435088
0,0.3254023042016478
0,0.0
0,0.0008194943708030642
0,0.0
0,0.25651120003014005
0,0.019787199364924176
0,0.0
0,0.0
0,0.04711973657408703
0,0.0
0,0.005208333333333333
0,0.002530294443571376
0,0.0
0,0.0
