is_fraud,prediction_prob
0,1.898418e-09
0,2.7926356e-10
0,0.004445745
0,6.1412236e-10
0,1.0966631e-07
0,1.07659735e-10
0,2.317373e-09
0,1.3146483e-07
0,1.2985383e-09
0,6.413302e-10
0,2.2224694e-10
0,2.6586186e-10
0,7.56905e-10
0,1.5513422e-09
0,7.3496204e-10
0,4.7939963e-10
0,5.4234167e-10
0,5.54898e-10
0,5.883648e-11
0,3.3117353e-10
0,6.1760875e-07
0,1.6539342e-07
0,6.4638245e-10
0,1.2395927e-07
0,1.5675457e-10
0,3.767792e-10
0,7.9252715e-08
0,1.31819835e-08
0,5.736732e-10
0,1.6710014e-09
0,1.2045624e-09
0,2.8509653e-10
0,1.2765545e-09
0,4.3830456e-10
0,2.7171652e-09
0,6.5048483e-10
0,0.0032714708
0,7.5948203e-10
0,2.1391755e-10
0,4.9373233e-10
0,6.6789624e-10
0,2.5722696e-10
0,9.421753e-11
0,0.0073447837
0,4.3673404e-10
0,0.001511261
0,1.2766008e-09
0,4.057499e-10
0,3.0887275e-09
0,9.78145e-10
0,3.1098296e-10
0,3.7890814e-07
0,9.158978e-08
0,1.329596e-09
0,2.6253717e-09
0,2.6633287e-10
0,0.005768046
0,2.0717314e-10
0,1.707694e-07
0,1.0202478e-09
0,7.160548e-10
0,1.2241524e-07
0,4.0409216e-07
0,9.213703e-11
0,1.1971512e-08
0,4.8340665e-10
0,8.8433406e-11
0,1.298199e-09
0,7.057109e-10
0,4.7531934e-08
0,2.1373128e-09
0,1.9308511e-07
0,1.2149806e-09
0,1.6785298e-10
0,4.0559822e-10
0,1.7653701e-07
0,0.0014543904
0,1.11351866e-07
0,7.0631884e-08
0,2.9339114e-10
0,2.075358e-10
0,9.213703e-11
0,1.0146665e-09
0,7.3571084e-07
0,1.3717599e-07
0,1.1501209e-09
0,9.303469e-10
0,1.3623886e-09
0,7.789358e-09
0,1.9712394e-09
0,2.156596e-09
0,1.4189804e-09
0,1.2907968e-09
0,2.067339e-09
0,7.5948203e-10
0,1.6265549e-10
0,1.4396329e-10
0,9.60153e-08
0,1.506649e-10
0,1.813732e-07
0,3.0767502e-09
0,2.4686794e-10
0,1.1163215e-07
0,1.477194e-07
0,1.922909e-07
0,4.698827e-09
0,1.3013275e-07
0,2.6394642e-10
0,6.978403e-07
0,0.012013094
0,1.4993796e-09
0,5.545277e-10
0,4.6682197e-10
0,9.721058e-10
0,4.5083215e-10
0,6.339522e-08
0,5.0483384e-10
0,1.9433041e-07
0,3.9105147e-10
0,9.110816e-09
0,1.00821865e-10
0,9.132856e-10
0,5.6307712e-08
0,9.608474e-08
0,4.2385582e-07
0,1.4546642e-07
0,5.4340353e-07
0,7.148608e-10
0,6.245196e-10
0,2.2880084e-09
0,1.6171329e-07
0,7.819755e-09
0,2.694502e-10
0,3.2879377e-10
0,2.9013128e-10
0,9.9174514e-08
0,9.769255e-10
0,9.1971586e-08
0,2.441265e-09
0,0.001173981
0,1.3233089e-09
0,1.7076455e-09
0,6.7631334e-10
0,6.669682e-10
0,6.123915e-09
0,8.875636e-06
0,5.6940214e-10
0,1.3251804e-07
0,1.0032661e-09
0,2.8026815e-07
0,9.085104e-08
0,5.4340353e-07
0,7.954614e-10
0,0.0008129226
0,1.7164963e-07
0,8.1206355e-07
0,6.568721e-10
0,1.3167376e-09
1,0.9997756
0,1.4279945e-09
0,1.8928931e-07
0,1.1637891e-09
0,4.799431e-10
0,4.5441925e-07
0,8.956219e-08
0,1.5391513e-10
0,1.1210894e-09
0,0.0018227857
0,6.5590683e-10
0,0.0018687698
0,1.0726319e-09
0,1.8113278e-09
0,1.7076461e-08
0,2.5542323e-07
0,0.008354775
0,1.4955914e-10
0,8.083557e-08
0,4.8609444e-10
0,2.6040619e-09
0,0.01890408
0,1.9872549e-07
0,0.0014980856
0,7.7961315e-10
0,4.5085619e-10
0,5.4423693e-10
0,0.00025822618
0,0.0016856638
0,6.389737e-10
0,5.8754244e-07
0,2.8940395e-10
0,1.2644068e-09
0,4.6517323e-10
0,5.716386e-09
0,1.1123247e-09
0,8.8433406e-11
0,6.4254846e-10
0,8.037672e-10
0,6.612025e-10
0,8.956219e-08
0,1.9399111e-10
0,1.6785298e-10
0,1.506649e-10
0,1.0950803e-08
0,2.614796e-10
0,0.009259449
0,4.6120786e-07
0,6.1958033e-10
0,1.191203e-10
0,1.3312396e-10
0,7.342236e-10
0,2.3638968e-07
0,0.06102125
0,0.0018483143
0,6.845965e-09
1,0.91552126
0,5.616339e-10
0,1.4929778e-10
0,3.9565357e-10
0,8.292712e-08
0,0.0009652086
0,2.9084726e-09
0,6.994238e-09
0,2.7001923e-10
0,4.0921386e-10
0,2.8199563e-09
1,0.99993074
0,5.259835e-07
0,1.0222385e-09
0,0.007658334
0,2.6699778e-09
0,1.0446772e-09
0,1.5460959e-09
0,5.9096983e-10
0,8.133302e-10
0,0.0010958246
0,0.012712386
0,1.2571816e-07
0,9.158978e-08
0,1.3949109e-07
0,5.0923604e-10
0,2.6860644e-07
0,1.4844687e-09
0,6.677084e-08
0,1.0202478e-09
0,1.0263563e-10
0,4.839002e-10
0,9.8149854e-08
0,1.0654605e-09
0,5.472462e-10
0,5.369687e-10
0,2.720977e-09
0,5.6007954e-10
0,4.1359713e-10
1,0.9878468
0,4.0436926e-10
0,3.8287176e-10
0,2.092114e-10
0,7.8163215e-10
0,3.7143777e-09
0,2.0717314e-10
0,5.171034e-10
0,6.3519706e-10
0,6.7587933e-07
0,1.3124449e-09
0,2.677616e-10
0,2.0161807e-10
0,0.0013391133
0,7.2355164e-08
0,1.8359503e-09
0,1.4802269e-10
0,1.6680591e-09
0,5.5524524e-10
0,5.855416e-10
0,1.4760579e-09
0,4.5433342e-07
0,2.0774977e-09
0,2.9816633e-08
0,1.4092247e-09
0,1.8027962e-10
0,9.104975e-10
0,3.0438472e-09
0,9.013272e-11
0,5.938625e-10
0,7.676592e-11
0,5.8911065e-10
0,0.0017649393
0,3.2730663e-09
0,1.6673752e-09
0,1.741842e-07
0,7.535286e-10
0,6.8283795e-11
0,0.0015563308
0,1.1447414e-09
0,4.2347884e-10
0,1.0180497e-08
0,7.798467e-10
0,1.05791635e-07
0,0.004081292
0,2.2046723e-07
0,1.4337742e-10
0,1.369931e-07
0,1.9308511e-07
0,7.8542875e-08
0,8.1632116e-08
0,6.013913e-10
0,0.0062609278
0,1.3580762e-10
0,1.0069527e-09
0,4.299582e-07
0,1.731069e-10
0,4.169802e-10
0,5.159882e-10
0,0.043349296
0,2.5376315e-10
0,2.372277e-10
0,1.8135609e-09
0,1.1189062e-09
0,9.834128e-10
0,8.6284285e-10
0,5.192709e-10
0,2.1440048e-09
0,5.0990305e-09
0,9.230268e-08
0,2.2503974e-09
0,9.333649e-10
0,0.0013010659
0,3.8760517e-10
0,0.0033008517
0,0.00050889206
0,1.2293234e-09
0,0.0013451223
0,1.1236529e-07
0,6.94968e-08
0,0.0063596647
0,5.384332e-10
0,2.376863e-08
0,9.158978e-08
0,8.813969e-08
0,0.009276621
0,2.7809076e-08
0,2.1215718e-07
0,2.6596973e-07
0,3.7856637e-10
0,2.8385724e-10
0,2.6932537e-10
0,9.2855906e-08
0,1.2670479e-07
0,8.894364e-10
0,9.18704e-07
0,4.1517416e-09
0,3.4595292e-08
0,1.0654605e-09
0,2.2975144e-10
1,0.99994314
0,1.05791635e-07
0,1.4709678e-07
0,4.6167323e-09
0,8.8930746e-10
0,1.096798e-09
0,5.621848e-10
0,3.6076098e-10
0,2.4679603e-09
0,6.1869354e-10
0,1.747964e-07
0,0.001187561
0,1.7038884e-08
0,6.739337e-10
0,2.677616e-10
0,1.7583383e-07
0,6.088971e-10
0,3.3028155e-10
0,1.2509453e-08
0,1.6603678e-07
0,4.750714e-10
0,1.2893548e-09
0,3.1673242e-08
0,1.1841583e-07
1,0.99856323
0,1.2887451e-09
0,3.5198947e-10
0,2.2875935e-07
0,1.1146056e-09
0,1.7243647e-08
0,1.8241607e-07
0,7.2355164e-08
0,5.8450307e-09
0,4.10402e-10
0,2.9348527e-07
0,7.3496204e-10
0,3.746546e-09
0,2.784512e-07
1,0.99991405
0,4.3456714e-09
0,1.0804746e-07
0,1.7358739e-09
0,4.8830695e-10
0,6.270745e-08
0,2.1716497e-09
0,3.5031857e-09
0,0.0027223532
0,1.5137233e-10
0,6.6368533e-10
0,4.3090744e-09
0,5.087448e-10
0,1.16398e-09
0,9.855543e-08
0,1.7771578e-09
1,0.9990114
0,7.992523e-11
0,1.3127354e-09
0,0.0014017319
0,0.0012336669
0,1.292408e-09
0,1.9577494e-10
0,2.3460585e-09
0,1.8086206e-06
0,9.616459e-10
0,2.1186142e-09
0,1.9872306e-09
0,9.96188e-10
0,0.002764163
0,9.825078e-09
0,1.0122347e-09
0,1.175692e-09
0,1.7030183e-07
0,0.0028978896
0,0.0009935938
0,0.0009620956
0,5.425623e-09
0,1.1650083e-09
0,6.1869354e-10
0,0.0010448581
0,0.0016065065
0,9.035322e-11
0,1.9924661e-07
0,1.2890757e-07
0,6.5396217e-09
0,8.350746e-11
0,6.231156e-10
0,2.4925026e-09
0,1.6411328e-10
0,6.544547e-10
0,3.5379402e-10
0,9.697165e-11
0,9.085104e-08
0,9.721689e-10
0,0.0005827789
0,6.4614976e-09
0,3.4016813e-07
0,0.0013351884
0,8.2940177e-10
0,6.1853184e-10
0,2.3021345e-09
0,2.897265e-10
0,1.0777402e-09
0,6.1958033e-10
0,1.1722078e-09
0,0.0015205577
0,8.273998e-10
0,1.0544715e-07
0,2.674669e-07
0,3.169466e-10
0,1.9449424e-10
0,1.2591628e-09
0,5.6018745e-10
0,4.924197e-09
0,1.18491286e-07
0,1.3972903e-09
0,7.298951e-10
0,4.8609444e-10
0,5.0045568e-09
0,1.1496998e-09
0,8.037672e-10
0,1.1476271e-09
0,2.290981e-10
0,4.6317064e-10
0,5.240338e-10
0,9.158978e-08
0,7.925457e-11
0,0.005327314
0,5.1882443e-10
0,4.529049e-10
0,8.273998e-10
0,1.350753e-09
0,2.020969e-07
0,4.921387e-10
0,1.18006824e-07
0,0.004059399
0,1.0092505e-09
0,1.384655e-07
0,1.3544907e-10
0,7.2277023e-10
0,3.0901379e-07
0,1.3027283e-09
0,3.393156e-10
0,2.1846187e-10
0,2.170225e-07
0,1.707694e-07
0,1.9291453e-09
0,3.8050447e-09
0,1.3580762e-10
0,4.7605647e-10
0,4.1998425e-07
0,3.8082308e-07
0,3.4806724e-10
0,1.6415415e-08
0,7.727391e-11
0,5.2820126e-10
0,0.00013049737
0,1.8574105e-10
0,1.2893548e-09
0,1.1777287e-07
0,1.0175706e-07
0,8.17733e-08
0,3.4305678e-10
0,1.636957e-09
0,1.747964e-07
0,4.366809e-09
0,2.6975258e-10
0,9.3607206e-08
0,3.1768238e-07
0,1.5245142e-07
0,5.3685573e-11
0,1.0114483e-07
0,7.193341e-08
0,0.001910226
0,5.925172e-10
0,6.115216e-07
0,0.001509617
0,2.6365623e-09
0,3.3097113e-08
0,2.64291e-10
0,1.9142855e-07
0,3.5385428e-09
0,6.94968e-08
0,1.2314966e-09
0,4.9854143e-10
0,2.7355939e-06
0,9.360641e-10
0,8.0523685e-11
0,1.6927539e-06
0,1.4172912e-07
0,1.5360784e-07
0,1.7355826e-09
0,7.846031e-10
0,3.3917073e-07
0,3.9067074e-09
0,4.7808294e-07
0,3.9337805e-10
0,4.6327096e-07
0,1.5715738e-08
0,1.0055568e-10
0,2.018875e-07
0,1.8754484e-10
0,1.2416952e-09
0,2.872801e-09
0,0.0008899099
0,2.5437942e-07
0,6.7881795e-10
0,1.1384161e-09
0,1.40808085e-08
0,1.1150798e-09
0,1.1594288e-09
0,6.82936e-10
0,5.150654e-07
0,2.8477925e-07
0,9.156171e-11
0,5.1197563e-10
0,1.6213325e-10
0,1.2103639e-09
0,4.8917908e-08
0,0.0013872253
0,4.6024426e-10
0,5.7179324e-07
0,0.0014502848
0,1.3109575e-07
0,3.6913494e-07
0,2.0067399e-09
0,7.1792566e-10
0,1.741842e-07
0,5.0027793e-10
0,1.1445346e-08
0,1.2182618e-07
0,1.367241e-09
0,2.9979428e-09
0,4.3276586e-08
0,8.691222e-11
0,6.792718e-07
0,1.9924661e-07
0,0.0011721106
0,1.7975541e-09
0,1.6155517e-09
0,1.4609211e-10
0,6.2254774e-10
0,1.2764766e-09
0,1.0055568e-10
0,3.0172675e-10
0,0.024599452
0,0.0016588997
0,2.2744977e-07
0,0.0022637264
0,1.2344998e-07
0,3.4809054e-07
0,4.387328e-10
0,5.6963245e-10
0,6.926838e-08
0,3.146103e-10
0,8.0875026e-07
0,3.421421e-09
0,8.6798785e-10
1,0.99984825
0,5.885794e-10
0,2.019195e-09
0,2.4236937e-10
0,0.0020459332
0,3.825659e-10
0,2.556632e-10
0,1.6859342e-07
0,2.842889e-07
0,3.1624012e-10
0,3.5575368e-10
0,3.963337e-08
0,1.3287897e-09
0,0.00037650776
0,3.9550865e-10
0,0.0013826342
0,2.4736309e-08
0,9.1569134e-09
0,6.5002836e-10
0,2.8117606e-09
0,8.522343e-10
0,6.678453e-10
0,1.3290001e-09
0,1.3920393e-09
0,3.2613864e-10
0,1.8727194e-08
0,3.7579815e-07
0,2.6932537e-10
0,7.218228e-09
0,4.6509338e-10
0,0.011164188
0,2.1026673e-10
0,8.5318574e-10
0,2.066451e-10
0,4.2265984e-07
0,9.2589475e-10
0,8.3684326e-10
0,7.987529e-10
0,7.851933e-09
0,3.001895e-10
0,7.862979e-09
0,7.252434e-10
0,8.9083426e-07
0,0.00059588876
0,1.934782e-10
0,6.749512e-10
0,1.7464447e-09
0,1.0363409e-07
0,1.8264988e-09
0,3.0774647e-10
0,3.8935184e-09
0,8.273998e-10
0,3.825659e-10
0,1.937028e-09
0,1.4426048e-07
0,3.983525e-09
0,0.001960104
0,1.5438446e-09
0,1.4863301e-09
0,3.3009073e-10
0,5.648514e-10
0,2.4043302e-08
0,5.9191797e-07
0,3.6602555e-07
0,1.9526503e-07
0,3.7827405e-10
0,1.2181021e-08
0,1.9619109e-09
0,1.5058433e-08
0,2.1910786e-10
0,3.2563115e-08
0,5.4535974e-08
0,0.0016060699
0,1.4085663e-07
0,9.180281e-08
0,1.2852717e-09
0,7.8542875e-08
0,3.6280946e-07
0,1.1335863e-09
0,1.3158889e-07
0,5.855416e-10
0,1.8805563e-10
0,1.0966631e-07
0,5.9896074e-11
0,6.305178e-08
0,8.254862e-10
0,5.648514e-10
0,2.6091344e-08
0,6.6349926e-10
0,1.4621922e-10
0,3.045698e-10
0,3.0131048e-07
0,4.83509e-10
0,2.9577816e-09
0,1.3969013e-09
0,1.4709678e-07
0,2.3499095e-07
0,0.0035895274
0,9.882956e-11
0,8.057096e-08
0,7.530587e-10
0,1.4875594e-07
0,0.0029282407
0,4.674644e-10
0,8.499583e-10
0,2.676335e-07
0,2.1026673e-10
0,1.9441238e-09
0,5.80904e-10
0,9.703802e-08
0,0.005760159
0,4.8917908e-08
0,4.8609444e-10
0,4.93698e-07
0,5.6471627e-08
0,1.4709678e-07
0,0.00094958977
0,1.0421141e-09
0,4.42638e-07
0,1.9171094e-10
0,1.6426758e-07
0,1.5678747e-10
0,3.8100903e-10
0,1.3129951e-10
0,1.1965748e-10
0,4.489711e-09
0,0.0039694067
0,1.0743866e-09
0,1.664379e-09
0,2.644646e-09
0,9.409218e-11
0,1.9542729e-07
0,3.6364776e-07
0,1.4413646e-09
0,0.00050889206
0,2.0200962e-07
0,7.147913e-10
0,3.6269698e-10
0,1.0389376e-07
0,9.158978e-08
0,4.84146e-09
0,4.991766e-07
0,4.0369266e-10
0,1.13335674e-10
0,1.2683591e-08
0,1.18491286e-07
0,2.8385724e-10
0,2.3796707e-08
0,8.3207796e-10
1,0.99970895
0,8.262466e-11
0,1.1160793e-10
0,8.8600856e-08
0,7.546058e-10
0,1.7256527e-10
0,6.446845e-10
0,6.8209145e-09
0,1.4687862e-10
0,3.6269698e-10
0,2.170453e-09
0,1.2782185e-09
0,8.9396895e-10
0,8.526473e-10
0,2.2673136e-08
0,4.674644e-10
0,5.8988425e-10
0,7.8664054e-11
0,1.2413969e-09
0,6.413534e-10
0,2.9339114e-10
0,5.622073e-10
0,4.3254256e-10
0,8.357749e-09
0,1.4912398e-09
0,5.529614e-10
0,4.8340665e-10
0,5.4340353e-07
0,3.0871977e-08
0,0.0003955903
0,9.9174514e-08
0,1.6157312e-08
0,1.970557e-07
0,5.3552446e-10
0,1.9595052e-10
0,4.333967e-09
0,4.4462592e-08
0,1.885118e-09
0,9.1583596e-10
0,3.4885115e-08
0,1.773943e-10
0,1.9924661e-07
0,4.4655735e-10
0,0.012185727
0,4.7958804e-10
0,4.469766e-10
0,6.413302e-10
0,1.8214787e-09
0,1.6832297e-10
0,3.6939614e-08
0,7.6284e-10
0,1.11351866e-07
0,6.103331e-07
0,1.3995388e-09
0,3.273156e-07
0,2.0178742e-07
0,1.2817488e-09
0,0.0015157706
0,1.5832919e-09
0,7.2355164e-08
0,1.8787718e-09
0,1.2430934e-09
0,0.0014750859
0,1.6511675e-10
0,3.9445706e-07
0,5.651429e-08
0,1.1506781e-09
0,7.541864e-08
0,4.5596113e-10
0,2.869592e-09
0,4.5220622e-07
0,1.0929305e-09
0,0.0041102767
0,1.7643033e-09
0,2.6246647e-10
0,8.7121805e-08
1,0.99483716
0,7.713744e-10
0,6.701702e-10
0,3.4846248e-10
0,5.244633e-07
0,0.0038963659
0,1.2241524e-07
0,3.740389e-10
0,6.413302e-10
0,5.2071056e-07
0,1.1541989e-10
0,0.0014063865
0,0.0014915875
0,1.5715431e-09
0,0.0014028403
0,1.090305e-09
0,2.820606e-10
0,4.289678e-10
0,1.5051361e-09
0,9.416314e-10
0,7.9252715e-08
0,1.7374174e-09
0,1.4645244e-08
0,4.295303e-10
0,8.17733e-08
0,3.0902167e-10
0,4.8910304e-10
0,7.6284e-10
0,1.3595579e-07
0,8.7262e-08
0,1.0836162e-10
0,3.005976e-09
0,3.0142027e-07
0,1.4171033e-09
0,2.6655242e-10
0,1.9734514e-09
0,7.673419e-10
0,1.6363326e-09
0,5.388383e-09
0,3.886494e-06
0,7.220868e-10
0,0.0015569126
0,7.351923e-09
0,1.747964e-07
0,1.8214787e-09
0,0.0011805295
0,5.0637494e-10
0,6.520375e-07
0,6.1869354e-10
0,0.0013788857
0,5.5845606e-10
0,8.502754e-08
0,3.7434797e-10
0,5.9932246e-09
0,1.0859558e-07
0,4.1551502e-05
0,9.980837e-11
0,6.9457246e-10
0,1.494014e-07
0,3.3896055e-07
0,5.842626e-08
0,1.1566429e-10
0,1.4609211e-10
0,1.05016625e-07
0,6.9285894e-10
0,1.5382071e-09
0,1.9924661e-07
0,6.742911e-10
0,9.76471e-10
0,5.4234167e-10
0,8.17733e-08
0,1.2053738e-09
0,7.297211e-10
0,3.1862377e-10
0,1.0632588e-07
0,1.8008622e-07
0,2.8031875e-09
0,7.8219436e-10
0,4.3950543e-08
0,4.418023e-09
0,8.9396895e-10
0,2.0482337e-06
0,3.4909118e-07
0,6.638356e-11
0,2.784512e-07
0,2.6442589e-08
0,7.644743e-10
0,8.7789115e-10
0,0.0014027
0,1.5136894e-09
0,0.01827292
0,2.6337026e-09
0,1.7879013e-09
0,3.3024627e-10
0,2.8445235e-10
0,4.9398763e-10
0,8.204996e-09
0,0.0011267435
0,4.2065718e-10
0,4.2386347e-10
0,6.413534e-10
0,1.8061976e-09
0,2.320898e-07
0,3.2613864e-10
0,1.0232557e-07
0,1.4711475e-07
0,4.5195137e-10
0,3.559149e-08
0,4.5109705e-10
0,8.350746e-11
0,0.00086874014
0,6.165707e-10
0,1.7249788e-09
0,3.3161407e-10
0,3.052902e-07
0,4.571997e-09
0,4.9903477e-08
0,1.6973419e-09
0,5.044751e-09
0,7.5394795e-11
0,5.9545724e-10
0,8.0523685e-11
0,0.003709145
0,3.2138808e-10
0,9.703802e-08
0,2.6375092e-08
0,1.3146483e-07
0,8.189638e-10
0,2.3638091e-07
0,1.55116e-07
0,1.5190661e-09
0,1.508352e-09
0,1.4598279e-08
0,2.250169e-10
0,1.0222385e-09
0,3.052308e-07
0,4.2347884e-10
0,0.00043826882
0,1.2241752e-10
0,8.273998e-10
0,1.2084631e-09
0,3.7783965e-07
0,6.386459e-10
0,4.820863e-07
0,3.654686e-09
0,0.003130595
0,0.001104635
0,4.84495e-07
0,1.3146483e-07
0,5.5516294e-09
0,0.0046020825
0,0.007909948
0,4.0559822e-10
0,1.898086e-08
0,3.7856637e-10
0,2.3664518e-10
0,6.557867e-10
0,5.727177e-10
0,1.9507613e-09
0,5.203536e-10
0,4.3531026e-10
0,2.2046723e-07
0,9.60153e-08
0,5.6091742e-11
0,1.1063188e-07
0,1.2662652e-09
0,9.67251e-10
0,0.000173888
0,2.0110495e-10
0,1.5872348e-09
0,4.9722765e-08
0,3.191018e-10
0,9.914316e-11
0,1.7906262e-07
0,1.0204502e-09
0,4.458863e-07
0,3.0951637e-07
0,1.8283985e-09
0,1.9484374e-09
0,1.644927e-07
0,8.965471e-05
0,4.5685695e-07
0,4.430351e-09
0,1.2508136e-09
0,2.7380916e-06
0,8.5770374e-10
0,2.1616439e-10
0,2.4323876e-09
0,1.5525262e-09
0,1.7946319e-09
0,3.4517775e-08
0,5.4854205e-10
0,2.092114e-10
0,5.3685573e-11
0,2.8586375e-10
0,0.005753382
0,3.602464e-07
0,1.1841583e-07
0,1.9334614e-10
0,8.2886836e-11
0,5.404705e-07
0,8.3709125e-07
0,4.742376e-10
0,1.6772281e-09
0,4.039155e-09
0,5.250373e-07
0,0.00353718
0,1.1857579e-10
0,8.8389107e-10
0,1.2081588e-09
0,1.0701581e-07
0,1.2862918e-07
1,0.99912935
0,0.0012885653
0,4.145932e-07
0,2.6651188e-09
0,3.062948e-10
0,1.4405538e-09
0,6.824907e-10
0,4.452043e-10
0,1.5906404e-10
0,1.4066352e-10
0,5.172803e-09
0,7.5753037e-10
0,0.008280846
0,0.00061624346
0,6.5522346e-07
0,2.2348903e-10
0,0.0003137349
0,2.0189964e-07
0,2.2669533e-09
0,3.019079e-07
0,1.6611249e-06
0,0.0011385401
0,1.4048637e-09
0,3.8179557e-09
0,0.002108
0,2.9437716e-10
0,8.2939383e-10
0,3.0664389e-09
0,8.829016e-11
0,6.2341277e-10
0,2.7786257e-07
0,8.777618e-11
0,1.9991708e-06
0,1.2764766e-09
0,1.9889285e-10
0,3.2613864e-10
0,6.7814305e-08
0,1.4564008e-09
0,1.4609211e-10
0,7.551457e-10
0,1.5144157e-07
0,2.9088984e-10
0,5.6312566e-11
0,1.4200335e-09
0,1.0036662e-09
0,7.324109e-10
0,0.0051473407
1,0.09525712
0,3.39919e-05
0,1.292408e-09
0,3.838355e-10
0,2.520705e-07
0,2.491077e-09
0,2.508048e-10
0,2.8189387e-10
0,4.1606973e-10
0,1.4323289e-09
0,5.052018e-10
0,1.5845465e-08
0,1.03466604e-07
0,8.415539e-10
0,0.0009437928
0,1.3816265e-07
0,1.1382664e-09
0,1.4064454e-09
0,0.003156724
0,1.1044835e-09
0,8.321501e-08
0,1.0153188e-09
0,1.1662077e-07
0,3.4885115e-08
0,3.3028155e-10
0,1.7835892e-07
0,1.919895e-09
0,0.16759945
1,0.9871127
0,4.1953863e-10
0,8.3814236e-09
0,1.082445e-06
0,4.6543686e-10
0,6.4638245e-10
0,2.1478265e-10
0,2.2240565e-09
0,1.2574227e-09
0,3.751895e-09
0,6.394107e-08
0,5.0754113e-07
0,4.951772e-10
0,1.922524e-07
0,3.4885115e-08
0,1.3095937e-10
0,1.1841583e-07
0,1.0099889e-07
0,4.3166815e-10
0,4.159864e-10
0,1.8565328e-09
0,8.550712e-07
0,4.8269007e-09
0,1.3199335e-07
0,1.2468095e-07
0,3.6807728e-09
0,4.2065718e-10
0,6.306297e-08
0,4.909864e-10
0,1.2415745e-09
0,3.6364456e-10
0,3.0300168e-07
0,3.9550865e-10
0,6.877753e-10
0,5.885794e-10
0,2.5506875e-08
0,8.273998e-10
0,1.1365274e-07
0,5.6110605e-10
0,2.8948413e-09
0,4.4981623e-09
0,8.829016e-11
0,1.6404138e-07
0,7.4933126e-08
0,2.8678295e-07
0,4.258222e-09
0,6.6156827e-07
0,1.0536805e-09
0,7.3453876e-10
0,7.458813e-10
0,2.582475e-10
0,6.400544e-10
0,4.0921386e-10
0,0.0035529663
0,3.680522e-08
0,0.0015502041
0,9.035322e-11
0,3.1624012e-10
0,1.1431289e-09
0,1.721544e-07
0,9.618201e-10
0,4.10402e-10
0,8.568628e-11
0,6.3411186e-08
0,7.5687756e-10
0,1.8641846e-07
0,1.1741591e-09
0,4.3953483e-07
0,9.0698243e-10
0,1.5245142e-07
0,2.2172668e-09
0,2.372277e-10
0,5.6312566e-11
0,1.8008622e-07
0,1.0987652e-07
0,7.0316255e-06
0,0.7040362
0,5.460628e-10
0,7.3496204e-10
0,1.6914308e-07
0,6.079913e-08
0,4.674644e-10
0,0.0014593737
0,5.073371e-09
0,1.6598137e-06
0,1.1662077e-07
0,0.0002438382
1,0.99661475
0,1.7202485e-08
0,1.2489636e-09
0,1.358582e-09
0,1.18535375e-07
0,4.7766635e-10
0,1.6096598e-07
0,2.2224694e-10
0,7.2355164e-08
0,1.0619182e-09
0,1.3485751e-09
0,1.2241752e-10
0,0.0009866017
0,1.8706672e-07
0,4.3653188e-09
0,3.7036489e-06
0,5.736924e-07
0,0.0024070197
0,4.1258072e-10
0,6.519157e-10
0,8.652325e-10
0,0.0038539334
0,7.767604e-10
0,0.0015505311
0,6.9097045e-10
0,6.9560124e-10
0,1.473782e-09
0,8.929942e-10
0,5.926303e-10
0,7.220868e-10
0,0.002539783
0,8.0523685e-11
0,5.1951565e-10
0,3.8163886e-10
0,4.909864e-10
0,4.2400497e-10
0,1.3246434e-07
0,0.001987551
0,6.8829795e-09
0,0.0030646534
0,0.0033492884
0,5.776402e-10
0,5.4549126e-10
1,0.999052
0,2.2232804e-09
0,1.4591507e-09
0,3.7974732e-10
0,6.80559e-10
0,6.034455e-11
0,1.2081588e-09
0,1.0181279e-07
0,1.5906837e-09
0,2.3185862e-07
0,5.9191797e-07
1,0.99901617
0,4.077045e-07
0,9.421753e-11
0,7.0434863e-10
0,1.8530763e-07
0,4.909864e-10
0,6.400544e-10
0,1.5335222e-10
0,2.0043183e-07
0,2.6977608e-07
0,6.6999895e-10
0,5.4596594e-10
0,4.060464e-10
0,1.0534909e-10
0,1.2467906e-09
0,1.175692e-09
0,8.5782964e-10
0,9.642691e-07
0,3.5418637e-07
0,5.324456e-10
0,0.0011660324
0,3.318482e-10
0,3.877745e-10
0,5.2883137e-10
0,2.7472917e-09
0,1.3246434e-07
0,3.0302413e-08
0,1.0000584e-09
0,1.978463e-10
0,3.3506786e-09
0,7.803451e-10
0,2.9353515e-09
0,5.6749743e-09
0,2.64291e-10
0,1.305335e-09
0,2.320646e-07
0,3.319281e-09
0,7.217838e-10
0,2.9353515e-09
0,3.7412526e-10
0,1.6254126e-07
0,0.0021352933
0,4.2247543e-09
0,6.288034e-10
0,8.777618e-11
0,3.1862377e-10
0,0.0012200599
0,1.3139546e-10
0,8.6407637e-10
0,4.0125459e-10
0,7.846031e-10
0,4.6733926e-06
0,1.3113052e-07
0,6.659233e-10
0,2.612722e-10
0,4.5195137e-10
0,1.0494884e-09
0,1.1101141e-09
0,7.002604e-10
0,3.78049e-10
0,1.4020247e-07
0,1.1946363e-10
0,1.6643219e-09
0,1.2335113e-09
0,2.7001923e-10
0,6.12003e-08
0,5.4156635e-10
0,1.3580762e-10
0,1.9419683e-07
0,1.5534267e-09
0,1.0213347e-08
0,6.568721e-10
0,3.7974732e-10
0,1.2158801e-09
0,5.9096983e-10
0,2.190173e-09
0,6.165707e-10
0,7.098309e-10
0,0.001138546
0,1.7358739e-09
0,3.079273e-10
0,2.842889e-07
0,8.568628e-11
0,5.886344e-10
0,0.0066927494
0,6.8600556e-09
0,1.1129587e-10
0,1.0575865e-09
0,3.6104681e-09
0,1.2893548e-09
0,2.0084898e-09
0,1.115177e-06
0,3.001895e-10
0,7.285622e-11
0,1.5972225e-10
0,2.9638056e-10
0,1.293554e-10
0,6.932879e-08
0,2.364982e-09
0,7.0411215e-07
0,3.1866891e-09
0,0.0019392826
0,3.0459748e-07
0,3.767792e-10
0,8.015045e-10
0,3.7226586e-05
0,1.2517133e-07
0,1.0445179e-09
0,3.879493e-09
0,8.381971e-08
0,1.2440682e-09
0,1.3027283e-09
0,5.618568e-10
0,1.8846291e-09
0,1.506649e-10
0,9.882956e-11
0,1.1750754e-09
0,2.553154e-09
0,2.455577e-10
0,5.6312566e-11
0,2.767154e-07
0,2.4878148e-09
0,9.395069e-11
0,9.531268e-11
0,2.1646254e-07
0,0.0039904756
0,3.2502663e-09
0,2.1993132e-07
0,9.168623e-09
0,2.0787028e-09
0,4.1876874e-10
0,9.049269e-08
0,1.5245142e-07
0,5.0483384e-10
0,6.7026924e-08
0,1.6673752e-09
0,5.8787597e-10
0,7.072794e-10
0,1.0793099e-09
0,7.7150103e-10
0,0.0032485132
0,0.0015157706
0,4.054592e-09
0,1.4532042e-09
0,6.0476507e-10
0,8.633161e-08
0,8.6814517e-10
0,8.280672e-11
0,1.5245142e-07
0,7.14272e-10
0,9.9174514e-08
0,1.6077836e-09
0,1.2406441e-09
0,3.5475578e-09
0,1.937028e-09
0,5.925681e-10
0,5.2057797e-10
0,0.007262338
0,8.083557e-08
0,5.406406e-10
0,1.40436e-09
0,2.612722e-10
0,1.5988188e-06
0,1.6213325e-10
0,0.0012369545
0,7.9252715e-08
0,3.0303923e-07
0,2.4627232e-08
0,7.3016243e-10
0,1.140348e-09
0,6.8658155e-09
0,7.8351137e-10
0,1.9239106e-07
0,4.4735274e-10
0,1.6270954e-07
0,0.0013788857
0,2.725635e-10
0,1.5495425e-07
0,8.3801325e-08
0,2.6932537e-10
0,1.0317141e-07
0,9.239344e-11
0,3.903533e-07
0,1.0895498e-10
0,1.2701305e-07
0,7.642129e-11
0,1.6355058e-09
0,2.9418999e-08
0,3.993262e-09
1,0.9876236
0,1.2196816e-06
0,2.64291e-10
0,0.0006108397
0,4.9052123e-10
0,1.2299638e-09
0,9.985298e-10
0,1.813732e-07
0,4.0559822e-10
0,5.0307636e-07
0,4.1984038e-10
0,3.2613864e-10
0,1.0112076e-10
0,2.7023164e-09
0,1.0515047e-08
0,3.1902002e-07
0,1.4649231e-09
0,1.9363522e-09
0,5.7987114e-07
0,2.2938954e-08
0,6.94968e-08
0,3.9981396e-09
0,6.389737e-10
0,0.0043540997
0,8.1539525e-08
0,8.189638e-10
0,7.8542875e-08
0,5.534631e-07
0,1.6145258e-09
0,2.0363908e-09
0,1.731069e-10
0,5.599909e-10
0,3.5049437e-09
0,1.3842286e-09
0,7.057109e-10
0,1.3580762e-10
0,1.9419683e-07
0,3.9337805e-10
0,6.8888595e-10
0,1.2060499e-09
0,9.171028e-11
0,2.9592204e-09
0,8.829016e-11
0,1.1246354e-06
0,4.8609444e-10
0,0.00020954097
0,1.8403185e-07
0,0.0016183301
1,0.99986315
0,7.8726986e-10
0,3.846101e-10
0,7.88618e-10
0,4.5688214e-10
0,3.0253122e-10
0,5.883648e-11
0,5.365909e-10
0,6.8637956e-10
0,5.586438e-09
0,0.0014527908
0,8.829016e-11
0,2.8994445e-09
0,5.622073e-10
0,3.0437758e-10
0,1.922909e-07
0,9.158978e-08
0,1.1946324e-09
0,7.0110673e-09
0,0.0003796199
0,1.2508052e-07
0,1.4621922e-10
0,0.00712035
0,1.17963395e-07
0,1.5224969e-10
0,4.1056564e-10
0,3.5189431e-09
0,2.4726432e-07
0,3.4992047e-07
0,1.2149806e-09
0,0.0012881402
0,1.0465475e-06
0,6.357455e-08
0,9.831933e-10
0,1.7030183e-07
0,1.01569945e-07
0,8.273998e-10
0,3.318482e-10
0,0.0042244405
0,1.05016625e-07
0,4.111471e-10
0,4.2338794e-08
0,1.7844717e-06
0,9.9147464e-08
0,6.5232864e-10
0,9.60153e-08
0,0.0015520186
0,6.2311734e-08
0,2.4536342e-10
0,3.825659e-10
0,2.7977057e-10
0,1.6927539e-06
0,1.4662194e-10
0,1.6213325e-10
0,6.306297e-08
0,1.3856393e-09
0,2.3539202e-09
0,1.9021043e-09
0,2.8325597e-09
0,6.3070726e-10
0,2.350133e-10
0,0.0007911681
0,8.2940177e-10
0,5.323159e-09
0,0.008006034
0,2.008462e-10
0,2.5468605e-09
0,1.0895498e-10
0,4.855829e-10
0,8.0039236e-10
0,1.0544715e-07
0,6.413302e-10
0,1.1193267e-09
0,1.19394e-09
0,1.7832764e-09
0,0.0071441927
0,7.820728e-08
0,1.058259e-08
0,1.2084631e-09
0,9.918004e-07
0,8.646897e-10
0,3.029269e-09
0,1.0318543e-10
0,0.0035197104
0,1.4020247e-07
0,1.3807241e-07
0,1.4802022e-07
0,3.466218e-09
0,1.21806725e-08
0,9.43358e-08
0,4.811612e-10
0,2.4844575e-09
0,1.197411e-09
0,3.7974732e-10
0,4.8034536e-09
0,1.1586662e-09
0,2.3664518e-10
0,4.1308948e-07
0,2.725635e-10
0,3.326898e-10
0,5.621848e-10
0,1.298199e-09
0,5.0572564e-09
0,6.1312284e-07
0,1.2534218e-06
0,1.741842e-07
0,1.10920084e-07
0,1.5490034e-09
0,1.0161237e-07
0,3.838355e-10
0,6.528215e-10
0,8.016834e-10
0,1.1753527e-10
0,2.64291e-10
0,4.990048e-07
0,7.9829754e-10
0,1.2182618e-07
0,1.1951931e-09
0,2.1440048e-09
0,3.7730725e-09
0,1.6621805e-09
0,1.0335448e-09
0,3.6612427e-10
0,4.8340665e-10
0,1.499881e-08
0,1.14310495e-07
0,1.0313309e-10
0,5.634418e-10
0,3.897878e-10
0,2.775141e-09
0,4.738524e-10
0,7.2700894e-11
0,5.872551e-10
0,8.621823e-08
0,3.6933844e-07
0,6.7005645e-10
0,5.4234167e-10
0,1.7037999e-09
0,4.3177106e-10
0,1.5618612e-09
0,1.0537186e-09
0,0.00175989
0,1.2415745e-09
1,0.99949634
0,5.8004815e-07
0,8.9435694e-08
0,3.4212928e-07
0,5.200599e-10
0,4.6697184e-09
0,0.002394905
0,3.005976e-09
0,3.0063646e-10
0,6.013913e-10
0,1.1262181e-09
0,1.3585224e-09
0,4.5195137e-10
0,1.3882582e-09
0,3.052399e-09
0,6.7005645e-10
0,2.0219313e-09
0,7.3254086e-10
0,3.567194e-09
0,5.8110157e-09
0,5.7766886e-10
0,9.110317e-08
0,1.4067137e-09
0,0.00128084
0,2.1399356e-09
0,5.3279026e-09
0,1.2224398e-09
0,7.5554046e-10
0,1.5382071e-09
0,2.2765814e-09
0,6.413534e-10
0,1.8045201e-06
0,2.9398606e-10
0,2.613605e-07
0,7.3016243e-10
0,0.0009092842
0,6.528215e-10
0,1.01729944e-10
0,1.4651298e-09
0,6.165707e-10
0,1.6008475e-08
0,4.4576762e-10
0,2.1362641e-10
0,0.0011149287
0,1.9425882e-10
0,7.846031e-10
0,5.609102e-10
0,0.002036491
0,1.2314966e-09
0,0.00036320707
0,6.479414e-10
0,0.0025999572
0,1.2944747e-10
0,1.05791635e-07
0,6.4317746e-10
0,1.4992481e-06
0,2.4765325e-07
0,4.2751247e-09
0,4.5025556e-07
0,1.6908817e-10
0,1.9542729e-07
0,0.0010410864
0,2.5696812e-07
0,0.0036151817
0,0.0010251729
0,5.4621696e-10
0,1.1329185e-09
0,2.119772e-05
0,8.4234316e-08
0,7.007912e-09
0,9.158978e-08
0,1.3907865e-07
0,8.426236e-10
0,2.2238573e-09
0,4.9052123e-10
0,3.5385824e-07
0,6.389737e-10
0,9.1338045e-08
0,4.128754e-09
0,0.010280613
0,5.073272e-10
0,1.5678747e-10
0,1.0418258e-09
0,0.0039691883
0,7.5712014e-10
0,3.9550865e-10
0,3.095197e-09
0,1.1260205e-09
0,1.3095937e-10
0,1.4893269e-09
0,6.805246e-08
0,1.9471163e-07
0,4.3531026e-10
0,2.0610727e-07
0,6.518199e-07
0,2.6932537e-10
0,1.934466e-09
0,1.506649e-10
0,6.950389e-10
0,5.439007e-10
0,4.2347884e-10
0,1.769987e-08
0,1.7576538e-08
0,0.0014006364
0,2.5262392e-10
0,0.0019986113
0,7.4345535e-10
0,5.8004815e-07
0,2.372277e-10
0,1.2766008e-09
1,0.99994135
0,1.0927199e-09
0,7.106356e-10
0,1.4085663e-07
0,8.546858e-10
0,6.3401865e-07
0,1.1840319e-09
0,2.372495e-07
0,5.202077e-10
0,2.7188954e-10
0,6.2234357e-10
0,1.8895676e-09
0,1.1657841e-09
0,3.6341515e-07
0,0.0064780572
0,6.7005645e-10
0,1.556702e-08
0,5.203536e-10
0,1.6914308e-07
0,6.7003214e-10
0,1.120461e-09
0,3.6306623e-08
0,0.002525905
0,5.886344e-10
0,0.007513034
0,1.00898184e-07
0,2.7396346e-10
0,6.1958033e-10
0,1.5583186e-07
0,2.1399356e-09
0,8.629395e-11
0,0.0003022847
0,1.1382923e-09
0,1.12485e-10
0,5.157461e-10
0,5.4274313e-10
0,1.731069e-10
0,1.7915026e-09
0,8.829016e-11
0,9.0585517e-10
0,5.21015e-10
0,0.001468189
0,1.18491286e-07
0,2.114924e-09
1,0.9999831
0,3.9957437e-10
0,1.3311649e-08
0,7.908861e-11
0,5.839921e-11
0,9.392743e-10
0,0.001098538
0,7.56905e-10
0,4.1796602e-07
0,3.270313e-10
0,7.416793e-10
0,1.1662077e-07
0,7.0251494e-09
0,1.245368e-07
0,5.8988425e-10
0,5.129815e-10
0,5.514282e-09
0,6.216632e-08
0,1.07539414e-07
0,3.045698e-10
0,1.0781016e-10
0,7.1718034e-07
0,8.1465146e-10
1,0.99966073
0,7.9901426e-08
0,1.0654605e-09
0,7.7914116e-08
0,6.2292427e-10
0,4.720458e-09
0,5.4234167e-10
0,4.7202936e-10
0,6.023706e-10
0,1.9924661e-07
0,4.469766e-10
0,4.81523e-07
0,4.5085619e-10
0,2.1670197e-09
0,2.6083005e-10
0,5.8313865e-10
0,0.0011477175
0,1.9182819e-08
0,1.4371617e-09
0,1.9803743e-09
0,1.4676296e-10
0,2.5072447e-10
0,1.7267895e-09
0,4.157786e-10
0,3.03671e-08
0,0.001619628
0,7.319417e-10
0,4.929297e-10
0,1.2005433e-10
0,5.7950764e-09
0,8.292712e-08
0,4.0347024e-07
0,5.209842e-10
0,1.1625932e-09
0,1.035917e-09
0,4.9854143e-10
0,3.7974732e-10
0,3.143026e-10
0,9.47802e-08
0,1.1932546e-09
0,3.0253122e-10
0,6.332011e-10
0,7.4994365e-11
0,1.1784489e-09
0,8.568628e-11
0,0.0036564923
0,1.5854859e-09
0,0.0053584776
0,0.0013861286
0,0.0034046893
0,1.7355826e-09
0,1.7802953e-06
0,1.315046e-09
0,2.8344675e-09
0,1.8928931e-07
0,2.2426108e-10
0,0.0055014626
0,1.2002623e-09
0,2.6911393e-09
0,2.979503e-08
0,0.0034259162
0,7.2979206e-10
0,2.64291e-10
0,4.5596113e-10
0,1.3942846e-09
0,3.7310426e-09
0,1.0444806e-08
0,1.5468288e-07
0,6.580584e-10
0,4.8609444e-10
0,2.8484431e-10
0,6.5435235e-10
0,2.2707721e-07
0,1.2359652e-09
0,5.821063e-07
0,4.2065718e-10
0,1.2466876e-10
0,1.2056544e-09
0,0.0022794073
0,2.9342153e-09
0,2.372277e-10
0,1.3595579e-07
0,6.3534605e-10
1,0.9999275
0,9.033697e-08
0,5.5498772e-11
0,3.462696e-09
0,1.5159243e-06
0,1.7821795e-07
0,2.8026815e-07
0,1.4341387e-09
0,5.5818923e-08
0,0.03956548
0,3.6348022e-10
0,0.004250617
0,1.5771103e-06
0,0.009504787
0,2.4145637e-09
0,5.821449e-11
0,2.2642148e-08
0,0.0045554996
0,1.1772514e-07
0,1.8715755e-07
0,0.005683845
0,1.086105e-07
0,5.5716654e-10
0,3.512187e-07
0,4.7491944e-09
0,0.00047296556
0,6.528215e-10
0,1.18491286e-07
0,1.8241607e-07
0,7.277589e-09
0,7.5948203e-10
0,3.6602555e-07
0,8.568628e-11
0,7.318478e-11
0,3.7478806e-10
0,9.737426e-10
0,7.059397e-10
0,6.115216e-07
0,4.2065718e-10
0,0.0018839139
0,4.846234e-10
0,0.0011312077
0,1.1458679e-06
0,2.611048e-10
0,7.217838e-10
0,5.740862e-09
0,1.747964e-07
0,0.007909948
0,0.00040807133
0,5.877184e-08
0,5.767424e-08
0,9.7460715e-09
0,1.9167737e-07
0,4.755383e-10
0,2.2975144e-10
0,9.881104e-08
0,1.5495425e-07
0,1.4342618e-09
0,6.389737e-10
0,2.7847105e-10
0,7.980631e-10
0,7.6601997e-10
0,2.9437716e-10
0,1.7232418e-10
0,1.3148666e-07
0,3.9628642e-10
0,2.119676e-06
0,2.2877069e-07
0,1.506649e-10
0,1.07659735e-10
0,5.1910953e-10
0,1.0181279e-07
0,2.207696e-09
0,5.1360024e-07
0,9.748882e-08
0,5.181908e-09
0,2.4613825e-10
0,0.046119258
0,1.1617864e-09
0,3.992356e-09
0,0.0011292315
0,2.9159478e-10
0,3.868791e-10
0,1.0895498e-10
0,3.6768387e-07
0,5.1055776e-10
0,2.1126934e-10
0,6.07168e-10
0,1.922909e-07
0,9.551219e-10
0,1.232333e-07
0,1.0901241e-09
0,0.004843072
0,1.96042e-07
0,0.005915475
0,2.446251e-10
0,3.896423e-09
0,5.7710558e-08
0,4.9402367e-09
0,1.3701847e-06
0,0.0046900157
0,3.3320738e-10
0,0.0028772329
0,4.199253e-10
0,2.8601402e-08
0,6.495739e-05
0,5.80904e-10
0,2.4686794e-10
0,2.2205722e-09
0,3.8163886e-10
0,6.387425e-09
0,2.6063525e-09
0,0.0029683893
0,8.652325e-10
0,9.391651e-10
1,0.9999076
0,1.6691921e-09
0,2.4236937e-10
0,3.5575368e-10
0,1.9021043e-09
0,2.8552278e-09
0,1.1330352e-09
0,1.4687841e-09
0,1.8529024e-10
0,3.2265413e-09
0,1.1631427e-10
0,7.907794e-10
0,7.0399506e-11
0,4.017086e-06
0,2.2605168e-08
0,1.7299145e-09
0,4.295303e-10
0,1.5913233e-10
0,9.3309346e-08
1,0.9992556
0,1.4620116e-07
0,1.4952786e-09
0,0.0027031114
0,1.1946363e-10
0,5.622073e-10
0,5.4234167e-10
0,1.12485e-10
0,1.9748596e-09
0,5.1882443e-10
0,1.9323691e-07
0,1.0161237e-07
0,1.443293e-09
0,5.648514e-10
0,4.2400497e-10
0,4.1121612e-10
0,1.117522e-09
0,3.8631106e-07
0,5.722765e-10
0,1.1783162e-09
0,3.3028155e-10
0,7.539074e-08
0,1.6412777e-09
0,5.4234167e-10
0,7.841523e-11
0,0.007660182
0,9.1207747e-10
0,4.3254256e-10
0,7.421731e-10
0,1.0582418e-10
0,0.0038098095
0,5.4152816e-10
0,1.1448986e-07
0,3.4948502e-09
0,6.622223e-10
0,0.001758921
0,7.0526185e-09
0,3.3051975e-10
0,5.6312566e-11
0,1.1037717e-09
0,3.420258e-10
0,5.424875e-10
0,7.2355164e-08
0,7.961192e-06
0,1.7120217e-07
0,5.708702e-10
0,5.018015e-09
0,7.6351836e-10
0,1.2119428e-07
0,2.0247982e-07
0,1.0935633e-07
0,0.000855581
0,1.1589484e-10
0,0.0020260485
0,9.10287e-11
0,0.0007197713
0,2.284328e-09
0,6.2471736e-07
0,1.1026423e-08
0,7.9707165e-09
0,1.1873428e-09
0,3.9550865e-10
0,1.6291638e-09
0,5.821449e-11
0,6.294075e-07
0,3.2123e-10
0,1.140229e-06
0,1.0296529e-09
0,1.02594e-09
0,4.3680572e-07
0,1.1979785e-07
0,7.3055395e-10
1,0.9998586
0,3.3928922e-09
0,8.8562246e-10
0,1.6008475e-08
0,2.2605168e-08
0,2.7786257e-07
0,3.4342537e-10
0,1.9171094e-10
0,1.18410306e-07
0,7.318478e-11
1,0.94813585
0,2.5451546e-10
0,2.1904102e-10
0,5.8773164e-09
0,1.6967202e-07
0,8.5873664e-10
0,2.4219988e-09
0,8.17733e-08
0,8.929942e-10
0,1.2170627e-10
0,4.3482565e-10
0,9.696277e-11
0,8.2036884e-11
0,0.0017888893
0,6.3519706e-10
0,3.7974732e-10
0,1.197411e-09
0,8.623863e-08
0,7.912162e-08
0,1.183815e-09
0,7.4445433e-10
0,1.5619894e-09
0,1.6785298e-10
0,2.8385724e-10
0,9.47802e-08
0,6.1799e-08
0,4.174451e-09
0,2.725693e-07
0,0.0027823297
1,0.99972373
0,9.1223923e-10
0,6.6054956e-10
0,1.04871894e-07
0,1.40436e-09
0,1.7349406e-09
0,1.1179776e-10
0,4.440196e-10
0,2.818397e-09
0,2.4647438e-08
0,6.8333206e-10
0,2.8385724e-10
0,1.7206281e-07
0,4.343923e-09
0,1.4414162e-10
1,0.9999403
0,3.9091224e-09
0,1.2416952e-09
0,1.5681956e-09
0,5.1564285e-07
0,1.8303945e-09
0,1.731069e-10
0,6.1958033e-10
0,9.8088995e-09
0,6.819038e-10
0,1.1836649e-07
0,1.1965748e-10
0,2.6036495e-09
0,0.0013706955
0,0.0035767881
0,4.295303e-10
0,1.1901899e-06
0,8.982227e-11
0,5.408755e-11
0,0.001823414
0,9.041317e-08
0,1.05016625e-07
0,6.413534e-10
0,9.589242e-10
0,3.174176e-08
0,1.616611e-10
0,1.4522086e-10
0,5.4502125e-10
0,9.6667e-10
0,2.2538893e-07
0,1.0659077e-09
0,1.1596898e-09
0,2.3829804e-07
1,0.9994497
0,2.9505e-10
0,1.6020485e-07
0,0.0010810286
0,5.8049496e-11
0,0.44399816
0,8.9732555e-07
0,1.3057035e-09
0,1.6579755e-09
0,3.428285e-10
0,1.3632075e-09
0,3.8693602e-07
0,1.4405538e-09
0,1.8794006e-07
0,1.1899522e-09
0,2.725635e-10
0,3.694451e-10
0,4.050138e-10
0,1.0294908e-07
0,2.1786364e-09
0,1.7677203e-07
0,9.592561e-08
0,5.129815e-10
0,2.7359233e-09
0,7.526674e-08
1,0.99989104
0,1.036132e-06
0,1.449684e-07
0,7.0631884e-08
0,1.8205315e-08
0,3.1098296e-10
0,4.5768458e-10
0,8.2480783e-10
0,1.6679264e-08
0,0.0037145126
0,7.992523e-11
0,1.8928931e-07
0,1.0348634e-07
0,2.2554165e-09
0,6.9891004e-10
0,5.016577e-10
0,4.2909387e-10
0,1.9336037e-08
0,5.94703e-08
0,1.1246354e-06
0,1.1675064e-09
1,0.9999293
0,7.268845e-10
0,3.445418e-07
0,2.6079275e-10
0,8.038707e-08
0,2.1484985e-10
0,5.2152904e-10
0,1.638565e-10
0,2.53134e-08
0,2.7847105e-10
0,6.528592e-09
0,1.6869236e-09
0,1.7795116e-09
1,0.9998417
0,2.907728e-10
0,1.2467906e-09
0,2.2946108e-10
0,4.2878703e-10
0,0.0012526625
0,0.001602182
0,8.7262e-08
0,0.0075914506
0,1.3146483e-07
0,5.643916e-10
0,2.694502e-10
0,0.0017293558
0,3.001895e-10
0,3.4846248e-10
0,2.8849632e-07
0,5.722765e-10
0,2.6977608e-07
0,0.0062021795
0,0.017161686
0,1.7141916e-09
0,1.2161028e-09
0,3.318482e-10
0,7.560177e-10
0,8.38149e-08
0,9.735271e-10
0,0.017028907
0,2.060172e-06
0,6.9457246e-10
0,3.4139507e-09
0,6.013913e-10
0,1.1946363e-10
0,4.53833e-09
0,1.3619989e-07
0,1.0494884e-09
0,2.7583322e-10
0,0.00024515108
0,3.028829e-07
0,6.306297e-08
0,0.0037539315
0,5.32978e-10
0,3.1724616e-09
0,7.4386706e-09
0,1.2698109e-09
0,3.919074e-09
0,5.3552446e-10
0,0.00337951
0,1.3041895e-10
0,1.2102616e-10
0,8.451354e-08
0,1.2445642e-09
0,3.5553863e-10
0,2.613605e-07
0,5.430787e-10
0,6.330079e-10
0,1.0229855e-09
0,9.391651e-10
0,1.6074011e-08
0,5.839726e-09
0,3.0760833e-07
0,1.5993642e-08
0,0.0014952138
1,0.9998795
0,6.724933e-09
0,3.3300758e-08
0,1.731069e-10
0,1.239244e-09
0,7.720219e-07
0,6.667107e-08
0,4.650375e-10
0,7.992523e-11
0,0.0010958246
0,1.0883726e-09
0,0.0023090458
0,9.447545e-10
0,6.408631e-10
0,4.517273e-10
0,6.7213456e-08
0,2.1399356e-09
0,1.4818823e-10
0,3.4239064e-10
0,2.856132e-09
0,1.8636677e-09
0,2.1716e-09
0,3.5575368e-10
0,1.9326217e-07
0,2.3960692e-10
0,1.1753533e-07
0,0.0050115325
0,1.922524e-07
0,9.733986e-07
1,0.99938786
0,0.0011508085
0,1.081848e-07
0,6.744899e-08
0,2.0161807e-10
0,9.438791e-10
0,9.78145e-10
0,8.228676e-09
0,2.3012934e-07
0,1.386509e-09
0,5.4326416e-10
0,1.2893548e-09
0,6.1591837e-10
0,1.5216529e-09
0,0.0011506168
0,0.0012131996
0,3.4087308e-10
0,0.0006831231
0,8.348047e-09
0,7.152822e-10
0,2.455577e-10
0,1.1777287e-07
0,1.6008475e-08
0,4.738502e-08
0,2.725635e-10
0,8.238888e-08
0,1.2448135e-09
0,7.7210893e-10
0,0.0024137753
0,1.2017926e-09
0,4.0125459e-10
0,1.8010367e-10
0,3.3421876e-10
0,6.85503e-10
0,0.0011649278
0,7.8726986e-10
0,1.3805682e-10
0,3.165722e-09
0,8.093739e-08
0,0.0023187613
0,2.2554165e-09
0,1.1146354e-09
0,0.0012912552
0,0.0011721106
0,1.7339462e-07
0,7.4345535e-10
0,1.7660979e-09
0,1.7994511e-09
0,9.738986e-10
0,1.1406461e-09
0,9.158978e-08
0,1.3805682e-10
0,5.2681234e-08
0,5.708702e-10
0,7.727391e-11
0,5.6734208e-11
0,3.08029e-07
0,6.718468e-10
0,1.0818231e-07
0,3.230943e-10
0,1.1246354e-06
0,2.614796e-10
0,5.925681e-10
0,7.806741e-10
0,5.6227516e-09
0,0.0015308238
0,2.5305085e-09
0,4.5768458e-10
0,4.4798804e-10
0,1.296387e-10
0,1.5827817e-06
0,2.0959112e-07
0,1.446225e-07
0,3.694451e-10
0,3.905292e-09
0,1.117522e-09
0,5.3561133e-10
0,1.8458415e-09
0,1.9574047e-07
0,0.001547145
0,2.079119e-09
0,3.8100903e-10
0,0.0036693052
0,4.4131063e-08
0,2.803999e-10
0,3.5398522e-09
0,8.3045045e-08
0,1.8799835e-09
0,1.5253723e-09
0,1.3091422e-09
0,7.3964496e-10
0,4.3531026e-10
0,1.1875545e-07
0,1.1330806e-09
0,6.5880684e-10
0,4.3277865e-07
0,5.1910953e-10
0,8.636793e-10
0,2.0863368e-07
0,1.6673752e-09
0,3.708458e-10
0,6.679727e-10
0,3.2613864e-10
0,6.163455e-08
0,0.0050880252
0,3.8100903e-10
0,8.17733e-08
0,5.81198e-09
0,5.9805577e-10
0,1.5124527e-07
0,3.1624012e-10
0,7.882819e-08
0,9.337424e-10
0,1.1662077e-07
0,3.740389e-10
0,1.2810498e-09
0,7.992523e-11
0,1.6822131e-09
0,1.1063188e-07
0,0.0029951006
0,1.506649e-10
0,3.045698e-10
0,1.2586752e-07
0,1.5324938e-09
0,2.6420466e-07
0,1.1415864e-09
0,4.050138e-10
0,6.9483075e-10
0,0.0024494124
0,4.2289066e-06
0,1.0502553e-09
0,5.3680843e-08
0,2.28229e-09
0,0.0201335
0,8.058246e-09
0,2.1399356e-09
0,1.1911823e-06
0,7.579459e-08
0,6.5187467e-10
0,0.0088518765
0,3.5082365e-07
0,4.2249395e-09
0,1.0335448e-09
0,2.7125617e-09
0,9.346142e-09
0,1.6785298e-10
0,2.3722286e-09
0,1.369931e-07
0,0.0027202338
0,4.711928e-10
0,3.1862377e-10
0,9.703802e-08
0,1.0122347e-09
0,3.365742e-10
0,1.0436337e-09
0,2.1027686e-09
0,6.1244615e-10
0,2.1125532e-09
1,0.9998884
0,1.0446095e-09
0,4.4145332e-10
0,2.725635e-10
0,1.3954285e-07
0,8.15676e-10
0,5.8277727e-10
0,1.5353806e-10
0,1.0028816e-09
0,5.921139e-10
0,4.909864e-10
0,0.0019957456
0,2.7809076e-08
0,2.0518023e-07
0,5.390868e-07
0,3.0400393e-10
0,0.0010117688
0,2.5482987e-09
1,0.9999889
0,4.4576762e-10
0,8.132088e-11
0,1.3673375e-07
0,1.2495211e-07
0,2.4686794e-10
0,3.9539597e-07
0,1.3328307e-07
0,1.3209939e-09
0,8.240979e-08
0,3.9090255e-09
0,8.980886e-08
0,1.1200657e-09
0,5.1882443e-10
0,1.0695409e-09
0,7.88627e-10
0,4.5334486e-10
0,1.8475031e-10
0,0.0015373096
0,1.7107195e-09
0,2.3002768e-10
0,5.240338e-10
0,7.467993e-07
0,3.708458e-10
0,3.9550865e-10
0,5.1197563e-10
0,1.6566803e-08
0,8.102505e-10
1,0.9991047
0,3.3421876e-10
0,4.3131445e-09
0,5.5724836e-10
0,1.0859558e-07
0,4.2143804e-09
0,4.8830695e-10
0,3.499364e-10
0,7.127913e-10
0,3.8442086e-10
1,0.99960047
0,5.1929696e-09
1,0.9798523
0,1.9759797e-08
0,1.6459848e-07
0,6.372369e-10
0,1.1038232e-07
0,1.1009573e-07
0,3.4305678e-10
0,5.408755e-11
0,0.00080944307
0,2.2546554e-09
0,6.4638245e-10
0,7.998651e-08
0,6.9046706e-07
0,4.971231e-09
0,4.2251466e-10
0,1.0161237e-07
0,0.0013080679
0,1.9433041e-07
0,1.18491286e-07
0,0.00096978986
0,1.038896e-07
0,6.700881e-11
0,3.5215688e-09
0,1.3319882e-07
0,5.242923e-07
0,2.161278e-09
0,2.0226834e-09
0,0.00041446663
0,3.936415e-10
0,7.8114695e-08
0,9.882066e-08
0,0.003091336
0,1.0222385e-09
0,2.8265545e-08
0,9.156171e-11
0,6.8568085e-10
0,1.2289489e-08
0,3.7890814e-07
0,2.379116e-09
0,0.0019692848
0,2.740963e-07
0,6.94968e-08
0,1.1583998e-07
0,8.052188e-10
0,1.7086063e-07
0,3.1231057e-08
0,1.1525695e-09
0,1.7076455e-09
0,2.199257e-09
0,0.0016863276
0,2.1371251e-09
0,1.0068797e-09
0,5.5724836e-10
0,5.2882734e-07
0,8.17733e-08
0,1.05791635e-07
0,0.0025490434
0,4.3734505e-10
0,3.690875e-09
0,4.2909387e-10
0,2.464885e-08
0,4.8917908e-08
0,4.042051e-07
0,8.273998e-10
0,1.0004304e-09
0,1.7141916e-09
0,0.0006550521
0,3.999129e-10
0,1.1335863e-09
0,1.1393719e-09
0,8.2480783e-10
0,2.6586186e-10
0,0.01652913
0,4.2573067e-08
0,8.0160856e-10
0,9.132856e-10
0,6.165707e-10
0,1.0157677e-10
0,0.0013474996
0,5.208451e-10
0,6.2511785e-10
0,1.5192052e-09
0,3.9145715e-07
0,1.8343054e-09
0,1.1856093e-09
0,1.2080177e-10
0,1.9085984e-09
0,9.882956e-11
0,6.35999e-08
0,3.5339948e-10
0,2.551625e-07
0,2.448549e-09
0,7.910042e-10
0,3.3964233e-07
0,7.34148e-10
0,1.04088384e-10
0,2.1193657e-05
0,1.5171978e-10
0,6.976347e-08
0,5.26392e-10
0,3.2613864e-10
0,0.00063766754
0,1.6679002e-09
0,6.1008054e-10
0,7.4340706e-10
0,2.0599343e-10
0,7.8542875e-08
0,2.4538146e-08
0,3.868791e-10
0,4.9098264e-10
0,2.3002768e-10
0,1.6283481e-07
0,8.990929e-08
0,2.1846187e-10
0,4.7531934e-08
0,7.569698e-07
0,1.3616476e-10
0,1.9379558e-09
0,1.1027505e-06
0,0.003825214
0,4.136802e-09
0,7.803451e-10
1,0.9806332
0,2.6689456e-08
0,3.095486e-09
0,7.5610995e-10
0,7.417571e-10
0,3.5115136e-07
0,3.70354e-09
0,1.2258061e-10
0,0.0051282253
0,8.6380775e-10
0,0.008333453
0,1.3360607e-09
0,5.501006e-07
0,2.1000248e-07
0,3.0609577e-09
0,8.722905e-08
0,8.2046614e-07
0,1.731069e-10
0,1.46276005e-08
0,7.269483e-10
0,8.8096075e-10
0,4.1337317e-10
0,1.5681626e-09
0,1.2763267e-07
0,1.3025891e-09
0,4.658809e-10
0,8.132088e-11
0,2.2744977e-07
0,1.6864875e-07
0,0.0060023637
0,1.1841533e-10
0,1.1188379e-09
0,0.003112507
0,1.9323691e-07
0,9.059377e-11
0,0.0032301932
0,3.6348022e-10
0,5.3981966e-09
0,1.7346723e-07
0,3.4305678e-10
0,6.751054e-11
0,0.0014006364
0,2.0189964e-07
0,1.5245142e-07
0,2.055065e-09
0,3.963337e-08
0,0.0011840836
0,5.868363e-07
0,3.3028155e-10
0,9.555112e-11
0,1.2985383e-09
0,2.897265e-10
0,0.021645145
0,3.9889056e-10
1,0.96075416
0,7.9182233e-10
0,3.7347364e-10
0,8.4660917e-10
0,7.8180806e-10
0,1.8403185e-07
0,5.1582977e-10
0,0.0013706955
0,7.7498663e-07
0,7.9690324e-08
0,1.2125706e-09
0,1.1767537e-08
0,5.622073e-10
0,3.623535e-09
0,3.1088807e-10
0,9.391651e-10
0,1.1027505e-06
0,2.1626978e-08
0,6.509834e-11
0,0.0028615613
0,1.2634737e-07
0,5.365592e-10
0,0.0017878158
0,9.471505e-10
0,7.4127476e-10
0,9.560071e-11
0,2.9696112e-10
0,1.6887793e-06
0,0.0421904
0,5.560316e-10
0,9.208086e-10
0,1.0198197e-09
0,1.3286706e-09
0,0.0015157706
0,1.5133576e-09
0,1.0808384e-09
0,6.187832e-10
0,1.14922113e-10
0,3.3300758e-08
0,3.5429179e-07
0,8.233798e-08
0,7.752725e-11
0,4.538538e-09
0,1.1179776e-10
0,5.8277727e-10
0,0.0016387921
0,0.39184886
0,6.557867e-10
0,7.356401e-08
0,7.702343e-08
0,1.2045624e-09
0,0.009235495
0,1.8927995e-09
0,1.001767e-09
0,1.0496075e-07
0,9.394445e-10
0,5.6734208e-11
0,6.3519706e-10
0,2.0521902e-09
0,0.00042297877
0,1.1378343e-09
0,9.735271e-10
0,1.0930472e-09
0,2.0356246e-10
0,1.183815e-09
0,0.001281646
0,1.2314966e-09
0,7.958269e-07
0,4.5085619e-10
0,1.5391513e-10
0,0.0016167177
0,2.8449573e-10
0,1.2338006e-07
0,3.18718e-10
0,1.2527804e-10
0,0.0011101718
0,4.3953483e-07
0,0.004081292
0,6.2975397e-10
0,1.446225e-07
0,1.4999144e-09
0,6.5048483e-10
0,2.3840432e-10
0,4.050138e-10
0,1.3287897e-09
0,1.9533749e-07
0,4.8609444e-10
0,1.1722369e-09
0,5.959367e-10
0,1.9171094e-10
1,0.99557894
0,4.821948e-07
0,6.648192e-10
0,8.8154115e-09
0,1.8352887e-09
0,0.0033126853
0,8.240798e-10
0,0.012414404
0,5.668081e-10
0,5.534631e-07
0,6.7003214e-10
0,4.8340665e-10
0,5.672931e-08
1,0.99967456
0,5.882966e-10
0,7.4345535e-10
0,1.0879264e-09
0,9.085104e-08
0,2.905972e-09
0,7.2355164e-08
0,4.2897724e-08
0,8.566704e-10
0,2.427447e-09
0,3.0301112e-10
0,6.8829795e-09
0,4.050449e-09
0,7.8542875e-08
0,9.583335e-10
0,2.1522596e-10
0,3.4087308e-10
0,3.357852e-08
0,3.6770982e-07
0,6.4125345e-09
0,7.0411215e-07
0,2.5112218e-10
0,7.4467005e-07
0,1.7013286e-09
0,2.372277e-10
0,4.8156846e-08
0,3.2813532e-10
0,4.202348e-09
0,3.7825604e-10
0,1.7269982e-06
0,1.658578e-07
0,0.0007693989
0,7.2700894e-11
0,2.1816344e-09
0,4.773615e-09
0,1.506649e-10
0,5.1910953e-10
0,5.4910315e-10
0,4.839002e-10
0,5.9349337e-10
0,4.763871e-10
0,0.0012006927
0,6.9099415e-10
0,4.10402e-10
0,6.766423e-07
0,1.3146483e-07
0,6.9304726e-08
0,5.1871457e-10
0,8.233798e-08
0,7.2314765e-11
0,7.901769e-07
0,6.7814305e-08
0,1.3523255e-09
0,6.5525785e-10
0,0.0059824167
0,9.10287e-11
0,2.7725964e-09
0,0.00080944307
0,2.7592755e-09
0,7.988379e-11
0,2.7847105e-10
0,1.0099707e-09
0,0.0017808769
0,7.585334e-11
0,0.0014994413
0,1.2906407e-06
0,7.114331e-10
0,3.559149e-08
0,8.835834e-08
0,5.8941635e-10
0,7.8542875e-08
0,8.91847e-10
0,1.321346e-10
0,8.17733e-08
0,4.7867416e-10
0,4.174752e-07
0,4.9398763e-10
0,6.0873835e-09
0,6.4638245e-10
0,1.4400099e-09
0,3.4087308e-10
0,1.0844046e-09
0,9.703802e-08
0,4.488983e-09
0,3.0832477e-09
1,0.9995621
0,4.6757676e-10
0,1.13645804e-07
0,6.2420935e-07
0,6.5187467e-10
0,0.0025138753
0,9.158978e-08
0,8.1909035e-10
0,2.0538387e-09
0,0.0018755249
0,7.2203304e-10
0,1.2289999e-09
0,2.0554247e-10
0,5.528923e-07
0,5.942477e-10
0,1.5202141e-09
0,8.3735574e-10
0,1.6914308e-07
0,1.0069527e-09
0,4.1056564e-10
0,3.3988838e-09
0,4.0581566e-10
0,3.9163672e-10
0,1.115177e-06
0,7.551457e-10
0,4.0125459e-10
0,3.2123e-10
0,3.816085e-09
0,1.0885335e-07
0,0.0020908078
0,7.843575e-07
0,5.021488e-07
0,0.0023765382
0,1.2395821e-09
0,4.199253e-10
0,1.0777402e-09
0,6.079913e-08
0,1.5678747e-10
0,5.545277e-10
1,0.9009753
0,2.6804212e-10
0,8.236005e-10
0,8.2886836e-11
0,0.00197712
0,1.5583186e-07
0,5.374339e-07
0,4.174752e-07
0,7.702949e-11
0,3.95819e-09
0,1.1754071e-09
0,7.883202e-10
0,7.7914116e-08
0,3.936415e-10
0,3.3869746e-05
0,3.7974732e-10
0,0.00058758585
0,1.4140928e-09
0,3.750035e-09
0,6.000336e-10
0,2.2975144e-10
0,6.088971e-10
0,3.0526028e-09
0,7.3285e-09
0,8.350746e-11
0,1.8135609e-09
0,2.4521196e-09
0,8.2929574e-10
0,8.1098184e-10
0,3.1304923e-10
0,1.3949109e-07
0,1.5137233e-10
0,0.005009236
0,3.273491e-09
0,5.622073e-10
0,8.0441903e-10
0,2.1100244e-09
0,1.5376409e-09
0,1.9315898e-07
0,3.1694618e-09
0,2.7345348e-07
0,1.3334994e-09
0,8.290253e-10
0,3.353686e-07
0,1.9924661e-07
0,1.06001295e-07
0,3.282186e-10
0,8.750626e-10
0,5.324456e-10
0,4.037982e-07
0,1.0800059e-09
0,1.1893698e-08
0,2.288388e-09
0,9.015357e-10
0,5.1197563e-10
0,0.00032868516
0,3.672479e-07
0,0.0017054715
0,2.1522596e-10
0,6.362301e-10
0,5.384332e-10
0,0.00069102435
0,4.1056564e-10
0,2.1440048e-09
0,5.621848e-10
0,2.222553e-07
0,1.6802313e-07
0,8.5770374e-10
0,1.5129274e-09
0,0.0031082162
0,6.367691e-07
0,3.0084868e-10
0,1.7844717e-06
0,4.459088e-10
0,2.328534e-09
0,8.4375423e-10
0,8.2886836e-11
0,4.503418e-08
0,6.732104e-10
0,1.6567459e-09
0,0.048084754
0,2.7128354e-07
0,1.449684e-07
0,2.3383522e-09
0,2.1887196e-09
0,3.1719896e-09
0,6.8334255e-10
0,9.438791e-10
0,1.4257981e-09
0,6.421613e-10
0,5.1910953e-10
0,1.2368366e-07
0,2.9846208e-09
0,1.3615497e-09
0,1.6283481e-07
0,2.0959112e-07
0,1.5684369e-10
0,6.224142e-08
0,6.413534e-10
0,1.3941516e-09
0,0.0022075525
0,8.813969e-08
0,5.942874e-10
0,5.9833445e-09
0,6.7306016e-10
0,4.0626874e-10
0,2.658218e-10
0,3.8163886e-10
0,1.12892465e-07
0,2.9112027e-07
0,4.2501302e-10
0,5.632323e-10
0,2.6887191e-08
0,7.78525e-11
0,2.2205722e-09
0,5.1910953e-10
0,7.0254197e-07
0,1.5202885e-10
0,9.438791e-10
0,1.8653392e-09
0,1.1555322e-09
0,1.4327908e-09
0,0.0015790655
0,6.987867e-08
0,4.1623643e-10
0,8.037672e-10
0,0.0039207037
0,7.965362e-10
0,3.146103e-10
0,5.833311e-10
0,6.125548e-10
0,1.1158457e-09
0,5.4234167e-10
0,3.708458e-10
0,2.5383817e-10
0,2.4339203e-08
0,7.4345535e-10
0,1.656866e-09
0,2.4236937e-10
0,3.90795e-10
0,6.6661976e-10
0,5.632323e-10
0,5.855416e-10
0,3.318482e-10
0,8.880757e-09
0,2.3879083e-09
0,1.12485e-10
0,6.0371604e-11
0,4.2243248e-10
0,6.415388e-08
0,1.893854e-09
0,1.399609e-08
0,2.6380815e-09
0,1.191203e-10
0,2.1428477e-09
0,4.6317064e-10
0,2.150369e-09
1,0.9994172
0,3.4204946e-09
0,2.0472835e-09
0,0.0022322002
0,1.1488843e-09
0,4.7202936e-10
0,5.324456e-10
0,8.849614e-08
0,8.2035984e-10
0,6.1314626e-10
0,8.7262e-08
0,1.8969476e-10
0,6.7026924e-08
0,3.9033907e-10
0,4.10402e-10
0,8.763399e-11
0,1.8187084e-09
0,2.8469043e-07
0,6.7703905e-09
0,1.9125423e-08
0,5.200599e-10
0,2.1291304e-09
0,2.4090803e-09
0,4.954502e-10
0,5.101343e-10
0,1.2565932e-09
0,2.6003641e-09
0,0.002056477
0,1.4041485e-09
0,1.0128803e-08
0,2.6661662e-09
0,4.2909387e-10
0,0.00104603
0,2.8503236e-10
0,3.6306953e-09
0,5.921139e-10
0,1.3026364e-09
0,1.8568814e-07
0,9.699413e-09
0,1.1594288e-09
0,5.4234167e-10
0,4.1156292e-10
0,0.0016976051
0,1.5622707e-07
0,3.499364e-10
0,3.051245e-10
0,4.6456322e-10
0,3.6348022e-10
0,6.205117e-08
0,4.8609444e-10
0,8.9435694e-08
0,1.221934e-09
0,3.9090255e-09
0,1.04853556e-10
0,6.930294e-10
0,2.0352608e-09
0,1.6673752e-09
0,6.9768596e-10
0,2.5627455e-07
0,2.310779e-09
0,1.1633341e-09
0,0.0013420371
0,7.095839e-08
0,0.00023610001
0,2.6323158e-07
0,1.5715738e-08
0,5.7814836e-10
0,8.16394e-09
0,2.7766607e-09
0,4.5995927e-09
0,1.5678747e-10
0,1.917304e-09
0,1.0395803e-10
0,4.7061977e-10
0,8.646897e-10
0,3.0300168e-07
0,9.486475e-10
0,5.9383193e-10
0,6.7306016e-10
0,3.3086855e-10
0,0.0023116737
0,1.1179776e-10
0,5.622073e-10
0,2.6968965e-07
0,9.273241e-11
0,1.0195479e-06
0,3.903533e-07
0,4.0125459e-10
0,1.0110731e-09
0,2.0268597e-07
0,3.2567635e-09
0,3.767792e-10
0,1.3632075e-09
0,9.944642e-10
0,6.6220645e-07
0,7.9252715e-08
0,1.2940155e-10
0,8.132088e-11
0,8.35541e-08
0,4.077045e-07
0,3.3192453e-07
0,4.901883e-10
0,1.2542466e-09
0,1.978463e-10
0,4.258943e-10
0,7.1552375e-10
0,7.78525e-11
0,0.008208572
0,1.0483106e-08
0,0.01645756
0,8.052188e-10
0,9.927662e-10
0,1.922909e-07
0,9.89058e-10
1,0.99975735
0,3.868791e-10
0,3.5339948e-10
0,4.499255e-07
0,9.390737e-10
0,2.2908922e-07
0,1.1237692e-10
0,3.303937e-10
0,1.8636677e-09
0,1.3025891e-09
0,7.6175525e-07
0,1.0498308e-09
0,2.6184857e-09
0,9.085104e-08
0,7.6195404e-11
0,8.292712e-08
0,2.5437942e-07
0,2.0841631e-07
0,1.5684369e-10
0,4.737126e-09
0,8.863372e-10
0,3.2212974e-08
0,3.5094256e-09
0,1.6277351e-09
0,1.1850486e-09
0,1.8403185e-07
0,3.5186027e-08
0,1.5286549e-09
0,7.2349987e-10
0,2.7847105e-10
0,6.509834e-11
0,1.9358164e-07
0,0.0015397122
0,8.1909035e-10
0,2.888978e-09
0,5.4935192e-08
0,6.013913e-10
0,6.9768596e-10
0,4.65769e-10
0,5.8168705e-09
0,1.7863402e-09
0,3.6864828e-10
0,1.7404554e-07
0,0.00038623402
0,5.839921e-11
0,5.782145e-10
0,6.1799e-08
0,1.3949109e-07
0,3.7574328e-08
0,0.0006436651
0,4.625758e-09
0,1.6741691e-07
0,1.7358739e-09
0,9.406441e-10
0,8.959167e-10
0,3.0874256e-09
0,0.0027497434
0,8.292712e-08
0,2.2554165e-09
0,0.0006917271
0,4.2544457e-07
0,9.370121e-11
0,4.5537707e-10
0,7.305288e-10
0,6.636524e-10
0,4.1908196e-10
0,1.17963395e-07
0,1.4121199e-09
0,4.2347884e-10
0,3.9349887e-10
0,0.0044226004
0,5.839921e-11
0,5.223011e-07
0,2.9437716e-10
0,9.47803e-10
0,8.058772e-08
0,1.7211173e-07
0,2.80812e-10
0,4.3183948e-07
0,1.1302826e-10
0,2.677616e-10
0,0.0009443482
0,9.429668e-10
0,2.9045665e-07
0,8.4631213e-10
0,2.3002768e-10
0,2.7894475e-07
0,1.9783197e-10
0,4.6234447e-10
0,2.4156734e-07
0,1.1583998e-07
0,0.0020587994
0,1.1754071e-09
0,5.904631e-09
0,1.2328292e-09
0,2.5182691e-09
0,2.2507377e-08
0,0.003648834
0,1.108373e-09
0,9.156171e-11
0,0.0011367417
0,2.8643737e-10
0,7.7251255e-10
1,0.99969447
0,1.850724e-09
0,7.8246956e-07
0,3.052902e-07
0,2.7163376e-08
0,1.0083428e-06
0,0.009352607
0,2.502475e-07
0,1.4845408e-07
0,1.0128614e-07
0,6.4094654e-09
0,5.1055776e-10
0,1.0417245e-09
0,9.770159e-08
0,2.6655242e-10
0,6.700881e-11
0,5.202077e-10
0,2.582475e-10
0,1.5501472e-09
0,1.8566682e-08
0,4.1657994e-08
0,3.1624012e-10
0,1.1819087e-09
0,8.8294547e-07
0,7.702949e-11
0,6.114558e-08
0,6.3519706e-10
0,0.00072073296
0,6.622223e-10
1,0.99836236
0,1.2173327e-09
0,5.268108e-10
0,2.0978841e-10
0,1.7332415e-08
0,8.4034607e-10
0,4.174752e-07
0,0.010112887
0,0.004081292
0,7.160143e-09
0,3.0083722e-10
0,1.11351866e-07
0,4.7946364e-10
0,1.6887728e-07
0,4.2738263e-10
0,8.736505e-09
0,3.6348022e-10
0,1.1506781e-09
0,7.095839e-08
0,6.7814305e-08
0,5.4549126e-10
0,1.4709678e-07
0,0.023452783
0,0.001650688
0,8.17733e-08
0,1.4127421e-09
0,3.5379402e-10
0,5.0644544e-10
0,3.7593472e-07
0,2.8189387e-10
0,1.6152912e-07
0,4.3502887e-10
0,2.114924e-09
0,1.8039046e-07
0,0.0017092102
0,2.7109238e-08
0,4.6317064e-10
0,7.3057795e-09
0,8.344588e-10
0,9.927662e-10
0,1.6431445e-09
0,8.832253e-10
0,2.8656157e-09
0,5.621848e-10
0,1.1311771e-07
0,4.3531026e-10
0,2.8132344e-10
0,0.0023123238
0,1.6856401e-07
0,1.1832507e-09
0,6.115216e-07
0,2.0396014e-09
0,8.1270063e-10
0,5.6307712e-08
0,2.190709e-08
0,2.372277e-10
0,0.0071579344
0,1.5113598e-07
0,1.1754071e-09
0,7.0935996e-10
0,5.2545957e-08
0,4.9718306e-08
0,0.0039917626
0,1.3855679e-09
0,2.1820379e-09
0,2.1909782e-10
0,0.0012166562
0,5.622073e-10
0,0.0017283815
0,7.8430673e-10
1,0.99960047
0,5.622073e-10
0,4.6509338e-10
0,3.638597e-07
0,6.517304e-07
0,1.4327908e-09
0,0.00030464758
0,4.925444e-07
0,3.7890814e-07
0,5.8313865e-10
0,7.187148e-10
0,2.227548e-07
0,3.1624012e-10
0,3.727188e-09
0,6.150605e-09
0,1.1179776e-10
0,2.4145637e-09
0,8.4234316e-08
1,0.9999989
0,3.8100903e-10
0,1.3339535e-07
0,2.3968325e-10
0,2.3002768e-10
0,7.7727763e-10
0,5.68727e-10
0,2.372277e-10
0,0.002036491
0,1.8900974e-09
0,1.9558095e-09
0,4.423839e-07
0,1.2852717e-09
0,6.1958033e-10
0,1.1179776e-10
0,7.727391e-11
0,6.386459e-10
0,4.983057e-10
0,3.1662173e-09
0,0.002422379
0,0.0010271902
0,4.726735e-10
0,0.0047486536
0,2.8775543e-10
0,1.4929778e-10
0,1.3767428e-09
0,1.998116e-09
0,7.2355164e-08
0,1.0102962e-09
0,3.7715667e-10
0,2.9555933e-09
0,0.0006068254
0,6.7797075e-09
0,2.8818056e-10
0,1.9343431e-10
0,2.0754135e-06
0,8.3111357e-10
0,0.0017339257
0,0.0051572057
0,1.18491286e-07
0,1.5918627e-07
0,3.6348022e-10
0,5.621848e-10
0,1.9574664e-07
0,1.6977659e-09
0,1.8624879e-09
0,5.767363e-10
0,7.010108e-08
0,1.5373653e-09
0,0.0018201302
0,1.8916371e-07
0,6.4638245e-10
0,1.9428632e-09
0,1.2423051e-07
0,5.0810047e-07
0,1.9950005e-07
0,1.5913233e-10
0,2.0861222e-09
0,0.0040054414
0,1.1712274e-08
0,1.7358739e-09
0,5.621848e-10
0,6.330079e-10
0,4.2400497e-10
0,1.6872422e-09
0,5.582558e-10
0,0.0073772385
0,2.1768791e-09
0,9.234045e-10
0,7.9404083e-07
0,3.1972276e-09
0,1.2170627e-10
0,7.8180806e-10
0,1.1329185e-09
0,0.005026613
0,5.801261e-08
0,1.4609211e-10
0,7.348513e-10
0,2.2002292e-10
0,8.2910917e-10
0,1.4533579e-07
0,2.7318872e-09
0,1.6680305e-09
0,0.00097449264
0,5.4549126e-10
0,9.784491e-10
0,1.2174958e-08
0,1.2548496e-09
0,7.9654544e-10
0,8.513407e-10
0,2.3000672e-09
1,0.9996582
0,3.052308e-07
0,0.0030190314
0,6.2969545e-09
0,5.269528e-09
0,1.7385773e-06
0,1.3735744e-09
0,7.097687e-10
0,9.132856e-10
0,3.2407438e-10
0,7.4830797e-10
0,2.1354547e-09
0,2.6564848e-10
0,6.6999895e-10
0,1.4365752e-07
0,1.2966251e-09
0,4.4946806e-09
0,3.318482e-10
0,7.301632e-08
0,2.5599223e-09
0,2.1381442e-07
0,7.5948203e-10
0,5.9176275e-10
0,1.7163653e-07
0,6.5880434e-10
0,3.9954617e-10
0,8.929942e-10
0,7.881822e-09
0,1.3199335e-07
0,1.7076566e-07
0,5.4102745e-10
0,1.1556556e-09
0,5.1725535e-10
0,3.3500952e-10
0,2.4628542e-05
0,1.5214932e-09
0,6.7005645e-10
0,3.9829007e-07
0,2.4149062e-07
0,5.4234167e-10
0,5.839921e-11
0,1.4733942e-09
0,2.7955135e-10
0,9.8370125e-11
0,3.5115136e-07
0,0.0032116203
0,7.148457e-07
0,6.9880326e-07
0,0.0020908078
0,1.7620246e-07
0,5.705012e-10
0,9.300483e-11
0,1.1246354e-06
0,1.5137233e-10
0,1.9057684e-09
0,1.9343431e-10
0,5.3663796e-10
0,1.9196494e-07
0,9.809044e-10
0,2.376863e-08
0,8.935258e-10
0,0.0013213678
0,2.649316e-09
0,1.5152608e-09
0,6.4147826e-10
0,5.0617793e-10
0,9.116105e-08
0,1.1236529e-07
0,1.0710536e-09
0,2.4761033e-09
0,2.1222206e-10
0,4.131422e-10
0,2.516315e-09
0,8.513407e-10
0,1.2893548e-09
0,4.101192e-07
0,5.1291634e-05
0,5.5106226e-09
0,5.020526e-08
0,2.1381442e-07
0,2.3960692e-10
0,2.4057432e-08
0,5.9191797e-07
0,6.389737e-10
0,1.4533678e-09
0,1.4446012e-09
0,8.660927e-10
0,1.442023e-07
0,1.9318175e-10
0,0.001522579
0,2.8241656e-09
0,2.372277e-10
0,3.5390557e-09
0,5.7638117e-10
0,3.4295227e-09
0,2.3408633e-10
0,1.893854e-09
0,1.1105779e-09
0,4.7766635e-10
0,0.004131811
0,2.3571584e-10
0,1.1063188e-07
0,1.3086904e-09
0,0.0038656767
0,1.5583186e-07
0,9.980837e-11
0,3.9463464e-07
0,2.0436357e-09
0,9.606798e-10
0,1.4405538e-09
0,4.348646e-10
0,8.1909035e-10
0,2.1583861e-09
0,4.3772225e-10
0,7.106972e-07
0,0.0041980357
0,8.350746e-11
0,4.7648254e-07
0,0.003249072
0,0.0026618668
0,1.1568398e-09
0,1.6846149e-09
0,3.0750589e-06
0,2.1381442e-07
0,5.4812215e-08
0,8.04762e-08
0,1.2414642e-07
0,7.2355164e-08
0,1.7676763e-06
0,1.4006123e-09
0,8.742864e-11
0,8.7991936e-07
0,2.5722696e-10
0,9.064675e-09
0,1.6581998e-07
0,4.1606973e-10
0,8.292712e-08
0,2.8189387e-10
0,0.001943419
0,6.1958033e-10
0,1.3812588e-07
0,3.0615137e-08
0,5.146337e-10
0,4.0559822e-10
0,1.242285e-07
0,1.0986436e-07
0,8.3657353e-10
0,0.003989157
0,7.4480655e-10
0,2.4512345e-10
0,7.745742e-09
0,1.8894909e-10
0,7.207692e-08
0,3.4437908e-10
0,6.046665e-08
0,1.3878187e-09
0,3.4122824e-10
0,1.6581998e-07
0,3.8163886e-10
0,1.9323691e-07
0,0.0087233465
0,1.9419683e-07
0,0.0016345754
0,1.5122263e-09
0,1.02491654e-10
0,0.0018679928
0,7.988379e-11
0,1.5344827e-09
0,1.1246354e-06
0,6.030408e-10
0,0.0023894464
0,1.1184368e-09
0,5.3253296e-10
0,1.182001e-09
0,0.010733684
0,2.0717314e-10
0,8.6284285e-10
0,1.442023e-07
0,2.6394642e-10
0,9.085104e-08
0,2.264047e-07
0,1.0490321e-09
1,0.99971455
0,1.2507968e-09
0,1.1788451e-08
0,1.9745923e-09
0,9.670056e-10
0,2.5072447e-10
0,5.776402e-10
0,2.4685112e-09
0,3.0131048e-07
0,1.8405398e-09
0,6.4638245e-10
0,1.0104831e-09
0,1.6022915e-09
0,4.0125459e-10
0,3.1557987e-09
0,1.5202141e-09
0,1.5362879e-07
0,4.9718306e-08
0,1.9130098e-07
0,3.7856637e-10
0,0.0015628084
0,2.58755e-09
0,2.7809076e-08
0,8.052188e-10
0,1.1510354e-10
0,5.855416e-10
0,1.5582132e-09
0,8.6229335e-10
0,1.4609211e-10
0,8.3735574e-10
0,8.248437e-11
0,0.0010347901
0,5.7179324e-07
0,4.825251e-10
0,5.4595345e-10
0,6.2477934e-10
0,7.673419e-10
0,1.6915471e-09
0,2.8193233e-08
0,1.0222385e-09
0,1.6155517e-09
0,3.9617384e-10
0,0.008087382
0,9.341058e-10
0,2.0161807e-10
0,1.245029e-10
0,3.051245e-10
0,0.0016377198
0,1.3858148e-07
0,9.545773e-10
0,6.260414e-10
0,4.1844614e-10
0,1.2740345e-09
0,2.4719553e-09
0,2.7396346e-10
0,3.4885115e-08
0,4.0559822e-10
0,5.950882e-07
0,1.9678659e-09
0,1.2368366e-07
0,9.555112e-11
0,6.413302e-10
0,5.192709e-10
0,8.0523685e-11
0,1.245368e-07
0,2.3408633e-10
0,0.0026062673
0,1.3616476e-10
0,4.2904005e-09
0,1.10488334e-10
0,7.8542875e-08
0,6.4638245e-10
0,1.8405398e-09
0,8.3392104e-10
0,5.793449e-10
0,5.299279e-10
0,0.0019598233
0,4.361933e-08
0,9.085104e-08
0,3.499364e-10
0,1.2877469e-10
0,2.885276e-10
0,5.7118715e-10
0,8.021109e-08
0,2.5738658e-09
0,9.800909e-10
0,4.387328e-10
0,1.0263314e-09
0,3.8925035e-07
0,5.235608e-07
0,6.102214e-10
0,3.1862377e-10
0,1.5092497e-09
0,0.00018908714
0,4.983057e-10
0,0.0010084012
0,5.8161298e-08
0,5.259835e-07
0,7.5653117e-10
0,4.4816575e-10
0,1.4834617e-08
0,5.418084e-09
0,4.7867416e-10
0,0.052808117
0,3.2265413e-09
0,1.4916011e-09
0,1.5247411e-09
0,7.846031e-10
0,1.6603678e-07
0,0.003130272
0,8.709581e-10
0,2.7847105e-10
0,5.016577e-10
0,9.596962e-10
0,5.736732e-10
0,7.594473e-10
0,3.765658e-10
0,1.8865423e-07
0,5.855416e-10
0,0.013721222
0,3.418197e-10
0,2.1000248e-07
0,1.3025891e-09
0,4.397526e-09
0,6.3760897e-10
0,2.2072558e-07
0,1.292408e-09
0,9.085104e-08
0,5.3078164e-10
0,2.64291e-10
0,4.2522386e-10
0,1.6581998e-07
0,1.04328834e-07
0,0.0009900338
0,1.7076455e-09
0,7.042694e-10
1,0.9990709
0,1.8872884e-08
0,4.6116213e-07
0,6.247603e-10
0,1.6785298e-10
0,1.3426952e-09
0,1.3771053e-09
0,2.64291e-10
0,1.0377018e-07
0,1.0609666e-09
0,3.146103e-10
0,1.1642552e-09
0,1.6433403e-07
0,8.17733e-08
0,7.696293e-08
0,1.2002623e-09
0,2.372277e-10
0,1.05791635e-07
0,9.721689e-10
0,1.378433e-08
0,2.551625e-07
0,8.670646e-10
0,7.60459e-10
0,8.930526e-09
0,1.7012962e-09
0,2.0054922e-07
0,0.0017047946
0,6.294454e-10
0,5.1910953e-10
0,0.0011805295
0,1.1301775e-09
0,6.4407485e-10
0,8.1790677e-07
0,5.0674043e-09
0,1.2225512e-10
0,7.8542875e-08
0,8.423127e-08
0,1.2892859e-07
0,2.408933e-09
0,5.839921e-11
0,2.7359441e-09
0,6.173297e-10
0,5.639679e-09
0,2.750964e-07
0,6.528726e-10
0,6.4573297e-10
0,0.0016999551
0,1.4289336e-10
0,5.7108035e-10
0,8.273998e-10
0,1.8236689e-09
0,3.7974732e-10
0,1.0032661e-09
0,4.667668e-10
0,1.650674e-09
0,5.052018e-10
0,7.1486936e-09
0,8.500394e-10
0,7.059397e-10
0,5.8902305e-10
0,9.8580304e-11
0,1.9847306e-09
0,1.886154e-09
0,0.0012368932
0,7.421731e-10
0,1.12485e-10
0,8.763399e-11
0,7.693291e-10
0,7.646828e-10
0,1.17963395e-07
0,7.5461876e-10
0,1.0128614e-07
0,0.038531404
0,1.05791635e-07
0,1.25884885e-08
0,4.6410378e-09
0,3.1282195e-09
0,0.0139387585
0,8.0523685e-11
0,0.0013638397
0,1.4269742e-08
0,2.658218e-10
1,0.99992967
0,8.829016e-11
0,0.005562975
0,4.357244e-07
0,0.0012084289
0,1.6015275e-07
0,3.4996245e-10
0,6.51925e-08
0,6.7920775e-10
0,9.171028e-11
0,8.568628e-11
0,1.4119367e-07
0,8.513407e-10
0,3.4239064e-10
0,9.406441e-10
0,8.336427e-10
0,5.717196e-08
0,1.1097775e-09
0,1.0709597e-09
0,9.47802e-08
0,5.248836e-07
0,4.8609444e-10
0,0.00053620304
0,6.088971e-10
0,4.968245e-09
0,7.379202e-10
0,7.4127476e-10
0,8.273998e-10
0,8.929942e-10
0,7.2355164e-08
0,4.581836e-09
0,4.1844805e-06
0,0.0010564997
0,9.717203e-10
0,9.927662e-10
0,0.0009806509
0,2.3688376e-09
0,8.17733e-08
0,9.359682e-07
0,0.0015284787
0,8.273998e-10
0,1.0659077e-09
0,3.579413e-07
0,2.8193233e-08
0,5.8606225e-10
0,6.473682e-10
0,1.8203778e-09
0,5.259835e-07
0,0.0012778692
0,6.411761e-10
0,3.999129e-10
0,6.187832e-10
0,6.8334255e-10
0,1.0914342e-10
0,3.990671e-10
0,9.735271e-10
0,1.0161237e-07
0,2.9879513e-10
0,5.7101913e-11
0,6.7920775e-10
0,0.0048570144
0,8.43858e-08
0,6.751054e-11
0,7.0666045e-10
0,0.00085315586
0,1.0222385e-09
0,2.1325312e-10
0,1.3771053e-09
0,1.4606293e-09
0,1.324603e-07
0,8.4234316e-08
0,2.5872884e-09
0,8.6592664e-08
0,1.4560481e-09
0,3.702862e-09
0,2.5722696e-10
0,6.3519706e-10
0,7.061956e-10
0,5.309437e-10
0,2.5280287e-09
0,0.0030600633
0,1.4400867e-09
0,1.0175706e-07
0,1.2080177e-10
0,1.9693669e-10
0,8.233798e-08
0,3.9511553e-07
0,7.6284e-10
0,1.1965748e-10
0,1.1488843e-09
0,0.037923165
0,0.001060938
0,0.0047214916
0,1.1563105e-09
0,1.5827817e-06
0,1.6581998e-07
0,1.0879264e-09
0,7.579459e-08
0,4.10402e-10
0,1.7249788e-09
0,1.29372e-07
0,1.7086063e-07
0,9.734394e-11
0,1.1318768e-10
0,8.3684326e-10
0,2.6805782e-07
0,4.9615307e-09
0,1.1497688e-07
0,1.5693773e-07
0,0.0024777742
0,6.3271495e-09
0,1.07659735e-10
0,1.4718984e-07
0,7.458813e-10
0,0.0045933165
0,7.631711e-08
0,2.5562483e-09
0,1.4709678e-07
0,1.0521862e-09
0,3.3111107e-07
0,0.00042086357
0,8.716327e-10
0,3.4299397e-10
0,5.618568e-10
0,6.2511785e-10
0,8.464966e-09
0,5.6115148e-08
0,3.021698e-09
0,6.94968e-08
0,1.9247816e-10
0,0.0020908078
0,1.6598137e-06
0,9.291074e-10
0,2.3664518e-10
0,1.9480413e-07
0,6.5435235e-10
0,4.983057e-10
0,1.0460272e-09
0,3.641745e-08
0,1.2712708e-07
0,3.6583965e-09
0,1.6447789e-08
0,0.0009890962
0,4.5851927e-09
0,2.1643884e-09
0,4.2628e-07
0,1.5475355e-07
0,4.3506145e-09
0,5.4465468e-09
0,0.0015243647
0,1.2261615e-10
0,3.8163886e-10
0,1.2284187e-09
0,5.3789534e-10
0,2.9437716e-10
0,1.4440901e-07
0,2.0041729e-07
0,5.868123e-08
0,6.9021335e-09
0,4.160293e-10
0,1.488284e-10
0,2.4873898e-07
0,2.1939915e-08
0,3.5184425e-07
0,0.0013041028
0,8.388544e-08
1,0.9992447
0,7.366447e-10
0,3.740389e-10
0,0.0015157706
0,1.0157677e-10
0,6.1958033e-10
0,6.443489e-10
0,1.9892634e-09
0,4.111471e-10
0,7.059397e-10
0,6.4167405e-10
0,5.2820126e-10
0,3.3486278e-09
0,3.2613864e-10
0,2.163431e-09
0,9.882956e-11
0,5.883648e-11
0,6.4638245e-10
0,0.00064564
0,1.0421141e-09
0,1.8894909e-10
0,1.3476661e-07
0,4.0058243e-10
0,2.6003641e-09
0,2.9185795e-10
0,3.08029e-07
0,2.0122142e-08
0,2.863512e-09
0,1.5463467e-09
0,1.4058071e-09
0,9.158978e-08
0,1.0175706e-07
0,1.4379965e-07
0,9.429668e-10
0,1.3866213e-07
0,3.0257814e-09
0,4.7808294e-07
0,2.299569e-07
0,2.218498e-09
0,0.0014527908
0,2.1381442e-07
0,8.365564e-09
0,1.1266951e-09
0,6.416428e-08
0,2.7919015e-07
0,1.0659077e-09
1,0.99976486
1,0.9997433
0,1.2862918e-07
0,9.420056e-09
0,0.0004275407
0,3.694451e-10
0,0.0039207037
0,0.0011721106
0,0.0013885457
0,7.541864e-08
0,9.2043507e-07
0,4.4613724e-08
0,2.446375e-08
0,8.1033454e-07
0,2.8173807e-07
0,8.175443e-08
0,4.159864e-10
0,2.7786257e-07
0,3.59836e-10
0,9.088123e-11
0,1.5862753e-07
0,2.635019e-09
0,1.039053e-10
0,5.694287e-07
0,1.7905153e-07
0,1.5239618e-09
0,4.7812576e-10
0,2.0161807e-10
0,3.0873338e-07
0,1.0399825e-07
0,1.0861267e-09
0,1.6198436e-09
0,1.2144156e-06
0,9.127127e-10
0,2.2908922e-07
0,3.1054472e-07
0,3.963337e-08
0,3.7825604e-10
0,6.4507624e-08
0,1.7494884e-07
0,5.0919773e-08
0,1.2319131e-08
0,2.2032088e-08
0,4.8830695e-10
0,1.0369786e-09
0,2.376791e-07
0,7.4518164e-10
0,9.787299e-08
0,1.0019199e-09
0,2.101746e-09
0,1.690013e-08
0,1.8957225e-09
0,7.954614e-10
0,1.7629838e-10
0,5.4234167e-10
0,4.8678777e-09
0,5.85981e-09
0,1.337243e-10
0,1.0233445e-09
0,9.917853e-11
0,5.9813793e-10
0,3.7974732e-10
0,4.131422e-10
0,3.051237e-07
1,0.9999236
0,3.9736622e-07
0,1.5986922e-07
0,1.3047051e-09
0,5.140422e-10
0,5.309437e-10
0,2.0434952e-07
0,7.673419e-10
0,1.1488843e-09
0,6.558693e-10
0,4.6317064e-10
0,6.452707e-08
0,9.438791e-10
0,3.208553e-07
0,1.0016395e-08
0,7.098309e-10
0,7.882819e-08
0,3.450616e-10
0,5.522094e-08
0,4.1649373e-10
0,2.8509164e-10
0,7.912162e-08
0,1.5788839e-08
0,0.001813508
0,0.00053074374
0,7.8542875e-08
0,1.3146483e-07
0,1.4543133e-09
0,1.754522e-08
0,1.2059573e-10
1,0.9996879
0,8.0310975e-10
0,1.2456377e-07
0,1.8313616e-09
0,8.295449e-08
0,1.2655209e-10
0,3.9519995e-07
0,1.9431905e-08
0,9.2043507e-07
0,3.326898e-10
0,2.3636917e-07
0,1.5782629e-09
0,5.821449e-11
0,2.9088984e-10
0,3.7974732e-10
0,4.469766e-10
0,1.0799425e-08
0,2.5967776e-07
0,7.4908485e-10
0,4.8340665e-10
0,8.262466e-11
0,1.3553028e-09
0,0.0027026949
0,2.4131612e-07
0,6.7881795e-10
0,2.985809e-10
0,1.9589232e-09
0,4.9373233e-10
0,1.8187084e-09
0,0.0063746786
0,6.372369e-10
0,6.306297e-08
0,3.5517502e-08
0,2.2476613e-06
0,1.6746101e-09
0,1.9391626e-07
0,5.886344e-10
0,5.0633436e-10
0,2.372277e-10
0,0.0022237296
0,6.612025e-10
0,7.8664054e-11
0,7.941076e-10
0,2.3960692e-10
0,8.58139e-10
0,3.1756036e-09
0,0.0017426767
0,8.146145e-09
0,6.598079e-10
0,4.6953423e-09
0,5.240338e-10
0,9.229397e-10
0,1.0361299e-10
0,7.783628e-08
0,1.506649e-10
0,9.665022e-10
0,0.0014646273
0,5.08684e-09
0,9.1207747e-10
0,9.748882e-08
0,8.037672e-10
0,6.306297e-08
0,5.0637494e-10
0,5.9891875e-10
0,1.6129252e-09
0,0.00092604995
0,6.6023587e-10
0,5.4234167e-10
0,7.724794e-08
0,5.621848e-10
0,2.140303e-09
0,7.006331e-10
0,1.5562705e-07
0,2.1325312e-10
0,2.3332541e-10
0,1.6887728e-07
0,4.218876e-09
0,4.928924e-09
0,0.0054966332
0,9.300483e-11
0,0.0010745018
0,7.8351137e-10
0,8.4609425e-10
0,2.3638091e-07
0,1.7030183e-07
0,4.0094933e-10
0,3.1117103e-10
0,5.5975356e-11
0,6.2045075e-10
0,1.1602805e-09
0,1.4327908e-09
0,8.1263994e-07
0,1.3994267e-09
0,9.523695e-10
0,9.444598e-08
0,1.6404138e-07
0,1.0095623e-09
0,5.3598026e-10
0,1.1965748e-10
0,7.184723e-10
0,1.3095937e-10
0,6.6661016e-08
0,8.6106456e-07
0,4.9663e-10
0,2.2982419e-10
0,5.886344e-10
0,3.8163886e-10
0,2.409373e-10
0,0.0036487195
0,1.2628667e-09
0,2.8492558e-08
0,1.1444445e-09
0,8.7262e-08
0,3.4296601e-09
0,0.003004613
0,3.8412257e-10
0,4.699553e-09
0,3.8289183e-08
0,2.7847105e-10
0,1.1855392e-09
0,5.351104e-08
0,2.45265e-07
0,2.0122142e-08
0,2.2066284e-07
1,0.60898554
0,1.4275424e-09
0,3.2407438e-10
0,1.9099257e-07
0,5.9191797e-07
0,1.2261615e-10
0,2.4760809e-08
0,2.260204e-10
0,1.1037717e-09
0,2.3002768e-10
0,4.612604e-09
0,9.10287e-11
0,5.439007e-10
0,7.9430045e-09
0,8.9535124e-10
0,2.0574888e-09
0,2.9986484e-07
0,0.0011786675
0,1.22204e-07
0,1.3920393e-09
0,1.4286128e-09
0,6.332011e-10
0,1.731069e-10
0,1.4155878e-09
0,0.0010897347
0,1.8393501e-09
0,3.2613864e-10
0,2.8047184e-08
0,1.01569945e-07
0,2.7735555e-07
0,5.0382387e-10
0,9.8370125e-11
0,1.2907968e-09
0,0.0014244322
0,1.0097568e-09
0,1.7643033e-09
0,5.008555e-10
0,1.117522e-09
0,3.9550865e-10
0,2.4356699e-09
0,1.5128647e-08
0,5.497361e-10
0,1.4001715e-09
0,1.8894909e-10
0,3.2068145e-10
0,5.8988425e-10
0,2.3734685e-09
0,2.2744977e-07
0,7.4830797e-10
0,5.218052e-07
0,2.1928817e-09
0,7.0330153e-10
0,1.3949109e-07
0,3.1540108e-07
0,1.0175706e-07
0,7.60459e-10
0,1.4286482e-09
1,0.99994123
0,3.5575368e-10
0,2.2905527e-10
0,8.8348484e-10
0,6.537853e-07
0,2.5072447e-10
0,0.0019973665
0,3.4305678e-10
0,7.7878237e-10
0,4.145932e-07
0,1.0447709e-09
0,1.1146354e-09
0,1.1103407e-09
0,6.9522715e-10
0,4.4895374e-10
0,3.880705e-10
0,2.8087368e-07
0,3.9562834e-05
0,4.0380016e-07
0,1.5854859e-09
0,0.0016103835
0,8.9396895e-10
0,2.8614194e-10
0,1.8264988e-09
0,1.2548865e-07
0,1.6399384e-09
0,2.7001923e-10
0,0.0022632838
0,7.187148e-10
0,7.992523e-11
0,1.1594288e-09
0,3.1088807e-10
0,1.7321069e-09
0,2.0189964e-07
0,7.604677e-10
0,8.9791985e-10
0,1.5214381e-09
0,5.7179324e-07
0,6.988793e-07
0,2.3002768e-10
0,1.8685954e-07
0,2.3960692e-10
0,4.63802e-09
0,1.0846585e-10
0,8.17733e-08
0,1.3353026e-07
0,0.0017725772
0,1.08145236e-10
0,3.266867e-09
0,6.877753e-10
0,9.35443e-10
0,2.7128354e-07
0,8.0523685e-11
0,1.17231394e-07
0,5.8313865e-10
0,4.918122e-07
0,7.176261e-05
0,0.007239817
0,5.622073e-10
0,1.4857447e-07
0,0.001613734
0,1.4126802e-09
0,5.622073e-10
0,7.2330114e-10
0,3.2722104e-07
0,1.6673752e-09
0,5.5845606e-10
0,1.108373e-09
0,3.1613656e-09
0,3.911813e-10
0,1.1163215e-07
0,9.2194913e-10
0,7.000311e-09
0,5.309437e-10
0,3.466699e-10
0,2.2072558e-07
0,7.057109e-10
0,1.3201727e-09
0,3.1850846e-09
0,4.6690622e-07
0,7.727391e-11
0,1.1732988e-10
0,8.917837e-07
0,0.0018678452
0,6.7235737e-09
0,3.6809325e-10
0,6.775826e-10
0,1.1965748e-10
0,1.2385729e-09
0,9.0510566e-10
0,3.8209937e-09
0,1.1861012e-07
0,1.4039442e-10
0,6.739337e-10
0,1.922909e-07
0,9.436981e-08
0,7.3496204e-10
0,6.413534e-10
0,1.2985383e-09
0,4.3277865e-07
0,6.9786704e-10
0,1.731069e-10
0,4.9722765e-08
0,7.907507e-10
0,7.413652e-10
0,8.3226687e-10
0,1.18491286e-07
0,2.467927e-07
0,4.0125459e-10
0,8.17733e-08
0,2.502475e-07
0,1.2907968e-09
0,7.8351137e-10
0,8.17733e-08
0,2.684848e-07
0,1.0175706e-07
0,1.086105e-07
0,2.5308464e-09
0,1.934466e-09
0,1.1662077e-07
0,1.3805682e-10
0,1.482833e-09
0,2.820606e-10
0,5.648514e-10
0,0.0026703302
0,3.3500952e-10
1,0.99952877
0,2.3578342e-09
0,0.00086671277
0,1.0781016e-10
0,5.257177e-10
0,7.6361156e-10
0,1.449684e-07
0,5.564592e-10
0,9.608474e-08
0,1.9404096e-07
0,1.2735084e-07
0,6.671311e-10
0,1.0198197e-09
0,5.600859e-10
0,7.322112e-10
0,6.306297e-08
0,1.6581998e-07
0,0.0011508085
0,1.2710441e-07
1,0.99991596
0,2.9061756e-10
0,1.9659687e-06
0,1.8038781e-08
0,7.4642914e-10
0,1.2526311e-08
0,1.227009e-07
0,2.7745641e-09
0,5.3543388e-09
0,3.6119197e-10
0,1.2960021e-09
0,2.4088747e-08
0,5.9425e-10
0,1.0043728e-09
0,1.8589617e-07
0,6.6054956e-10
0,2.0141358e-10
0,3.4087308e-10
0,3.270009e-09
0,1.498646e-07
0,8.813969e-08
0,1.4709678e-07
0,3.450616e-10
0,6.633442e-08
0,1.1946363e-10
0,3.7602968e-10
0,0.021009952
0,2.446747e-09
0,1.4972947e-07
0,5.8161298e-08
0,2.6509358e-07
0,5.588876e-10
0,1.3544907e-10
0,1.2992198e-06
0,3.773605e-09
0,3.126794e-09
0,3.4423282e-09
0,9.001285e-10
0,6.979981e-08
0,6.4638245e-10
0,3.826345e-10
0,6.437764e-10
0,0.0023340564
1,0.99991524
0,5.548197e-10
0,1.512362e-09
0,2.6682744e-07
0,8.2308227e-10
0,1.2893548e-09
0,5.8654537e-10
0,2.3242274e-07
0,0.001532431
0,4.925012e-10
0,4.1969708e-10
0,5.333777e-10
0,7.4321715e-10
0,4.6120786e-07
0,3.751221e-07
0,0.0012214094
0,1.0929305e-09
0,6.135408e-09
0,1.6785298e-10
0,1.6283481e-07
0,1.3866213e-07
0,8.17326e-08
0,5.5498772e-11
0,9.387093e-08
0,0.044285502
0,7.5111495e-10
0,4.0125459e-10
0,1.6556179e-07
0,5.607276e-09
0,6.557867e-10
0,1.10739975e-07
0,1.2728977e-07
0,2.6003641e-09
0,3.5379402e-10
0,3.1411297e-08
0,1.8863983e-07
0,2.6968965e-07
0,5.9191797e-07
0,1.8209231e-09
0,1.50829e-07
0,4.599696e-10
0,4.6006397e-07
0,4.081345e-09
0,0.008268246
0,8.273998e-10
0,0.0041272813
0,5.442255e-10
0,8.8476554e-08
0,3.795805e-07
0,1.690013e-08
0,1.9457892e-07
0,1.0976728e-09
0,1.9449424e-10
0,3.93047e-07
0,0.004081292
0,7.9690324e-08
0,2.376863e-08
0,4.289155e-07
0,0.006476695
0,2.092114e-10
0,1.3962513e-09
0,4.8274323e-10
0,0.00078503095
0,2.0614278e-10
1,0.99981445
0,1.18006824e-07
0,3.824175e-07
0,6.7026924e-08
0,6.7432204e-10
0,1.1154111e-10
0,4.199253e-10
0,2.7524197e-10
0,5.0178426e-09
0,4.1572706e-10
0,1.3164541e-06
0,8.17733e-08
0,1.1925857e-09
0,1.741842e-07
0,0.0018779313
0,7.4178674e-10
0,5.6826727e-10
0,3.2808087e-10
0,1.7994511e-09
0,0.0015165667
0,1.9542286e-09
1,0.9998995
0,0.0023259858
0,1.0311087e-06
0,4.639297e-07
0,2.1950942e-10
0,1.351528e-10
0,1.3139728e-09
0,1.3942846e-09
0,2.1026673e-10
0,3.868791e-10
0,3.7890814e-07
0,4.9493165e-10
0,0.01524341
0,1.7206281e-07
0,2.7396346e-10
0,1.6673752e-09
0,0.00096558616
0,3.654686e-09
0,3.109477e-05
1,0.9995958
0,1.8707308e-08
0,7.269483e-10
0,3.1862377e-10
0,1.5827817e-06
0,0.0024741078
0,1.7457185e-07
0,3.7856637e-10
0,2.3002768e-10
0,1.7942526e-05
0,1.2839363e-09
0,5.2054716e-10
0,5.787154e-10
0,6.739337e-10
0,6.413534e-10
0,1.1153648e-09
0,1.749969e-07
0,1.3209939e-09
0,1.0929305e-09
0,0.003113392
0,2.64291e-10
0,4.0404724e-09
0,7.416594e-10
0,2.250169e-10
0,1.2109619e-09
0,1.3104564e-09
0,1.10164375e-08
0,6.115216e-07
0,5.4234167e-10
0,1.8636677e-09
0,1.292408e-09
0,0.0030511462
0,2.600586e-10
0,7.2355164e-08
0,4.177e-09
0,0.0016671298
0,6.3912975e-10
0,1.4590282e-09
0,1.9130193e-09
0,1.731069e-10
0,0.006495916
0,0.014565636
0,9.0468105e-10
0,1.3487494e-10
0,1.4852334e-09
0,3.085807e-09
0,3.6218006e-09
0,1.3616476e-10
0,9.696277e-11
0,8.568628e-11
0,4.4440765e-10
0,4.4926726e-10
0,5.267508e-09
0,9.3309346e-08
0,5.384332e-10
0,1.4733942e-09
0,3.5001873e-09
0,3.3822762e-09
0,5.621848e-10
0,3.5350398e-10
0,5.73344e-10
0,1.9171094e-10
0,5.9855787e-10
0,4.1764183e-09
0,0.002172945
0,4.4579823e-10
0,3.5509762e-09
0,6.3959926e-10
0,6.648192e-10
0,1.0899494e-09
0,5.4502125e-10
0,2.6523699e-09
0,7.5794226e-10
0,3.485772e-07
0,5.914866e-09
0,0.0139387585
0,3.768714e-09
0,0.0023981074
0,1.1226332e-07
0,1.191203e-10
0,6.0686265e-09
0,8.381387e-10
0,6.1012595e-10
0,5.408755e-11
0,4.335174e-09
0,9.784491e-10
0,1.1329185e-09
0,8.104089e-08
0,4.6269907e-10
0,5.3705984e-10
0,9.923515e-10
0,0.0016058045
0,1.449684e-07
0,1.5574429e-10
0,1.00531096e-07
0,4.2633488e-07
0,5.622073e-10
0,2.2186968e-09
0,4.026647e-09
0,9.171028e-11
0,8.273998e-10
0,6.143397e-08
0,3.2228986e-10
0,0.0014831122
0,3.903177e-09
0,9.892165e-10
0,2.64291e-10
0,2.725635e-10
0,1.2537569e-08
0,1.506649e-10
0,0.0019034956
0,8.474622e-10
0,2.096689e-09
0,5.560316e-10
0,8.4234316e-08
0,8.0757667e-10
0,5.921139e-10
0,2.5840272e-10
0,1.6785298e-10
0,2.7219842e-09
0,1.06757e-09
0,7.430626e-10
0,9.748882e-08
0,2.0054922e-07
0,4.7381673e-05
0,0.0026205187
0,3.767792e-10
0,8.6255325e-10
0,5.793449e-10
0,8.763399e-11
0,5.767424e-08
0,6.5590683e-10
0,9.459301e-10
0,1.0885828e-06
0,1.01569945e-07
0,1.05791635e-07
0,7.4161843e-10
0,1.1797858e-07
0,0.0014520758
0,6.115216e-07
0,1.175692e-09
0,7.059397e-10
1,0.99934655
0,9.093706e-11
0,1.1415864e-09
0,3.4466964e-07
0,5.505278e-07
0,0.0001775302
0,2.7427828e-07
0,1.3146483e-07
0,2.9088984e-10
0,1.1638268e-09
0,2.0122142e-08
0,0.0023044047
0,0.0013272878
0,2.3499095e-07
0,1.9326217e-07
0,4.674644e-10
0,8.728639e-10
0,3.1717923e-07
0,6.187832e-10
0,6.869788e-08
0,4.109497e-09
0,8.2261925e-10
0,8.0523685e-11
0,5.711392e-10
0,1.14310495e-07
0,3.6269698e-10
0,2.2002292e-10
0,7.648767e-07
0,0.00027554118
0,1.566862e-09
0,6.434781e-10
0,7.763997e-08
0,5.517154e-09
0,1.0524672e-09
0,8.7823787e-10
0,1.6257151e-09
0,8.112322e-07
0,5.370127e-10
0,0.004081292
0,2.4836806e-09
0,3.0172675e-10
0,4.855829e-10
0,8.507673e-11
0,5.6734208e-11
0,8.879943e-09
0,8.2910917e-10
0,7.9459544e-10
0,6.088971e-10
0,3.1624012e-10
0,8.9435694e-08
0,9.703802e-08
0,3.4680498e-09
0,6.595147e-10
0,9.769255e-10
0,1.2728977e-07
0,8.808326e-11
0,9.842741e-10
0,3.4846622e-07
0,3.8077216e-10
0,2.0713282e-10
0,6.961102e-08
0,5.6312566e-11
0,1.3858148e-07
0,1.3899133e-10
0,3.14488e-07
0,1.2838898e-09
0,3.063906e-10
0,3.2497267e-09
0,1.6950061e-09
0,2.7095923e-10
0,1.1488843e-09
0,1.3753807e-09
0,1.4309363e-09
0,1.1820434e-10
0,6.9457246e-10
0,3.0871977e-08
0,2.237899e-09
0,2.0232185e-10
0,1.2314966e-09
0,1.5840924e-09
0,9.858664e-08
0,2.8265545e-08
0,0.0010958246
0,2.1522596e-10
0,3.1266015e-10
0,2.2840405e-09
0,6.961686e-08
0,5.469353e-10
0,8.280672e-11
0,0.0007086779
0,1.6091817e-10
0,2.114924e-09
0,0.0015435868
0,0.001633764
0,8.7124713e-10
0,5.648514e-10
0,2.2329675e-07
0,6.8439127e-10
0,1.1365274e-07
0,0.002667959
1,0.99991727
0,1.1946363e-10
0,4.452043e-10
0,5.277044e-07
0,4.327638e-07
0,3.759811e-09
0,1.3593414e-09
0,1.3502481e-09
0,1.1804346e-10
0,9.625532e-08
0,1.2960021e-09
0,1.0198197e-09
0,8.2178503e-10
0,8.829016e-11
0,2.5481935e-07
0,1.4609211e-10
0,6.165707e-10
0,1.731069e-10
1,0.9997756
0,2.7684797e-09
0,9.721689e-10
0,6.389737e-10
0,1.0713784e-09
0,1.3974623e-06
0,1.5113886e-07
0,0.0017605567
0,7.6106266e-10
0,3.1500555e-09
0,1.1732988e-10
0,7.507078e-11
0,0.0008132058
0,5.80904e-10
0,3.1935603e-08
0,6.433447e-09
0,9.560094e-10
0,1.7068418e-08
0,2.649316e-09
0,2.801493e-09
0,3.1195793e-07
0,1.477194e-07
0,7.193175e-08
0,4.9135693e-08
0,9.7546346e-11
0,3.6348022e-10
0,1.0263563e-10
0,1.5779076e-09
0,0.0010410864
0,1.7809207e-07
0,2.683927e-05
0,0.0027446055
0,0.0013883554
0,0.0021737714
1,0.99965274
0,1.3129951e-10
0,2.7001923e-10
0,2.9764735e-07
0,1.01056116e-07
0,1.5044931e-06
0,6.413534e-10
0,2.2441735e-07
0,1.7770662e-09
0,3.2613864e-10
0,5.6091742e-11
0,1.3515687e-07
0,3.6869137e-09
0,8.7179984e-08
0,0.0022840742
0,7.260579e-08
0,2.547555e-06
0,1.7086063e-07
0,0.0017576622
0,5.010935e-10
0,7.676592e-11
0,3.9687387e-07
0,8.511873e-08
0,8.531675e-11
0,6.969907e-09
0,1.6426758e-07
0,0.0014304379
0,2.4558114e-10
0,1.2236366e-09
0,1.2217802e-07
0,1.13334316e-07
0,6.115275e-10
0,2.0857949e-10
0,4.8156846e-08
0,3.8163886e-10
0,2.3399796e-10
0,1.5012455e-09
0,1.9643287e-10
0,0.0019467274
0,6.412226e-10
0,1.0069527e-09
0,8.17733e-08
0,6.087803e-06
0,7.988379e-11
0,8.428551e-10
0,1.1193267e-09
0,3.318482e-10
0,2.0590119e-07
0,0.011231261
0,3.9640105e-07
0,6.389737e-10
0,5.9191797e-07
0,4.7867416e-10
0,3.466699e-10
0,4.1337317e-10
0,1.2542328e-08
0,3.868791e-10
0,3.0985814e-09
0,5.621848e-10
0,1.04088384e-10
0,9.608474e-08
0,7.8219436e-10
0,9.321409e-10
0,9.885374e-10
0,5.7179324e-07
0,0.0023624382
0,0.0015681583
0,1.1146354e-09
0,9.559083e-08
0,1.7427843e-09
0,0.00095681206
0,3.8546295e-09
0,0.0066927494
0,1.3025891e-09
0,1.5394546e-09
0,8.2886836e-11
0,0.00042013402
0,3.4016813e-07
0,2.4962895e-07
0,3.1200442e-09
0,9.548559e-10
0,1.9979975e-09
0,5.9191797e-07
0,8.016834e-10
0,4.2684334e-10
0,1.2405933e-07
0,5.886344e-10
0,5.781831e-08
0,6.7026924e-08
0,3.250869e-08
0,1.6275237e-07
0,5.5716654e-10
0,6.557867e-10
1,0.99941695
0,4.7440135e-10
0,7.4396034e-10
0,6.389737e-10
0,1.1841533e-10
0,1.1063188e-07
0,1.1965748e-10
0,3.4133794e-08
0,1.145991e-09
0,1.0252474e-09
0,1.3287897e-09
0,6.932879e-08
0,2.6663187e-09
0,0.00016346626
0,1.7881495e-10
0,1.0897914e-09
0,2.9532587e-10
0,6.306297e-08
0,3.6306623e-08
0,0.004493322
0,1.0176513e-09
0,8.428326e-10
0,1.1281229e-09
0,1.7792468e-07
0,6.03539e-10
0,5.4340353e-07
0,6.231156e-10
0,1.3502481e-09
0,1.0654605e-09
0,1.3512168e-09
0,3.0462166e-09
0,0.00049726275
0,2.582475e-10
0,2.372277e-10
0,2.445635e-10
0,0.0042708777
0,3.5624473e-06
0,0.0009888493
0,0.0069749863
0,1.0069527e-09
0,2.2975144e-10
0,4.0559822e-10
0,1.4147419e-06
0,8.17733e-08
0,8.17733e-08
0,2.865809e-07
0,1.6171329e-07
0,6.245196e-10
1,0.9994899
0,0.034409408
0,4.5916934e-07
0,4.7073645e-10
0,1.946996e-09
0,1.3657521e-10
0,0.0016616698
0,0.001571517
0,6.648192e-10
0,6.0399996e-09
0,1.3499494e-09
0,2.0467887e-08
0,0.00036956515
0,2.288829e-09
0,0.0014028403
0,3.3028155e-10
0,1.9914839e-07
0,1.0685887e-09
0,7.123061e-10
0,3.4166067e-10
0,0.0013251959
0,2.73644e-09
0,7.3016243e-10
0,0.0019748623
0,3.4448355e-10
0,0.00496759
0,1.6198436e-09
0,6.9951683e-10
0,5.695219e-09
0,9.188059e-08
0,8.273998e-10
0,3.0778755e-10
0,1.2197688e-06
0,1.9526503e-07
0,1.3025891e-09
0,1.0198197e-09
0,7.6872336e-10
0,3.1304923e-10
0,1.3961814e-10
0,2.445025e-07
0,2.2744977e-07
0,6.8333206e-10
0,7.496012e-09
0,4.0581566e-10
0,9.548559e-10
0,2.869592e-09
0,5.621848e-10
0,3.7974732e-10
0,0.002023917
0,6.372369e-10
0,3.7715953e-10
0,4.4098036e-10
0,0.0032550585
0,7.1552375e-10
0,6.125548e-10
0,0.0023116737
0,2.2674076e-09
0,1.2370761e-09
0,6.908772e-09
0,1.8706672e-07
0,6.258059e-11
0,3.7434797e-10
0,2.0959112e-07
0,1.2017926e-09
0,1.7653701e-07
0,2.0322456e-10
0,6.306297e-08
0,1.0885828e-06
0,1.07909015e-08
0,3.740389e-10
0,9.76471e-10
0,0.0017528371
0,1.6808789e-09
0,0.0027243232
0,2.3796516e-09
0,6.4313207e-07
1,0.9999474
0,5.883648e-11
0,1.12485e-10
0,1.9212174e-09
0,9.592561e-08
0,4.8364274e-10
0,1.5989882e-09
0,1.8799835e-09
0,7.2690115e-10
0,3.6603718e-09
0,1.0150826e-09
0,7.992523e-11
0,1.9748596e-09
0,0.00044179292
0,3.8400316e-10
0,9.9174514e-08
0,6.2330727e-09
0,4.134814e-09
0,2.2355653e-09
0,8.7991936e-07
0,2.7847105e-10
0,1.1496998e-09
0,2.2698046e-09
0,5.621848e-10
0,6.290235e-07
0,1.7580734e-07
0,4.289678e-10
0,1.3974623e-06
0,9.8370125e-11
0,1.2912376e-09
0,6.9448897e-10
0,1.3003824e-09
0,5.6940214e-10
0,6.5431407e-09
0,8.6637606e-08
0,6.413534e-10
0,1.3692322e-09
0,1.5113383e-09
0,3.6769676e-10
0,0.0022363171
0,2.2790568e-10
0,1.3816265e-07
0,5.0917975e-10
0,1.2294196e-09
0,2.6442589e-08
0,5.9129e-10
0,4.1128828e-10
0,3.637946e-09
0,6.247603e-10
0,4.295303e-10
0,5.8313865e-10
0,2.1381442e-07
0,1.9763218e-09
0,2.3710705e-09
0,1.8241607e-07
0,1.4440901e-07
0,5.202077e-10
0,1.0175706e-07
0,1.4289336e-10
0,3.9463464e-07
0,5.4619225e-09
0,0.0017911028
0,1.6061866e-09
0,0.0018985448
0,1.1551355e-09
0,5.2015314e-10
0,9.877803e-09
0,1.0191974e-09
0,7.912162e-08
0,6.7631334e-10
0,5.920077e-10
0,1.8697469e-07
0,3.2613864e-10
0,9.973534e-10
0,1.4604201e-07
0,4.5898893e-10
0,9.017666e-09
0,2.5197056e-09
0,1.2548865e-07
0,5.839921e-11
0,5.0359134e-10
0,9.678359e-10
0,3.2117484e-10
0,0.0016060584
0,4.159864e-10
0,8.511873e-08
0,0.0020480452
0,0.0012501291
0,1.8264988e-09
0,1.337243e-10
0,1.9090714e-07
0,3.5752093e-10
0,1.0879264e-09
0,3.767792e-10
0,8.016834e-10
0,1.191203e-10
0,1.4744203e-09
0,5.8911547e-09
0,4.3265644e-10
0,1.3025891e-09
0,4.002901e-09
0,5.8277727e-10
1,0.99994504
0,4.673294e-08
0,3.1862377e-10
0,1.6155517e-09
0,1.0661506e-07
0,9.085104e-08
0,3.2613864e-10
0,8.273998e-10
0,8.2886836e-11
0,2.170225e-07
0,0.0011101718
0,6.3804477e-09
0,0.0013271455
0,2.1308815e-09
0,7.5394795e-11
0,1.54609e-07
0,1.4955914e-10
0,1.1237692e-10
0,1.473782e-09
0,8.240979e-08
0,4.2684334e-10
0,0.0014707126
0,1.2227867e-10
0,0.0010746968
0,1.701523e-07
0,4.788881e-09
0,1.7994511e-09
0,2.2295015e-09
0,1.9637068e-10
0,7.1792566e-10
0,1.793749e-09
0,0.0012399519
0,3.2563115e-08
0,1.8894909e-10
0,0.004678946
0,1.5682492e-07
0,1.0730656e-09
0,6.7085826e-10
0,1.6835229e-09
0,2.5961269e-09
0,9.406096e-11
0,7.673419e-10
0,1.0673995e-06
0,5.408755e-11
0,6.272252e-08
0,1.6047841e-07
0,3.383756e-08
0,8.2886836e-11
0,8.167409e-10
0,0.0021646875
0,1.250175e-08
0,2.600586e-10
0,5.4415594e-10
0,9.300483e-11
0,3.7856637e-10
0,2.163398e-09
0,1.7245481e-09
0,0.003158357
0,3.036008e-09
0,9.258171e-10
0,2.0555442e-06
0,8.9435694e-08
0,1.6147075e-09
0,0.0016479479
0,3.062939e-08
0,0.002463757
0,3.6306623e-08
0,2.0673822e-07
0,2.8160274e-09
0,0.0010525825
0,1.0102971e-07
0,1.941716e-08
0,1.0441892e-09
0,4.4700305e-10
0,8.513407e-10
0,3.3500267e-09
0,1.284763e-07
0,4.3527644e-09
0,1.3025891e-09
1,0.99921286
0,0.004466374
0,1.3750396e-07
0,8.2886836e-11
0,1.731069e-10
0,9.394445e-10
0,1.14708655e-07
0,1.551136e-08
0,2.008462e-10
0,0.003825214
0,1.1521342e-09
0,0.0035913084
0,1.5248705e-06
0,4.6831783e-09
0,1.0191974e-09
0,4.600266e-10
0,4.928987e-10
0,7.727391e-11
0,5.7118715e-10
0,0.008058423
0,3.1321584e-10
0,1.3379025e-08
0,3.2813532e-10
0,4.0125459e-10
0,2.4488662e-07
0,4.923753e-10
0,1.9830048e-07
0,1.1220415e-09
0,5.315103e-09
0,2.9008757e-10
0,7.331936e-10
0,0.0018921753
0,9.213703e-11
0,1.2303802e-07
0,4.157786e-10
0,7.5712014e-10
0,2.3002768e-10
0,1.0700893e-10
0,8.6380775e-10
0,0.0023190635
0,1.5216529e-09
0,6.1958033e-10
0,2.3408633e-10
0,2.725635e-10
0,1.0544715e-07
0,1.1313762e-10
0,1.0696858e-09
0,8.490275e-08
0,0.0011813618
0,5.855416e-10
0,2.2946108e-10
0,4.096911e-10
0,6.0476507e-10
0,2.2046723e-07
0,0.0015284787
0,2.1716e-09
0,1.6868528e-09
0,8.502754e-08
0,5.545277e-10
0,8.270941e-09
0,7.644743e-10
0,1.495269e-10
0,1.401994e-07
0,5.6940214e-10
0,8.5770374e-10
0,7.702949e-11
0,7.954614e-10
0,1.1662077e-07
0,5.6091742e-11
0,1.8241607e-07
1,0.99963987
0,1.7205905e-07
0,1.2179922e-07
0,4.072799e-09
0,5.7076893e-10
0,2.174546e-10
0,1.2467906e-09
0,9.838246e-08
0,0.0016549062
0,5.767363e-10
0,1.245368e-07
0,3.6348022e-10
0,3.3931568e-07
0,3.617267e-07
0,5.0851584e-10
0,1.0202478e-09
0,0.0012771112
0,6.446845e-10
0,1.8969476e-10
0,4.131422e-10
0,3.7143586e-08
0,1.4085663e-07
0,1.303587e-07
0,1.6433403e-07
0,1.6644137e-07
0,6.413534e-10
0,0.003158306
0,5.7833693e-10
0,3.557282e-08
0,1.1164902e-10
0,7.825376e-10
0,6.3519706e-10
0,0.002191616
0,4.9188065e-10
0,0.0011386925
0,1.7592122e-07
0,1.0700893e-10
0,1.695948e-08
0,2.4875304e-09
0,2.406022e-09
0,5.6081073e-10
0,4.4447144e-09
0,1.6244311e-10
0,6.546033e-10
0,1.617467e-08
0,1.3805682e-10
0,9.873028e-07
0,4.0597845e-09
0,1.2059861e-08
0,8.6380775e-10
0,8.722905e-08
0,2.2744977e-07
0,5.767363e-10
0,1.3424479e-07
0,1.5709707e-09
0,1.111053e-08
0,0.001939687
0,1.3628175e-09
0,1.059359e-09
0,2.784512e-07
0,1.2947297e-09
0,1.2775494e-07
0,6.274143e-08
0,2.6275607e-06
0,1.0537186e-09
0,9.461213e-10
0,5.705012e-10
0,1.1966849e-09
0,1.7078896e-09
0,1.9021043e-09
0,0.0013358098
0,2.6394642e-10
0,1.1841583e-07
0,0.00038623402
0,1.5245143e-09
0,2.4022802e-09
0,2.3664518e-10
1,0.9994061
0,2.75954e-08
0,3.5489722e-09
0,3.7890814e-07
0,1.7026431e-07
0,2.4236937e-10
0,1.5113383e-09
0,1.9472002e-09
0,1.0097568e-09
0,0.0012779965
0,3.4239064e-10
0,1.5382071e-09
0,4.9373233e-10
0,1.3630775e-09
0,1.4994438e-07
0,6.115216e-07
0,0.0066833664
0,1.44697e-09
0,6.8531086e-10
0,3.318482e-10
0,0.029465066
0,1.4155878e-09
0,6.4638245e-10
0,1.3750396e-07
0,1.1741591e-09
0,4.0409216e-07
0,1.0885828e-06
0,0.0009571795
0,1.18491286e-07
0,4.3367102e-10
0,7.642129e-11
0,4.3362178e-08
0,5.315103e-09
0,0.0010952277
0,2.1476678e-09
0,2.5754025e-07
0,1.1365274e-07
0,1.9441238e-09
0,1.8947455e-10
0,1.9486555e-10
0,3.0488664e-07
0,2.3664518e-10
0,9.701878e-08
0,4.4926726e-10
0,2.821316e-10
0,8.2886836e-11
0,1.965859e-09
0,3.0919442e-10
0,4.0125459e-10
0,5.648514e-10
0,1.6198436e-09
0,6.9457246e-10
0,8.362457e-08
0,2.0437096e-09
0,5.7735605e-10
0,1.1594288e-09
0,1.4050673e-09
0,0.0017115705
0,2.585354e-07
0,3.7148529e-09
0,1.8965578e-09
0,1.4818823e-10
0,5.32978e-10
0,5.2685203e-07
0,2.28229e-09
0,4.20007e-10
0,6.1916865e-08
0,0.0010415512
0,3.6348022e-10
0,2.7524197e-10
0,7.059397e-10
0,1.8247265e-09
0,9.230268e-08
0,1.0490321e-09
0,1.1881068e-08
0,3.6833432e-09
0,8.813969e-08
0,2.7154292e-07
0,1.5801694e-09
0,1.6265549e-10
0,7.217838e-10
0,2.2185948e-07
0,8.2035984e-10
0,1.433541e-07
0,0.0012642539
0,1.4183932e-09
0,7.78525e-11
0,4.5114523e-10
0,1.6309485e-09
0,1.3544907e-10
0,5.9896074e-11
0,5.1910953e-10
0,2.7926356e-10
0,1.0700893e-10
0,2.612858e-09
0,4.909864e-10
0,7.366447e-10
0,7.590881e-10
0,0.009495911
0,1.3641003e-08
0,3.8902743e-09
0,4.6120786e-07
0,3.2407438e-10
0,5.4234167e-10
0,5.039632e-10
0,4.2190426e-10
0,1.2375244e-09
0,2.0688948e-07
0,6.727187e-10
0,2.5239577e-09
0,3.092307e-08
0,6.7003214e-10
0,9.158978e-08
0,6.164249e-10
0,2.6496517e-07
0,3.1117103e-10
0,2.725635e-10
0,8.388544e-08
0,1.3894342e-09
0,8.298389e-09
0,4.6122853e-10
0,8.4927615e-10
0,6.557973e-07
0,1.1883533e-09
0,1.1224695e-09
0,8.6637606e-08
0,4.6269907e-10
0,4.4613724e-08
0,1.500187e-08
0,1.378433e-08
0,1.5150395e-07
0,8.17733e-08
0,0.0027524922
0,7.520468e-10
0,8.17733e-08
0,8.611055e-09
0,1.1261665e-09
0,1.6913157e-08
0,2.1129097e-07
0,1.1634296e-09
0,5.601169e-05
0,6.1031367e-09
0,9.0559255e-10
0,2.4268405e-09
0,2.6189437e-10
0,3.978049e-07
0,2.1744642e-09
0,4.5634184e-07
0,1.2732547e-09
0,1.18535375e-07
0,6.413534e-10
0,2.646156e-08
0,0.013218132
0,7.571548e-10
0,1.3356479e-09
0,2.3964515e-07
0,9.608474e-08
0,0.0025875017
0,4.2400497e-10
0,9.112836e-08
0,3.6269698e-10
0,2.4339203e-08
0,4.8478014e-08
0,5.1558285e-10
0,8.8433406e-11
0,1.8726086e-08
0,0.00475049
0,1.1246354e-06
0,2.8899259e-09
0,3.2154934e-10
0,0.0014806053
0,1.7665459e-09
0,1.076039e-10
0,9.548559e-10
0,8.660927e-10
0,6.6731083e-09
0,2.5967776e-07
0,3.767792e-10
0,1.3075259e-08
0,0.001545069
0,2.8026815e-07
0,6.8283795e-11
0,3.1061373e-07
0,2.2994664e-09
0,6.5187467e-10
0,8.934491e-10
0,0.0011715078
0,3.0521297e-10
0,1.05791635e-07
0,1.690013e-08
0,2.1026673e-10
0,1.0313309e-10
0,1.1544512e-08
0,9.088123e-11
0,2.0543323e-09
0,1.036516e-09
0,8.858936e-08
0,1.337243e-10
0,5.6611765e-10
0,7.4522855e-10
0,1.7765873e-10
0,3.4251364e-09
0,1.498646e-07
0,1.741842e-07
0,7.5747435e-09
0,1.0643611e-10
0,6.115216e-07
0,2.2246353e-07
0,2.3316273e-09
0,5.1910953e-10
0,1.506649e-10
0,0.0011508085
0,1.5245026e-07
0,1.04871894e-07
0,0.0011066092
0,1.6454371e-09
0,2.1808014e-10
0,0.024583895
0,1.4058071e-09
0,2.4344317e-07
0,9.376563e-10
0,4.0806505e-10
0,0.0012973852
0,6.3070726e-10
0,5.7108035e-10
0,7.2910755e-10
0,7.893e-09
0,8.253555e-10
0,6.9448897e-10
0,3.1862377e-10
0,1.4620116e-07
0,1.8894909e-10
0,3.43734e-10
0,1.5873075e-09
0,1.1329185e-09
0,1.3547013e-08
0,1.00550466e-07
0,4.9796574e-05
0,3.1088807e-10
0,5.1910953e-10
0,6.9457246e-10
0,3.2134005e-07
0,5.044751e-09
0,3.0867883e-10
0,2.869695e-06
0,3.1321584e-10
0,5.622073e-10
0,4.007101e-07
0,1.3950799e-09
0,1.940471e-09
0,1.0202478e-09
0,4.9663e-10
0,7.088906e-10
0,5.974359e-09
0,2.6442589e-08
0,7.555589e-11
0,1.6074011e-08
0,6.8808753e-10
0,1.5500865e-07
0,5.939429e-10
0,1.4614415e-07
0,0.0012862833
0,6.013913e-10
0,9.156171e-11
0,2.0466746e-09
0,7.5394795e-11
0,2.677616e-10
0,1.6171886e-09
0,2.2265044e-10
0,0.0139387585
0,1.3294616e-07
0,1.8241607e-07
0,7.001417e-05
0,0.0024939578
0,1.5603279e-09
0,3.273156e-07
0,2.5695053e-09
0,0.00083313225
0,7.6173795e-10
0,0.0011066092
0,5.248836e-07
0,8.001359e-10
0,0.0043261913
0,1.9935982e-08
0,0.016420042
0,5.2513843e-10
0,5.621848e-10
0,1.04871894e-07
0,5.776402e-10
0,5.926325e-10
0,6.85503e-10
0,1.3428513e-09
0,2.1325566e-09
0,6.573469e-05
0,5.169955e-07
0,5.0855176e-10
0,5.394797e-10
0,5.921139e-10
0,3.0615137e-08
0,1.465468e-09
0,1.175544e-09
0,4.1649373e-10
0,1.3750396e-07
0,1.5591884e-09
0,1.7596015e-07
0,1.04328834e-07
0,0.0066079358
0,8.5770374e-10
0,3.447501e-08
0,0.00070589414
0,1.9419683e-07
0,1.1892733e-10
0,3.052308e-07
0,5.4549126e-10
0,6.4573297e-10
0,1.2395927e-07
0,3.5575368e-10
0,1.709793e-09
0,1.9595052e-10
0,8.17733e-08
0,5.695939e-08
0,3.4399122e-07
0,2.1170983e-10
0,5.621848e-10
0,0.0064876946
0,0.004445745
0,1.731069e-10
0,0.0010493571
0,1.779043e-07
0,9.67251e-10
0,5.309437e-10
0,4.361933e-08
0,8.083557e-08
0,8.253555e-10
0,4.550784e-10
0,3.3099772e-07
0,3.78907e-08
0,0.0015016362
0,1.1586662e-09
0,8.0636686e-10
0,6.1705334e-09
0,1.9034105e-09
0,5.259835e-07
0,1.1965748e-10
0,5.77584e-10
0,6.686885e-08
0,2.777452e-07
0,1.0696418e-07
0,1.7576538e-08
0,2.0713282e-10
0,4.5795528e-10
0,1.8281927e-09
0,5.444285e-07
0,5.5434107e-08
0,2.3304978e-09
0,1.2467906e-09
0,6.8334255e-10
0,2.4996474e-10
0,2.0920434e-09
0,1.953666e-09
0,0.00013234855
0,2.9052236e-09
0,6.6999895e-10
0,3.7974732e-10
1,0.99967456
0,1.7554676e-10
0,4.951772e-10
0,0.0057033645
0,2.64291e-10
0,4.7073645e-10
0,6.3804477e-09
0,3.719594e-10
0,3.5250363e-09
0,2.527462e-07
0,1.2179597e-09
0,1.9738995e-09
0,9.307906e-10
0,2.3349562e-09
0,2.7128354e-07
0,2.64291e-10
1,0.9999726
0,7.693453e-10
0,1.0824331e-09
0,1.1212156e-09
0,5.4156635e-10
0,4.2095584e-07
0,2.981866e-07
0,2.199257e-09
0,5.621848e-10
0,9.67251e-10
0,1.03648524e-07
0,3.318482e-10
0,5.6312566e-11
0,1.0643611e-10
0,8.6798785e-10
0,0.00042013402
0,1.852062e-07
0,1.05791635e-07
0,0.0036289678
0,5.6735866e-10
0,9.973534e-10
0,5.4340353e-07
0,6.2242364e-08
0,2.4802544e-08
0,1.6344954e-09
0,1.0341462e-09
0,3.775943e-10
0,9.9174514e-08
0,5.7052185e-10
0,2.6615115e-07
0,3.7196621e-06
0,2.508048e-10
0,8.7262e-08
0,1.7358739e-09
0,1.233116e-09
0,6.9272016e-10
0,0.0031305323
0,1.8008622e-07
1,0.9998685
0,1.9247945e-08
0,6.0206273e-10
0,1.7232418e-10
0,3.8857043e-10
0,7.3872847e-10
0,3.566988e-10
0,2.737285e-07
0,1.1721307e-07
0,4.703649e-10
0,1.3164487e-07
0,0.0047437586
0,1.8837378e-09
0,3.2786548e-07
0,1.0567276e-05
0,1.084053e-09
0,8.9320196e-10
0,4.345753e-07
0,1.9368462e-10
0,4.157786e-10
0,2.0719494e-07
0,1.8385821e-09
0,0.0036159996
0,3.1540108e-07
0,9.236423e-10
0,1.6275237e-07
0,1.0256826e-07
0,6.642273e-10
0,1.0781016e-10
0,5.45224e-10
0,6.94968e-08
0,7.727391e-11
0,5.6312566e-11
0,1.9272399e-07
0,4.332635e-07
0,7.806741e-10
0,1.2445239e-09
0,3.1428643e-10
0,8.0613466e-10
0,1.6581998e-07
0,1.0701581e-07
0,2.079119e-09
0,4.7605647e-10
0,3.5310774e-10
0,1.2919193e-10
0,7.731107e-05
0,4.9267684e-10
0,6.450206e-09
0,9.608474e-08
0,9.0779234e-10
0,1.5163733e-10
0,7.673419e-10
0,1.4314351e-10
0,7.016582e-08
0,2.6126985e-09
0,1.2655209e-10
0,0.001602182
0,2.1718072e-09
0,8.237011e-10
0,4.5195137e-10
0,5.68727e-10
0,7.6741145e-08
0,0.0013207129
0,1.0374811e-09
0,3.7890814e-07
0,2.567007e-09
0,9.171028e-11
0,1.1952204e-09
0,4.954502e-10
0,2.7061405e-06
0,1.0750589e-09
0,7.123061e-10
0,3.3040123e-10
0,8.5770374e-10
0,4.10402e-10
0,1.922002e-09
0,8.0523685e-11
0,1.6967202e-07
0,0.0042708777
0,1.2190707e-09
0,8.037672e-10
0,2.182192e-09
0,1.6696443e-07
0,7.8351137e-10
0,1.1832507e-09
0,7.324332e-10
0,1.0200687e-09
0,4.7225113e-09
0,9.900932e-08
0,2.4203504e-09
0,5.503378e-07
0,0.002084239
0,1.3719668e-09
0,4.755383e-10
0,0.003234032
0,2.0297453e-08
0,9.334574e-10
0,1.5506262e-09
0,9.861213e-10
0,4.764807e-10
0,1.220303e-10
0,7.4908485e-10
0,3.5265543e-10
0,4.2836112e-10
0,1.8988562e-09
0,2.5389981e-09
0,5.226374e-10
0,8.037672e-10
0,6.592587e-07
0,7.8542875e-08
0,6.216632e-08
0,1.8772234e-10
0,1.2438476e-09
0,4.6399425e-08
0,1.1267681e-09
0,1.0349532e-09
0,7.0631884e-08
0,5.0278226e-10
0,1.9425882e-10
0,1.0363409e-07
0,9.300483e-11
0,1.4705817e-08
0,1.4893269e-09
0,1.3682447e-10
0,4.3398876e-10
0,2.2364395e-09
0,2.680755e-09
0,1.6275237e-07
0,1.8672142e-10
0,4.0487247e-10
0,4.20102e-08
0,4.909864e-10
0,1.8393501e-09
0,1.0181279e-07
0,1.2728977e-07
0,1.045667e-07
0,1.1329185e-09
0,1.8837754e-07
0,0.0045933165
0,1.0032661e-09
0,1.9714383e-07
0,0.47971448
0,1.2514697e-07
0,2.4710593e-07
0,9.041317e-08
0,3.311034e-10
0,6.7114145e-09
0,1.707694e-07
0,2.4610878e-09
0,7.755006e-10
0,1.0175706e-07
0,0.0012292174
0,1.1046605e-09
0,7.570714e-09
1,0.99989676
0,7.2765716e-10
0,2.842889e-07
0,5.294768e-07
0,4.0694575e-10
0,2.0912391e-07
0,1.5216529e-09
0,4.8896126e-10
0,3.3988753e-10
0,9.085104e-08
0,1.449684e-07
0,2.2348903e-10
0,7.859425e-09
0,5.4854205e-10
1,0.9999033
0,1.6895867e-09
0,1.10504134e-10
0,1.9872306e-09
0,1.852062e-07
0,5.491052e-10
0,4.7812576e-10
0,2.3833853e-09
0,7.925457e-11
0,1.451769e-09
0,2.3725815e-09
0,0.0013661842
0,1.446225e-07
0,1.5276668e-09
0,4.1072816e-08
0,7.815576e-10
0,9.882956e-11
0,3.6443422e-09
0,1.1351226e-09
0,2.4962895e-07
0,5.8575775e-08
0,1.4356698e-07
0,2.5280287e-09
0,8.17733e-08
0,2.0110495e-10
0,2.7128354e-07
0,6.280674e-07
0,1.1777287e-07
0,5.3851178e-08
0,4.2071545e-07
0,5.698906e-08
0,3.7974732e-10
0,6.9049676e-08
0,9.156171e-11
0,5.429156e-07
0,1.05791635e-07
0,2.3638091e-07
0,2.6075744e-10
0,8.17733e-08
0,7.8854185e-07
0,0.011839685
0,0.001468189
1,0.9999827
0,2.1550939e-10
0,3.3421876e-10
0,3.1862377e-10
0,8.240979e-08
0,8.0523685e-11
0,2.614796e-10
0,0.0040456345
0,0.001762633
0,4.6830506e-10
0,4.9718306e-08
0,1.0161237e-07
0,1.06766876e-07
0,4.6468196e-10
0,1.3911262e-09
0,5.622073e-10
0,0.001186875
0,9.171028e-11
0,4.955745e-07
0,6.245643e-08
0,3.93047e-07
0,1.2182618e-07
0,1.087887e-09
0,1.8805563e-10
0,1.2222697e-09
0,1.1892733e-10
0,6.568401e-08
0,6.986685e-11
0,7.73957e-07
0,3.513939e-07
0,1.1027505e-06
0,4.9616417e-10
0,6.114354e-10
0,0.002006351
0,3.308176e-09
0,8.0300566e-10
0,5.2401483e-10
0,7.501922e-08
0,1.8646988e-09
0,2.6040619e-09
0,5.4549126e-10
0,1.8799835e-09
0,5.39021e-10
0,7.220868e-10
0,8.50749e-08
0,8.0160856e-10
0,1.3561599e-07
0,7.752437e-09
0,1.9123715e-07
0,0.0010745018
0,2.350133e-10
0,3.6306623e-08
0,1.6350629e-07
0,4.3531026e-10
0,9.158978e-08
0,2.8665227e-07
1,0.99967027
0,7.6958007e-10
0,7.123061e-10
0,7.6173795e-10
0,1.3974623e-06
0,2.8492558e-08
0,1.02491654e-10
0,7.6284e-10
0,1.6180556e-09
0,1.1156479e-09
0,1.2467906e-09
1,0.9996648
0,1.239244e-09
0,1.9637068e-10
0,7.057109e-10
0,2.2975144e-10
0,1.5711985e-09
0,0.0018327327
0,5.343351e-09
0,5.417358e-10
0,0.0019057764
0,1.3858148e-07
0,7.702949e-11
0,9.387662e-09
0,1.9595052e-10
0,2.2765814e-09
0,1.0754619e-07
0,1.2006882e-09
0,4.7677005e-09
0,7.09458e-08
0,0.0019986113
0,1.7537685e-09
0,1.8927995e-09
0,5.5658304e-05
0,6.718468e-10
0,1.0327527e-09
0,0.0020908078
0,1.506649e-10
0,5.034704e-10
1,0.9874232
0,1.1463812e-07
0,1.99014e-09
0,3.9755776e-09
0,1.086105e-07
0,2.7001923e-10
0,9.642448e-10
0,5.6487187e-10
0,1.5840924e-09
0,1.2094142e-07
0,4.5085619e-10
0,1.506649e-10
0,7.2355164e-08
0,8.17733e-08
0,9.828133e-09
0,4.622365e-07
0,0.002822723
0,1.6010999e-09
0,2.6400332e-10
0,1.182001e-09
0,6.446845e-10
0,1.9995978e-10
0,6.4638245e-10
0,1.3127754e-09
0,4.1844614e-10
0,2.221068e-09
0,5.007887e-10
0,1.142826e-09
0,2.3931517e-09
0,5.498737e-09
0,3.8626905e-07
0,9.438791e-10
0,8.091386e-10
0,1.8892108e-09
0,6.0285327e-10
0,1.3309128e-09
0,5.324456e-10
0,1.6006054e-09
0,9.395069e-11
0,4.0125459e-10
0,7.6231205e-10
0,3.1453007e-09
0,2.5337443e-09
0,1.5117744e-08
0,4.804654e-09
0,1.0537186e-09
0,1.8799835e-09
0,6.1958033e-10
0,1.9595052e-10
0,2.8032182e-10
0,3.6306623e-08
0,5.839921e-11
0,8.60933e-09
0,4.954502e-10
0,1.7480802e-10
0,4.3953483e-07
0,9.805022e-10
0,2.1681772e-09
0,1.1662077e-07
0,9.592186e-10
0,8.568628e-11
0,1.2612274e-07
0,3.936415e-10
0,0.005477461
0,4.1359713e-10
0,4.337041e-10
0,3.8011475e-10
0,5.621848e-10
0,6.0465353e-09
0,2.0176587e-09
0,2.4604563e-07
0,0.0047741733
0,1.3855679e-09
0,4.6389823e-10
0,5.7792835e-07
1,0.9996376
0,0.043686446
0,8.664925e-10
0,8.17733e-08
0,0.0068505607
0,3.8760517e-10
0,2.80812e-10
0,1.1833411e-09
0,5.200599e-10
0,3.221661e-07
0,6.3260963e-10
0,1.2403343e-09
0,1.4941209e-09
0,3.5537406e-09
0,1.7997291e-09
0,9.809044e-10
0,1.478447e-07
0,8.0218665e-10
0,0.013888017
0,3.8163886e-10
0,6.088809e-10
0,3.8994563e-09
0,2.0446105e-09
0,2.0071915e-09
0,2.2524306e-07
0,1.1936865e-10
0,2.7392701e-09
0,1.086105e-07
0,1.9171094e-10
0,3.9550865e-10
0,5.855416e-10
0,1.9950005e-07
0,4.0409216e-07
1,0.99986506
0,2.5217826e-09
0,1.7321069e-09
0,1.086105e-07
0,5.741341e-10
0,8.865825e-10
0,1.18006824e-07
0,4.268922e-10
0,1.6155517e-09
0,0.00032868516
0,0.0048280307
0,5.192709e-10
0,3.8852122e-07
0,5.008555e-10
0,4.0125459e-10
0,2.058923e-08
0,1.1841583e-07
0,3.5547918e-09
0,7.951125e-10
0,3.450616e-10
0,2.5920845e-09
0,1.2044477e-09
0,9.339632e-10
0,1.05791635e-07
0,0.0004381648
0,7.3239553e-10
0,2.985997e-10
0,5.9891875e-10
0,7.646812e-07
0,9.2777476e-08
0,1.0916664e-08
0,7.541864e-08
1,1.0
0,5.3468246e-10
0,6.814078e-08
0,1.9421853e-09
0,1.0898206e-09
0,0.0015546201
0,5.199706e-10
0,5.287158e-08
0,3.1485803e-07
0,2.7107827e-09
0,2.7936546e-09
0,6.528215e-10
0,5.4507767e-09
0,0.00075943425
0,8.841731e-09
0,5.4234167e-10
0,5.4658694e-10
0,1.6680591e-09
0,0.0024022097
0,4.295303e-10
0,8.2886836e-11
0,1.241037e-09
0,2.8385724e-10
0,1.9343431e-10
0,1.749969e-07
0,4.0793783e-08
0,0.00021101278
0,8.1229923e-10
0,3.519138e-09
0,6.4506334e-10
0,1.7358739e-09
1,0.9999516
0,9.3714576e-08
0,0.001337087
0,7.781202e-10
0,5.8988425e-10
0,1.1916831e-09
0,1.5318479e-09
0,1.012256e-09
0,4.755383e-10
0,3.9445322e-10
0,4.10402e-10
0,7.366447e-10
0,9.92822e-08
0,6.9284045e-10
0,1.1145461e-09
0,1.3765208e-07
0,6.568721e-10
0,2.3638091e-07
0,5.782145e-10
0,1.6581998e-07
0,3.7602968e-10
0,3.198954e-09
0,3.2613864e-10
0,3.4636405e-09
0,6.187832e-10
0,1.690013e-08
0,3.146103e-10
0,4.6837926e-07
0,0.00092604995
0,9.438791e-10
0,7.992523e-11
0,4.9283972e-09
0,1.7731114e-07
0,1.5440567e-09
0,1.2015176e-09
0,4.8661575e-10
0,2.5895002e-09
0,2.7017752e-09
0,1.1872047e-09
0,5.531813e-08
0,5.883648e-11
0,0.0022264651
0,3.2592178e-09
0,9.1373074e-08
0,1.0700893e-10
0,2.8385724e-10
0,6.742911e-10
0,0.0065386267
0,0.0012912552
0,6.636043e-10
0,2.5900682e-09
0,6.9987716e-10
0,1.6426758e-07
0,7.541864e-08
0,6.115216e-07
0,0.0011905074
0,8.2191316e-11
0,2.6346038e-07
0,7.127913e-10
0,4.7287667e-09
0,2.5350926e-07
0,3.964295e-09
0,8.2178503e-10
0,7.4445433e-10
0,4.0581566e-10
0,1.0110731e-09
0,2.210445e-07
0,5.925681e-10
0,5.8450307e-09
0,5.022963e-10
0,3.1624012e-10
0,1.3025891e-09
0,5.199855e-10
0,3.6306623e-08
0,1.3858148e-07
0,9.391651e-10
0,2.0827603e-07
0,4.1056564e-10
0,9.784491e-10
1,0.99982846
0,3.6516158e-07
0,0.0037173638
0,8.23467e-10
0,1.5578537e-06
0,4.4466283e-10
0,3.569466e-07
0,6.115216e-07
0,5.855416e-10
0,3.2328822e-07
0,1.6140331e-09
0,5.6494116e-09
0,1.9567312e-09
0,0.00091359246
0,4.0122266e-09
0,8.8433406e-11
0,2.446674e-07
0,3.68578e-10
0,5.921139e-10
0,1.0386612e-09
0,3.2935554e-10
0,3.3590932e-09
0,2.1222206e-10
0,1.34007e-09
0,0.004992826
0,1.740605e-09
0,1.3459747e-09
0,6.94968e-08
0,7.5948203e-10
0,8.8433406e-11
0,9.678359e-10
0,7.5334605e-10
1,0.9995474
0,9.158978e-08
0,5.662332e-10
0,1.05791635e-07
0,1.0793099e-09
0,6.6661976e-10
0,7.4445433e-10
0,1.6581998e-07
1,0.99608046
0,4.2400497e-10
0,3.7685865e-08
0,2.80812e-10
0,5.4234167e-10
0,1.0568102e-09
0,4.8609444e-10
0,0.0020943426
0,4.4241252e-10
0,6.8829795e-09
0,2.0381481e-08
0,9.413782e-10
0,3.9459244e-10
0,1.0164688e-07
0,9.156171e-11
0,8.598683e-08
0,0.0015284787
0,1.7076455e-09
0,4.057499e-10
0,1.8135609e-09
0,2.2744977e-07
0,0.0037393156
0,6.9309486e-08
0,4.857534e-10
0,2.066451e-10
0,2.64291e-10
0,3.4305545e-10
0,2.9732982e-08
0,9.391651e-10
0,1.8799835e-09
0,5.706835e-08
0,4.6024426e-10
0,4.0121115e-09
0,4.174752e-07
0,1.2258061e-10
0,1.4851638e-07
0,2.097136e-10
0,9.406441e-10
0,1.1383047e-06
0,6.568401e-08
0,1.9380252e-06
0,1.239858e-06
0,7.7333596e-08
0,1.8894909e-10
0,1.5113598e-07
0,1.5463467e-09
0,6.679727e-10
0,8.104089e-08
0,1.1756298e-08
0,1.0942952e-08
0,1.4170249e-09
0,1.1547368e-09
0,3.131103e-09
0,3.9186832e-10
0,8.78139e-10
0,3.83111e-08
0,1.7494884e-07
0,5.966119e-11
0,4.158786e-07
0,5.100295e-09
0,9.7546346e-11
0,1.5862753e-07
0,4.5743065e-10
0,2.4236937e-10
0,0.0022677914
0,6.6800204e-10
0,0.0039609117
0,4.46006e-09
0,2.1484985e-10
0,1.351528e-10
0,4.4286892e-07
0,2.617434e-07
0,6.8287247e-09
0,1.8772234e-10
0,2.2420943e-09
0,6.5435235e-10
0,1.506649e-10
0,0.0010488174
0,5.80904e-10
0,8.898648e-08
0,2.2186968e-09
0,1.2241524e-07
0,6.6716916e-07
0,0.005615628
0,1.9924661e-07
0,5.6734208e-11
0,9.085104e-08
0,2.1110538e-10
0,0.0016525333
0,2.2426108e-10
0,5.10327e-10
0,1.4036466e-06
0,5.621848e-10
0,1.3221181e-09
0,2.5072447e-10
0,6.8843375e-11
0,1.3489404e-07
0,1.7881495e-10
0,9.370121e-11
0,4.909864e-10
0,1.5675457e-10
0,1.919895e-09
0,3.1594862e-08
0,7.2355164e-08
0,4.9052123e-10
0,1.1146354e-09
0,1.4065782e-07
0,0.008952598
0,0.0014527908
0,9.156171e-11
0,1.3492337e-07
0,8.13089e-08
0,0.00053620304
0,5.4234167e-10
0,2.0429576e-09
0,1.8754484e-10
0,5.081319e-10
0,7.3051454e-11
0,3.3161407e-10
0,1.922909e-07
0,2.3664518e-10
0,1.2586752e-07
0,1.07167374e-07
0,5.296768e-07
0,1.1343109e-07
0,8.17733e-08
0,7.846031e-10
0,3.2168676e-10
0,3.0302413e-08
0,8.519535e-09
0,4.3623166e-07
0,2.170225e-07
0,5.5720427e-08
0,6.413302e-10
0,9.946876e-11
0,3.999129e-10
0,5.3078164e-10
0,1.3591911e-09
0,1.6144665e-10
0,8.381971e-08
0,2.5847138e-09
0,4.0016744e-07
0,1.7902696e-09
0,6.11016e-09
0,3.0379468e-10
0,4.36433e-08
0,2.18542e-09
0,8.17733e-08
0,3.1540108e-07
0,3.021997e-07
0,1.5862753e-07
0,1.6265549e-10
0,4.6375763e-07
0,9.612461e-10
0,7.081402e-11
0,0.00053074374
0,5.750267e-08
0,6.5603195e-10
0,5.247224e-08
0,0.002351599
0,1.2826097e-09
0,2.0423944e-07
0,8.467626e-10
0,1.1129587e-10
0,0.006004504
0,4.469766e-10
0,1.1139362e-09
0,6.0755606e-10
0,1.120461e-09
0,5.6454874e-10
0,1.8928931e-07
0,0.0036299285
0,1.9974669e-10
0,4.9095696e-08
0,3.308176e-09
0,1.2940155e-10
0,3.2699339e-09
0,2.8852897e-08
0,0.0012965939
0,0.043921195
0,6.825678e-09
0,9.13716e-10
0,2.3002768e-10
0,4.0531387e-09
0,0.0015628084
0,5.424875e-10
0,5.26392e-10
0,0.005096471
0,4.2655626e-09
0,2.4962281e-09
0,6.413534e-10
0,4.7347863e-09
0,8.5770374e-10
0,3.0521763e-10
0,9.76471e-10
0,9.10287e-11
0,2.5511862e-10
0,4.6620315e-08
0,2.1550159e-10
0,1.8230427e-09
0,1.8027962e-10
0,1.2353425e-10
0,3.1117103e-10
0,1.9513482e-10
0,2.196338e-10
0,1.8220068e-09
0,3.2613864e-10
1,0.96388763
0,8.083256e-10
0,8.003771e-10
0,1.7525922e-08
0,3.306717e-10
0,5.4415594e-10
0,3.072374e-10
0,9.960341e-10
0,0.00086439523
0,7.006331e-10
0,2.839973e-07
0,3.7544487e-10
0,1.057644e-07
0,2.1529802e-08
0,6.66546e-10
0,3.6511142e-07
0,9.625532e-08
0,2.005657e-09
0,5.369687e-10
0,5.311627e-09
0,1.0709597e-09
0,0.008421311
0,8.2929574e-10
0,7.318478e-11
0,6.4638245e-10
0,1.1154111e-10
0,0.0023352616
0,1.3480891e-09
0,2.5167154e-07
0,1.6158043e-09
0,3.8163886e-10
0,1.0071741e-08
0,3.7974732e-10
0,1.4456816e-07
0,9.171028e-11
0,7.097084e-08
0,1.0759246e-09
0,4.9722765e-08
0,2.0717314e-10
0,1.4609211e-10
0,5.621848e-10
0,5.4910315e-10
0,4.0125459e-10
0,9.158978e-08
0,1.8027962e-10
0,1.9979421e-07
0,3.8554435e-10
0,6.932879e-08
0,1.616393e-09
0,7.9920466e-07
1,0.9983462
0,1.1274395e-08
0,1.0921345e-09
0,8.292712e-08
0,9.776894e-11
0,1.4609211e-10
0,1.2190629e-06
0,2.1579825e-09
0,0.110240385
0,2.1887196e-09
0,2.1191033e-09
0,6.5385643e-07
0,0.0014363751
0,1.0215143e-07
0,4.138925e-09
0,5.4234167e-10
0,1.2467906e-09
0,1.3166616e-10
0,4.10402e-10
0,2.9088984e-10
0,3.6348022e-10
0,2.4885458e-09
0,1.9212174e-09
0,6.718468e-10
0,7.1718034e-07
0,8.985632e-08
0,6.187832e-10
0,4.7708637e-10
0,2.588506e-10
0,8.350746e-11
0,0.0022024214
0,7.217714e-10
0,8.1909035e-10
0,1.1301775e-09
0,9.67305e-07
0,3.447241e-10
0,8.17733e-08
0,1.5784343e-07
0,1.5554902e-09
0,7.1744244e-10
0,6.869788e-08
0,4.855829e-10
0,2.7583322e-10
0,2.3733067e-08
0,5.9891875e-10
0,1.2276521e-10
0,5.9398934e-07
0,9.03505e-10
0,5.509254e-07
0,3.6116174e-07
0,1.0700893e-10
0,4.0721443e-10
0,1.3099372e-08
0,8.541847e-08
0,4.3166815e-10
0,3.8554435e-10
0,2.2046723e-07
0,4.361933e-08
0,0.0017576622
0,1.731069e-10
0,1.449684e-07
0,6.462813e-10
0,4.4399165e-10
0,6.677084e-08
0,1.6275237e-07
0,2.3271728e-07
0,6.423512e-10
0,4.295303e-10
0,7.3893286e-10
0,0.00053074374
0,1.9449424e-10
0,9.059377e-11
0,5.9908556e-10
0,1.0930472e-09
0,7.8219436e-10
0,7.597312e-10
0,1.6073605e-09
0,4.097423e-07
0,5.621848e-10
0,7.959622e-10
0,6.224599e-10
0,1.1193267e-09
0,1.5024736e-10
0,1.8838637e-09
0,2.20576e-09
0,1.4414162e-10
0,0.003466654
0,7.2355164e-08
0,2.2975144e-10
0,2.8569758e-07
0,9.300483e-11
0,1.065741e-09
0,2.952472e-09
0,1.08989685e-10
0,3.0999928e-10
0,3.740389e-10
0,7.918682e-07
0,1.3239812e-08
0,4.6861537e-09
0,7.736307e-09
0,7.1694934e-08
0,9.1816915e-10
0,2.7904645e-09
0,6.9015377e-10
0,4.3166815e-10
0,1.1335863e-09
0,5.309437e-10
0,0.0049552456
0,3.3750247e-10
0,0.015353529
0,6.305112e-10
0,1.5854859e-09
0,4.822778e-09
0,2.5271625e-08
0,0.0013431163
0,1.6581998e-07
0,5.0143125e-09
1,0.999923
0,5.203958e-07
0,2.725635e-10
0,1.9545247e-07
0,1.0673995e-06
0,2.4557795e-07
0,6.9097045e-10
0,7.4178674e-10
0,1.4674595e-07
0,1.18491286e-07
0,3.045698e-10
0,3.48961e-05
0,9.701878e-08
0,5.7179324e-07
0,3.048102e-07
0,4.909864e-10
0,2.2384355e-10
0,6.030408e-10
0,0.0032452294
0,6.216632e-08
0,2.0161807e-10
0,0.0010746968
0,1.6872422e-09
0,2.4570448e-09
0,2.5451546e-10
0,0.0012216478
0,6.177714e-10
0,4.3367102e-10
0,1.0161237e-07
0,8.021109e-08
0,6.7306016e-10
0,0.0010958246
0,2.206811e-10
0,0.0012084289
0,4.6172164e-09
1,0.9997397
1,0.9998685
0,3.4842923e-10
0,1.731069e-10
0,3.259322e-10
0,3.4256378e-10
0,1.2117036e-09
0,9.1207747e-10
0,5.6312566e-11
0,6.1680505e-09
0,0.0011594142
0,1.9612252e-10
0,1.1949515e-09
0,4.199253e-10
0,1.0436337e-09
0,2.4309577e-10
0,1.2119428e-07
0,2.3636917e-07
0,1.04871894e-07
0,4.7958804e-10
0,7.992523e-11
0,1.0895498e-10
0,3.903533e-07
0,0.00038708074
0,3.9970396e-10
0,9.6667e-10
0,4.864599e-10
0,6.413302e-10
0,5.621848e-10
0,8.3233825e-10
0,8.840217e-08
0,1.4274907e-09
0,7.495557e-07
0,4.0531387e-09
0,0.0013693946
0,5.801261e-08
0,3.9550865e-10
0,5.778011e-10
0,6.361476e-10
0,1.1636947e-07
0,7.507078e-11
0,1.8435158e-09
0,1.6265549e-10
0,1.0897914e-09
0,7.2203304e-10
0,3.0459748e-07
0,7.3598183e-10
0,0.0010285288
0,7.9253056e-11
0,1.2008411e-10
0,8.261056e-09
0,1.922909e-07
0,6.3760897e-10
0,1.2081588e-09
0,7.410521e-08
0,0.0010746968
0,1.3894342e-09
0,0.00925462
0,5.052018e-10
0,6.187832e-10
0,1.3858148e-07
0,1.0558129e-09
0,1.9244706e-09
0,1.1131561e-10
0,1.7298816e-09
0,8.832683e-08
0,5.5134928e-09
0,8.9320196e-10
0,6.389737e-10
0,3.8760517e-10
0,1.5058433e-08
0,2.2083709e-08
0,2.0957176e-09
0,1.0895498e-10
0,5.8840993e-10
0,0.05115976
0,3.8412257e-10
0,6.3760897e-10
0,1.3302003e-08
0,1.6802313e-07
0,0.0013759008
0,8.262466e-11
0,9.564837e-10
1,0.9999366
0,9.612461e-10
0,4.6870096e-07
0,7.820985e-11
0,3.7013015e-09
0,6.7085826e-10
0,1.9179013e-06
0,9.34521e-10
0,7.954614e-10
0,8.0218665e-10
0,4.35434e-10
0,8.990929e-08
0,2.3684837e-10
0,2.4449457e-07
0,2.3343594e-09
0,1.495269e-10
0,2.0058766e-07
0,1.1027505e-06
0,3.5537406e-09
0,1.4463187e-07
0,2.409373e-10
0,2.725635e-10
0,1.0537186e-09
0,1.284763e-07
0,1.3949109e-07
0,1.9783197e-10
0,3.5097955e-08
0,3.224079e-10
0,1.9595052e-10
0,6.7026924e-08
0,2.4921416e-09
0,2.779768e-07
0,7.021288e-10
0,0.004081292
0,9.158978e-08
0,1.2138085e-09
0,3.76951e-10
0,0.0011106424
0,7.8351137e-10
0,1.1164109e-07
0,1.0793099e-09
0,3.0275635e-10
0,4.2251466e-10
0,0.0016745173
0,2.7001923e-10
0,1.8752863e-07
0,3.2255426e-10
0,5.782272e-05
0,3.5310774e-10
0,2.585354e-07
0,2.3200577e-09
0,7.885578e-10
0,1.2270035e-06
0,1.1260205e-09
0,2.2756302e-07
0,2.7001923e-10
0,1.0754619e-07
0,1.9542729e-07
0,8.9808266e-10
0,0.0014935575
0,0.0035357398
0,0.00081582536
0,3.2554528e-09
0,7.8380185e-07
0,5.964655e-10
0,4.637496e-10
0,1.5868049e-09
0,1.4646884e-09
0,9.733406e-08
0,9.506381e-10
0,0.0014622394
0,9.780022e-08
0,1.5939365e-09
0,0.0094887065
0,3.104995e-09
0,0.0035980805
0,8.2886836e-11
0,4.0100385e-09
0,2.1026673e-10
0,1.3515687e-07
0,3.8833132e-09
0,0.0010117688
0,4.290071e-10
0,3.0102907e-09
0,1.8928931e-07
0,3.4133794e-08
1,1.0
0,4.839463e-10
0,0.0011048965
0,4.665416e-10
0,4.3531026e-10
0,2.4930895e-07
0,1.1488843e-09
0,1.6008475e-08
0,1.30459386e-08
0,0.002592869
0,2.5376315e-10
0,2.350133e-10
0,6.486116e-10
0,4.8609444e-10
0,7.913079e-09
0,1.0186048e-09
0,1.6075313e-10
0,2.0267732e-09
0,2.8444924e-09
0,6.7026924e-08
0,1.3632075e-09
0,0.0021574693
0,1.5783846e-07
0,4.921387e-10
0,1.4289761e-08
0,1.7707254e-07
0,1.6459848e-07
0,1.8756342e-10
0,8.662852e-08
0,3.4005485e-10
0,2.153009e-08
0,0.004445745
0,6.5187467e-10
0,1.090305e-09
0,1.5107848e-07
0,1.0695464e-10
0,1.6672903e-08
0,1.3961814e-10
0,1.6581998e-07
0,6.9457246e-10
0,1.8672142e-10
0,2.2224694e-10
0,1.3146483e-07
0,2.0161807e-10
0,0.0022619846
0,1.2622533e-08
0,5.8277727e-10
0,8.842586e-10
0,6.405704e-08
0,7.2349987e-10
0,1.1636947e-07
0,2.0619686e-08
0,4.1056564e-10
0,8.292712e-08
0,9.988459e-10
0,2.4953284e-09
0,0.0074408255
0,1.3632075e-09
0,6.932879e-08
0,1.039053e-10
0,7.116108e-10
0,2.725635e-10
0,3.191018e-10
0,8.813969e-08
0,9.370121e-11
0,4.6102272e-10
0,7.537384e-10
0,9.155817e-08
0,2.5377219e-07
0,1.4533579e-07
0,4.4037228e-07
0,0.0034129894
0,1.45814e-10
0,2.43248e-07
0,1.1511612e-09
0,2.3890132e-06
0,2.467927e-07
0,1.506649e-10
0,0.0012634431
0,3.2828118e-10
0,3.7435655e-10
0,1.5053268e-07
0,4.9748636e-09
0,8.573055e-08
0,5.4340353e-07
0,2.2384355e-10
0,1.6426758e-07
0,5.621848e-10
0,2.5337443e-09
0,6.9393803e-07
0,7.974681e-10
0,3.1862377e-10
0,0.0041975556
0,3.7166228e-10
0,4.491844e-09
0,1.05791635e-07
0,3.7384493e-10
0,5.292147e-10
0,3.4806724e-10
0,5.1682636e-10
0,5.9191797e-07
0,1.2455604e-07
0,6.6992484e-10
0,5.1882443e-10
0,7.2277023e-10
0,1.0619182e-09
0,6.695981e-09
0,6.413534e-10
0,6.7005645e-10
0,6.8843375e-11
0,4.6269907e-10
0,4.6916897e-09
0,4.131422e-10
0,1.0170769e-09
0,5.794477e-07
0,2.1522596e-10
0,6.413534e-10
0,1.8892158e-07
0,0.0075385813
1,0.99984753
0,8.546858e-10
0,4.0125459e-10
0,0.0030187904
0,1.6275237e-07
0,7.434212e-07
0,3.846101e-10
0,6.8905154e-10
0,3.7228986e-07
0,7.152822e-10
0,6.1314626e-10
0,2.3321902e-06
0,1.8024755e-07
0,1.4418823e-08
0,1.0301734e-09
0,2.5815061e-09
0,0.002335448
0,4.4883475e-10
0,1.9482957e-07
0,1.2810498e-09
0,0.0012235513
0,9.2234126e-10
0,8.6229335e-10
0,5.9400523e-10
0,2.4677033e-07
0,7.798779e-10
0,2.1222206e-10
0,5.778011e-10
0,9.156171e-11
0,1.5462405e-09
0,7.8542875e-08
0,3.0625621e-10
0,0.0003421985
0,1.3158889e-07
0,0.0009652086
0,1.0457598e-09
0,8.009208e-10
0,3.499364e-10
0,1.3954285e-07
0,2.885276e-10
0,4.90423e-10
0,1.0781031e-07
0,3.4016813e-07
0,1.6785298e-10
0,1.8313616e-09
0,6.1784206e-10
0,0.001233563
0,1.3767428e-09
0,6.677084e-08
0,6.4638245e-10
0,6.224142e-08
0,1.3418182e-07
0,1.555867e-09
0,7.829056e-08
0,1.0685443e-08
0,1.1415864e-09
0,3.6348022e-10
0,8.0153434e-08
0,6.153946e-10
0,1.7163653e-07
0,0.005693185
0,9.230268e-08
0,3.146103e-10
0,0.0016976051
0,5.4502125e-10
0,7.78525e-11
0,2.2744977e-07
0,4.909864e-10
0,3.318482e-10
0,3.6460874e-09
0,3.9264587e-09
0,4.736654e-10
0,9.76471e-10
0,1.5583186e-07
0,1.3359402e-10
0,8.17733e-08
0,1.8799835e-09
0,4.0778803e-10
0,2.8436012e-10
0,2.073187e-09
0,4.9618787e-10
0,5.519003e-07
0,0.0048564076
0,1.2320764e-10
0,2.1484985e-10
0,0.0017443358
0,6.54436e-10
0,9.591976e-08
0,0.0069844713
0,9.825078e-09
0,4.2065718e-10
0,6.557867e-10
0,3.176444e-10
0,5.2399214e-09
0,1.8838637e-09
0,4.909864e-10
0,4.10402e-10
0,2.0959112e-07
0,2.0626403e-09
0,0.0044593066
0,6.927175e-10
0,5.038546e-10
0,5.808519e-10
0,3.8310667e-08
0,1.2670479e-07
0,3.9738023e-07
0,6.413534e-10
0,2.5275984e-10
0,1.2993348e-07
0,6.013913e-10
0,3.0615137e-08
0,3.694451e-10
0,1.18491286e-07
0,3.3421876e-10
0,6.7121153e-10
0,7.4642914e-10
0,1.1462927e-09
0,1.9655475e-07
0,3.5661532e-09
0,2.1484985e-10
0,1.9034105e-09
0,1.731069e-10
0,0.0015080043
0,0.0011779442
0,8.6650495e-08
0,7.9630006e-08
0,6.849972e-10
0,0.058542438
0,0.0025632568
0,2.7809076e-08
0,6.37099e-08
0,5.882966e-10
0,7.1552375e-10
0,3.4981162e-10
0,2.2390942e-09
0,2.7692706e-10
0,1.9612252e-10
0,7.612274e-08
0,3.1477115e-10
0,3.866251e-07
0,1.7963544e-09
0,2.1531883e-07
0,0.002754527
0,1.0537186e-09
0,1.0092505e-09
0,2.1531883e-07
0,5.9191797e-07
0,8.5770374e-10
0,1.7994511e-09
0,2.7924718e-09
0,9.721689e-10
0,1.6086792e-09
0,5.750481e-10
0,2.4931984e-08
0,2.1734772e-09
0,1.9112624e-08
0,0.0019650522
0,5.883648e-11
0,4.2027324e-09
0,1.8237677e-07
0,1.1382923e-09
0,4.8609444e-10
0,9.721936e-07
0,5.038546e-10
0,4.0892364e-10
0,1.5382834e-09
0,1.6680591e-09
0,9.041317e-08
0,1.5382071e-09
0,1.1038006e-10
0,5.3159246e-09
0,3.1862377e-10
0,0.003184201
0,6.389737e-10
0,2.3220133e-10
0,4.0125459e-10
0,8.001359e-10
0,1.5351296e-09
0,2.1440048e-09
0,1.775854e-08
0,2.9437716e-10
0,1.9449424e-10
0,1.0443495e-07
0,0.0033403167
0,4.0581566e-10
0,0.0073233712
0,5.931448e-10
0,8.426236e-10
0,2.725635e-10
0,6.671998e-10
0,5.632323e-10
0,3.8163886e-10
1,0.9868874
0,6.648192e-10
0,2.4470505e-06
0,5.4310767e-10
0,5.0483384e-10
0,5.80904e-10
0,0.0020943426
0,2.8940395e-10
0,4.8917908e-08
0,3.6306623e-08
0,3.2133168e-10
0,1.2217802e-07
0,6.557867e-10
0,3.2138808e-10
0,2.372277e-10
0,0.0016852595
0,1.6467831e-10
0,6.013913e-10
0,0.0002883548
0,6.7005645e-10
0,3.9732225e-07
0,3.0630134e-09
0,1.7172513e-09
0,9.9174514e-08
0,6.7306016e-10
0,4.8813376e-10
0,1.4039442e-10
0,4.011069e-10
0,1.191203e-10
0,1.9584373e-07
0,3.2035052e-07
0,6.881111e-07
0,5.069792e-09
0,9.881104e-08
0,1.3616476e-10
0,0.002237511
0,2.174546e-10
0,5.7677707e-10
0,0.0070338147
1,0.9994499
0,3.2407438e-10
0,1.8341469e-10
0,8.202981e-08
0,0.009562424
0,2.0709904e-06
0,9.158978e-08
0,6.115216e-07
0,2.1381442e-07
0,1.1529856e-08
0,0.0012214094
0,1.1841583e-07
0,0.0006804347
0,9.081759e-08
0,1.3858148e-07
0,6.537853e-07
0,8.5770374e-10
0,1.0341462e-09
0,8.6380775e-10
0,4.093818e-07
0,6.677084e-08
0,5.0923604e-10
0,0.0031960343
0,2.6975258e-10
0,5.621848e-10
0,0.0011363816
0,1.039053e-10
0,8.4609425e-10
0,1.4504075e-09
0,5.883648e-11
0,1.2670062e-10
0,1.1696998e-09
0,1.749969e-07
0,1.3433176e-09
0,8.912683e-11
0,1.1382923e-09
0,1.001767e-09
0,5.9349337e-10
0,4.275511e-07
0,2.393073e-10
0,8.273998e-10
0,3.2308933e-10
0,1.4456154e-07
0,1.1329185e-09
0,8.1790677e-07
0,2.9088984e-10
0,1.3726865e-09
0,3.963337e-08
0,6.3260475e-10
0,6.7306016e-10
0,0.009733448
0,2.9725922e-10
0,1.8969476e-10
0,1.182001e-09
0,1.0654605e-09
0,2.1373128e-09
0,1.6091817e-10
0,9.784491e-10
0,1.22204e-07
0,2.4339203e-08
0,1.6680591e-09
0,8.826903e-09
0,1.8872884e-08
0,1.05963745e-10
0,7.5712014e-10
0,1.1251906e-07
0,1.5939365e-09
0,8.3362206e-10
0,0.0009437928
0,1.0013333e-09
0,3.318482e-10
0,2.2975144e-10
0,7.057109e-10
0,3.6899658e-07
0,0.003466654
0,3.767792e-10
0,8.298706e-09
0,1.2386516e-08
0,6.520071e-08
0,1.9330753e-09
0,0.0029203435
0,1.3563689e-08
0,4.909864e-10
0,4.199253e-10
0,2.0755468e-07
0,4.0238962e-10
0,3.3900672e-08
0,2.0055193e-09
0,3.5379402e-10
0,1.1302826e-10
0,2.725635e-10
0,1.5862753e-07
0,4.5085619e-10
0,8.5770374e-10
0,5.6667293e-10
0,8.134339e-07
0,3.5537406e-09
0,6.3070726e-10
0,1.1832507e-09
0,7.630386e-08
0,1.2993348e-07
0,2.427586e-09
0,1.0055568e-10
1,0.99959093
0,2.6234646e-09
0,2.386128e-09
0,0.001146888
0,8.350746e-11
0,4.6522913e-10
0,1.2119428e-07
0,6.170813e-10
0,6.863456e-10
0,0.0016290048
0,1.6556179e-07
0,1.1086985e-09
0,1.598395e-07
0,7.8542875e-08
0,3.142968e-09
1,0.9985631
0,7.34538e-07
0,1.3146673e-09
0,2.5817693e-07
0,1.8799835e-09
0,7.555589e-11
0,4.1508727e-08
0,4.6124785e-10
0,1.0879264e-09
0,7.252434e-10
0,1.769987e-08
0,2.329553e-07
0,4.050138e-10
0,1.600471e-09
0,3.1862377e-10
0,8.3321666e-10
0,5.4234167e-10
0,3.7890814e-07
0,4.0721443e-10
0,6.51011e-07
0,2.261762e-09
0,2.3304978e-09
0,4.839002e-10
0,3.274888e-10
0,3.774359e-10
0,3.6720582e-08
0,6.3912975e-10
0,1.3312396e-10
0,2.6564848e-10
0,0.0018711365
0,1.12485e-10
0,1.0713784e-09
0,1.7525922e-08
0,2.698937e-07
0,1.8894909e-10
0,2.48518e-07
0,3.273156e-07
0,8.777618e-11
0,8.954993e-11
0,2.04022e-09
0,1.658578e-07
0,0.0022163012
0,1.3487211e-10
0,6.81831e-10
0,3.318482e-10
0,3.3496115e-09
0,1.0233445e-09
0,9.980837e-11
0,3.8362175e-10
0,5.17818e-10
0,3.7890814e-07
0,3.1195793e-07
0,2.7684797e-09
0,1.18491286e-07
0,3.4141777e-07
0,7.560076e-10
0,3.2535868e-07
0,5.2399214e-09
0,6.413302e-10
0,5.208451e-10
0,5.7243044e-10
0,1.1547368e-09
0,0.0010467512
0,8.2886836e-11
1,0.9999987
0,1.449684e-07
0,2.4098108e-09
0,2.9437716e-10
0,4.244419e-10
0,7.8542875e-08
0,1.0032661e-09
0,3.8412257e-10
0,3.1725766e-09
0,1.6785298e-10
0,6.877753e-10
0,8.879707e-09
0,8.2886836e-11
0,0.0017605567
0,1.1880535e-10
0,2.1909782e-10
0,1.3858148e-07
0,2.2224694e-10
0,2.1617475e-07
0,0.002780896
0,0.0075914506
0,1.2591628e-09
0,7.5334605e-10
0,2.6804212e-10
0,4.2027324e-09
0,2.7128354e-07
0,2.4556974e-07
0,1.3942846e-09
0,1.4533579e-07
0,1.9612252e-10
1,0.9998586
0,5.545277e-10
0,6.735697e-11
0,7.059397e-10
0,6.6549416e-10
0,6.413534e-10
0,0.0026429687
0,0.004081292
0,1.117522e-09
0,5.613793e-09
0,1.2870306e-09
0,6.565693e-09
0,1.0513979e-09
0,4.095145e-10
0,3.1304923e-10
0,5.261205e-07
0,2.7885565e-07
0,1.0222385e-09
0,3.0667022e-09
0,4.715578e-10
0,1.3632075e-09
0,5.5674878e-11
0,2.455577e-10
0,5.6204378e-08
0,1.4609211e-10
0,6.732104e-10
0,1.04676054e-07
0,2.534972e-09
0,9.769255e-10
0,1.7886713e-10
0,0.012804924
0,6.955906e-10
0,5.6876064e-07
1,0.99995494
0,1.2887451e-09
0,2.7396346e-10
0,0.00605067
0,1.0775547e-10
0,6.115216e-07
0,3.9652196e-08
0,2.7809076e-08
0,3.5379402e-10
0,7.1552375e-10
0,2.68278e-07
0,1.1541989e-10
0,1.4723547e-09
0,7.413652e-10
0,6.115216e-07
0,1.3166616e-10
0,1.00835e-09
0,2.9112027e-07
0,1.9788808e-07
0,0.003002781
0,6.878664e-08
0,2.3304978e-09
1,0.9998795
0,1.4280817e-09
0,5.731876e-10
0,0.00051309913
0,7.727391e-11
0,4.1136122e-10
0,1.5922737e-10
0,1.1564053e-09
1,0.9999076
0,1.0755629e-10
0,1.5302205e-10
0,2.0942647e-07
0,4.5768458e-10
0,0.0011721106
0,5.755526e-11
0,0.005832275
0,0.0029492348
0,6.2942856e-10
0,3.920472e-09
0,2.1150006e-09
0,1.4676296e-10
0,4.11805e-09
0,1.6270954e-07
0,1.0202478e-09
0,9.438791e-10
0,6.106627e-10
0,3.3421876e-10
0,4.3603507e-09
0,1.203925e-07
1,0.999915
0,7.846831e-08
0,7.535286e-10
0,3.1618802e-07
0,4.673294e-08
0,5.5305316e-10
0,1.8135609e-09
0,1.8707308e-08
0,2.86427e-10
0,4.928987e-10
0,9.158978e-08
0,5.793449e-10
0,5.26392e-10
0,1.516776e-09
0,6.187832e-10
0,1.5197386e-09
0,6.707744e-07
0,1.1122399e-09
0,1.0113556e-07
0,5.6734208e-11
0,9.623523e-10
0,1.0885828e-06
0,2.7396346e-10
0,6.224373e-10
0,2.3683876e-07
0,0.03645302
0,6.384371e-08
0,4.779489e-10
0,3.911813e-10
0,2.4822043e-08
0,9.920058e-09
0,1.0695409e-09
0,2.1928817e-09
0,4.088492e-08
0,1.3060938e-10
0,6.9786704e-10
0,2.0448874e-09
0,8.840217e-08
0,4.920749e-10
0,1.01569945e-07
0,1.0870547e-10
0,4.1606973e-10
1,0.99222684
0,1.3627682e-09
0,1.3111971e-08
0,2.614937e-09
0,2.1604052e-08
0,0.0012912552
0,3.7602968e-10
0,0.0026555944
0,1.6505135e-09
0,3.0211103e-09
0,5.8004815e-07
1,0.9987269
0,7.197794e-10
0,3.647701e-09
0,7.499712e-10
0,4.5892762e-10
0,1.442023e-07
0,1.0112076e-10
0,2.725635e-10
0,1.3146483e-07
0,3.0401842e-10
0,1.0669939e-09
0,6.1525496e-10
0,2.2715747e-10
0,4.9373825e-09
0,1.606683e-09
0,4.4803927e-10
0,2.0543323e-09
0,8.273998e-10
0,2.1047346e-07
0,1.7457185e-07
0,0.003130595
0,2.350133e-10
0,1.3251804e-07
0,5.276478e-09
0,7.1332245e-08
0,6.361476e-10
0,8.237011e-10
0,6.9272016e-10
0,1.7711015e-08
0,9.59074e-10
0,2.6663187e-09
0,9.534191e-08
0,1.6526998e-09
0,3.9349887e-10
0,6.679727e-10
0,6.552891e-10
0,0.0035019438
0,5.4548716e-10
1,0.9991092
0,2.9909164e-10
0,3.0625621e-10
0,1.1101141e-09
0,4.182046e-09
0,5.6110605e-10
0,3.6502257e-10
0,5.1341438e-09
0,4.653332e-09
0,1.2261615e-10
0,6.4993666e-10
0,3.428285e-10
0,2.432355e-09
0,5.0314685e-07
0,6.3900296e-10
0,1.0036924e-10
0,7.585334e-11
0,2.1107247e-09
0,0.0017578572
0,6.1428995e-10
0,1.0032661e-09
0,0.00079156284
0,1.8947455e-10
0,2.1660072e-09
0,2.2865818e-09
0,6.413302e-10
0,5.9349337e-10
0,9.620825e-10
0,3.8287176e-10
0,6.413302e-10
0,4.769838e-09
0,1.6673752e-09
0,7.550931e-08
0,0.004122641
0,4.3254256e-10
0,1.5784343e-07
1,0.9987908
0,0.0016784158
0,2.6306587e-10
0,5.711392e-10
0,1.2775494e-07
0,4.077045e-07
0,1.2241752e-10
0,1.506649e-10
0,3.174435e-09
0,9.158978e-08
0,8.493393e-10
0,1.424276e-09
0,6.6190946e-09
0,3.3028155e-10
0,1.4125348e-09
0,4.8609444e-10
0,6.030408e-10
0,1.9803986e-07
0,9.550025e-08
0,1.5784343e-07
0,5.793449e-10
0,0.0014331035
0,1.5804401e-10
1,0.99931335
0,2.7435043e-10
0,1.4994438e-07
0,1.9715025e-09
0,2.1708564e-07
0,4.7675124e-07
0,4.2407297e-07
0,9.093382e-10
0,9.391651e-10
0,9.640489e-08
0,2.5535304e-08
0,3.936415e-10
0,1.0418258e-09
0,7.2979206e-10
0,5.324456e-10
0,0.0027638425
0,3.3028155e-10
0,6.3534605e-10
0,2.0713282e-10
0,3.4276704e-10
0,2.3954163e-07
0,5.4340353e-07
0,3.2407438e-10
0,7.702949e-11
0,2.2002292e-10
0,4.2544457e-07
0,1.1154111e-10
0,0.0013816679
1,0.999923
0,1.9914839e-07
0,4.755095e-09
0,1.2479754e-09
0,0.018236464
0,4.904904e-07
0,0.007724467
0,9.542205e-10
0,3.393156e-10
0,1.8969476e-10
0,0.0016902648
0,1.5245142e-07
0,1.1804346e-10
0,9.329519e-10
0,3.6301828e-09
0,3.7384493e-10
0,2.5315822e-07
0,5.2531474e-10
0,1.4260647e-09
0,8.273998e-10
